>>> 启动自瞄模式 keepalive...
    mode              : autoaim (视觉接管 + 丢目标回搜索)
    robot_control     : /robot_control @ 20Hz
    scan_yaw_rate     : 120.0 deg/s
    search_pitch      : -6.0 deg
    chassis_spin_vel  : 0.0 rad/s

>>> 前置条件提醒：
    1. bridge 已启动
    2. 右拨杆不要放在本地自转档
    3. 如果 /robot_control 还没人订阅，脚本会自动补起 serial_sender
publisher: beginning loop
publishing #1: rm_decision_interfaces.msg.RobotControl(stop_gimbal_scan=True, chassis_spin_vel=0.0, scan_enabled=True, allow_vision_control=True, search_when_target_lost=True, scan_yaw_rate_deg_s=120.0, search_pitch_deg=-6.0)

publishing #2: rm_decision_interfaces.msg.RobotControl(stop_gimbal_scan=True, chassis_spin_vel=0.0, scan_enabled=True, allow_vision_control=True, search_when_target_lost=True, scan_yaw_rate_deg_s=120.0, search_pitch_deg=-6.0)

publishing #3: rm_decision_interfaces.msg.RobotControl(stop_gimbal_scan=True, chassis_spin_vel=0.0, scan_enabled=True, allow_vision_control=True, search_when_target_lost=True, scan_yaw_rate_deg_s=120.0, search_pitch_deg=-6.0)

publishing #4: rm_decision_interfaces.msg.RobotControl(stop_gimbal_scan=True, chassis_spin_vel=0.0, scan_enabled=True, allow_vision_control=True, search_when_target_lost=True, scan_yaw_rate_deg_s=120.0, search_pitch_deg=-6.0)

publishing #5: rm_decision_interfaces.msg.RobotControl(stop_gimbal_scan=True, chassis_spin_vel=0.0, scan_enabled=True, allow_vision_control=True, search_when_target_lost=True, scan_yaw_rate_deg_s=120.0, search_pitch_deg=-6.0)


>>> 话题检查：
publishing #6: rm_decision_interfaces.msg.RobotControl(stop_gimbal_scan=True, chassis_spin_vel=0.0, scan_enabled=True, allow_vision_control=True, search_when_target_lost=True, scan_yaw_rate_deg_s=120.0, search_pitch_deg=-6.0)

publishing #7: rm_decision_interfaces.msg.RobotControl(stop_gimbal_scan=True, chassis_spin_vel=0.0, scan_enabled=True, allow_vision_control=True, search_when_target_lost=True, scan_yaw_rate_deg_s=120.0, search_pitch_deg=-6.0)

publishing #8: rm_decision_interfaces.msg.RobotControl(stop_gimbal_scan=True, chassis_spin_vel=0.0, scan_enabled=True, allow_vision_control=True, search_when_target_lost=True, scan_yaw_rate_deg_s=120.0, search_pitch_deg=-6.0)

publishing #9: rm_decision_interfaces.msg.RobotControl(stop_gimbal_scan=True, chassis_spin_vel=0.0, scan_enabled=True, allow_vision_control=True, search_when_target_lost=True, scan_yaw_rate_deg_s=120.0, search_pitch_deg=-6.0)

publishing #10: rm_decision_interfaces.msg.RobotControl(stop_gimbal_scan=True, chassis_spin_vel=0.0, scan_enabled=True, allow_vision_control=True, search_when_target_lost=True, scan_yaw_rate_deg_s=120.0, search_pitch_deg=-6.0)

publishing #11: rm_decision_interfaces.msg.RobotControl(stop_gimbal_scan=True, chassis_spin_vel=0.0, scan_enabled=True, allow_vision_control=True, search_when_target_lost=True, scan_yaw_rate_deg_s=120.0, search_pitch_deg=-6.0)

publishing #12: rm_decision_interfaces.msg.RobotControl(stop_gimbal_scan=True, chassis_spin_vel=0.0, scan_enabled=True, allow_vision_control=True, search_when_target_lost=True, scan_yaw_rate_deg_s=120.0, search_pitch_deg=-6.0)

publishing #13: rm_decision_interfaces.msg.RobotControl(stop_gimbal_scan=True, chassis_spin_vel=0.0, scan_enabled=True, allow_vision_control=True, search_when_target_lost=True, scan_yaw_rate_deg_s=120.0, search_pitch_deg=-6.0)

publishing #14: rm_decision_interfaces.msg.RobotControl(stop_gimbal_scan=True, chassis_spin_vel=0.0, scan_enabled=True, allow_vision_control=True, search_when_target_lost=True, scan_yaw_rate_deg_s=120.0, search_pitch_deg=-6.0)

publishing #15: rm_decision_interfaces.msg.RobotControl(stop_gimbal_scan=True, chassis_spin_vel=0.0, scan_enabled=True, allow_vision_control=True, search_when_target_lost=True, scan_yaw_rate_deg_s=120.0, search_pitch_deg=-6.0)

publishing #16: rm_decision_interfaces.msg.RobotControl(stop_gimbal_scan=True, chassis_spin_vel=0.0, scan_enabled=True, allow_vision_control=True, search_when_target_lost=True, scan_yaw_rate_deg_s=120.0, search_pitch_deg=-6.0)

publishing #17: rm_decision_interfaces.msg.RobotControl(stop_gimbal_scan=True, chassis_spin_vel=0.0, scan_enabled=True, allow_vision_control=True, search_when_target_lost=True, scan_yaw_rate_deg_s=120.0, search_pitch_deg=-6.0)

publishing #18: rm_decision_interfaces.msg.RobotControl(stop_gimbal_scan=True, chassis_spin_vel=0.0, scan_enabled=True, allow_vision_control=True, search_when_target_lost=True, scan_yaw_rate_deg_s=120.0, search_pitch_deg=-6.0)

publishing #19: rm_decision_interfaces.msg.RobotControl(stop_gimbal_scan=True, chassis_spin_vel=0.0, scan_enabled=True, allow_vision_control=True, search_when_target_lost=True, scan_yaw_rate_deg_s=120.0, search_pitch_deg=-6.0)

publishing #20: rm_decision_interfaces.msg.RobotControl(stop_gimbal_scan=True, chassis_spin_vel=0.0, scan_enabled=True, allow_vision_control=True, search_when_target_lost=True, scan_yaw_rate_deg_s=120.0, search_pitch_deg=-6.0)

publishing #21: rm_decision_interfaces.msg.RobotControl(stop_gimbal_scan=True, chassis_spin_vel=0.0, scan_enabled=True, allow_vision_control=True, search_when_target_lost=True, scan_yaw_rate_deg_s=120.0, search_pitch_deg=-6.0)

publishing #22: rm_decision_interfaces.msg.RobotControl(stop_gimbal_scan=True, chassis_spin_vel=0.0, scan_enabled=True, allow_vision_control=True, search_when_target_lost=True, scan_yaw_rate_deg_s=120.0, search_pitch_deg=-6.0)

publishing #23: rm_decision_interfaces.msg.RobotControl(stop_gimbal_scan=True, chassis_spin_vel=0.0, scan_enabled=True, allow_vision_control=True, search_when_target_lost=True, scan_yaw_rate_deg_s=120.0, search_pitch_deg=-6.0)

publishing #24: rm_decision_interfaces.msg.RobotControl(stop_gimbal_scan=True, chassis_spin_vel=0.0, scan_enabled=True, allow_vision_control=True, search_when_target_lost=True, scan_yaw_rate_deg_s=120.0, search_pitch_deg=-6.0)

Type: rm_decision_interfaces/msg/RobotControl
Publisher count: 1
Subscription count: 0

>>> 自动启动 serial_sender...
    port              : /tmp/nyush-rm-sentry-radar
    topic             : /cmd_vel_chassis_bt
    robot_control     : /robot_control
publishing #25: rm_decision_interfaces.msg.RobotControl(stop_gimbal_scan=True, chassis_spin_vel=0.0, scan_enabled=True, allow_vision_control=True, search_when_target_lost=True, scan_yaw_rate_deg_s=120.0, search_pitch_deg=-6.0)

publishing #26: rm_decision_interfaces.msg.RobotControl(stop_gimbal_scan=True, chassis_spin_vel=0.0, scan_enabled=True, allow_vision_control=True, search_when_target_lost=True, scan_yaw_rate_deg_s=120.0, search_pitch_deg=-6.0)

publishing #27: rm_decision_interfaces.msg.RobotControl(stop_gimbal_scan=True, chassis_spin_vel=0.0, scan_enabled=True, allow_vision_control=True, search_when_target_lost=True, scan_yaw_rate_deg_s=120.0, search_pitch_deg=-6.0)

publishing #28: rm_decision_interfaces.msg.RobotControl(stop_gimbal_scan=True, chassis_spin_vel=0.0, scan_enabled=True, allow_vision_control=True, search_when_target_lost=True, scan_yaw_rate_deg_s=120.0, search_pitch_deg=-6.0)

publishing #29: rm_decision_interfaces.msg.RobotControl(stop_gimbal_scan=True, chassis_spin_vel=0.0, scan_enabled=True, allow_vision_control=True, search_when_target_lost=True, scan_yaw_rate_deg_s=120.0, search_pitch_deg=-6.0)

publishing #30: rm_decision_interfaces.msg.RobotControl(stop_gimbal_scan=True, chassis_spin_vel=0.0, scan_enabled=True, allow_vision_control=True, search_when_target_lost=True, scan_yaw_rate_deg_s=120.0, search_pitch_deg=-6.0)

publishing #31: rm_decision_interfaces.msg.RobotControl(stop_gimbal_scan=True, chassis_spin_vel=0.0, scan_enabled=True, allow_vision_control=True, search_when_target_lost=True, scan_yaw_rate_deg_s=120.0, search_pitch_deg=-6.0)

publishing #32: rm_decision_interfaces.msg.RobotControl(stop_gimbal_scan=True, chassis_spin_vel=0.0, scan_enabled=True, allow_vision_control=True, search_when_target_lost=True, scan_yaw_rate_deg_s=120.0, search_pitch_deg=-6.0)

[INFO] [1774647648.491242780] [cmd_vel_forwarder]: [ROS2] Subscribed to /cmd_vel_chassis_bt
[INFO] [1774647648.492029697] [cmd_vel_forwarder]: [ROS2] Subscribed to /robot_control
[INFO] [1774647648.492763104] [cmd_vel_forwarder]: [ROS2] Publishing /game_status and /robot_status from bridge telemetry
publishing #33: rm_decision_interfaces.msg.RobotControl(stop_gimbal_scan=True, chassis_spin_vel=0.0, scan_enabled=True, allow_vision_control=True, search_when_target_lost=True, scan_yaw_rate_deg_s=120.0, search_pitch_deg=-6.0)

publishing #34: rm_decision_interfaces.msg.RobotControl(stop_gimbal_scan=True, chassis_spin_vel=0.0, scan_enabled=True, allow_vision_control=True, search_when_target_lost=True, scan_yaw_rate_deg_s=120.0, search_pitch_deg=-6.0)

publishing #35: rm_decision_interfaces.msg.RobotControl(stop_gimbal_scan=True, chassis_spin_vel=0.0, scan_enabled=True, allow_vision_control=True, search_when_target_lost=True, scan_yaw_rate_deg_s=120.0, search_pitch_deg=-6.0)

publishing #36: rm_decision_interfaces.msg.RobotControl(stop_gimbal_scan=True, chassis_spin_vel=0.0, scan_enabled=True, allow_vision_control=True, search_when_target_lost=True, scan_yaw_rate_deg_s=120.0, search_pitch_deg=-6.0)

publishing #37: rm_decision_interfaces.msg.RobotControl(stop_gimbal_scan=True, chassis_spin_vel=0.0, scan_enabled=True, allow_vision_control=True, search_when_target_lost=True, scan_yaw_rate_deg_s=120.0, search_pitch_deg=-6.0)

publishing #38: rm_decision_interfaces.msg.RobotControl(stop_gimbal_scan=True, chassis_spin_vel=0.0, scan_enabled=True, allow_vision_control=True, search_when_target_lost=True, scan_yaw_rate_deg_s=120.0, search_pitch_deg=-6.0)

publishing #39: rm_decision_interfaces.msg.RobotControl(stop_gimbal_scan=True, chassis_spin_vel=0.0, scan_enabled=True, allow_vision_control=True, search_when_target_lost=True, scan_yaw_rate_deg_s=120.0, search_pitch_deg=-6.0)

publishing #40: rm_decision_interfaces.msg.RobotControl(stop_gimbal_scan=True, chassis_spin_vel=0.0, scan_enabled=True, allow_vision_control=True, search_when_target_lost=True, scan_yaw_rate_deg_s=120.0, search_pitch_deg=-6.0)

publishing #41: rm_decision_interfaces.msg.RobotControl(stop_gimbal_scan=True, chassis_spin_vel=0.0, scan_enabled=True, allow_vision_control=True, search_when_target_lost=True, scan_yaw_rate_deg_s=120.0, search_pitch_deg=-6.0)

publishing #42: rm_decision_interfaces.msg.RobotControl(stop_gimbal_scan=True, chassis_spin_vel=0.0, scan_enabled=True, allow_vision_control=True, search_when_target_lost=True, scan_yaw_rate_deg_s=120.0, search_pitch_deg=-6.0)

publishing #43: rm_decision_interfaces.msg.RobotControl(stop_gimbal_scan=True, chassis_spin_vel=0.0, scan_enabled=True, allow_vision_control=True, search_when_target_lost=True, scan_yaw_rate_deg_s=120.0, search_pitch_deg=-6.0)

publishing #44: rm_decision_interfaces.msg.RobotControl(stop_gimbal_scan=True, chassis_spin_vel=0.0, scan_enabled=True, allow_vision_control=True, search_when_target_lost=True, scan_yaw_rate_deg_s=120.0, search_pitch_deg=-6.0)


>>> 等待 /robot_control 订阅者上线...
publishing #45: rm_decision_interfaces.msg.RobotControl(stop_gimbal_scan=True, chassis_spin_vel=0.0, scan_enabled=True, allow_vision_control=True, search_when_target_lost=True, scan_yaw_rate_deg_s=120.0, search_pitch_deg=-6.0)

publishing #46: rm_decision_interfaces.msg.RobotControl(stop_gimbal_scan=True, chassis_spin_vel=0.0, scan_enabled=True, allow_vision_control=True, search_when_target_lost=True, scan_yaw_rate_deg_s=120.0, search_pitch_deg=-6.0)

publishing #47: rm_decision_interfaces.msg.RobotControl(stop_gimbal_scan=True, chassis_spin_vel=0.0, scan_enabled=True, allow_vision_control=True, search_when_target_lost=True, scan_yaw_rate_deg_s=120.0, search_pitch_deg=-6.0)

publishing #48: rm_decision_interfaces.msg.RobotControl(stop_gimbal_scan=True, chassis_spin_vel=0.0, scan_enabled=True, allow_vision_control=True, search_when_target_lost=True, scan_yaw_rate_deg_s=120.0, search_pitch_deg=-6.0)

publishing #49: rm_decision_interfaces.msg.RobotControl(stop_gimbal_scan=True, chassis_spin_vel=0.0, scan_enabled=True, allow_vision_control=True, search_when_target_lost=True, scan_yaw_rate_deg_s=120.0, search_pitch_deg=-6.0)

Type: rm_decision_interfaces/msg/RobotControl
Publisher count: 1
Subscription count: 1

>>> 启动视觉跟随：just test detect --web --send
    web: http://127.0.0.1:8888
publishing #50: rm_decision_interfaces.msg.RobotControl(stop_gimbal_scan=True, chassis_spin_vel=0.0, scan_enabled=True, allow_vision_control=True, search_when_target_lost=True, scan_yaw_rate_deg_s=120.0, search_pitch_deg=-6.0)

[ensure-configured] build tree is valid, skip cmake
publishing #51: rm_decision_interfaces.msg.RobotControl(stop_gimbal_scan=True, chassis_spin_vel=0.0, scan_enabled=True, allow_vision_control=True, search_when_target_lost=True, scan_yaw_rate_deg_s=120.0, search_pitch_deg=-6.0)

[ 10%] Built target serial
[ 20%] Built target tinympcstatic
[ 43%] Built target tools
[ 61%] Built target io
publishing #52: rm_decision_interfaces.msg.RobotControl(stop_gimbal_scan=True, chassis_spin_vel=0.0, scan_enabled=True, allow_vision_control=True, search_when_target_lost=True, scan_yaw_rate_deg_s=120.0, search_pitch_deg=-6.0)

[ 94%] Built target auto_aim
publishing #53: rm_decision_interfaces.msg.RobotControl(stop_gimbal_scan=True, chassis_spin_vel=0.0, scan_enabled=True, allow_vision_control=True, search_when_target_lost=True, scan_yaw_rate_deg_s=120.0, search_pitch_deg=-6.0)

[100%] Built target auto_aim_camera_test
publishing #54: rm_decision_interfaces.msg.RobotControl(stop_gimbal_scan=True, chassis_spin_vel=0.0, scan_enabled=True, allow_vision_control=True, search_when_target_lost=True, scan_yaw_rate_deg_s=120.0, search_pitch_deg=-6.0)

[2026-03-28 05:40:49.577] [info] auto_aim_camera_test started, send=true, display_mode=web
[2026-03-28 05:40:49.577] [info] detect rx/tx log file: logs/detect_rx_tx_20260328_054049.csv
[2026-03-28 05:40:49.577] [info] Forcing HikRobot exposure to 999812 us; ignoring config exposure 3000 us
[2026-03-28 05:40:49.579] [info] HikRobot's daemon thread started.
[2026-03-28 05:40:49.579] [info] [Gimbal] read_thread started.
[2026-03-28 05:40:49.584] [info] [Gimbal] First q received.
[2026-03-28 05:40:49.584] [info] [Gimbal] Protocol adapter enabled: rx(yaw=-1, pitch=-1, roll=1), tx(yaw=-1, pitch=-1)
publishing #55: rm_decision_interfaces.msg.RobotControl(stop_gimbal_scan=True, chassis_spin_vel=0.0, scan_enabled=True, allow_vision_control=True, search_when_target_lost=True, scan_yaw_rate_deg_s=120.0, search_pitch_deg=-6.0)

publishing #56: rm_decision_interfaces.msg.RobotControl(stop_gimbal_scan=True, chassis_spin_vel=0.0, scan_enabled=True, allow_vision_control=True, search_when_target_lost=True, scan_yaw_rate_deg_s=120.0, search_pitch_deg=-6.0)

publishing #57: rm_decision_interfaces.msg.RobotControl(stop_gimbal_scan=True, chassis_spin_vel=0.0, scan_enabled=True, allow_vision_control=True, search_when_target_lost=True, scan_yaw_rate_deg_s=120.0, search_pitch_deg=-6.0)

publishing #58: rm_decision_interfaces.msg.RobotControl(stop_gimbal_scan=True, chassis_spin_vel=0.0, scan_enabled=True, allow_vision_control=True, search_when_target_lost=True, scan_yaw_rate_deg_s=120.0, search_pitch_deg=-6.0)

[2026-03-28 05:40:49.765] [debug] [Gimbal] CRC16 check failed.
publishing #59: rm_decision_interfaces.msg.RobotControl(stop_gimbal_scan=True, chassis_spin_vel=0.0, scan_enabled=True, allow_vision_control=True, search_when_target_lost=True, scan_yaw_rate_deg_s=120.0, search_pitch_deg=-6.0)

publishing #60: rm_decision_interfaces.msg.RobotControl(stop_gimbal_scan=True, chassis_spin_vel=0.0, scan_enabled=True, allow_vision_control=True, search_when_target_lost=True, scan_yaw_rate_deg_s=120.0, search_pitch_deg=-6.0)

publishing #61: rm_decision_interfaces.msg.RobotControl(stop_gimbal_scan=True, chassis_spin_vel=0.0, scan_enabled=True, allow_vision_control=True, search_when_target_lost=True, scan_yaw_rate_deg_s=120.0, search_pitch_deg=-6.0)

[2026-03-28 05:40:49.915] [warning] [YOLOV5] TensorRT backend requested but USE_TENSORRT is OFF, fallback to OpenVINO
[2026-03-28 05:40:49.916] [warning] [YOLOV5] OpenVINO device 'GPU' unavailable, fallback to CPU
publishing #62: rm_decision_interfaces.msg.RobotControl(stop_gimbal_scan=True, chassis_spin_vel=0.0, scan_enabled=True, allow_vision_control=True, search_when_target_lost=True, scan_yaw_rate_deg_s=120.0, search_pitch_deg=-6.0)

publishing #63: rm_decision_interfaces.msg.RobotControl(stop_gimbal_scan=True, chassis_spin_vel=0.0, scan_enabled=True, allow_vision_control=True, search_when_target_lost=True, scan_yaw_rate_deg_s=120.0, search_pitch_deg=-6.0)

[2026-03-28 05:40:50.042] [info] [YOLOV5] score threshold: 0.55
[2026-03-28 05:40:50.044] [info] [Aimer] successfully loading shootmode
[2026-03-28 05:40:50.044] [info] Web display started on http://localhost:8888
[2026-03-28 05:40:50.044] [info] desktop session not detected, open http://127.0.0.1:8888 manually
[2026-03-28 05:40:50.044] [info] Web display server starting on http://localhost:8888
[2026-03-28 05:40:50.044] [info] Open http://localhost:8888 in your browser to view the stream
publishing #64: rm_decision_interfaces.msg.RobotControl(stop_gimbal_scan=True, chassis_spin_vel=0.0, scan_enabled=True, allow_vision_control=True, search_when_target_lost=True, scan_yaw_rate_deg_s=120.0, search_pitch_deg=-6.0)

publishing #65: rm_decision_interfaces.msg.RobotControl(stop_gimbal_scan=True, chassis_spin_vel=0.0, scan_enabled=True, allow_vision_control=True, search_when_target_lost=True, scan_yaw_rate_deg_s=120.0, search_pitch_deg=-6.0)

[2026-03-28 05:40:50.102] [warning] MV_CC_OpenDevice failed: 0x80000203
publishing #66: rm_decision_interfaces.msg.RobotControl(stop_gimbal_scan=True, chassis_spin_vel=0.0, scan_enabled=True, allow_vision_control=True, search_when_target_lost=True, scan_yaw_rate_deg_s=120.0, search_pitch_deg=-6.0)

publishing #67: rm_decision_interfaces.msg.RobotControl(stop_gimbal_scan=True, chassis_spin_vel=0.0, scan_enabled=True, allow_vision_control=True, search_when_target_lost=True, scan_yaw_rate_deg_s=120.0, search_pitch_deg=-6.0)

publishing #68: rm_decision_interfaces.msg.RobotControl(stop_gimbal_scan=True, chassis_spin_vel=0.0, scan_enabled=True, allow_vision_control=True, search_when_target_lost=True, scan_yaw_rate_deg_s=120.0, search_pitch_deg=-6.0)

publishing #69: rm_decision_interfaces.msg.RobotControl(stop_gimbal_scan=True, chassis_spin_vel=0.0, scan_enabled=True, allow_vision_control=True, search_when_target_lost=True, scan_yaw_rate_deg_s=120.0, search_pitch_deg=-6.0)

publishing #70: rm_decision_interfaces.msg.RobotControl(stop_gimbal_scan=True, chassis_spin_vel=0.0, scan_enabled=True, allow_vision_control=True, search_when_target_lost=True, scan_yaw_rate_deg_s=120.0, search_pitch_deg=-6.0)

publishing #71: rm_decision_interfaces.msg.RobotControl(stop_gimbal_scan=True, chassis_spin_vel=0.0, scan_enabled=True, allow_vision_control=True, search_when_target_lost=True, scan_yaw_rate_deg_s=120.0, search_pitch_deg=-6.0)

[2026-03-28 05:40:50.447] [info] Reset usb successfully :)
publishing #72: rm_decision_interfaces.msg.RobotControl(stop_gimbal_scan=True, chassis_spin_vel=0.0, scan_enabled=True, allow_vision_control=True, search_when_target_lost=True, scan_yaw_rate_deg_s=120.0, search_pitch_deg=-6.0)

publishing #73: rm_decision_interfaces.msg.RobotControl(stop_gimbal_scan=True, chassis_spin_vel=0.0, scan_enabled=True, allow_vision_control=True, search_when_target_lost=True, scan_yaw_rate_deg_s=120.0, search_pitch_deg=-6.0)

publishing #74: rm_decision_interfaces.msg.RobotControl(stop_gimbal_scan=True, chassis_spin_vel=0.0, scan_enabled=True, allow_vision_control=True, search_when_target_lost=True, scan_yaw_rate_deg_s=120.0, search_pitch_deg=-6.0)

publishing #75: rm_decision_interfaces.msg.RobotControl(stop_gimbal_scan=True, chassis_spin_vel=0.0, scan_enabled=True, allow_vision_control=True, search_when_target_lost=True, scan_yaw_rate_deg_s=120.0, search_pitch_deg=-6.0)

publishing #76: rm_decision_interfaces.msg.RobotControl(stop_gimbal_scan=True, chassis_spin_vel=0.0, scan_enabled=True, allow_vision_control=True, search_when_target_lost=True, scan_yaw_rate_deg_s=120.0, search_pitch_deg=-6.0)

publishing #77: rm_decision_interfaces.msg.RobotControl(stop_gimbal_scan=True, chassis_spin_vel=0.0, scan_enabled=True, allow_vision_control=True, search_when_target_lost=True, scan_yaw_rate_deg_s=120.0, search_pitch_deg=-6.0)

publishing #78: rm_decision_interfaces.msg.RobotControl(stop_gimbal_scan=True, chassis_spin_vel=0.0, scan_enabled=True, allow_vision_control=True, search_when_target_lost=True, scan_yaw_rate_deg_s=120.0, search_pitch_deg=-6.0)

publishing #79: rm_decision_interfaces.msg.RobotControl(stop_gimbal_scan=True, chassis_spin_vel=0.0, scan_enabled=True, allow_vision_control=True, search_when_target_lost=True, scan_yaw_rate_deg_s=120.0, search_pitch_deg=-6.0)

publishing #80: rm_decision_interfaces.msg.RobotControl(stop_gimbal_scan=True, chassis_spin_vel=0.0, scan_enabled=True, allow_vision_control=True, search_when_target_lost=True, scan_yaw_rate_deg_s=120.0, search_pitch_deg=-6.0)

publishing #81: rm_decision_interfaces.msg.RobotControl(stop_gimbal_scan=True, chassis_spin_vel=0.0, scan_enabled=True, allow_vision_control=True, search_when_target_lost=True, scan_yaw_rate_deg_s=120.0, search_pitch_deg=-6.0)

publishing #82: rm_decision_interfaces.msg.RobotControl(stop_gimbal_scan=True, chassis_spin_vel=0.0, scan_enabled=True, allow_vision_control=True, search_when_target_lost=True, scan_yaw_rate_deg_s=120.0, search_pitch_deg=-6.0)

publishing #83: rm_decision_interfaces.msg.RobotControl(stop_gimbal_scan=True, chassis_spin_vel=0.0, scan_enabled=True, allow_vision_control=True, search_when_target_lost=True, scan_yaw_rate_deg_s=120.0, search_pitch_deg=-6.0)

publishing #84: rm_decision_interfaces.msg.RobotControl(stop_gimbal_scan=True, chassis_spin_vel=0.0, scan_enabled=True, allow_vision_control=True, search_when_target_lost=True, scan_yaw_rate_deg_s=120.0, search_pitch_deg=-6.0)

publishing #85: rm_decision_interfaces.msg.RobotControl(stop_gimbal_scan=True, chassis_spin_vel=0.0, scan_enabled=True, allow_vision_control=True, search_when_target_lost=True, scan_yaw_rate_deg_s=120.0, search_pitch_deg=-6.0)

publishing #86: rm_decision_interfaces.msg.RobotControl(stop_gimbal_scan=True, chassis_spin_vel=0.0, scan_enabled=True, allow_vision_control=True, search_when_target_lost=True, scan_yaw_rate_deg_s=120.0, search_pitch_deg=-6.0)

publishing #87: rm_decision_interfaces.msg.RobotControl(stop_gimbal_scan=True, chassis_spin_vel=0.0, scan_enabled=True, allow_vision_control=True, search_when_target_lost=True, scan_yaw_rate_deg_s=120.0, search_pitch_deg=-6.0)

publishing #88: rm_decision_interfaces.msg.RobotControl(stop_gimbal_scan=True, chassis_spin_vel=0.0, scan_enabled=True, allow_vision_control=True, search_when_target_lost=True, scan_yaw_rate_deg_s=120.0, search_pitch_deg=-6.0)

publishing #89: rm_decision_interfaces.msg.RobotControl(stop_gimbal_scan=True, chassis_spin_vel=0.0, scan_enabled=True, allow_vision_control=True, search_when_target_lost=True, scan_yaw_rate_deg_s=120.0, search_pitch_deg=-6.0)

publishing #90: rm_decision_interfaces.msg.RobotControl(stop_gimbal_scan=True, chassis_spin_vel=0.0, scan_enabled=True, allow_vision_control=True, search_when_target_lost=True, scan_yaw_rate_deg_s=120.0, search_pitch_deg=-6.0)

publishing #91: rm_decision_interfaces.msg.RobotControl(stop_gimbal_scan=True, chassis_spin_vel=0.0, scan_enabled=True, allow_vision_control=True, search_when_target_lost=True, scan_yaw_rate_deg_s=120.0, search_pitch_deg=-6.0)

publishing #92: rm_decision_interfaces.msg.RobotControl(stop_gimbal_scan=True, chassis_spin_vel=0.0, scan_enabled=True, allow_vision_control=True, search_when_target_lost=True, scan_yaw_rate_deg_s=120.0, search_pitch_deg=-6.0)

publishing #93: rm_decision_interfaces.msg.RobotControl(stop_gimbal_scan=True, chassis_spin_vel=0.0, scan_enabled=True, allow_vision_control=True, search_when_target_lost=True, scan_yaw_rate_deg_s=120.0, search_pitch_deg=-6.0)

publishing #94: rm_decision_interfaces.msg.RobotControl(stop_gimbal_scan=True, chassis_spin_vel=0.0, scan_enabled=True, allow_vision_control=True, search_when_target_lost=True, scan_yaw_rate_deg_s=120.0, search_pitch_deg=-6.0)

publishing #95: rm_decision_interfaces.msg.RobotControl(stop_gimbal_scan=True, chassis_spin_vel=0.0, scan_enabled=True, allow_vision_control=True, search_when_target_lost=True, scan_yaw_rate_deg_s=120.0, search_pitch_deg=-6.0)

publishing #96: rm_decision_interfaces.msg.RobotControl(stop_gimbal_scan=True, chassis_spin_vel=0.0, scan_enabled=True, allow_vision_control=True, search_when_target_lost=True, scan_yaw_rate_deg_s=120.0, search_pitch_deg=-6.0)

publishing #97: rm_decision_interfaces.msg.RobotControl(stop_gimbal_scan=True, chassis_spin_vel=0.0, scan_enabled=True, allow_vision_control=True, search_when_target_lost=True, scan_yaw_rate_deg_s=120.0, search_pitch_deg=-6.0)

publishing #98: rm_decision_interfaces.msg.RobotControl(stop_gimbal_scan=True, chassis_spin_vel=0.0, scan_enabled=True, allow_vision_control=True, search_when_target_lost=True, scan_yaw_rate_deg_s=120.0, search_pitch_deg=-6.0)

[2026-03-28 05:40:51.790] [info] [Gimbal] Received 100 packets, freq=45.2Hz
publishing #99: rm_decision_interfaces.msg.RobotControl(stop_gimbal_scan=True, chassis_spin_vel=0.0, scan_enabled=True, allow_vision_control=True, search_when_target_lost=True, scan_yaw_rate_deg_s=120.0, search_pitch_deg=-6.0)

publishing #100: rm_decision_interfaces.msg.RobotControl(stop_gimbal_scan=True, chassis_spin_vel=0.0, scan_enabled=True, allow_vision_control=True, search_when_target_lost=True, scan_yaw_rate_deg_s=120.0, search_pitch_deg=-6.0)

publishing #101: rm_decision_interfaces.msg.RobotControl(stop_gimbal_scan=True, chassis_spin_vel=0.0, scan_enabled=True, allow_vision_control=True, search_when_target_lost=True, scan_yaw_rate_deg_s=120.0, search_pitch_deg=-6.0)

[2026-03-28 05:40:51.940] [warning] MV_CC_OpenDevice failed: 0x80000203
publishing #102: rm_decision_interfaces.msg.RobotControl(stop_gimbal_scan=True, chassis_spin_vel=0.0, scan_enabled=True, allow_vision_control=True, search_when_target_lost=True, scan_yaw_rate_deg_s=120.0, search_pitch_deg=-6.0)

publishing #103: rm_decision_interfaces.msg.RobotControl(stop_gimbal_scan=True, chassis_spin_vel=0.0, scan_enabled=True, allow_vision_control=True, search_when_target_lost=True, scan_yaw_rate_deg_s=120.0, search_pitch_deg=-6.0)

publishing #104: rm_decision_interfaces.msg.RobotControl(stop_gimbal_scan=True, chassis_spin_vel=0.0, scan_enabled=True, allow_vision_control=True, search_when_target_lost=True, scan_yaw_rate_deg_s=120.0, search_pitch_deg=-6.0)

publishing #105: rm_decision_interfaces.msg.RobotControl(stop_gimbal_scan=True, chassis_spin_vel=0.0, scan_enabled=True, allow_vision_control=True, search_when_target_lost=True, scan_yaw_rate_deg_s=120.0, search_pitch_deg=-6.0)

publishing #106: rm_decision_interfaces.msg.RobotControl(stop_gimbal_scan=True, chassis_spin_vel=0.0, scan_enabled=True, allow_vision_control=True, search_when_target_lost=True, scan_yaw_rate_deg_s=120.0, search_pitch_deg=-6.0)

publishing #107: rm_decision_interfaces.msg.RobotControl(stop_gimbal_scan=True, chassis_spin_vel=0.0, scan_enabled=True, allow_vision_control=True, search_when_target_lost=True, scan_yaw_rate_deg_s=120.0, search_pitch_deg=-6.0)

publishing #108: rm_decision_interfaces.msg.RobotControl(stop_gimbal_scan=True, chassis_spin_vel=0.0, scan_enabled=True, allow_vision_control=True, search_when_target_lost=True, scan_yaw_rate_deg_s=120.0, search_pitch_deg=-6.0)

[2026-03-28 05:40:52.289] [info] Reset usb successfully :)
publishing #109: rm_decision_interfaces.msg.RobotControl(stop_gimbal_scan=True, chassis_spin_vel=0.0, scan_enabled=True, allow_vision_control=True, search_when_target_lost=True, scan_yaw_rate_deg_s=120.0, search_pitch_deg=-6.0)

publishing #110: rm_decision_interfaces.msg.RobotControl(stop_gimbal_scan=True, chassis_spin_vel=0.0, scan_enabled=True, allow_vision_control=True, search_when_target_lost=True, scan_yaw_rate_deg_s=120.0, search_pitch_deg=-6.0)

publishing #111: rm_decision_interfaces.msg.RobotControl(stop_gimbal_scan=True, chassis_spin_vel=0.0, scan_enabled=True, allow_vision_control=True, search_when_target_lost=True, scan_yaw_rate_deg_s=120.0, search_pitch_deg=-6.0)

publishing #112: rm_decision_interfaces.msg.RobotControl(stop_gimbal_scan=True, chassis_spin_vel=0.0, scan_enabled=True, allow_vision_control=True, search_when_target_lost=True, scan_yaw_rate_deg_s=120.0, search_pitch_deg=-6.0)

publishing #113: rm_decision_interfaces.msg.RobotControl(stop_gimbal_scan=True, chassis_spin_vel=0.0, scan_enabled=True, allow_vision_control=True, search_when_target_lost=True, scan_yaw_rate_deg_s=120.0, search_pitch_deg=-6.0)

publishing #114: rm_decision_interfaces.msg.RobotControl(stop_gimbal_scan=True, chassis_spin_vel=0.0, scan_enabled=True, allow_vision_control=True, search_when_target_lost=True, scan_yaw_rate_deg_s=120.0, search_pitch_deg=-6.0)

publishing #115: rm_decision_interfaces.msg.RobotControl(stop_gimbal_scan=True, chassis_spin_vel=0.0, scan_enabled=True, allow_vision_control=True, search_when_target_lost=True, scan_yaw_rate_deg_s=120.0, search_pitch_deg=-6.0)

publishing #116: rm_decision_interfaces.msg.RobotControl(stop_gimbal_scan=True, chassis_spin_vel=0.0, scan_enabled=True, allow_vision_control=True, search_when_target_lost=True, scan_yaw_rate_deg_s=120.0, search_pitch_deg=-6.0)

publishing #117: rm_decision_interfaces.msg.RobotControl(stop_gimbal_scan=True, chassis_spin_vel=0.0, scan_enabled=True, allow_vision_control=True, search_when_target_lost=True, scan_yaw_rate_deg_s=120.0, search_pitch_deg=-6.0)

publishing #118: rm_decision_interfaces.msg.RobotControl(stop_gimbal_scan=True, chassis_spin_vel=0.0, scan_enabled=True, allow_vision_control=True, search_when_target_lost=True, scan_yaw_rate_deg_s=120.0, search_pitch_deg=-6.0)

publishing #119: rm_decision_interfaces.msg.RobotControl(stop_gimbal_scan=True, chassis_spin_vel=0.0, scan_enabled=True, allow_vision_control=True, search_when_target_lost=True, scan_yaw_rate_deg_s=120.0, search_pitch_deg=-6.0)

publishing #120: rm_decision_interfaces.msg.RobotControl(stop_gimbal_scan=True, chassis_spin_vel=0.0, scan_enabled=True, allow_vision_control=True, search_when_target_lost=True, scan_yaw_rate_deg_s=120.0, search_pitch_deg=-6.0)

publishing #121: rm_decision_interfaces.msg.RobotControl(stop_gimbal_scan=True, chassis_spin_vel=0.0, scan_enabled=True, allow_vision_control=True, search_when_target_lost=True, scan_yaw_rate_deg_s=120.0, search_pitch_deg=-6.0)

publishing #122: rm_decision_interfaces.msg.RobotControl(stop_gimbal_scan=True, chassis_spin_vel=0.0, scan_enabled=True, allow_vision_control=True, search_when_target_lost=True, scan_yaw_rate_deg_s=120.0, search_pitch_deg=-6.0)

publishing #123: rm_decision_interfaces.msg.RobotControl(stop_gimbal_scan=True, chassis_spin_vel=0.0, scan_enabled=True, allow_vision_control=True, search_when_target_lost=True, scan_yaw_rate_deg_s=120.0, search_pitch_deg=-6.0)

publishing #124: rm_decision_interfaces.msg.RobotControl(stop_gimbal_scan=True, chassis_spin_vel=0.0, scan_enabled=True, allow_vision_control=True, search_when_target_lost=True, scan_yaw_rate_deg_s=120.0, search_pitch_deg=-6.0)

publishing #125: rm_decision_interfaces.msg.RobotControl(stop_gimbal_scan=True, chassis_spin_vel=0.0, scan_enabled=True, allow_vision_control=True, search_when_target_lost=True, scan_yaw_rate_deg_s=120.0, search_pitch_deg=-6.0)

publishing #126: rm_decision_interfaces.msg.RobotControl(stop_gimbal_scan=True, chassis_spin_vel=0.0, scan_enabled=True, allow_vision_control=True, search_when_target_lost=True, scan_yaw_rate_deg_s=120.0, search_pitch_deg=-6.0)

publishing #127: rm_decision_interfaces.msg.RobotControl(stop_gimbal_scan=True, chassis_spin_vel=0.0, scan_enabled=True, allow_vision_control=True, search_when_target_lost=True, scan_yaw_rate_deg_s=120.0, search_pitch_deg=-6.0)

publishing #128: rm_decision_interfaces.msg.RobotControl(stop_gimbal_scan=True, chassis_spin_vel=0.0, scan_enabled=True, allow_vision_control=True, search_when_target_lost=True, scan_yaw_rate_deg_s=120.0, search_pitch_deg=-6.0)

publishing #129: rm_decision_interfaces.msg.RobotControl(stop_gimbal_scan=True, chassis_spin_vel=0.0, scan_enabled=True, allow_vision_control=True, search_when_target_lost=True, scan_yaw_rate_deg_s=120.0, search_pitch_deg=-6.0)

publishing #130: rm_decision_interfaces.msg.RobotControl(stop_gimbal_scan=True, chassis_spin_vel=0.0, scan_enabled=True, allow_vision_control=True, search_when_target_lost=True, scan_yaw_rate_deg_s=120.0, search_pitch_deg=-6.0)

publishing #131: rm_decision_interfaces.msg.RobotControl(stop_gimbal_scan=True, chassis_spin_vel=0.0, scan_enabled=True, allow_vision_control=True, search_when_target_lost=True, scan_yaw_rate_deg_s=120.0, search_pitch_deg=-6.0)

publishing #132: rm_decision_interfaces.msg.RobotControl(stop_gimbal_scan=True, chassis_spin_vel=0.0, scan_enabled=True, allow_vision_control=True, search_when_target_lost=True, scan_yaw_rate_deg_s=120.0, search_pitch_deg=-6.0)

publishing #133: rm_decision_interfaces.msg.RobotControl(stop_gimbal_scan=True, chassis_spin_vel=0.0, scan_enabled=True, allow_vision_control=True, search_when_target_lost=True, scan_yaw_rate_deg_s=120.0, search_pitch_deg=-6.0)

publishing #134: rm_decision_interfaces.msg.RobotControl(stop_gimbal_scan=True, chassis_spin_vel=0.0, scan_enabled=True, allow_vision_control=True, search_when_target_lost=True, scan_yaw_rate_deg_s=120.0, search_pitch_deg=-6.0)

publishing #135: rm_decision_interfaces.msg.RobotControl(stop_gimbal_scan=True, chassis_spin_vel=0.0, scan_enabled=True, allow_vision_control=True, search_when_target_lost=True, scan_yaw_rate_deg_s=120.0, search_pitch_deg=-6.0)

publishing #136: rm_decision_interfaces.msg.RobotControl(stop_gimbal_scan=True, chassis_spin_vel=0.0, scan_enabled=True, allow_vision_control=True, search_when_target_lost=True, scan_yaw_rate_deg_s=120.0, search_pitch_deg=-6.0)

publishing #137: rm_decision_interfaces.msg.RobotControl(stop_gimbal_scan=True, chassis_spin_vel=0.0, scan_enabled=True, allow_vision_control=True, search_when_target_lost=True, scan_yaw_rate_deg_s=120.0, search_pitch_deg=-6.0)

publishing #138: rm_decision_interfaces.msg.RobotControl(stop_gimbal_scan=True, chassis_spin_vel=0.0, scan_enabled=True, allow_vision_control=True, search_when_target_lost=True, scan_yaw_rate_deg_s=120.0, search_pitch_deg=-6.0)

[2026-03-28 05:40:53.797] [warning] MV_CC_OpenDevice failed: 0x80000203
publishing #139: rm_decision_interfaces.msg.RobotControl(stop_gimbal_scan=True, chassis_spin_vel=0.0, scan_enabled=True, allow_vision_control=True, search_when_target_lost=True, scan_yaw_rate_deg_s=120.0, search_pitch_deg=-6.0)

publishing #140: rm_decision_interfaces.msg.RobotControl(stop_gimbal_scan=True, chassis_spin_vel=0.0, scan_enabled=True, allow_vision_control=True, search_when_target_lost=True, scan_yaw_rate_deg_s=120.0, search_pitch_deg=-6.0)

publishing #141: rm_decision_interfaces.msg.RobotControl(stop_gimbal_scan=True, chassis_spin_vel=0.0, scan_enabled=True, allow_vision_control=True, search_when_target_lost=True, scan_yaw_rate_deg_s=120.0, search_pitch_deg=-6.0)

publishing #142: rm_decision_interfaces.msg.RobotControl(stop_gimbal_scan=True, chassis_spin_vel=0.0, scan_enabled=True, allow_vision_control=True, search_when_target_lost=True, scan_yaw_rate_deg_s=120.0, search_pitch_deg=-6.0)

publishing #143: rm_decision_interfaces.msg.RobotControl(stop_gimbal_scan=True, chassis_spin_vel=0.0, scan_enabled=True, allow_vision_control=True, search_when_target_lost=True, scan_yaw_rate_deg_s=120.0, search_pitch_deg=-6.0)

publishing #144: rm_decision_interfaces.msg.RobotControl(stop_gimbal_scan=True, chassis_spin_vel=0.0, scan_enabled=True, allow_vision_control=True, search_when_target_lost=True, scan_yaw_rate_deg_s=120.0, search_pitch_deg=-6.0)

publishing #145: rm_decision_interfaces.msg.RobotControl(stop_gimbal_scan=True, chassis_spin_vel=0.0, scan_enabled=True, allow_vision_control=True, search_when_target_lost=True, scan_yaw_rate_deg_s=120.0, search_pitch_deg=-6.0)

[2026-03-28 05:40:54.145] [info] Reset usb successfully :)
publishing #146: rm_decision_interfaces.msg.RobotControl(stop_gimbal_scan=True, chassis_spin_vel=0.0, scan_enabled=True, allow_vision_control=True, search_when_target_lost=True, scan_yaw_rate_deg_s=120.0, search_pitch_deg=-6.0)

publishing #147: rm_decision_interfaces.msg.RobotControl(stop_gimbal_scan=True, chassis_spin_vel=0.0, scan_enabled=True, allow_vision_control=True, search_when_target_lost=True, scan_yaw_rate_deg_s=120.0, search_pitch_deg=-6.0)

publishing #148: rm_decision_interfaces.msg.RobotControl(stop_gimbal_scan=True, chassis_spin_vel=0.0, scan_enabled=True, allow_vision_control=True, search_when_target_lost=True, scan_yaw_rate_deg_s=120.0, search_pitch_deg=-6.0)

[2026-03-28 05:40:54.260] [debug] [Gimbal] CRC16 check failed.
publishing #149: rm_decision_interfaces.msg.RobotControl(stop_gimbal_scan=True, chassis_spin_vel=0.0, scan_enabled=True, allow_vision_control=True, search_when_target_lost=True, scan_yaw_rate_deg_s=120.0, search_pitch_deg=-6.0)

[2026-03-28 05:40:54.340] [debug] [Gimbal] CRC16 check failed.
publishing #150: rm_decision_interfaces.msg.RobotControl(stop_gimbal_scan=True, chassis_spin_vel=0.0, scan_enabled=True, allow_vision_control=True, search_when_target_lost=True, scan_yaw_rate_deg_s=120.0, search_pitch_deg=-6.0)

publishing #151: rm_decision_interfaces.msg.RobotControl(stop_gimbal_scan=True, chassis_spin_vel=0.0, scan_enabled=True, allow_vision_control=True, search_when_target_lost=True, scan_yaw_rate_deg_s=120.0, search_pitch_deg=-6.0)

[2026-03-28 05:40:54.399] [debug] [Gimbal] CRC16 check failed.
[2026-03-28 05:40:54.430] [info] [Gimbal] Received 200 packets, freq=37.9Hz
publishing #152: rm_decision_interfaces.msg.RobotControl(stop_gimbal_scan=True, chassis_spin_vel=0.0, scan_enabled=True, allow_vision_control=True, search_when_target_lost=True, scan_yaw_rate_deg_s=120.0, search_pitch_deg=-6.0)

publishing #153: rm_decision_interfaces.msg.RobotControl(stop_gimbal_scan=True, chassis_spin_vel=0.0, scan_enabled=True, allow_vision_control=True, search_when_target_lost=True, scan_yaw_rate_deg_s=120.0, search_pitch_deg=-6.0)

publishing #154: rm_decision_interfaces.msg.RobotControl(stop_gimbal_scan=True, chassis_spin_vel=0.0, scan_enabled=True, allow_vision_control=True, search_when_target_lost=True, scan_yaw_rate_deg_s=120.0, search_pitch_deg=-6.0)

publishing #155: rm_decision_interfaces.msg.RobotControl(stop_gimbal_scan=True, chassis_spin_vel=0.0, scan_enabled=True, allow_vision_control=True, search_when_target_lost=True, scan_yaw_rate_deg_s=120.0, search_pitch_deg=-6.0)

publishing #156: rm_decision_interfaces.msg.RobotControl(stop_gimbal_scan=True, chassis_spin_vel=0.0, scan_enabled=True, allow_vision_control=True, search_when_target_lost=True, scan_yaw_rate_deg_s=120.0, search_pitch_deg=-6.0)

publishing #157: rm_decision_interfaces.msg.RobotControl(stop_gimbal_scan=True, chassis_spin_vel=0.0, scan_enabled=True, allow_vision_control=True, search_when_target_lost=True, scan_yaw_rate_deg_s=120.0, search_pitch_deg=-6.0)

publishing #158: rm_decision_interfaces.msg.RobotControl(stop_gimbal_scan=True, chassis_spin_vel=0.0, scan_enabled=True, allow_vision_control=True, search_when_target_lost=True, scan_yaw_rate_deg_s=120.0, search_pitch_deg=-6.0)

publishing #159: rm_decision_interfaces.msg.RobotControl(stop_gimbal_scan=True, chassis_spin_vel=0.0, scan_enabled=True, allow_vision_control=True, search_when_target_lost=True, scan_yaw_rate_deg_s=120.0, search_pitch_deg=-6.0)

publishing #160: rm_decision_interfaces.msg.RobotControl(stop_gimbal_scan=True, chassis_spin_vel=0.0, scan_enabled=True, allow_vision_control=True, search_when_target_lost=True, scan_yaw_rate_deg_s=120.0, search_pitch_deg=-6.0)

publishing #161: rm_decision_interfaces.msg.RobotControl(stop_gimbal_scan=True, chassis_spin_vel=0.0, scan_enabled=True, allow_vision_control=True, search_when_target_lost=True, scan_yaw_rate_deg_s=120.0, search_pitch_deg=-6.0)

publishing #162: rm_decision_interfaces.msg.RobotControl(stop_gimbal_scan=True, chassis_spin_vel=0.0, scan_enabled=True, allow_vision_control=True, search_when_target_lost=True, scan_yaw_rate_deg_s=120.0, search_pitch_deg=-6.0)

publishing #163: rm_decision_interfaces.msg.RobotControl(stop_gimbal_scan=True, chassis_spin_vel=0.0, scan_enabled=True, allow_vision_control=True, search_when_target_lost=True, scan_yaw_rate_deg_s=120.0, search_pitch_deg=-6.0)

publishing #164: rm_decision_interfaces.msg.RobotControl(stop_gimbal_scan=True, chassis_spin_vel=0.0, scan_enabled=True, allow_vision_control=True, search_when_target_lost=True, scan_yaw_rate_deg_s=120.0, search_pitch_deg=-6.0)

publishing #165: rm_decision_interfaces.msg.RobotControl(stop_gimbal_scan=True, chassis_spin_vel=0.0, scan_enabled=True, allow_vision_control=True, search_when_target_lost=True, scan_yaw_rate_deg_s=120.0, search_pitch_deg=-6.0)

publishing #166: rm_decision_interfaces.msg.RobotControl(stop_gimbal_scan=True, chassis_spin_vel=0.0, scan_enabled=True, allow_vision_control=True, search_when_target_lost=True, scan_yaw_rate_deg_s=120.0, search_pitch_deg=-6.0)

publishing #167: rm_decision_interfaces.msg.RobotControl(stop_gimbal_scan=True, chassis_spin_vel=0.0, scan_enabled=True, allow_vision_control=True, search_when_target_lost=True, scan_yaw_rate_deg_s=120.0, search_pitch_deg=-6.0)

publishing #168: rm_decision_interfaces.msg.RobotControl(stop_gimbal_scan=True, chassis_spin_vel=0.0, scan_enabled=True, allow_vision_control=True, search_when_target_lost=True, scan_yaw_rate_deg_s=120.0, search_pitch_deg=-6.0)

publishing #169: rm_decision_interfaces.msg.RobotControl(stop_gimbal_scan=True, chassis_spin_vel=0.0, scan_enabled=True, allow_vision_control=True, search_when_target_lost=True, scan_yaw_rate_deg_s=120.0, search_pitch_deg=-6.0)

publishing #170: rm_decision_interfaces.msg.RobotControl(stop_gimbal_scan=True, chassis_spin_vel=0.0, scan_enabled=True, allow_vision_control=True, search_when_target_lost=True, scan_yaw_rate_deg_s=120.0, search_pitch_deg=-6.0)

publishing #171: rm_decision_interfaces.msg.RobotControl(stop_gimbal_scan=True, chassis_spin_vel=0.0, scan_enabled=True, allow_vision_control=True, search_when_target_lost=True, scan_yaw_rate_deg_s=120.0, search_pitch_deg=-6.0)

publishing #172: rm_decision_interfaces.msg.RobotControl(stop_gimbal_scan=True, chassis_spin_vel=0.0, scan_enabled=True, allow_vision_control=True, search_when_target_lost=True, scan_yaw_rate_deg_s=120.0, search_pitch_deg=-6.0)

publishing #173: rm_decision_interfaces.msg.RobotControl(stop_gimbal_scan=True, chassis_spin_vel=0.0, scan_enabled=True, allow_vision_control=True, search_when_target_lost=True, scan_yaw_rate_deg_s=120.0, search_pitch_deg=-6.0)

publishing #174: rm_decision_interfaces.msg.RobotControl(stop_gimbal_scan=True, chassis_spin_vel=0.0, scan_enabled=True, allow_vision_control=True, search_when_target_lost=True, scan_yaw_rate_deg_s=120.0, search_pitch_deg=-6.0)

publishing #175: rm_decision_interfaces.msg.RobotControl(stop_gimbal_scan=True, chassis_spin_vel=0.0, scan_enabled=True, allow_vision_control=True, search_when_target_lost=True, scan_yaw_rate_deg_s=120.0, search_pitch_deg=-6.0)

[2026-03-28 05:40:55.639] [warning] MV_CC_OpenDevice failed: 0x80000203
[2026-03-28 05:40:55.639] [debug] [Gimbal] CRC16 check failed.
publishing #176: rm_decision_interfaces.msg.RobotControl(stop_gimbal_scan=True, chassis_spin_vel=0.0, scan_enabled=True, allow_vision_control=True, search_when_target_lost=True, scan_yaw_rate_deg_s=120.0, search_pitch_deg=-6.0)

publishing #177: rm_decision_interfaces.msg.RobotControl(stop_gimbal_scan=True, chassis_spin_vel=0.0, scan_enabled=True, allow_vision_control=True, search_when_target_lost=True, scan_yaw_rate_deg_s=120.0, search_pitch_deg=-6.0)

publishing #178: rm_decision_interfaces.msg.RobotControl(stop_gimbal_scan=True, chassis_spin_vel=0.0, scan_enabled=True, allow_vision_control=True, search_when_target_lost=True, scan_yaw_rate_deg_s=120.0, search_pitch_deg=-6.0)

publishing #179: rm_decision_interfaces.msg.RobotControl(stop_gimbal_scan=True, chassis_spin_vel=0.0, scan_enabled=True, allow_vision_control=True, search_when_target_lost=True, scan_yaw_rate_deg_s=120.0, search_pitch_deg=-6.0)

publishing #180: rm_decision_interfaces.msg.RobotControl(stop_gimbal_scan=True, chassis_spin_vel=0.0, scan_enabled=True, allow_vision_control=True, search_when_target_lost=True, scan_yaw_rate_deg_s=120.0, search_pitch_deg=-6.0)

publishing #181: rm_decision_interfaces.msg.RobotControl(stop_gimbal_scan=True, chassis_spin_vel=0.0, scan_enabled=True, allow_vision_control=True, search_when_target_lost=True, scan_yaw_rate_deg_s=120.0, search_pitch_deg=-6.0)

publishing #182: rm_decision_interfaces.msg.RobotControl(stop_gimbal_scan=True, chassis_spin_vel=0.0, scan_enabled=True, allow_vision_control=True, search_when_target_lost=True, scan_yaw_rate_deg_s=120.0, search_pitch_deg=-6.0)

[2026-03-28 05:40:55.986] [info] Reset usb successfully :)
publishing #183: rm_decision_interfaces.msg.RobotControl(stop_gimbal_scan=True, chassis_spin_vel=0.0, scan_enabled=True, allow_vision_control=True, search_when_target_lost=True, scan_yaw_rate_deg_s=120.0, search_pitch_deg=-6.0)

publishing #184: rm_decision_interfaces.msg.RobotControl(stop_gimbal_scan=True, chassis_spin_vel=0.0, scan_enabled=True, allow_vision_control=True, search_when_target_lost=True, scan_yaw_rate_deg_s=120.0, search_pitch_deg=-6.0)

publishing #185: rm_decision_interfaces.msg.RobotControl(stop_gimbal_scan=True, chassis_spin_vel=0.0, scan_enabled=True, allow_vision_control=True, search_when_target_lost=True, scan_yaw_rate_deg_s=120.0, search_pitch_deg=-6.0)

publishing #186: rm_decision_interfaces.msg.RobotControl(stop_gimbal_scan=True, chassis_spin_vel=0.0, scan_enabled=True, allow_vision_control=True, search_when_target_lost=True, scan_yaw_rate_deg_s=120.0, search_pitch_deg=-6.0)

publishing #187: rm_decision_interfaces.msg.RobotControl(stop_gimbal_scan=True, chassis_spin_vel=0.0, scan_enabled=True, allow_vision_control=True, search_when_target_lost=True, scan_yaw_rate_deg_s=120.0, search_pitch_deg=-6.0)

publishing #188: rm_decision_interfaces.msg.RobotControl(stop_gimbal_scan=True, chassis_spin_vel=0.0, scan_enabled=True, allow_vision_control=True, search_when_target_lost=True, scan_yaw_rate_deg_s=120.0, search_pitch_deg=-6.0)

publishing #189: rm_decision_interfaces.msg.RobotControl(stop_gimbal_scan=True, chassis_spin_vel=0.0, scan_enabled=True, allow_vision_control=True, search_when_target_lost=True, scan_yaw_rate_deg_s=120.0, search_pitch_deg=-6.0)

publishing #190: rm_decision_interfaces.msg.RobotControl(stop_gimbal_scan=True, chassis_spin_vel=0.0, scan_enabled=True, allow_vision_control=True, search_when_target_lost=True, scan_yaw_rate_deg_s=120.0, search_pitch_deg=-6.0)

publishing #191: rm_decision_interfaces.msg.RobotControl(stop_gimbal_scan=True, chassis_spin_vel=0.0, scan_enabled=True, allow_vision_control=True, search_when_target_lost=True, scan_yaw_rate_deg_s=120.0, search_pitch_deg=-6.0)

publishing #192: rm_decision_interfaces.msg.RobotControl(stop_gimbal_scan=True, chassis_spin_vel=0.0, scan_enabled=True, allow_vision_control=True, search_when_target_lost=True, scan_yaw_rate_deg_s=120.0, search_pitch_deg=-6.0)

publishing #193: rm_decision_interfaces.msg.RobotControl(stop_gimbal_scan=True, chassis_spin_vel=0.0, scan_enabled=True, allow_vision_control=True, search_when_target_lost=True, scan_yaw_rate_deg_s=120.0, search_pitch_deg=-6.0)

publishing #194: rm_decision_interfaces.msg.RobotControl(stop_gimbal_scan=True, chassis_spin_vel=0.0, scan_enabled=True, allow_vision_control=True, search_when_target_lost=True, scan_yaw_rate_deg_s=120.0, search_pitch_deg=-6.0)

publishing #195: rm_decision_interfaces.msg.RobotControl(stop_gimbal_scan=True, chassis_spin_vel=0.0, scan_enabled=True, allow_vision_control=True, search_when_target_lost=True, scan_yaw_rate_deg_s=120.0, search_pitch_deg=-6.0)

publishing #196: rm_decision_interfaces.msg.RobotControl(stop_gimbal_scan=True, chassis_spin_vel=0.0, scan_enabled=True, allow_vision_control=True, search_when_target_lost=True, scan_yaw_rate_deg_s=120.0, search_pitch_deg=-6.0)

publishing #197: rm_decision_interfaces.msg.RobotControl(stop_gimbal_scan=True, chassis_spin_vel=0.0, scan_enabled=True, allow_vision_control=True, search_when_target_lost=True, scan_yaw_rate_deg_s=120.0, search_pitch_deg=-6.0)

publishing #198: rm_decision_interfaces.msg.RobotControl(stop_gimbal_scan=True, chassis_spin_vel=0.0, scan_enabled=True, allow_vision_control=True, search_when_target_lost=True, scan_yaw_rate_deg_s=120.0, search_pitch_deg=-6.0)

publishing #199: rm_decision_interfaces.msg.RobotControl(stop_gimbal_scan=True, chassis_spin_vel=0.0, scan_enabled=True, allow_vision_control=True, search_when_target_lost=True, scan_yaw_rate_deg_s=120.0, search_pitch_deg=-6.0)

publishing #200: rm_decision_interfaces.msg.RobotControl(stop_gimbal_scan=True, chassis_spin_vel=0.0, scan_enabled=True, allow_vision_control=True, search_when_target_lost=True, scan_yaw_rate_deg_s=120.0, search_pitch_deg=-6.0)

publishing #201: rm_decision_interfaces.msg.RobotControl(stop_gimbal_scan=True, chassis_spin_vel=0.0, scan_enabled=True, allow_vision_control=True, search_when_target_lost=True, scan_yaw_rate_deg_s=120.0, search_pitch_deg=-6.0)

[2026-03-28 05:40:56.900] [debug] [Gimbal] CRC16 check failed.
publishing #202: rm_decision_interfaces.msg.RobotControl(stop_gimbal_scan=True, chassis_spin_vel=0.0, scan_enabled=True, allow_vision_control=True, search_when_target_lost=True, scan_yaw_rate_deg_s=120.0, search_pitch_deg=-6.0)

publishing #203: rm_decision_interfaces.msg.RobotControl(stop_gimbal_scan=True, chassis_spin_vel=0.0, scan_enabled=True, allow_vision_control=True, search_when_target_lost=True, scan_yaw_rate_deg_s=120.0, search_pitch_deg=-6.0)

publishing #204: rm_decision_interfaces.msg.RobotControl(stop_gimbal_scan=True, chassis_spin_vel=0.0, scan_enabled=True, allow_vision_control=True, search_when_target_lost=True, scan_yaw_rate_deg_s=120.0, search_pitch_deg=-6.0)

publishing #205: rm_decision_interfaces.msg.RobotControl(stop_gimbal_scan=True, chassis_spin_vel=0.0, scan_enabled=True, allow_vision_control=True, search_when_target_lost=True, scan_yaw_rate_deg_s=120.0, search_pitch_deg=-6.0)

publishing #206: rm_decision_interfaces.msg.RobotControl(stop_gimbal_scan=True, chassis_spin_vel=0.0, scan_enabled=True, allow_vision_control=True, search_when_target_lost=True, scan_yaw_rate_deg_s=120.0, search_pitch_deg=-6.0)

publishing #207: rm_decision_interfaces.msg.RobotControl(stop_gimbal_scan=True, chassis_spin_vel=0.0, scan_enabled=True, allow_vision_control=True, search_when_target_lost=True, scan_yaw_rate_deg_s=120.0, search_pitch_deg=-6.0)

publishing #208: rm_decision_interfaces.msg.RobotControl(stop_gimbal_scan=True, chassis_spin_vel=0.0, scan_enabled=True, allow_vision_control=True, search_when_target_lost=True, scan_yaw_rate_deg_s=120.0, search_pitch_deg=-6.0)

publishing #209: rm_decision_interfaces.msg.RobotControl(stop_gimbal_scan=True, chassis_spin_vel=0.0, scan_enabled=True, allow_vision_control=True, search_when_target_lost=True, scan_yaw_rate_deg_s=120.0, search_pitch_deg=-6.0)

publishing #210: rm_decision_interfaces.msg.RobotControl(stop_gimbal_scan=True, chassis_spin_vel=0.0, scan_enabled=True, allow_vision_control=True, search_when_target_lost=True, scan_yaw_rate_deg_s=120.0, search_pitch_deg=-6.0)

publishing #211: rm_decision_interfaces.msg.RobotControl(stop_gimbal_scan=True, chassis_spin_vel=0.0, scan_enabled=True, allow_vision_control=True, search_when_target_lost=True, scan_yaw_rate_deg_s=120.0, search_pitch_deg=-6.0)

publishing #212: rm_decision_interfaces.msg.RobotControl(stop_gimbal_scan=True, chassis_spin_vel=0.0, scan_enabled=True, allow_vision_control=True, search_when_target_lost=True, scan_yaw_rate_deg_s=120.0, search_pitch_deg=-6.0)

[2026-03-28 05:40:57.488] [warning] MV_CC_OpenDevice failed: 0x80000203
publishing #213: rm_decision_interfaces.msg.RobotControl(stop_gimbal_scan=True, chassis_spin_vel=0.0, scan_enabled=True, allow_vision_control=True, search_when_target_lost=True, scan_yaw_rate_deg_s=120.0, search_pitch_deg=-6.0)

publishing #214: rm_decision_interfaces.msg.RobotControl(stop_gimbal_scan=True, chassis_spin_vel=0.0, scan_enabled=True, allow_vision_control=True, search_when_target_lost=True, scan_yaw_rate_deg_s=120.0, search_pitch_deg=-6.0)

publishing #215: rm_decision_interfaces.msg.RobotControl(stop_gimbal_scan=True, chassis_spin_vel=0.0, scan_enabled=True, allow_vision_control=True, search_when_target_lost=True, scan_yaw_rate_deg_s=120.0, search_pitch_deg=-6.0)

publishing #216: rm_decision_interfaces.msg.RobotControl(stop_gimbal_scan=True, chassis_spin_vel=0.0, scan_enabled=True, allow_vision_control=True, search_when_target_lost=True, scan_yaw_rate_deg_s=120.0, search_pitch_deg=-6.0)

publishing #217: rm_decision_interfaces.msg.RobotControl(stop_gimbal_scan=True, chassis_spin_vel=0.0, scan_enabled=True, allow_vision_control=True, search_when_target_lost=True, scan_yaw_rate_deg_s=120.0, search_pitch_deg=-6.0)

publishing #218: rm_decision_interfaces.msg.RobotControl(stop_gimbal_scan=True, chassis_spin_vel=0.0, scan_enabled=True, allow_vision_control=True, search_when_target_lost=True, scan_yaw_rate_deg_s=120.0, search_pitch_deg=-6.0)

publishing #219: rm_decision_interfaces.msg.RobotControl(stop_gimbal_scan=True, chassis_spin_vel=0.0, scan_enabled=True, allow_vision_control=True, search_when_target_lost=True, scan_yaw_rate_deg_s=120.0, search_pitch_deg=-6.0)

[2026-03-28 05:40:57.835] [info] Reset usb successfully :)
publishing #220: rm_decision_interfaces.msg.RobotControl(stop_gimbal_scan=True, chassis_spin_vel=0.0, scan_enabled=True, allow_vision_control=True, search_when_target_lost=True, scan_yaw_rate_deg_s=120.0, search_pitch_deg=-6.0)

publishing #221: rm_decision_interfaces.msg.RobotControl(stop_gimbal_scan=True, chassis_spin_vel=0.0, scan_enabled=True, allow_vision_control=True, search_when_target_lost=True, scan_yaw_rate_deg_s=120.0, search_pitch_deg=-6.0)

publishing #222: rm_decision_interfaces.msg.RobotControl(stop_gimbal_scan=True, chassis_spin_vel=0.0, scan_enabled=True, allow_vision_control=True, search_when_target_lost=True, scan_yaw_rate_deg_s=120.0, search_pitch_deg=-6.0)

publishing #223: rm_decision_interfaces.msg.RobotControl(stop_gimbal_scan=True, chassis_spin_vel=0.0, scan_enabled=True, allow_vision_control=True, search_when_target_lost=True, scan_yaw_rate_deg_s=120.0, search_pitch_deg=-6.0)

publishing #224: rm_decision_interfaces.msg.RobotControl(stop_gimbal_scan=True, chassis_spin_vel=0.0, scan_enabled=True, allow_vision_control=True, search_when_target_lost=True, scan_yaw_rate_deg_s=120.0, search_pitch_deg=-6.0)

publishing #225: rm_decision_interfaces.msg.RobotControl(stop_gimbal_scan=True, chassis_spin_vel=0.0, scan_enabled=True, allow_vision_control=True, search_when_target_lost=True, scan_yaw_rate_deg_s=120.0, search_pitch_deg=-6.0)

publishing #226: rm_decision_interfaces.msg.RobotControl(stop_gimbal_scan=True, chassis_spin_vel=0.0, scan_enabled=True, allow_vision_control=True, search_when_target_lost=True, scan_yaw_rate_deg_s=120.0, search_pitch_deg=-6.0)

publishing #227: rm_decision_interfaces.msg.RobotControl(stop_gimbal_scan=True, chassis_spin_vel=0.0, scan_enabled=True, allow_vision_control=True, search_when_target_lost=True, scan_yaw_rate_deg_s=120.0, search_pitch_deg=-6.0)

publishing #228: rm_decision_interfaces.msg.RobotControl(stop_gimbal_scan=True, chassis_spin_vel=0.0, scan_enabled=True, allow_vision_control=True, search_when_target_lost=True, scan_yaw_rate_deg_s=120.0, search_pitch_deg=-6.0)

publishing #229: rm_decision_interfaces.msg.RobotControl(stop_gimbal_scan=True, chassis_spin_vel=0.0, scan_enabled=True, allow_vision_control=True, search_when_target_lost=True, scan_yaw_rate_deg_s=120.0, search_pitch_deg=-6.0)

publishing #230: rm_decision_interfaces.msg.RobotControl(stop_gimbal_scan=True, chassis_spin_vel=0.0, scan_enabled=True, allow_vision_control=True, search_when_target_lost=True, scan_yaw_rate_deg_s=120.0, search_pitch_deg=-6.0)

[2026-03-28 05:40:58.390] [debug] [Gimbal] CRC16 check failed.
publishing #231: rm_decision_interfaces.msg.RobotControl(stop_gimbal_scan=True, chassis_spin_vel=0.0, scan_enabled=True, allow_vision_control=True, search_when_target_lost=True, scan_yaw_rate_deg_s=120.0, search_pitch_deg=-6.0)

[2026-03-28 05:40:58.430] [info] [Gimbal] Received 300 packets, freq=25.0Hz
publishing #232: rm_decision_interfaces.msg.RobotControl(stop_gimbal_scan=True, chassis_spin_vel=0.0, scan_enabled=True, allow_vision_control=True, search_when_target_lost=True, scan_yaw_rate_deg_s=120.0, search_pitch_deg=-6.0)

publishing #233: rm_decision_interfaces.msg.RobotControl(stop_gimbal_scan=True, chassis_spin_vel=0.0, scan_enabled=True, allow_vision_control=True, search_when_target_lost=True, scan_yaw_rate_deg_s=120.0, search_pitch_deg=-6.0)

publishing #234: rm_decision_interfaces.msg.RobotControl(stop_gimbal_scan=True, chassis_spin_vel=0.0, scan_enabled=True, allow_vision_control=True, search_when_target_lost=True, scan_yaw_rate_deg_s=120.0, search_pitch_deg=-6.0)

publishing #235: rm_decision_interfaces.msg.RobotControl(stop_gimbal_scan=True, chassis_spin_vel=0.0, scan_enabled=True, allow_vision_control=True, search_when_target_lost=True, scan_yaw_rate_deg_s=120.0, search_pitch_deg=-6.0)

[2026-03-28 05:40:58.630] [debug] [Gimbal] CRC16 check failed.
publishing #236: rm_decision_interfaces.msg.RobotControl(stop_gimbal_scan=True, chassis_spin_vel=0.0, scan_enabled=True, allow_vision_control=True, search_when_target_lost=True, scan_yaw_rate_deg_s=120.0, search_pitch_deg=-6.0)

publishing #237: rm_decision_interfaces.msg.RobotControl(stop_gimbal_scan=True, chassis_spin_vel=0.0, scan_enabled=True, allow_vision_control=True, search_when_target_lost=True, scan_yaw_rate_deg_s=120.0, search_pitch_deg=-6.0)

publishing #238: rm_decision_interfaces.msg.RobotControl(stop_gimbal_scan=True, chassis_spin_vel=0.0, scan_enabled=True, allow_vision_control=True, search_when_target_lost=True, scan_yaw_rate_deg_s=120.0, search_pitch_deg=-6.0)

publishing #239: rm_decision_interfaces.msg.RobotControl(stop_gimbal_scan=True, chassis_spin_vel=0.0, scan_enabled=True, allow_vision_control=True, search_when_target_lost=True, scan_yaw_rate_deg_s=120.0, search_pitch_deg=-6.0)

publishing #240: rm_decision_interfaces.msg.RobotControl(stop_gimbal_scan=True, chassis_spin_vel=0.0, scan_enabled=True, allow_vision_control=True, search_when_target_lost=True, scan_yaw_rate_deg_s=120.0, search_pitch_deg=-6.0)

publishing #241: rm_decision_interfaces.msg.RobotControl(stop_gimbal_scan=True, chassis_spin_vel=0.0, scan_enabled=True, allow_vision_control=True, search_when_target_lost=True, scan_yaw_rate_deg_s=120.0, search_pitch_deg=-6.0)

publishing #242: rm_decision_interfaces.msg.RobotControl(stop_gimbal_scan=True, chassis_spin_vel=0.0, scan_enabled=True, allow_vision_control=True, search_when_target_lost=True, scan_yaw_rate_deg_s=120.0, search_pitch_deg=-6.0)

[2026-03-28 05:40:58.979] [debug] [Gimbal] CRC16 check failed.
publishing #243: rm_decision_interfaces.msg.RobotControl(stop_gimbal_scan=True, chassis_spin_vel=0.0, scan_enabled=True, allow_vision_control=True, search_when_target_lost=True, scan_yaw_rate_deg_s=120.0, search_pitch_deg=-6.0)

publishing #244: rm_decision_interfaces.msg.RobotControl(stop_gimbal_scan=True, chassis_spin_vel=0.0, scan_enabled=True, allow_vision_control=True, search_when_target_lost=True, scan_yaw_rate_deg_s=120.0, search_pitch_deg=-6.0)

publishing #245: rm_decision_interfaces.msg.RobotControl(stop_gimbal_scan=True, chassis_spin_vel=0.0, scan_enabled=True, allow_vision_control=True, search_when_target_lost=True, scan_yaw_rate_deg_s=120.0, search_pitch_deg=-6.0)

publishing #246: rm_decision_interfaces.msg.RobotControl(stop_gimbal_scan=True, chassis_spin_vel=0.0, scan_enabled=True, allow_vision_control=True, search_when_target_lost=True, scan_yaw_rate_deg_s=120.0, search_pitch_deg=-6.0)

publishing #247: rm_decision_interfaces.msg.RobotControl(stop_gimbal_scan=True, chassis_spin_vel=0.0, scan_enabled=True, allow_vision_control=True, search_when_target_lost=True, scan_yaw_rate_deg_s=120.0, search_pitch_deg=-6.0)

publishing #248: rm_decision_interfaces.msg.RobotControl(stop_gimbal_scan=True, chassis_spin_vel=0.0, scan_enabled=True, allow_vision_control=True, search_when_target_lost=True, scan_yaw_rate_deg_s=120.0, search_pitch_deg=-6.0)

publishing #249: rm_decision_interfaces.msg.RobotControl(stop_gimbal_scan=True, chassis_spin_vel=0.0, scan_enabled=True, allow_vision_control=True, search_when_target_lost=True, scan_yaw_rate_deg_s=120.0, search_pitch_deg=-6.0)

[2026-03-28 05:40:59.310] [debug] [Gimbal] CRC16 check failed.
[2026-03-28 05:40:59.337] [warning] MV_CC_OpenDevice failed: 0x80000203
publishing #250: rm_decision_interfaces.msg.RobotControl(stop_gimbal_scan=True, chassis_spin_vel=0.0, scan_enabled=True, allow_vision_control=True, search_when_target_lost=True, scan_yaw_rate_deg_s=120.0, search_pitch_deg=-6.0)

publishing #251: rm_decision_interfaces.msg.RobotControl(stop_gimbal_scan=True, chassis_spin_vel=0.0, scan_enabled=True, allow_vision_control=True, search_when_target_lost=True, scan_yaw_rate_deg_s=120.0, search_pitch_deg=-6.0)

publishing #252: rm_decision_interfaces.msg.RobotControl(stop_gimbal_scan=True, chassis_spin_vel=0.0, scan_enabled=True, allow_vision_control=True, search_when_target_lost=True, scan_yaw_rate_deg_s=120.0, search_pitch_deg=-6.0)

publishing #253: rm_decision_interfaces.msg.RobotControl(stop_gimbal_scan=True, chassis_spin_vel=0.0, scan_enabled=True, allow_vision_control=True, search_when_target_lost=True, scan_yaw_rate_deg_s=120.0, search_pitch_deg=-6.0)

publishing #254: rm_decision_interfaces.msg.RobotControl(stop_gimbal_scan=True, chassis_spin_vel=0.0, scan_enabled=True, allow_vision_control=True, search_when_target_lost=True, scan_yaw_rate_deg_s=120.0, search_pitch_deg=-6.0)

publishing #255: rm_decision_interfaces.msg.RobotControl(stop_gimbal_scan=True, chassis_spin_vel=0.0, scan_enabled=True, allow_vision_control=True, search_when_target_lost=True, scan_yaw_rate_deg_s=120.0, search_pitch_deg=-6.0)

[2026-03-28 05:40:59.630] [debug] [Gimbal] CRC16 check failed.
publishing #256: rm_decision_interfaces.msg.RobotControl(stop_gimbal_scan=True, chassis_spin_vel=0.0, scan_enabled=True, allow_vision_control=True, search_when_target_lost=True, scan_yaw_rate_deg_s=120.0, search_pitch_deg=-6.0)

[2026-03-28 05:40:59.687] [info] Reset usb successfully :)
publishing #257: rm_decision_interfaces.msg.RobotControl(stop_gimbal_scan=True, chassis_spin_vel=0.0, scan_enabled=True, allow_vision_control=True, search_when_target_lost=True, scan_yaw_rate_deg_s=120.0, search_pitch_deg=-6.0)

publishing #258: rm_decision_interfaces.msg.RobotControl(stop_gimbal_scan=True, chassis_spin_vel=0.0, scan_enabled=True, allow_vision_control=True, search_when_target_lost=True, scan_yaw_rate_deg_s=120.0, search_pitch_deg=-6.0)

publishing #259: rm_decision_interfaces.msg.RobotControl(stop_gimbal_scan=True, chassis_spin_vel=0.0, scan_enabled=True, allow_vision_control=True, search_when_target_lost=True, scan_yaw_rate_deg_s=120.0, search_pitch_deg=-6.0)

publishing #260: rm_decision_interfaces.msg.RobotControl(stop_gimbal_scan=True, chassis_spin_vel=0.0, scan_enabled=True, allow_vision_control=True, search_when_target_lost=True, scan_yaw_rate_deg_s=120.0, search_pitch_deg=-6.0)

publishing #261: rm_decision_interfaces.msg.RobotControl(stop_gimbal_scan=True, chassis_spin_vel=0.0, scan_enabled=True, allow_vision_control=True, search_when_target_lost=True, scan_yaw_rate_deg_s=120.0, search_pitch_deg=-6.0)

publishing #262: rm_decision_interfaces.msg.RobotControl(stop_gimbal_scan=True, chassis_spin_vel=0.0, scan_enabled=True, allow_vision_control=True, search_when_target_lost=True, scan_yaw_rate_deg_s=120.0, search_pitch_deg=-6.0)

publishing #263: rm_decision_interfaces.msg.RobotControl(stop_gimbal_scan=True, chassis_spin_vel=0.0, scan_enabled=True, allow_vision_control=True, search_when_target_lost=True, scan_yaw_rate_deg_s=120.0, search_pitch_deg=-6.0)

publishing #264: rm_decision_interfaces.msg.RobotControl(stop_gimbal_scan=True, chassis_spin_vel=0.0, scan_enabled=True, allow_vision_control=True, search_when_target_lost=True, scan_yaw_rate_deg_s=120.0, search_pitch_deg=-6.0)

publishing #265: rm_decision_interfaces.msg.RobotControl(stop_gimbal_scan=True, chassis_spin_vel=0.0, scan_enabled=True, allow_vision_control=True, search_when_target_lost=True, scan_yaw_rate_deg_s=120.0, search_pitch_deg=-6.0)

publishing #266: rm_decision_interfaces.msg.RobotControl(stop_gimbal_scan=True, chassis_spin_vel=0.0, scan_enabled=True, allow_vision_control=True, search_when_target_lost=True, scan_yaw_rate_deg_s=120.0, search_pitch_deg=-6.0)

publishing #267: rm_decision_interfaces.msg.RobotControl(stop_gimbal_scan=True, chassis_spin_vel=0.0, scan_enabled=True, allow_vision_control=True, search_when_target_lost=True, scan_yaw_rate_deg_s=120.0, search_pitch_deg=-6.0)

publishing #268: rm_decision_interfaces.msg.RobotControl(stop_gimbal_scan=True, chassis_spin_vel=0.0, scan_enabled=True, allow_vision_control=True, search_when_target_lost=True, scan_yaw_rate_deg_s=120.0, search_pitch_deg=-6.0)

publishing #269: rm_decision_interfaces.msg.RobotControl(stop_gimbal_scan=True, chassis_spin_vel=0.0, scan_enabled=True, allow_vision_control=True, search_when_target_lost=True, scan_yaw_rate_deg_s=120.0, search_pitch_deg=-6.0)

publishing #270: rm_decision_interfaces.msg.RobotControl(stop_gimbal_scan=True, chassis_spin_vel=0.0, scan_enabled=True, allow_vision_control=True, search_when_target_lost=True, scan_yaw_rate_deg_s=120.0, search_pitch_deg=-6.0)

publishing #271: rm_decision_interfaces.msg.RobotControl(stop_gimbal_scan=True, chassis_spin_vel=0.0, scan_enabled=True, allow_vision_control=True, search_when_target_lost=True, scan_yaw_rate_deg_s=120.0, search_pitch_deg=-6.0)

publishing #272: rm_decision_interfaces.msg.RobotControl(stop_gimbal_scan=True, chassis_spin_vel=0.0, scan_enabled=True, allow_vision_control=True, search_when_target_lost=True, scan_yaw_rate_deg_s=120.0, search_pitch_deg=-6.0)

publishing #273: rm_decision_interfaces.msg.RobotControl(stop_gimbal_scan=True, chassis_spin_vel=0.0, scan_enabled=True, allow_vision_control=True, search_when_target_lost=True, scan_yaw_rate_deg_s=120.0, search_pitch_deg=-6.0)

publishing #274: rm_decision_interfaces.msg.RobotControl(stop_gimbal_scan=True, chassis_spin_vel=0.0, scan_enabled=True, allow_vision_control=True, search_when_target_lost=True, scan_yaw_rate_deg_s=120.0, search_pitch_deg=-6.0)

publishing #275: rm_decision_interfaces.msg.RobotControl(stop_gimbal_scan=True, chassis_spin_vel=0.0, scan_enabled=True, allow_vision_control=True, search_when_target_lost=True, scan_yaw_rate_deg_s=120.0, search_pitch_deg=-6.0)

publishing #276: rm_decision_interfaces.msg.RobotControl(stop_gimbal_scan=True, chassis_spin_vel=0.0, scan_enabled=True, allow_vision_control=True, search_when_target_lost=True, scan_yaw_rate_deg_s=120.0, search_pitch_deg=-6.0)

publishing #277: rm_decision_interfaces.msg.RobotControl(stop_gimbal_scan=True, chassis_spin_vel=0.0, scan_enabled=True, allow_vision_control=True, search_when_target_lost=True, scan_yaw_rate_deg_s=120.0, search_pitch_deg=-6.0)

publishing #278: rm_decision_interfaces.msg.RobotControl(stop_gimbal_scan=True, chassis_spin_vel=0.0, scan_enabled=True, allow_vision_control=True, search_when_target_lost=True, scan_yaw_rate_deg_s=120.0, search_pitch_deg=-6.0)

[2026-03-28 05:41:00.790] [info] [Gimbal] Received 400 packets, freq=42.4Hz
publishing #279: rm_decision_interfaces.msg.RobotControl(stop_gimbal_scan=True, chassis_spin_vel=0.0, scan_enabled=True, allow_vision_control=True, search_when_target_lost=True, scan_yaw_rate_deg_s=120.0, search_pitch_deg=-6.0)

publishing #280: rm_decision_interfaces.msg.RobotControl(stop_gimbal_scan=True, chassis_spin_vel=0.0, scan_enabled=True, allow_vision_control=True, search_when_target_lost=True, scan_yaw_rate_deg_s=120.0, search_pitch_deg=-6.0)

publishing #281: rm_decision_interfaces.msg.RobotControl(stop_gimbal_scan=True, chassis_spin_vel=0.0, scan_enabled=True, allow_vision_control=True, search_when_target_lost=True, scan_yaw_rate_deg_s=120.0, search_pitch_deg=-6.0)

publishing #282: rm_decision_interfaces.msg.RobotControl(stop_gimbal_scan=True, chassis_spin_vel=0.0, scan_enabled=True, allow_vision_control=True, search_when_target_lost=True, scan_yaw_rate_deg_s=120.0, search_pitch_deg=-6.0)

publishing #283: rm_decision_interfaces.msg.RobotControl(stop_gimbal_scan=True, chassis_spin_vel=0.0, scan_enabled=True, allow_vision_control=True, search_when_target_lost=True, scan_yaw_rate_deg_s=120.0, search_pitch_deg=-6.0)

publishing #284: rm_decision_interfaces.msg.RobotControl(stop_gimbal_scan=True, chassis_spin_vel=0.0, scan_enabled=True, allow_vision_control=True, search_when_target_lost=True, scan_yaw_rate_deg_s=120.0, search_pitch_deg=-6.0)

publishing #285: rm_decision_interfaces.msg.RobotControl(stop_gimbal_scan=True, chassis_spin_vel=0.0, scan_enabled=True, allow_vision_control=True, search_when_target_lost=True, scan_yaw_rate_deg_s=120.0, search_pitch_deg=-6.0)

publishing #286: rm_decision_interfaces.msg.RobotControl(stop_gimbal_scan=True, chassis_spin_vel=0.0, scan_enabled=True, allow_vision_control=True, search_when_target_lost=True, scan_yaw_rate_deg_s=120.0, search_pitch_deg=-6.0)

[2026-03-28 05:41:01.185] [warning] MV_CC_OpenDevice failed: 0x80000203
publishing #287: rm_decision_interfaces.msg.RobotControl(stop_gimbal_scan=True, chassis_spin_vel=0.0, scan_enabled=True, allow_vision_control=True, search_when_target_lost=True, scan_yaw_rate_deg_s=120.0, search_pitch_deg=-6.0)

publishing #288: rm_decision_interfaces.msg.RobotControl(stop_gimbal_scan=True, chassis_spin_vel=0.0, scan_enabled=True, allow_vision_control=True, search_when_target_lost=True, scan_yaw_rate_deg_s=120.0, search_pitch_deg=-6.0)

publishing #289: rm_decision_interfaces.msg.RobotControl(stop_gimbal_scan=True, chassis_spin_vel=0.0, scan_enabled=True, allow_vision_control=True, search_when_target_lost=True, scan_yaw_rate_deg_s=120.0, search_pitch_deg=-6.0)

publishing #290: rm_decision_interfaces.msg.RobotControl(stop_gimbal_scan=True, chassis_spin_vel=0.0, scan_enabled=True, allow_vision_control=True, search_when_target_lost=True, scan_yaw_rate_deg_s=120.0, search_pitch_deg=-6.0)

publishing #291: rm_decision_interfaces.msg.RobotControl(stop_gimbal_scan=True, chassis_spin_vel=0.0, scan_enabled=True, allow_vision_control=True, search_when_target_lost=True, scan_yaw_rate_deg_s=120.0, search_pitch_deg=-6.0)

publishing #292: rm_decision_interfaces.msg.RobotControl(stop_gimbal_scan=True, chassis_spin_vel=0.0, scan_enabled=True, allow_vision_control=True, search_when_target_lost=True, scan_yaw_rate_deg_s=120.0, search_pitch_deg=-6.0)

publishing #293: rm_decision_interfaces.msg.RobotControl(stop_gimbal_scan=True, chassis_spin_vel=0.0, scan_enabled=True, allow_vision_control=True, search_when_target_lost=True, scan_yaw_rate_deg_s=120.0, search_pitch_deg=-6.0)

[2026-03-28 05:41:01.535] [info] Reset usb successfully :)
publishing #294: rm_decision_interfaces.msg.RobotControl(stop_gimbal_scan=True, chassis_spin_vel=0.0, scan_enabled=True, allow_vision_control=True, search_when_target_lost=True, scan_yaw_rate_deg_s=120.0, search_pitch_deg=-6.0)

publishing #295: rm_decision_interfaces.msg.RobotControl(stop_gimbal_scan=True, chassis_spin_vel=0.0, scan_enabled=True, allow_vision_control=True, search_when_target_lost=True, scan_yaw_rate_deg_s=120.0, search_pitch_deg=-6.0)

publishing #296: rm_decision_interfaces.msg.RobotControl(stop_gimbal_scan=True, chassis_spin_vel=0.0, scan_enabled=True, allow_vision_control=True, search_when_target_lost=True, scan_yaw_rate_deg_s=120.0, search_pitch_deg=-6.0)

publishing #297: rm_decision_interfaces.msg.RobotControl(stop_gimbal_scan=True, chassis_spin_vel=0.0, scan_enabled=True, allow_vision_control=True, search_when_target_lost=True, scan_yaw_rate_deg_s=120.0, search_pitch_deg=-6.0)

publishing #298: rm_decision_interfaces.msg.RobotControl(stop_gimbal_scan=True, chassis_spin_vel=0.0, scan_enabled=True, allow_vision_control=True, search_when_target_lost=True, scan_yaw_rate_deg_s=120.0, search_pitch_deg=-6.0)

publishing #299: rm_decision_interfaces.msg.RobotControl(stop_gimbal_scan=True, chassis_spin_vel=0.0, scan_enabled=True, allow_vision_control=True, search_when_target_lost=True, scan_yaw_rate_deg_s=120.0, search_pitch_deg=-6.0)

publishing #300: rm_decision_interfaces.msg.RobotControl(stop_gimbal_scan=True, chassis_spin_vel=0.0, scan_enabled=True, allow_vision_control=True, search_when_target_lost=True, scan_yaw_rate_deg_s=120.0, search_pitch_deg=-6.0)

publishing #301: rm_decision_interfaces.msg.RobotControl(stop_gimbal_scan=True, chassis_spin_vel=0.0, scan_enabled=True, allow_vision_control=True, search_when_target_lost=True, scan_yaw_rate_deg_s=120.0, search_pitch_deg=-6.0)

publishing #302: rm_decision_interfaces.msg.RobotControl(stop_gimbal_scan=True, chassis_spin_vel=0.0, scan_enabled=True, allow_vision_control=True, search_when_target_lost=True, scan_yaw_rate_deg_s=120.0, search_pitch_deg=-6.0)

[2026-03-28 05:41:01.969] [debug] [Gimbal] CRC16 check failed.
publishing #303: rm_decision_interfaces.msg.RobotControl(stop_gimbal_scan=True, chassis_spin_vel=0.0, scan_enabled=True, allow_vision_control=True, search_when_target_lost=True, scan_yaw_rate_deg_s=120.0, search_pitch_deg=-6.0)

publishing #304: rm_decision_interfaces.msg.RobotControl(stop_gimbal_scan=True, chassis_spin_vel=0.0, scan_enabled=True, allow_vision_control=True, search_when_target_lost=True, scan_yaw_rate_deg_s=120.0, search_pitch_deg=-6.0)

publishing #305: rm_decision_interfaces.msg.RobotControl(stop_gimbal_scan=True, chassis_spin_vel=0.0, scan_enabled=True, allow_vision_control=True, search_when_target_lost=True, scan_yaw_rate_deg_s=120.0, search_pitch_deg=-6.0)

publishing #306: rm_decision_interfaces.msg.RobotControl(stop_gimbal_scan=True, chassis_spin_vel=0.0, scan_enabled=True, allow_vision_control=True, search_when_target_lost=True, scan_yaw_rate_deg_s=120.0, search_pitch_deg=-6.0)

publishing #307: rm_decision_interfaces.msg.RobotControl(stop_gimbal_scan=True, chassis_spin_vel=0.0, scan_enabled=True, allow_vision_control=True, search_when_target_lost=True, scan_yaw_rate_deg_s=120.0, search_pitch_deg=-6.0)

[2026-03-28 05:41:02.239] [info] [Gimbal] Received 500 packets, freq=69.0Hz
publishing #308: rm_decision_interfaces.msg.RobotControl(stop_gimbal_scan=True, chassis_spin_vel=0.0, scan_enabled=True, allow_vision_control=True, search_when_target_lost=True, scan_yaw_rate_deg_s=120.0, search_pitch_deg=-6.0)

publishing #309: rm_decision_interfaces.msg.RobotControl(stop_gimbal_scan=True, chassis_spin_vel=0.0, scan_enabled=True, allow_vision_control=True, search_when_target_lost=True, scan_yaw_rate_deg_s=120.0, search_pitch_deg=-6.0)

publishing #310: rm_decision_interfaces.msg.RobotControl(stop_gimbal_scan=True, chassis_spin_vel=0.0, scan_enabled=True, allow_vision_control=True, search_when_target_lost=True, scan_yaw_rate_deg_s=120.0, search_pitch_deg=-6.0)

publishing #311: rm_decision_interfaces.msg.RobotControl(stop_gimbal_scan=True, chassis_spin_vel=0.0, scan_enabled=True, allow_vision_control=True, search_when_target_lost=True, scan_yaw_rate_deg_s=120.0, search_pitch_deg=-6.0)

publishing #312: rm_decision_interfaces.msg.RobotControl(stop_gimbal_scan=True, chassis_spin_vel=0.0, scan_enabled=True, allow_vision_control=True, search_when_target_lost=True, scan_yaw_rate_deg_s=120.0, search_pitch_deg=-6.0)

publishing #313: rm_decision_interfaces.msg.RobotControl(stop_gimbal_scan=True, chassis_spin_vel=0.0, scan_enabled=True, allow_vision_control=True, search_when_target_lost=True, scan_yaw_rate_deg_s=120.0, search_pitch_deg=-6.0)

publishing #314: rm_decision_interfaces.msg.RobotControl(stop_gimbal_scan=True, chassis_spin_vel=0.0, scan_enabled=True, allow_vision_control=True, search_when_target_lost=True, scan_yaw_rate_deg_s=120.0, search_pitch_deg=-6.0)

publishing #315: rm_decision_interfaces.msg.RobotControl(stop_gimbal_scan=True, chassis_spin_vel=0.0, scan_enabled=True, allow_vision_control=True, search_when_target_lost=True, scan_yaw_rate_deg_s=120.0, search_pitch_deg=-6.0)

publishing #316: rm_decision_interfaces.msg.RobotControl(stop_gimbal_scan=True, chassis_spin_vel=0.0, scan_enabled=True, allow_vision_control=True, search_when_target_lost=True, scan_yaw_rate_deg_s=120.0, search_pitch_deg=-6.0)

publishing #317: rm_decision_interfaces.msg.RobotControl(stop_gimbal_scan=True, chassis_spin_vel=0.0, scan_enabled=True, allow_vision_control=True, search_when_target_lost=True, scan_yaw_rate_deg_s=120.0, search_pitch_deg=-6.0)

publishing #318: rm_decision_interfaces.msg.RobotControl(stop_gimbal_scan=True, chassis_spin_vel=0.0, scan_enabled=True, allow_vision_control=True, search_when_target_lost=True, scan_yaw_rate_deg_s=120.0, search_pitch_deg=-6.0)

publishing #319: rm_decision_interfaces.msg.RobotControl(stop_gimbal_scan=True, chassis_spin_vel=0.0, scan_enabled=True, allow_vision_control=True, search_when_target_lost=True, scan_yaw_rate_deg_s=120.0, search_pitch_deg=-6.0)

publishing #320: rm_decision_interfaces.msg.RobotControl(stop_gimbal_scan=True, chassis_spin_vel=0.0, scan_enabled=True, allow_vision_control=True, search_when_target_lost=True, scan_yaw_rate_deg_s=120.0, search_pitch_deg=-6.0)

publishing #321: rm_decision_interfaces.msg.RobotControl(stop_gimbal_scan=True, chassis_spin_vel=0.0, scan_enabled=True, allow_vision_control=True, search_when_target_lost=True, scan_yaw_rate_deg_s=120.0, search_pitch_deg=-6.0)

publishing #322: rm_decision_interfaces.msg.RobotControl(stop_gimbal_scan=True, chassis_spin_vel=0.0, scan_enabled=True, allow_vision_control=True, search_when_target_lost=True, scan_yaw_rate_deg_s=120.0, search_pitch_deg=-6.0)

publishing #323: rm_decision_interfaces.msg.RobotControl(stop_gimbal_scan=True, chassis_spin_vel=0.0, scan_enabled=True, allow_vision_control=True, search_when_target_lost=True, scan_yaw_rate_deg_s=120.0, search_pitch_deg=-6.0)

[2026-03-28 05:41:03.040] [warning] MV_CC_OpenDevice failed: 0x80000203
publishing #324: rm_decision_interfaces.msg.RobotControl(stop_gimbal_scan=True, chassis_spin_vel=0.0, scan_enabled=True, allow_vision_control=True, search_when_target_lost=True, scan_yaw_rate_deg_s=120.0, search_pitch_deg=-6.0)

publishing #325: rm_decision_interfaces.msg.RobotControl(stop_gimbal_scan=True, chassis_spin_vel=0.0, scan_enabled=True, allow_vision_control=True, search_when_target_lost=True, scan_yaw_rate_deg_s=120.0, search_pitch_deg=-6.0)

publishing #326: rm_decision_interfaces.msg.RobotControl(stop_gimbal_scan=True, chassis_spin_vel=0.0, scan_enabled=True, allow_vision_control=True, search_when_target_lost=True, scan_yaw_rate_deg_s=120.0, search_pitch_deg=-6.0)

publishing #327: rm_decision_interfaces.msg.RobotControl(stop_gimbal_scan=True, chassis_spin_vel=0.0, scan_enabled=True, allow_vision_control=True, search_when_target_lost=True, scan_yaw_rate_deg_s=120.0, search_pitch_deg=-6.0)

publishing #328: rm_decision_interfaces.msg.RobotControl(stop_gimbal_scan=True, chassis_spin_vel=0.0, scan_enabled=True, allow_vision_control=True, search_when_target_lost=True, scan_yaw_rate_deg_s=120.0, search_pitch_deg=-6.0)

publishing #329: rm_decision_interfaces.msg.RobotControl(stop_gimbal_scan=True, chassis_spin_vel=0.0, scan_enabled=True, allow_vision_control=True, search_when_target_lost=True, scan_yaw_rate_deg_s=120.0, search_pitch_deg=-6.0)

publishing #330: rm_decision_interfaces.msg.RobotControl(stop_gimbal_scan=True, chassis_spin_vel=0.0, scan_enabled=True, allow_vision_control=True, search_when_target_lost=True, scan_yaw_rate_deg_s=120.0, search_pitch_deg=-6.0)

[2026-03-28 05:41:03.389] [info] Reset usb successfully :)
publishing #331: rm_decision_interfaces.msg.RobotControl(stop_gimbal_scan=True, chassis_spin_vel=0.0, scan_enabled=True, allow_vision_control=True, search_when_target_lost=True, scan_yaw_rate_deg_s=120.0, search_pitch_deg=-6.0)

publishing #332: rm_decision_interfaces.msg.RobotControl(stop_gimbal_scan=True, chassis_spin_vel=0.0, scan_enabled=True, allow_vision_control=True, search_when_target_lost=True, scan_yaw_rate_deg_s=120.0, search_pitch_deg=-6.0)

publishing #333: rm_decision_interfaces.msg.RobotControl(stop_gimbal_scan=True, chassis_spin_vel=0.0, scan_enabled=True, allow_vision_control=True, search_when_target_lost=True, scan_yaw_rate_deg_s=120.0, search_pitch_deg=-6.0)

publishing #334: rm_decision_interfaces.msg.RobotControl(stop_gimbal_scan=True, chassis_spin_vel=0.0, scan_enabled=True, allow_vision_control=True, search_when_target_lost=True, scan_yaw_rate_deg_s=120.0, search_pitch_deg=-6.0)

publishing #335: rm_decision_interfaces.msg.RobotControl(stop_gimbal_scan=True, chassis_spin_vel=0.0, scan_enabled=True, allow_vision_control=True, search_when_target_lost=True, scan_yaw_rate_deg_s=120.0, search_pitch_deg=-6.0)

publishing #336: rm_decision_interfaces.msg.RobotControl(stop_gimbal_scan=True, chassis_spin_vel=0.0, scan_enabled=True, allow_vision_control=True, search_when_target_lost=True, scan_yaw_rate_deg_s=120.0, search_pitch_deg=-6.0)

publishing #337: rm_decision_interfaces.msg.RobotControl(stop_gimbal_scan=True, chassis_spin_vel=0.0, scan_enabled=True, allow_vision_control=True, search_when_target_lost=True, scan_yaw_rate_deg_s=120.0, search_pitch_deg=-6.0)

publishing #338: rm_decision_interfaces.msg.RobotControl(stop_gimbal_scan=True, chassis_spin_vel=0.0, scan_enabled=True, allow_vision_control=True, search_when_target_lost=True, scan_yaw_rate_deg_s=120.0, search_pitch_deg=-6.0)

publishing #339: rm_decision_interfaces.msg.RobotControl(stop_gimbal_scan=True, chassis_spin_vel=0.0, scan_enabled=True, allow_vision_control=True, search_when_target_lost=True, scan_yaw_rate_deg_s=120.0, search_pitch_deg=-6.0)

publishing #340: rm_decision_interfaces.msg.RobotControl(stop_gimbal_scan=True, chassis_spin_vel=0.0, scan_enabled=True, allow_vision_control=True, search_when_target_lost=True, scan_yaw_rate_deg_s=120.0, search_pitch_deg=-6.0)

publishing #341: rm_decision_interfaces.msg.RobotControl(stop_gimbal_scan=True, chassis_spin_vel=0.0, scan_enabled=True, allow_vision_control=True, search_when_target_lost=True, scan_yaw_rate_deg_s=120.0, search_pitch_deg=-6.0)

publishing #342: rm_decision_interfaces.msg.RobotControl(stop_gimbal_scan=True, chassis_spin_vel=0.0, scan_enabled=True, allow_vision_control=True, search_when_target_lost=True, scan_yaw_rate_deg_s=120.0, search_pitch_deg=-6.0)

publishing #343: rm_decision_interfaces.msg.RobotControl(stop_gimbal_scan=True, chassis_spin_vel=0.0, scan_enabled=True, allow_vision_control=True, search_when_target_lost=True, scan_yaw_rate_deg_s=120.0, search_pitch_deg=-6.0)

publishing #344: rm_decision_interfaces.msg.RobotControl(stop_gimbal_scan=True, chassis_spin_vel=0.0, scan_enabled=True, allow_vision_control=True, search_when_target_lost=True, scan_yaw_rate_deg_s=120.0, search_pitch_deg=-6.0)

publishing #345: rm_decision_interfaces.msg.RobotControl(stop_gimbal_scan=True, chassis_spin_vel=0.0, scan_enabled=True, allow_vision_control=True, search_when_target_lost=True, scan_yaw_rate_deg_s=120.0, search_pitch_deg=-6.0)

publishing #346: rm_decision_interfaces.msg.RobotControl(stop_gimbal_scan=True, chassis_spin_vel=0.0, scan_enabled=True, allow_vision_control=True, search_when_target_lost=True, scan_yaw_rate_deg_s=120.0, search_pitch_deg=-6.0)

publishing #347: rm_decision_interfaces.msg.RobotControl(stop_gimbal_scan=True, chassis_spin_vel=0.0, scan_enabled=True, allow_vision_control=True, search_when_target_lost=True, scan_yaw_rate_deg_s=120.0, search_pitch_deg=-6.0)

publishing #348: rm_decision_interfaces.msg.RobotControl(stop_gimbal_scan=True, chassis_spin_vel=0.0, scan_enabled=True, allow_vision_control=True, search_when_target_lost=True, scan_yaw_rate_deg_s=120.0, search_pitch_deg=-6.0)

[2026-03-28 05:41:04.279] [debug] [Gimbal] CRC16 check failed.
publishing #349: rm_decision_interfaces.msg.RobotControl(stop_gimbal_scan=True, chassis_spin_vel=0.0, scan_enabled=True, allow_vision_control=True, search_when_target_lost=True, scan_yaw_rate_deg_s=120.0, search_pitch_deg=-6.0)

publishing #350: rm_decision_interfaces.msg.RobotControl(stop_gimbal_scan=True, chassis_spin_vel=0.0, scan_enabled=True, allow_vision_control=True, search_when_target_lost=True, scan_yaw_rate_deg_s=120.0, search_pitch_deg=-6.0)

publishing #351: rm_decision_interfaces.msg.RobotControl(stop_gimbal_scan=True, chassis_spin_vel=0.0, scan_enabled=True, allow_vision_control=True, search_when_target_lost=True, scan_yaw_rate_deg_s=120.0, search_pitch_deg=-6.0)

publishing #352: rm_decision_interfaces.msg.RobotControl(stop_gimbal_scan=True, chassis_spin_vel=0.0, scan_enabled=True, allow_vision_control=True, search_when_target_lost=True, scan_yaw_rate_deg_s=120.0, search_pitch_deg=-6.0)

publishing #353: rm_decision_interfaces.msg.RobotControl(stop_gimbal_scan=True, chassis_spin_vel=0.0, scan_enabled=True, allow_vision_control=True, search_when_target_lost=True, scan_yaw_rate_deg_s=120.0, search_pitch_deg=-6.0)

publishing #354: rm_decision_interfaces.msg.RobotControl(stop_gimbal_scan=True, chassis_spin_vel=0.0, scan_enabled=True, allow_vision_control=True, search_when_target_lost=True, scan_yaw_rate_deg_s=120.0, search_pitch_deg=-6.0)

publishing #355: rm_decision_interfaces.msg.RobotControl(stop_gimbal_scan=True, chassis_spin_vel=0.0, scan_enabled=True, allow_vision_control=True, search_when_target_lost=True, scan_yaw_rate_deg_s=120.0, search_pitch_deg=-6.0)

publishing #356: rm_decision_interfaces.msg.RobotControl(stop_gimbal_scan=True, chassis_spin_vel=0.0, scan_enabled=True, allow_vision_control=True, search_when_target_lost=True, scan_yaw_rate_deg_s=120.0, search_pitch_deg=-6.0)

publishing #357: rm_decision_interfaces.msg.RobotControl(stop_gimbal_scan=True, chassis_spin_vel=0.0, scan_enabled=True, allow_vision_control=True, search_when_target_lost=True, scan_yaw_rate_deg_s=120.0, search_pitch_deg=-6.0)

publishing #358: rm_decision_interfaces.msg.RobotControl(stop_gimbal_scan=True, chassis_spin_vel=0.0, scan_enabled=True, allow_vision_control=True, search_when_target_lost=True, scan_yaw_rate_deg_s=120.0, search_pitch_deg=-6.0)

publishing #359: rm_decision_interfaces.msg.RobotControl(stop_gimbal_scan=True, chassis_spin_vel=0.0, scan_enabled=True, allow_vision_control=True, search_when_target_lost=True, scan_yaw_rate_deg_s=120.0, search_pitch_deg=-6.0)

[2026-03-28 05:41:04.819] [debug] [Gimbal] CRC16 check failed.
publishing #360: rm_decision_interfaces.msg.RobotControl(stop_gimbal_scan=True, chassis_spin_vel=0.0, scan_enabled=True, allow_vision_control=True, search_when_target_lost=True, scan_yaw_rate_deg_s=120.0, search_pitch_deg=-6.0)

[2026-03-28 05:41:04.889] [debug] [Gimbal] CRC16 check failed.
[2026-03-28 05:41:04.893] [warning] MV_CC_OpenDevice failed: 0x80000203
publishing #361: rm_decision_interfaces.msg.RobotControl(stop_gimbal_scan=True, chassis_spin_vel=0.0, scan_enabled=True, allow_vision_control=True, search_when_target_lost=True, scan_yaw_rate_deg_s=120.0, search_pitch_deg=-6.0)

publishing #362: rm_decision_interfaces.msg.RobotControl(stop_gimbal_scan=True, chassis_spin_vel=0.0, scan_enabled=True, allow_vision_control=True, search_when_target_lost=True, scan_yaw_rate_deg_s=120.0, search_pitch_deg=-6.0)

publishing #363: rm_decision_interfaces.msg.RobotControl(stop_gimbal_scan=True, chassis_spin_vel=0.0, scan_enabled=True, allow_vision_control=True, search_when_target_lost=True, scan_yaw_rate_deg_s=120.0, search_pitch_deg=-6.0)

publishing #364: rm_decision_interfaces.msg.RobotControl(stop_gimbal_scan=True, chassis_spin_vel=0.0, scan_enabled=True, allow_vision_control=True, search_when_target_lost=True, scan_yaw_rate_deg_s=120.0, search_pitch_deg=-6.0)

publishing #365: rm_decision_interfaces.msg.RobotControl(stop_gimbal_scan=True, chassis_spin_vel=0.0, scan_enabled=True, allow_vision_control=True, search_when_target_lost=True, scan_yaw_rate_deg_s=120.0, search_pitch_deg=-6.0)

publishing #366: rm_decision_interfaces.msg.RobotControl(stop_gimbal_scan=True, chassis_spin_vel=0.0, scan_enabled=True, allow_vision_control=True, search_when_target_lost=True, scan_yaw_rate_deg_s=120.0, search_pitch_deg=-6.0)

publishing #367: rm_decision_interfaces.msg.RobotControl(stop_gimbal_scan=True, chassis_spin_vel=0.0, scan_enabled=True, allow_vision_control=True, search_when_target_lost=True, scan_yaw_rate_deg_s=120.0, search_pitch_deg=-6.0)

[2026-03-28 05:41:05.243] [info] Reset usb successfully :)
publishing #368: rm_decision_interfaces.msg.RobotControl(stop_gimbal_scan=True, chassis_spin_vel=0.0, scan_enabled=True, allow_vision_control=True, search_when_target_lost=True, scan_yaw_rate_deg_s=120.0, search_pitch_deg=-6.0)

publishing #369: rm_decision_interfaces.msg.RobotControl(stop_gimbal_scan=True, chassis_spin_vel=0.0, scan_enabled=True, allow_vision_control=True, search_when_target_lost=True, scan_yaw_rate_deg_s=120.0, search_pitch_deg=-6.0)

publishing #370: rm_decision_interfaces.msg.RobotControl(stop_gimbal_scan=True, chassis_spin_vel=0.0, scan_enabled=True, allow_vision_control=True, search_when_target_lost=True, scan_yaw_rate_deg_s=120.0, search_pitch_deg=-6.0)

publishing #371: rm_decision_interfaces.msg.RobotControl(stop_gimbal_scan=True, chassis_spin_vel=0.0, scan_enabled=True, allow_vision_control=True, search_when_target_lost=True, scan_yaw_rate_deg_s=120.0, search_pitch_deg=-6.0)

publishing #372: rm_decision_interfaces.msg.RobotControl(stop_gimbal_scan=True, chassis_spin_vel=0.0, scan_enabled=True, allow_vision_control=True, search_when_target_lost=True, scan_yaw_rate_deg_s=120.0, search_pitch_deg=-6.0)

publishing #373: rm_decision_interfaces.msg.RobotControl(stop_gimbal_scan=True, chassis_spin_vel=0.0, scan_enabled=True, allow_vision_control=True, search_when_target_lost=True, scan_yaw_rate_deg_s=120.0, search_pitch_deg=-6.0)

publishing #374: rm_decision_interfaces.msg.RobotControl(stop_gimbal_scan=True, chassis_spin_vel=0.0, scan_enabled=True, allow_vision_control=True, search_when_target_lost=True, scan_yaw_rate_deg_s=120.0, search_pitch_deg=-6.0)

publishing #375: rm_decision_interfaces.msg.RobotControl(stop_gimbal_scan=True, chassis_spin_vel=0.0, scan_enabled=True, allow_vision_control=True, search_when_target_lost=True, scan_yaw_rate_deg_s=120.0, search_pitch_deg=-6.0)

publishing #376: rm_decision_interfaces.msg.RobotControl(stop_gimbal_scan=True, chassis_spin_vel=0.0, scan_enabled=True, allow_vision_control=True, search_when_target_lost=True, scan_yaw_rate_deg_s=120.0, search_pitch_deg=-6.0)

publishing #377: rm_decision_interfaces.msg.RobotControl(stop_gimbal_scan=True, chassis_spin_vel=0.0, scan_enabled=True, allow_vision_control=True, search_when_target_lost=True, scan_yaw_rate_deg_s=120.0, search_pitch_deg=-6.0)

[2026-03-28 05:41:05.729] [debug] [Gimbal] CRC16 check failed.
publishing #378: rm_decision_interfaces.msg.RobotControl(stop_gimbal_scan=True, chassis_spin_vel=0.0, scan_enabled=True, allow_vision_control=True, search_when_target_lost=True, scan_yaw_rate_deg_s=120.0, search_pitch_deg=-6.0)

[2026-03-28 05:41:05.759] [debug] [Gimbal] CRC16 check failed.
[2026-03-28 05:41:05.789] [debug] [Gimbal] CRC16 check failed.
publishing #379: rm_decision_interfaces.msg.RobotControl(stop_gimbal_scan=True, chassis_spin_vel=0.0, scan_enabled=True, allow_vision_control=True, search_when_target_lost=True, scan_yaw_rate_deg_s=120.0, search_pitch_deg=-6.0)

publishing #380: rm_decision_interfaces.msg.RobotControl(stop_gimbal_scan=True, chassis_spin_vel=0.0, scan_enabled=True, allow_vision_control=True, search_when_target_lost=True, scan_yaw_rate_deg_s=120.0, search_pitch_deg=-6.0)

[2026-03-28 05:41:05.859] [debug] [Gimbal] CRC16 check failed.
publishing #381: rm_decision_interfaces.msg.RobotControl(stop_gimbal_scan=True, chassis_spin_vel=0.0, scan_enabled=True, allow_vision_control=True, search_when_target_lost=True, scan_yaw_rate_deg_s=120.0, search_pitch_deg=-6.0)

publishing #382: rm_decision_interfaces.msg.RobotControl(stop_gimbal_scan=True, chassis_spin_vel=0.0, scan_enabled=True, allow_vision_control=True, search_when_target_lost=True, scan_yaw_rate_deg_s=120.0, search_pitch_deg=-6.0)

[2026-03-28 05:41:05.959] [debug] [Gimbal] CRC16 check failed.
publishing #383: rm_decision_interfaces.msg.RobotControl(stop_gimbal_scan=True, chassis_spin_vel=0.0, scan_enabled=True, allow_vision_control=True, search_when_target_lost=True, scan_yaw_rate_deg_s=120.0, search_pitch_deg=-6.0)

[2026-03-28 05:41:06.009] [debug] [Gimbal] CRC16 check failed.
publishing #384: rm_decision_interfaces.msg.RobotControl(stop_gimbal_scan=True, chassis_spin_vel=0.0, scan_enabled=True, allow_vision_control=True, search_when_target_lost=True, scan_yaw_rate_deg_s=120.0, search_pitch_deg=-6.0)

publishing #385: rm_decision_interfaces.msg.RobotControl(stop_gimbal_scan=True, chassis_spin_vel=0.0, scan_enabled=True, allow_vision_control=True, search_when_target_lost=True, scan_yaw_rate_deg_s=120.0, search_pitch_deg=-6.0)

[2026-03-28 05:41:06.109] [debug] [Gimbal] CRC16 check failed.
[2026-03-28 05:41:06.119] [info] [Gimbal] Received 600 packets, freq=25.8Hz
[2026-03-28 05:41:06.139] [debug] [Gimbal] CRC16 check failed.
publishing #386: rm_decision_interfaces.msg.RobotControl(stop_gimbal_scan=True, chassis_spin_vel=0.0, scan_enabled=True, allow_vision_control=True, search_when_target_lost=True, scan_yaw_rate_deg_s=120.0, search_pitch_deg=-6.0)

[2026-03-28 05:41:06.179] [debug] [Gimbal] CRC16 check failed.
publishing #387: rm_decision_interfaces.msg.RobotControl(stop_gimbal_scan=True, chassis_spin_vel=0.0, scan_enabled=True, allow_vision_control=True, search_when_target_lost=True, scan_yaw_rate_deg_s=120.0, search_pitch_deg=-6.0)

[2026-03-28 05:41:06.229] [debug] [Gimbal] CRC16 check failed.
publishing #388: rm_decision_interfaces.msg.RobotControl(stop_gimbal_scan=True, chassis_spin_vel=0.0, scan_enabled=True, allow_vision_control=True, search_when_target_lost=True, scan_yaw_rate_deg_s=120.0, search_pitch_deg=-6.0)

[2026-03-28 05:41:06.299] [debug] [Gimbal] CRC16 check failed.
publishing #389: rm_decision_interfaces.msg.RobotControl(stop_gimbal_scan=True, chassis_spin_vel=0.0, scan_enabled=True, allow_vision_control=True, search_when_target_lost=True, scan_yaw_rate_deg_s=120.0, search_pitch_deg=-6.0)

publishing #390: rm_decision_interfaces.msg.RobotControl(stop_gimbal_scan=True, chassis_spin_vel=0.0, scan_enabled=True, allow_vision_control=True, search_when_target_lost=True, scan_yaw_rate_deg_s=120.0, search_pitch_deg=-6.0)

publishing #391: rm_decision_interfaces.msg.RobotControl(stop_gimbal_scan=True, chassis_spin_vel=0.0, scan_enabled=True, allow_vision_control=True, search_when_target_lost=True, scan_yaw_rate_deg_s=120.0, search_pitch_deg=-6.0)

publishing #392: rm_decision_interfaces.msg.RobotControl(stop_gimbal_scan=True, chassis_spin_vel=0.0, scan_enabled=True, allow_vision_control=True, search_when_target_lost=True, scan_yaw_rate_deg_s=120.0, search_pitch_deg=-6.0)

publishing #393: rm_decision_interfaces.msg.RobotControl(stop_gimbal_scan=True, chassis_spin_vel=0.0, scan_enabled=True, allow_vision_control=True, search_when_target_lost=True, scan_yaw_rate_deg_s=120.0, search_pitch_deg=-6.0)

publishing #394: rm_decision_interfaces.msg.RobotControl(stop_gimbal_scan=True, chassis_spin_vel=0.0, scan_enabled=True, allow_vision_control=True, search_when_target_lost=True, scan_yaw_rate_deg_s=120.0, search_pitch_deg=-6.0)

publishing #395: rm_decision_interfaces.msg.RobotControl(stop_gimbal_scan=True, chassis_spin_vel=0.0, scan_enabled=True, allow_vision_control=True, search_when_target_lost=True, scan_yaw_rate_deg_s=120.0, search_pitch_deg=-6.0)

publishing #396: rm_decision_interfaces.msg.RobotControl(stop_gimbal_scan=True, chassis_spin_vel=0.0, scan_enabled=True, allow_vision_control=True, search_when_target_lost=True, scan_yaw_rate_deg_s=120.0, search_pitch_deg=-6.0)

publishing #397: rm_decision_interfaces.msg.RobotControl(stop_gimbal_scan=True, chassis_spin_vel=0.0, scan_enabled=True, allow_vision_control=True, search_when_target_lost=True, scan_yaw_rate_deg_s=120.0, search_pitch_deg=-6.0)

[2026-03-28 05:41:06.743] [warning] MV_CC_OpenDevice failed: 0x80000203
publishing #398: rm_decision_interfaces.msg.RobotControl(stop_gimbal_scan=True, chassis_spin_vel=0.0, scan_enabled=True, allow_vision_control=True, search_when_target_lost=True, scan_yaw_rate_deg_s=120.0, search_pitch_deg=-6.0)

publishing #399: rm_decision_interfaces.msg.RobotControl(stop_gimbal_scan=True, chassis_spin_vel=0.0, scan_enabled=True, allow_vision_control=True, search_when_target_lost=True, scan_yaw_rate_deg_s=120.0, search_pitch_deg=-6.0)

publishing #400: rm_decision_interfaces.msg.RobotControl(stop_gimbal_scan=True, chassis_spin_vel=0.0, scan_enabled=True, allow_vision_control=True, search_when_target_lost=True, scan_yaw_rate_deg_s=120.0, search_pitch_deg=-6.0)

publishing #401: rm_decision_interfaces.msg.RobotControl(stop_gimbal_scan=True, chassis_spin_vel=0.0, scan_enabled=True, allow_vision_control=True, search_when_target_lost=True, scan_yaw_rate_deg_s=120.0, search_pitch_deg=-6.0)

publishing #402: rm_decision_interfaces.msg.RobotControl(stop_gimbal_scan=True, chassis_spin_vel=0.0, scan_enabled=True, allow_vision_control=True, search_when_target_lost=True, scan_yaw_rate_deg_s=120.0, search_pitch_deg=-6.0)

publishing #403: rm_decision_interfaces.msg.RobotControl(stop_gimbal_scan=True, chassis_spin_vel=0.0, scan_enabled=True, allow_vision_control=True, search_when_target_lost=True, scan_yaw_rate_deg_s=120.0, search_pitch_deg=-6.0)

[2026-03-28 05:41:07.039] [debug] [Gimbal] CRC16 check failed.
publishing #404: rm_decision_interfaces.msg.RobotControl(stop_gimbal_scan=True, chassis_spin_vel=0.0, scan_enabled=True, allow_vision_control=True, search_when_target_lost=True, scan_yaw_rate_deg_s=120.0, search_pitch_deg=-6.0)

[2026-03-28 05:41:07.092] [info] Reset usb successfully :)
publishing #405: rm_decision_interfaces.msg.RobotControl(stop_gimbal_scan=True, chassis_spin_vel=0.0, scan_enabled=True, allow_vision_control=True, search_when_target_lost=True, scan_yaw_rate_deg_s=120.0, search_pitch_deg=-6.0)

publishing #406: rm_decision_interfaces.msg.RobotControl(stop_gimbal_scan=True, chassis_spin_vel=0.0, scan_enabled=True, allow_vision_control=True, search_when_target_lost=True, scan_yaw_rate_deg_s=120.0, search_pitch_deg=-6.0)

publishing #407: rm_decision_interfaces.msg.RobotControl(stop_gimbal_scan=True, chassis_spin_vel=0.0, scan_enabled=True, allow_vision_control=True, search_when_target_lost=True, scan_yaw_rate_deg_s=120.0, search_pitch_deg=-6.0)

publishing #408: rm_decision_interfaces.msg.RobotControl(stop_gimbal_scan=True, chassis_spin_vel=0.0, scan_enabled=True, allow_vision_control=True, search_when_target_lost=True, scan_yaw_rate_deg_s=120.0, search_pitch_deg=-6.0)

publishing #409: rm_decision_interfaces.msg.RobotControl(stop_gimbal_scan=True, chassis_spin_vel=0.0, scan_enabled=True, allow_vision_control=True, search_when_target_lost=True, scan_yaw_rate_deg_s=120.0, search_pitch_deg=-6.0)

publishing #410: rm_decision_interfaces.msg.RobotControl(stop_gimbal_scan=True, chassis_spin_vel=0.0, scan_enabled=True, allow_vision_control=True, search_when_target_lost=True, scan_yaw_rate_deg_s=120.0, search_pitch_deg=-6.0)

publishing #411: rm_decision_interfaces.msg.RobotControl(stop_gimbal_scan=True, chassis_spin_vel=0.0, scan_enabled=True, allow_vision_control=True, search_when_target_lost=True, scan_yaw_rate_deg_s=120.0, search_pitch_deg=-6.0)

[2026-03-28 05:41:07.429] [debug] [Gimbal] CRC16 check failed.
publishing #412: rm_decision_interfaces.msg.RobotControl(stop_gimbal_scan=True, chassis_spin_vel=0.0, scan_enabled=True, allow_vision_control=True, search_when_target_lost=True, scan_yaw_rate_deg_s=120.0, search_pitch_deg=-6.0)

publishing #413: rm_decision_interfaces.msg.RobotControl(stop_gimbal_scan=True, chassis_spin_vel=0.0, scan_enabled=True, allow_vision_control=True, search_when_target_lost=True, scan_yaw_rate_deg_s=120.0, search_pitch_deg=-6.0)

publishing #414: rm_decision_interfaces.msg.RobotControl(stop_gimbal_scan=True, chassis_spin_vel=0.0, scan_enabled=True, allow_vision_control=True, search_when_target_lost=True, scan_yaw_rate_deg_s=120.0, search_pitch_deg=-6.0)

publishing #415: rm_decision_interfaces.msg.RobotControl(stop_gimbal_scan=True, chassis_spin_vel=0.0, scan_enabled=True, allow_vision_control=True, search_when_target_lost=True, scan_yaw_rate_deg_s=120.0, search_pitch_deg=-6.0)

publishing #416: rm_decision_interfaces.msg.RobotControl(stop_gimbal_scan=True, chassis_spin_vel=0.0, scan_enabled=True, allow_vision_control=True, search_when_target_lost=True, scan_yaw_rate_deg_s=120.0, search_pitch_deg=-6.0)

publishing #417: rm_decision_interfaces.msg.RobotControl(stop_gimbal_scan=True, chassis_spin_vel=0.0, scan_enabled=True, allow_vision_control=True, search_when_target_lost=True, scan_yaw_rate_deg_s=120.0, search_pitch_deg=-6.0)

publishing #418: rm_decision_interfaces.msg.RobotControl(stop_gimbal_scan=True, chassis_spin_vel=0.0, scan_enabled=True, allow_vision_control=True, search_when_target_lost=True, scan_yaw_rate_deg_s=120.0, search_pitch_deg=-6.0)

publishing #419: rm_decision_interfaces.msg.RobotControl(stop_gimbal_scan=True, chassis_spin_vel=0.0, scan_enabled=True, allow_vision_control=True, search_when_target_lost=True, scan_yaw_rate_deg_s=120.0, search_pitch_deg=-6.0)

publishing #420: rm_decision_interfaces.msg.RobotControl(stop_gimbal_scan=True, chassis_spin_vel=0.0, scan_enabled=True, allow_vision_control=True, search_when_target_lost=True, scan_yaw_rate_deg_s=120.0, search_pitch_deg=-6.0)

[2026-03-28 05:41:07.889] [debug] [Gimbal] CRC16 check failed.
publishing #421: rm_decision_interfaces.msg.RobotControl(stop_gimbal_scan=True, chassis_spin_vel=0.0, scan_enabled=True, allow_vision_control=True, search_when_target_lost=True, scan_yaw_rate_deg_s=120.0, search_pitch_deg=-6.0)

publishing #422: rm_decision_interfaces.msg.RobotControl(stop_gimbal_scan=True, chassis_spin_vel=0.0, scan_enabled=True, allow_vision_control=True, search_when_target_lost=True, scan_yaw_rate_deg_s=120.0, search_pitch_deg=-6.0)

publishing #423: rm_decision_interfaces.msg.RobotControl(stop_gimbal_scan=True, chassis_spin_vel=0.0, scan_enabled=True, allow_vision_control=True, search_when_target_lost=True, scan_yaw_rate_deg_s=120.0, search_pitch_deg=-6.0)

publishing #424: rm_decision_interfaces.msg.RobotControl(stop_gimbal_scan=True, chassis_spin_vel=0.0, scan_enabled=True, allow_vision_control=True, search_when_target_lost=True, scan_yaw_rate_deg_s=120.0, search_pitch_deg=-6.0)

publishing #425: rm_decision_interfaces.msg.RobotControl(stop_gimbal_scan=True, chassis_spin_vel=0.0, scan_enabled=True, allow_vision_control=True, search_when_target_lost=True, scan_yaw_rate_deg_s=120.0, search_pitch_deg=-6.0)

publishing #426: rm_decision_interfaces.msg.RobotControl(stop_gimbal_scan=True, chassis_spin_vel=0.0, scan_enabled=True, allow_vision_control=True, search_when_target_lost=True, scan_yaw_rate_deg_s=120.0, search_pitch_deg=-6.0)

publishing #427: rm_decision_interfaces.msg.RobotControl(stop_gimbal_scan=True, chassis_spin_vel=0.0, scan_enabled=True, allow_vision_control=True, search_when_target_lost=True, scan_yaw_rate_deg_s=120.0, search_pitch_deg=-6.0)

publishing #428: rm_decision_interfaces.msg.RobotControl(stop_gimbal_scan=True, chassis_spin_vel=0.0, scan_enabled=True, allow_vision_control=True, search_when_target_lost=True, scan_yaw_rate_deg_s=120.0, search_pitch_deg=-6.0)

[2026-03-28 05:41:08.289] [info] [Gimbal] Received 700 packets, freq=46.1Hz
publishing #429: rm_decision_interfaces.msg.RobotControl(stop_gimbal_scan=True, chassis_spin_vel=0.0, scan_enabled=True, allow_vision_control=True, search_when_target_lost=True, scan_yaw_rate_deg_s=120.0, search_pitch_deg=-6.0)

[2026-03-28 05:41:08.329] [debug] [Gimbal] CRC16 check failed.
publishing #430: rm_decision_interfaces.msg.RobotControl(stop_gimbal_scan=True, chassis_spin_vel=0.0, scan_enabled=True, allow_vision_control=True, search_when_target_lost=True, scan_yaw_rate_deg_s=120.0, search_pitch_deg=-6.0)

publishing #431: rm_decision_interfaces.msg.RobotControl(stop_gimbal_scan=True, chassis_spin_vel=0.0, scan_enabled=True, allow_vision_control=True, search_when_target_lost=True, scan_yaw_rate_deg_s=120.0, search_pitch_deg=-6.0)

publishing #432: rm_decision_interfaces.msg.RobotControl(stop_gimbal_scan=True, chassis_spin_vel=0.0, scan_enabled=True, allow_vision_control=True, search_when_target_lost=True, scan_yaw_rate_deg_s=120.0, search_pitch_deg=-6.0)

publishing #433: rm_decision_interfaces.msg.RobotControl(stop_gimbal_scan=True, chassis_spin_vel=0.0, scan_enabled=True, allow_vision_control=True, search_when_target_lost=True, scan_yaw_rate_deg_s=120.0, search_pitch_deg=-6.0)

publishing #434: rm_decision_interfaces.msg.RobotControl(stop_gimbal_scan=True, chassis_spin_vel=0.0, scan_enabled=True, allow_vision_control=True, search_when_target_lost=True, scan_yaw_rate_deg_s=120.0, search_pitch_deg=-6.0)

[2026-03-28 05:41:08.594] [warning] MV_CC_OpenDevice failed: 0x80000203
publishing #435: rm_decision_interfaces.msg.RobotControl(stop_gimbal_scan=True, chassis_spin_vel=0.0, scan_enabled=True, allow_vision_control=True, search_when_target_lost=True, scan_yaw_rate_deg_s=120.0, search_pitch_deg=-6.0)

publishing #436: rm_decision_interfaces.msg.RobotControl(stop_gimbal_scan=True, chassis_spin_vel=0.0, scan_enabled=True, allow_vision_control=True, search_when_target_lost=True, scan_yaw_rate_deg_s=120.0, search_pitch_deg=-6.0)

publishing #437: rm_decision_interfaces.msg.RobotControl(stop_gimbal_scan=True, chassis_spin_vel=0.0, scan_enabled=True, allow_vision_control=True, search_when_target_lost=True, scan_yaw_rate_deg_s=120.0, search_pitch_deg=-6.0)

publishing #438: rm_decision_interfaces.msg.RobotControl(stop_gimbal_scan=True, chassis_spin_vel=0.0, scan_enabled=True, allow_vision_control=True, search_when_target_lost=True, scan_yaw_rate_deg_s=120.0, search_pitch_deg=-6.0)

publishing #439: rm_decision_interfaces.msg.RobotControl(stop_gimbal_scan=True, chassis_spin_vel=0.0, scan_enabled=True, allow_vision_control=True, search_when_target_lost=True, scan_yaw_rate_deg_s=120.0, search_pitch_deg=-6.0)

publishing #440: rm_decision_interfaces.msg.RobotControl(stop_gimbal_scan=True, chassis_spin_vel=0.0, scan_enabled=True, allow_vision_control=True, search_when_target_lost=True, scan_yaw_rate_deg_s=120.0, search_pitch_deg=-6.0)

publishing #441: rm_decision_interfaces.msg.RobotControl(stop_gimbal_scan=True, chassis_spin_vel=0.0, scan_enabled=True, allow_vision_control=True, search_when_target_lost=True, scan_yaw_rate_deg_s=120.0, search_pitch_deg=-6.0)

[2026-03-28 05:41:08.942] [info] Reset usb successfully :)
publishing #442: rm_decision_interfaces.msg.RobotControl(stop_gimbal_scan=True, chassis_spin_vel=0.0, scan_enabled=True, allow_vision_control=True, search_when_target_lost=True, scan_yaw_rate_deg_s=120.0, search_pitch_deg=-6.0)

publishing #443: rm_decision_interfaces.msg.RobotControl(stop_gimbal_scan=True, chassis_spin_vel=0.0, scan_enabled=True, allow_vision_control=True, search_when_target_lost=True, scan_yaw_rate_deg_s=120.0, search_pitch_deg=-6.0)

publishing #444: rm_decision_interfaces.msg.RobotControl(stop_gimbal_scan=True, chassis_spin_vel=0.0, scan_enabled=True, allow_vision_control=True, search_when_target_lost=True, scan_yaw_rate_deg_s=120.0, search_pitch_deg=-6.0)

publishing #445: rm_decision_interfaces.msg.RobotControl(stop_gimbal_scan=True, chassis_spin_vel=0.0, scan_enabled=True, allow_vision_control=True, search_when_target_lost=True, scan_yaw_rate_deg_s=120.0, search_pitch_deg=-6.0)

publishing #446: rm_decision_interfaces.msg.RobotControl(stop_gimbal_scan=True, chassis_spin_vel=0.0, scan_enabled=True, allow_vision_control=True, search_when_target_lost=True, scan_yaw_rate_deg_s=120.0, search_pitch_deg=-6.0)

publishing #447: rm_decision_interfaces.msg.RobotControl(stop_gimbal_scan=True, chassis_spin_vel=0.0, scan_enabled=True, allow_vision_control=True, search_when_target_lost=True, scan_yaw_rate_deg_s=120.0, search_pitch_deg=-6.0)

publishing #448: rm_decision_interfaces.msg.RobotControl(stop_gimbal_scan=True, chassis_spin_vel=0.0, scan_enabled=True, allow_vision_control=True, search_when_target_lost=True, scan_yaw_rate_deg_s=120.0, search_pitch_deg=-6.0)

publishing #449: rm_decision_interfaces.msg.RobotControl(stop_gimbal_scan=True, chassis_spin_vel=0.0, scan_enabled=True, allow_vision_control=True, search_when_target_lost=True, scan_yaw_rate_deg_s=120.0, search_pitch_deg=-6.0)

publishing #450: rm_decision_interfaces.msg.RobotControl(stop_gimbal_scan=True, chassis_spin_vel=0.0, scan_enabled=True, allow_vision_control=True, search_when_target_lost=True, scan_yaw_rate_deg_s=120.0, search_pitch_deg=-6.0)

publishing #451: rm_decision_interfaces.msg.RobotControl(stop_gimbal_scan=True, chassis_spin_vel=0.0, scan_enabled=True, allow_vision_control=True, search_when_target_lost=True, scan_yaw_rate_deg_s=120.0, search_pitch_deg=-6.0)

publishing #452: rm_decision_interfaces.msg.RobotControl(stop_gimbal_scan=True, chassis_spin_vel=0.0, scan_enabled=True, allow_vision_control=True, search_when_target_lost=True, scan_yaw_rate_deg_s=120.0, search_pitch_deg=-6.0)

publishing #453: rm_decision_interfaces.msg.RobotControl(stop_gimbal_scan=True, chassis_spin_vel=0.0, scan_enabled=True, allow_vision_control=True, search_when_target_lost=True, scan_yaw_rate_deg_s=120.0, search_pitch_deg=-6.0)

publishing #454: rm_decision_interfaces.msg.RobotControl(stop_gimbal_scan=True, chassis_spin_vel=0.0, scan_enabled=True, allow_vision_control=True, search_when_target_lost=True, scan_yaw_rate_deg_s=120.0, search_pitch_deg=-6.0)

publishing #455: rm_decision_interfaces.msg.RobotControl(stop_gimbal_scan=True, chassis_spin_vel=0.0, scan_enabled=True, allow_vision_control=True, search_when_target_lost=True, scan_yaw_rate_deg_s=120.0, search_pitch_deg=-6.0)

publishing #456: rm_decision_interfaces.msg.RobotControl(stop_gimbal_scan=True, chassis_spin_vel=0.0, scan_enabled=True, allow_vision_control=True, search_when_target_lost=True, scan_yaw_rate_deg_s=120.0, search_pitch_deg=-6.0)

publishing #457: rm_decision_interfaces.msg.RobotControl(stop_gimbal_scan=True, chassis_spin_vel=0.0, scan_enabled=True, allow_vision_control=True, search_when_target_lost=True, scan_yaw_rate_deg_s=120.0, search_pitch_deg=-6.0)

publishing #458: rm_decision_interfaces.msg.RobotControl(stop_gimbal_scan=True, chassis_spin_vel=0.0, scan_enabled=True, allow_vision_control=True, search_when_target_lost=True, scan_yaw_rate_deg_s=120.0, search_pitch_deg=-6.0)

publishing #459: rm_decision_interfaces.msg.RobotControl(stop_gimbal_scan=True, chassis_spin_vel=0.0, scan_enabled=True, allow_vision_control=True, search_when_target_lost=True, scan_yaw_rate_deg_s=120.0, search_pitch_deg=-6.0)

publishing #460: rm_decision_interfaces.msg.RobotControl(stop_gimbal_scan=True, chassis_spin_vel=0.0, scan_enabled=True, allow_vision_control=True, search_when_target_lost=True, scan_yaw_rate_deg_s=120.0, search_pitch_deg=-6.0)

publishing #461: rm_decision_interfaces.msg.RobotControl(stop_gimbal_scan=True, chassis_spin_vel=0.0, scan_enabled=True, allow_vision_control=True, search_when_target_lost=True, scan_yaw_rate_deg_s=120.0, search_pitch_deg=-6.0)

publishing #462: rm_decision_interfaces.msg.RobotControl(stop_gimbal_scan=True, chassis_spin_vel=0.0, scan_enabled=True, allow_vision_control=True, search_when_target_lost=True, scan_yaw_rate_deg_s=120.0, search_pitch_deg=-6.0)

publishing #463: rm_decision_interfaces.msg.RobotControl(stop_gimbal_scan=True, chassis_spin_vel=0.0, scan_enabled=True, allow_vision_control=True, search_when_target_lost=True, scan_yaw_rate_deg_s=120.0, search_pitch_deg=-6.0)

publishing #464: rm_decision_interfaces.msg.RobotControl(stop_gimbal_scan=True, chassis_spin_vel=0.0, scan_enabled=True, allow_vision_control=True, search_when_target_lost=True, scan_yaw_rate_deg_s=120.0, search_pitch_deg=-6.0)

publishing #465: rm_decision_interfaces.msg.RobotControl(stop_gimbal_scan=True, chassis_spin_vel=0.0, scan_enabled=True, allow_vision_control=True, search_when_target_lost=True, scan_yaw_rate_deg_s=120.0, search_pitch_deg=-6.0)

publishing #466: rm_decision_interfaces.msg.RobotControl(stop_gimbal_scan=True, chassis_spin_vel=0.0, scan_enabled=True, allow_vision_control=True, search_when_target_lost=True, scan_yaw_rate_deg_s=120.0, search_pitch_deg=-6.0)

publishing #467: rm_decision_interfaces.msg.RobotControl(stop_gimbal_scan=True, chassis_spin_vel=0.0, scan_enabled=True, allow_vision_control=True, search_when_target_lost=True, scan_yaw_rate_deg_s=120.0, search_pitch_deg=-6.0)

publishing #468: rm_decision_interfaces.msg.RobotControl(stop_gimbal_scan=True, chassis_spin_vel=0.0, scan_enabled=True, allow_vision_control=True, search_when_target_lost=True, scan_yaw_rate_deg_s=120.0, search_pitch_deg=-6.0)

publishing #469: rm_decision_interfaces.msg.RobotControl(stop_gimbal_scan=True, chassis_spin_vel=0.0, scan_enabled=True, allow_vision_control=True, search_when_target_lost=True, scan_yaw_rate_deg_s=120.0, search_pitch_deg=-6.0)

publishing #470: rm_decision_interfaces.msg.RobotControl(stop_gimbal_scan=True, chassis_spin_vel=0.0, scan_enabled=True, allow_vision_control=True, search_when_target_lost=True, scan_yaw_rate_deg_s=120.0, search_pitch_deg=-6.0)

[2026-03-28 05:41:10.399] [debug] [Gimbal] CRC16 check failed.
publishing #471: rm_decision_interfaces.msg.RobotControl(stop_gimbal_scan=True, chassis_spin_vel=0.0, scan_enabled=True, allow_vision_control=True, search_when_target_lost=True, scan_yaw_rate_deg_s=120.0, search_pitch_deg=-6.0)

[2026-03-28 05:41:10.446] [warning] MV_CC_OpenDevice failed: 0x80000203
publishing #472: rm_decision_interfaces.msg.RobotControl(stop_gimbal_scan=True, chassis_spin_vel=0.0, scan_enabled=True, allow_vision_control=True, search_when_target_lost=True, scan_yaw_rate_deg_s=120.0, search_pitch_deg=-6.0)

publishing #473: rm_decision_interfaces.msg.RobotControl(stop_gimbal_scan=True, chassis_spin_vel=0.0, scan_enabled=True, allow_vision_control=True, search_when_target_lost=True, scan_yaw_rate_deg_s=120.0, search_pitch_deg=-6.0)

publishing #474: rm_decision_interfaces.msg.RobotControl(stop_gimbal_scan=True, chassis_spin_vel=0.0, scan_enabled=True, allow_vision_control=True, search_when_target_lost=True, scan_yaw_rate_deg_s=120.0, search_pitch_deg=-6.0)

publishing #475: rm_decision_interfaces.msg.RobotControl(stop_gimbal_scan=True, chassis_spin_vel=0.0, scan_enabled=True, allow_vision_control=True, search_when_target_lost=True, scan_yaw_rate_deg_s=120.0, search_pitch_deg=-6.0)

publishing #476: rm_decision_interfaces.msg.RobotControl(stop_gimbal_scan=True, chassis_spin_vel=0.0, scan_enabled=True, allow_vision_control=True, search_when_target_lost=True, scan_yaw_rate_deg_s=120.0, search_pitch_deg=-6.0)

publishing #477: rm_decision_interfaces.msg.RobotControl(stop_gimbal_scan=True, chassis_spin_vel=0.0, scan_enabled=True, allow_vision_control=True, search_when_target_lost=True, scan_yaw_rate_deg_s=120.0, search_pitch_deg=-6.0)

publishing #478: rm_decision_interfaces.msg.RobotControl(stop_gimbal_scan=True, chassis_spin_vel=0.0, scan_enabled=True, allow_vision_control=True, search_when_target_lost=True, scan_yaw_rate_deg_s=120.0, search_pitch_deg=-6.0)

[2026-03-28 05:41:10.796] [info] Reset usb successfully :)
publishing #479: rm_decision_interfaces.msg.RobotControl(stop_gimbal_scan=True, chassis_spin_vel=0.0, scan_enabled=True, allow_vision_control=True, search_when_target_lost=True, scan_yaw_rate_deg_s=120.0, search_pitch_deg=-6.0)

publishing #480: rm_decision_interfaces.msg.RobotControl(stop_gimbal_scan=True, chassis_spin_vel=0.0, scan_enabled=True, allow_vision_control=True, search_when_target_lost=True, scan_yaw_rate_deg_s=120.0, search_pitch_deg=-6.0)

publishing #481: rm_decision_interfaces.msg.RobotControl(stop_gimbal_scan=True, chassis_spin_vel=0.0, scan_enabled=True, allow_vision_control=True, search_when_target_lost=True, scan_yaw_rate_deg_s=120.0, search_pitch_deg=-6.0)

publishing #482: rm_decision_interfaces.msg.RobotControl(stop_gimbal_scan=True, chassis_spin_vel=0.0, scan_enabled=True, allow_vision_control=True, search_when_target_lost=True, scan_yaw_rate_deg_s=120.0, search_pitch_deg=-6.0)

publishing #483: rm_decision_interfaces.msg.RobotControl(stop_gimbal_scan=True, chassis_spin_vel=0.0, scan_enabled=True, allow_vision_control=True, search_when_target_lost=True, scan_yaw_rate_deg_s=120.0, search_pitch_deg=-6.0)

publishing #484: rm_decision_interfaces.msg.RobotControl(stop_gimbal_scan=True, chassis_spin_vel=0.0, scan_enabled=True, allow_vision_control=True, search_when_target_lost=True, scan_yaw_rate_deg_s=120.0, search_pitch_deg=-6.0)

publishing #485: rm_decision_interfaces.msg.RobotControl(stop_gimbal_scan=True, chassis_spin_vel=0.0, scan_enabled=True, allow_vision_control=True, search_when_target_lost=True, scan_yaw_rate_deg_s=120.0, search_pitch_deg=-6.0)

publishing #486: rm_decision_interfaces.msg.RobotControl(stop_gimbal_scan=True, chassis_spin_vel=0.0, scan_enabled=True, allow_vision_control=True, search_when_target_lost=True, scan_yaw_rate_deg_s=120.0, search_pitch_deg=-6.0)

publishing #487: rm_decision_interfaces.msg.RobotControl(stop_gimbal_scan=True, chassis_spin_vel=0.0, scan_enabled=True, allow_vision_control=True, search_when_target_lost=True, scan_yaw_rate_deg_s=120.0, search_pitch_deg=-6.0)

publishing #488: rm_decision_interfaces.msg.RobotControl(stop_gimbal_scan=True, chassis_spin_vel=0.0, scan_enabled=True, allow_vision_control=True, search_when_target_lost=True, scan_yaw_rate_deg_s=120.0, search_pitch_deg=-6.0)

publishing #489: rm_decision_interfaces.msg.RobotControl(stop_gimbal_scan=True, chassis_spin_vel=0.0, scan_enabled=True, allow_vision_control=True, search_when_target_lost=True, scan_yaw_rate_deg_s=120.0, search_pitch_deg=-6.0)

publishing #490: rm_decision_interfaces.msg.RobotControl(stop_gimbal_scan=True, chassis_spin_vel=0.0, scan_enabled=True, allow_vision_control=True, search_when_target_lost=True, scan_yaw_rate_deg_s=120.0, search_pitch_deg=-6.0)

publishing #491: rm_decision_interfaces.msg.RobotControl(stop_gimbal_scan=True, chassis_spin_vel=0.0, scan_enabled=True, allow_vision_control=True, search_when_target_lost=True, scan_yaw_rate_deg_s=120.0, search_pitch_deg=-6.0)

publishing #492: rm_decision_interfaces.msg.RobotControl(stop_gimbal_scan=True, chassis_spin_vel=0.0, scan_enabled=True, allow_vision_control=True, search_when_target_lost=True, scan_yaw_rate_deg_s=120.0, search_pitch_deg=-6.0)

publishing #493: rm_decision_interfaces.msg.RobotControl(stop_gimbal_scan=True, chassis_spin_vel=0.0, scan_enabled=True, allow_vision_control=True, search_when_target_lost=True, scan_yaw_rate_deg_s=120.0, search_pitch_deg=-6.0)

publishing #494: rm_decision_interfaces.msg.RobotControl(stop_gimbal_scan=True, chassis_spin_vel=0.0, scan_enabled=True, allow_vision_control=True, search_when_target_lost=True, scan_yaw_rate_deg_s=120.0, search_pitch_deg=-6.0)

publishing #495: rm_decision_interfaces.msg.RobotControl(stop_gimbal_scan=True, chassis_spin_vel=0.0, scan_enabled=True, allow_vision_control=True, search_when_target_lost=True, scan_yaw_rate_deg_s=120.0, search_pitch_deg=-6.0)

publishing #496: rm_decision_interfaces.msg.RobotControl(stop_gimbal_scan=True, chassis_spin_vel=0.0, scan_enabled=True, allow_vision_control=True, search_when_target_lost=True, scan_yaw_rate_deg_s=120.0, search_pitch_deg=-6.0)

publishing #497: rm_decision_interfaces.msg.RobotControl(stop_gimbal_scan=True, chassis_spin_vel=0.0, scan_enabled=True, allow_vision_control=True, search_when_target_lost=True, scan_yaw_rate_deg_s=120.0, search_pitch_deg=-6.0)

publishing #498: rm_decision_interfaces.msg.RobotControl(stop_gimbal_scan=True, chassis_spin_vel=0.0, scan_enabled=True, allow_vision_control=True, search_when_target_lost=True, scan_yaw_rate_deg_s=120.0, search_pitch_deg=-6.0)

publishing #499: rm_decision_interfaces.msg.RobotControl(stop_gimbal_scan=True, chassis_spin_vel=0.0, scan_enabled=True, allow_vision_control=True, search_when_target_lost=True, scan_yaw_rate_deg_s=120.0, search_pitch_deg=-6.0)

publishing #500: rm_decision_interfaces.msg.RobotControl(stop_gimbal_scan=True, chassis_spin_vel=0.0, scan_enabled=True, allow_vision_control=True, search_when_target_lost=True, scan_yaw_rate_deg_s=120.0, search_pitch_deg=-6.0)

publishing #501: rm_decision_interfaces.msg.RobotControl(stop_gimbal_scan=True, chassis_spin_vel=0.0, scan_enabled=True, allow_vision_control=True, search_when_target_lost=True, scan_yaw_rate_deg_s=120.0, search_pitch_deg=-6.0)

[2026-03-28 05:41:11.909] [info] [Gimbal] Received 800 packets, freq=27.6Hz
publishing #502: rm_decision_interfaces.msg.RobotControl(stop_gimbal_scan=True, chassis_spin_vel=0.0, scan_enabled=True, allow_vision_control=True, search_when_target_lost=True, scan_yaw_rate_deg_s=120.0, search_pitch_deg=-6.0)

publishing #503: rm_decision_interfaces.msg.RobotControl(stop_gimbal_scan=True, chassis_spin_vel=0.0, scan_enabled=True, allow_vision_control=True, search_when_target_lost=True, scan_yaw_rate_deg_s=120.0, search_pitch_deg=-6.0)

publishing #504: rm_decision_interfaces.msg.RobotControl(stop_gimbal_scan=True, chassis_spin_vel=0.0, scan_enabled=True, allow_vision_control=True, search_when_target_lost=True, scan_yaw_rate_deg_s=120.0, search_pitch_deg=-6.0)

publishing #505: rm_decision_interfaces.msg.RobotControl(stop_gimbal_scan=True, chassis_spin_vel=0.0, scan_enabled=True, allow_vision_control=True, search_when_target_lost=True, scan_yaw_rate_deg_s=120.0, search_pitch_deg=-6.0)

publishing #506: rm_decision_interfaces.msg.RobotControl(stop_gimbal_scan=True, chassis_spin_vel=0.0, scan_enabled=True, allow_vision_control=True, search_when_target_lost=True, scan_yaw_rate_deg_s=120.0, search_pitch_deg=-6.0)

publishing #507: rm_decision_interfaces.msg.RobotControl(stop_gimbal_scan=True, chassis_spin_vel=0.0, scan_enabled=True, allow_vision_control=True, search_when_target_lost=True, scan_yaw_rate_deg_s=120.0, search_pitch_deg=-6.0)

publishing #508: rm_decision_interfaces.msg.RobotControl(stop_gimbal_scan=True, chassis_spin_vel=0.0, scan_enabled=True, allow_vision_control=True, search_when_target_lost=True, scan_yaw_rate_deg_s=120.0, search_pitch_deg=-6.0)

[2026-03-28 05:41:12.296] [warning] MV_CC_OpenDevice failed: 0x80000203
publishing #509: rm_decision_interfaces.msg.RobotControl(stop_gimbal_scan=True, chassis_spin_vel=0.0, scan_enabled=True, allow_vision_control=True, search_when_target_lost=True, scan_yaw_rate_deg_s=120.0, search_pitch_deg=-6.0)

publishing #510: rm_decision_interfaces.msg.RobotControl(stop_gimbal_scan=True, chassis_spin_vel=0.0, scan_enabled=True, allow_vision_control=True, search_when_target_lost=True, scan_yaw_rate_deg_s=120.0, search_pitch_deg=-6.0)

publishing #511: rm_decision_interfaces.msg.RobotControl(stop_gimbal_scan=True, chassis_spin_vel=0.0, scan_enabled=True, allow_vision_control=True, search_when_target_lost=True, scan_yaw_rate_deg_s=120.0, search_pitch_deg=-6.0)

[2026-03-28 05:41:12.429] [debug] [Gimbal] CRC16 check failed.
publishing #512: rm_decision_interfaces.msg.RobotControl(stop_gimbal_scan=True, chassis_spin_vel=0.0, scan_enabled=True, allow_vision_control=True, search_when_target_lost=True, scan_yaw_rate_deg_s=120.0, search_pitch_deg=-6.0)

publishing #513: rm_decision_interfaces.msg.RobotControl(stop_gimbal_scan=True, chassis_spin_vel=0.0, scan_enabled=True, allow_vision_control=True, search_when_target_lost=True, scan_yaw_rate_deg_s=120.0, search_pitch_deg=-6.0)

publishing #514: rm_decision_interfaces.msg.RobotControl(stop_gimbal_scan=True, chassis_spin_vel=0.0, scan_enabled=True, allow_vision_control=True, search_when_target_lost=True, scan_yaw_rate_deg_s=120.0, search_pitch_deg=-6.0)

publishing #515: rm_decision_interfaces.msg.RobotControl(stop_gimbal_scan=True, chassis_spin_vel=0.0, scan_enabled=True, allow_vision_control=True, search_when_target_lost=True, scan_yaw_rate_deg_s=120.0, search_pitch_deg=-6.0)

[2026-03-28 05:41:12.643] [info] Reset usb successfully :)
publishing #516: rm_decision_interfaces.msg.RobotControl(stop_gimbal_scan=True, chassis_spin_vel=0.0, scan_enabled=True, allow_vision_control=True, search_when_target_lost=True, scan_yaw_rate_deg_s=120.0, search_pitch_deg=-6.0)

publishing #517: rm_decision_interfaces.msg.RobotControl(stop_gimbal_scan=True, chassis_spin_vel=0.0, scan_enabled=True, allow_vision_control=True, search_when_target_lost=True, scan_yaw_rate_deg_s=120.0, search_pitch_deg=-6.0)

publishing #518: rm_decision_interfaces.msg.RobotControl(stop_gimbal_scan=True, chassis_spin_vel=0.0, scan_enabled=True, allow_vision_control=True, search_when_target_lost=True, scan_yaw_rate_deg_s=120.0, search_pitch_deg=-6.0)

publishing #519: rm_decision_interfaces.msg.RobotControl(stop_gimbal_scan=True, chassis_spin_vel=0.0, scan_enabled=True, allow_vision_control=True, search_when_target_lost=True, scan_yaw_rate_deg_s=120.0, search_pitch_deg=-6.0)

publishing #520: rm_decision_interfaces.msg.RobotControl(stop_gimbal_scan=True, chassis_spin_vel=0.0, scan_enabled=True, allow_vision_control=True, search_when_target_lost=True, scan_yaw_rate_deg_s=120.0, search_pitch_deg=-6.0)

publishing #521: rm_decision_interfaces.msg.RobotControl(stop_gimbal_scan=True, chassis_spin_vel=0.0, scan_enabled=True, allow_vision_control=True, search_when_target_lost=True, scan_yaw_rate_deg_s=120.0, search_pitch_deg=-6.0)

publishing #522: rm_decision_interfaces.msg.RobotControl(stop_gimbal_scan=True, chassis_spin_vel=0.0, scan_enabled=True, allow_vision_control=True, search_when_target_lost=True, scan_yaw_rate_deg_s=120.0, search_pitch_deg=-6.0)

publishing #523: rm_decision_interfaces.msg.RobotControl(stop_gimbal_scan=True, chassis_spin_vel=0.0, scan_enabled=True, allow_vision_control=True, search_when_target_lost=True, scan_yaw_rate_deg_s=120.0, search_pitch_deg=-6.0)

publishing #524: rm_decision_interfaces.msg.RobotControl(stop_gimbal_scan=True, chassis_spin_vel=0.0, scan_enabled=True, allow_vision_control=True, search_when_target_lost=True, scan_yaw_rate_deg_s=120.0, search_pitch_deg=-6.0)

publishing #525: rm_decision_interfaces.msg.RobotControl(stop_gimbal_scan=True, chassis_spin_vel=0.0, scan_enabled=True, allow_vision_control=True, search_when_target_lost=True, scan_yaw_rate_deg_s=120.0, search_pitch_deg=-6.0)

publishing #526: rm_decision_interfaces.msg.RobotControl(stop_gimbal_scan=True, chassis_spin_vel=0.0, scan_enabled=True, allow_vision_control=True, search_when_target_lost=True, scan_yaw_rate_deg_s=120.0, search_pitch_deg=-6.0)

publishing #527: rm_decision_interfaces.msg.RobotControl(stop_gimbal_scan=True, chassis_spin_vel=0.0, scan_enabled=True, allow_vision_control=True, search_when_target_lost=True, scan_yaw_rate_deg_s=120.0, search_pitch_deg=-6.0)

publishing #528: rm_decision_interfaces.msg.RobotControl(stop_gimbal_scan=True, chassis_spin_vel=0.0, scan_enabled=True, allow_vision_control=True, search_when_target_lost=True, scan_yaw_rate_deg_s=120.0, search_pitch_deg=-6.0)

publishing #529: rm_decision_interfaces.msg.RobotControl(stop_gimbal_scan=True, chassis_spin_vel=0.0, scan_enabled=True, allow_vision_control=True, search_when_target_lost=True, scan_yaw_rate_deg_s=120.0, search_pitch_deg=-6.0)

publishing #530: rm_decision_interfaces.msg.RobotControl(stop_gimbal_scan=True, chassis_spin_vel=0.0, scan_enabled=True, allow_vision_control=True, search_when_target_lost=True, scan_yaw_rate_deg_s=120.0, search_pitch_deg=-6.0)

publishing #531: rm_decision_interfaces.msg.RobotControl(stop_gimbal_scan=True, chassis_spin_vel=0.0, scan_enabled=True, allow_vision_control=True, search_when_target_lost=True, scan_yaw_rate_deg_s=120.0, search_pitch_deg=-6.0)

publishing #532: rm_decision_interfaces.msg.RobotControl(stop_gimbal_scan=True, chassis_spin_vel=0.0, scan_enabled=True, allow_vision_control=True, search_when_target_lost=True, scan_yaw_rate_deg_s=120.0, search_pitch_deg=-6.0)

publishing #533: rm_decision_interfaces.msg.RobotControl(stop_gimbal_scan=True, chassis_spin_vel=0.0, scan_enabled=True, allow_vision_control=True, search_when_target_lost=True, scan_yaw_rate_deg_s=120.0, search_pitch_deg=-6.0)

publishing #534: rm_decision_interfaces.msg.RobotControl(stop_gimbal_scan=True, chassis_spin_vel=0.0, scan_enabled=True, allow_vision_control=True, search_when_target_lost=True, scan_yaw_rate_deg_s=120.0, search_pitch_deg=-6.0)

[2026-03-28 05:41:13.599] [debug] [Gimbal] CRC16 check failed.
publishing #535: rm_decision_interfaces.msg.RobotControl(stop_gimbal_scan=True, chassis_spin_vel=0.0, scan_enabled=True, allow_vision_control=True, search_when_target_lost=True, scan_yaw_rate_deg_s=120.0, search_pitch_deg=-6.0)

publishing #536: rm_decision_interfaces.msg.RobotControl(stop_gimbal_scan=True, chassis_spin_vel=0.0, scan_enabled=True, allow_vision_control=True, search_when_target_lost=True, scan_yaw_rate_deg_s=120.0, search_pitch_deg=-6.0)

publishing #537: rm_decision_interfaces.msg.RobotControl(stop_gimbal_scan=True, chassis_spin_vel=0.0, scan_enabled=True, allow_vision_control=True, search_when_target_lost=True, scan_yaw_rate_deg_s=120.0, search_pitch_deg=-6.0)

publishing #538: rm_decision_interfaces.msg.RobotControl(stop_gimbal_scan=True, chassis_spin_vel=0.0, scan_enabled=True, allow_vision_control=True, search_when_target_lost=True, scan_yaw_rate_deg_s=120.0, search_pitch_deg=-6.0)

publishing #539: rm_decision_interfaces.msg.RobotControl(stop_gimbal_scan=True, chassis_spin_vel=0.0, scan_enabled=True, allow_vision_control=True, search_when_target_lost=True, scan_yaw_rate_deg_s=120.0, search_pitch_deg=-6.0)

publishing #540: rm_decision_interfaces.msg.RobotControl(stop_gimbal_scan=True, chassis_spin_vel=0.0, scan_enabled=True, allow_vision_control=True, search_when_target_lost=True, scan_yaw_rate_deg_s=120.0, search_pitch_deg=-6.0)

publishing #541: rm_decision_interfaces.msg.RobotControl(stop_gimbal_scan=True, chassis_spin_vel=0.0, scan_enabled=True, allow_vision_control=True, search_when_target_lost=True, scan_yaw_rate_deg_s=120.0, search_pitch_deg=-6.0)

publishing #542: rm_decision_interfaces.msg.RobotControl(stop_gimbal_scan=True, chassis_spin_vel=0.0, scan_enabled=True, allow_vision_control=True, search_when_target_lost=True, scan_yaw_rate_deg_s=120.0, search_pitch_deg=-6.0)

publishing #543: rm_decision_interfaces.msg.RobotControl(stop_gimbal_scan=True, chassis_spin_vel=0.0, scan_enabled=True, allow_vision_control=True, search_when_target_lost=True, scan_yaw_rate_deg_s=120.0, search_pitch_deg=-6.0)

publishing #544: rm_decision_interfaces.msg.RobotControl(stop_gimbal_scan=True, chassis_spin_vel=0.0, scan_enabled=True, allow_vision_control=True, search_when_target_lost=True, scan_yaw_rate_deg_s=120.0, search_pitch_deg=-6.0)

publishing #545: rm_decision_interfaces.msg.RobotControl(stop_gimbal_scan=True, chassis_spin_vel=0.0, scan_enabled=True, allow_vision_control=True, search_when_target_lost=True, scan_yaw_rate_deg_s=120.0, search_pitch_deg=-6.0)

[2026-03-28 05:41:14.143] [warning] MV_CC_OpenDevice failed: 0x80000203
publishing #546: rm_decision_interfaces.msg.RobotControl(stop_gimbal_scan=True, chassis_spin_vel=0.0, scan_enabled=True, allow_vision_control=True, search_when_target_lost=True, scan_yaw_rate_deg_s=120.0, search_pitch_deg=-6.0)

publishing #547: rm_decision_interfaces.msg.RobotControl(stop_gimbal_scan=True, chassis_spin_vel=0.0, scan_enabled=True, allow_vision_control=True, search_when_target_lost=True, scan_yaw_rate_deg_s=120.0, search_pitch_deg=-6.0)

publishing #548: rm_decision_interfaces.msg.RobotControl(stop_gimbal_scan=True, chassis_spin_vel=0.0, scan_enabled=True, allow_vision_control=True, search_when_target_lost=True, scan_yaw_rate_deg_s=120.0, search_pitch_deg=-6.0)

[2026-03-28 05:41:14.279] [info] [Gimbal] Received 900 packets, freq=42.2Hz
publishing #549: rm_decision_interfaces.msg.RobotControl(stop_gimbal_scan=True, chassis_spin_vel=0.0, scan_enabled=True, allow_vision_control=True, search_when_target_lost=True, scan_yaw_rate_deg_s=120.0, search_pitch_deg=-6.0)

publishing #550: rm_decision_interfaces.msg.RobotControl(stop_gimbal_scan=True, chassis_spin_vel=0.0, scan_enabled=True, allow_vision_control=True, search_when_target_lost=True, scan_yaw_rate_deg_s=120.0, search_pitch_deg=-6.0)

publishing #551: rm_decision_interfaces.msg.RobotControl(stop_gimbal_scan=True, chassis_spin_vel=0.0, scan_enabled=True, allow_vision_control=True, search_when_target_lost=True, scan_yaw_rate_deg_s=120.0, search_pitch_deg=-6.0)

publishing #552: rm_decision_interfaces.msg.RobotControl(stop_gimbal_scan=True, chassis_spin_vel=0.0, scan_enabled=True, allow_vision_control=True, search_when_target_lost=True, scan_yaw_rate_deg_s=120.0, search_pitch_deg=-6.0)

[2026-03-28 05:41:14.490] [info] Reset usb successfully :)
publishing #553: rm_decision_interfaces.msg.RobotControl(stop_gimbal_scan=True, chassis_spin_vel=0.0, scan_enabled=True, allow_vision_control=True, search_when_target_lost=True, scan_yaw_rate_deg_s=120.0, search_pitch_deg=-6.0)

publishing #554: rm_decision_interfaces.msg.RobotControl(stop_gimbal_scan=True, chassis_spin_vel=0.0, scan_enabled=True, allow_vision_control=True, search_when_target_lost=True, scan_yaw_rate_deg_s=120.0, search_pitch_deg=-6.0)

publishing #555: rm_decision_interfaces.msg.RobotControl(stop_gimbal_scan=True, chassis_spin_vel=0.0, scan_enabled=True, allow_vision_control=True, search_when_target_lost=True, scan_yaw_rate_deg_s=120.0, search_pitch_deg=-6.0)

publishing #556: rm_decision_interfaces.msg.RobotControl(stop_gimbal_scan=True, chassis_spin_vel=0.0, scan_enabled=True, allow_vision_control=True, search_when_target_lost=True, scan_yaw_rate_deg_s=120.0, search_pitch_deg=-6.0)

publishing #557: rm_decision_interfaces.msg.RobotControl(stop_gimbal_scan=True, chassis_spin_vel=0.0, scan_enabled=True, allow_vision_control=True, search_when_target_lost=True, scan_yaw_rate_deg_s=120.0, search_pitch_deg=-6.0)

publishing #558: rm_decision_interfaces.msg.RobotControl(stop_gimbal_scan=True, chassis_spin_vel=0.0, scan_enabled=True, allow_vision_control=True, search_when_target_lost=True, scan_yaw_rate_deg_s=120.0, search_pitch_deg=-6.0)

publishing #559: rm_decision_interfaces.msg.RobotControl(stop_gimbal_scan=True, chassis_spin_vel=0.0, scan_enabled=True, allow_vision_control=True, search_when_target_lost=True, scan_yaw_rate_deg_s=120.0, search_pitch_deg=-6.0)

publishing #560: rm_decision_interfaces.msg.RobotControl(stop_gimbal_scan=True, chassis_spin_vel=0.0, scan_enabled=True, allow_vision_control=True, search_when_target_lost=True, scan_yaw_rate_deg_s=120.0, search_pitch_deg=-6.0)

publishing #561: rm_decision_interfaces.msg.RobotControl(stop_gimbal_scan=True, chassis_spin_vel=0.0, scan_enabled=True, allow_vision_control=True, search_when_target_lost=True, scan_yaw_rate_deg_s=120.0, search_pitch_deg=-6.0)

publishing #562: rm_decision_interfaces.msg.RobotControl(stop_gimbal_scan=True, chassis_spin_vel=0.0, scan_enabled=True, allow_vision_control=True, search_when_target_lost=True, scan_yaw_rate_deg_s=120.0, search_pitch_deg=-6.0)

publishing #563: rm_decision_interfaces.msg.RobotControl(stop_gimbal_scan=True, chassis_spin_vel=0.0, scan_enabled=True, allow_vision_control=True, search_when_target_lost=True, scan_yaw_rate_deg_s=120.0, search_pitch_deg=-6.0)

publishing #564: rm_decision_interfaces.msg.RobotControl(stop_gimbal_scan=True, chassis_spin_vel=0.0, scan_enabled=True, allow_vision_control=True, search_when_target_lost=True, scan_yaw_rate_deg_s=120.0, search_pitch_deg=-6.0)

publishing #565: rm_decision_interfaces.msg.RobotControl(stop_gimbal_scan=True, chassis_spin_vel=0.0, scan_enabled=True, allow_vision_control=True, search_when_target_lost=True, scan_yaw_rate_deg_s=120.0, search_pitch_deg=-6.0)

publishing #566: rm_decision_interfaces.msg.RobotControl(stop_gimbal_scan=True, chassis_spin_vel=0.0, scan_enabled=True, allow_vision_control=True, search_when_target_lost=True, scan_yaw_rate_deg_s=120.0, search_pitch_deg=-6.0)

publishing #567: rm_decision_interfaces.msg.RobotControl(stop_gimbal_scan=True, chassis_spin_vel=0.0, scan_enabled=True, allow_vision_control=True, search_when_target_lost=True, scan_yaw_rate_deg_s=120.0, search_pitch_deg=-6.0)

publishing #568: rm_decision_interfaces.msg.RobotControl(stop_gimbal_scan=True, chassis_spin_vel=0.0, scan_enabled=True, allow_vision_control=True, search_when_target_lost=True, scan_yaw_rate_deg_s=120.0, search_pitch_deg=-6.0)

publishing #569: rm_decision_interfaces.msg.RobotControl(stop_gimbal_scan=True, chassis_spin_vel=0.0, scan_enabled=True, allow_vision_control=True, search_when_target_lost=True, scan_yaw_rate_deg_s=120.0, search_pitch_deg=-6.0)

publishing #570: rm_decision_interfaces.msg.RobotControl(stop_gimbal_scan=True, chassis_spin_vel=0.0, scan_enabled=True, allow_vision_control=True, search_when_target_lost=True, scan_yaw_rate_deg_s=120.0, search_pitch_deg=-6.0)

publishing #571: rm_decision_interfaces.msg.RobotControl(stop_gimbal_scan=True, chassis_spin_vel=0.0, scan_enabled=True, allow_vision_control=True, search_when_target_lost=True, scan_yaw_rate_deg_s=120.0, search_pitch_deg=-6.0)

publishing #572: rm_decision_interfaces.msg.RobotControl(stop_gimbal_scan=True, chassis_spin_vel=0.0, scan_enabled=True, allow_vision_control=True, search_when_target_lost=True, scan_yaw_rate_deg_s=120.0, search_pitch_deg=-6.0)

publishing #573: rm_decision_interfaces.msg.RobotControl(stop_gimbal_scan=True, chassis_spin_vel=0.0, scan_enabled=True, allow_vision_control=True, search_when_target_lost=True, scan_yaw_rate_deg_s=120.0, search_pitch_deg=-6.0)

publishing #574: rm_decision_interfaces.msg.RobotControl(stop_gimbal_scan=True, chassis_spin_vel=0.0, scan_enabled=True, allow_vision_control=True, search_when_target_lost=True, scan_yaw_rate_deg_s=120.0, search_pitch_deg=-6.0)

publishing #575: rm_decision_interfaces.msg.RobotControl(stop_gimbal_scan=True, chassis_spin_vel=0.0, scan_enabled=True, allow_vision_control=True, search_when_target_lost=True, scan_yaw_rate_deg_s=120.0, search_pitch_deg=-6.0)

publishing #576: rm_decision_interfaces.msg.RobotControl(stop_gimbal_scan=True, chassis_spin_vel=0.0, scan_enabled=True, allow_vision_control=True, search_when_target_lost=True, scan_yaw_rate_deg_s=120.0, search_pitch_deg=-6.0)

publishing #577: rm_decision_interfaces.msg.RobotControl(stop_gimbal_scan=True, chassis_spin_vel=0.0, scan_enabled=True, allow_vision_control=True, search_when_target_lost=True, scan_yaw_rate_deg_s=120.0, search_pitch_deg=-6.0)

publishing #578: rm_decision_interfaces.msg.RobotControl(stop_gimbal_scan=True, chassis_spin_vel=0.0, scan_enabled=True, allow_vision_control=True, search_when_target_lost=True, scan_yaw_rate_deg_s=120.0, search_pitch_deg=-6.0)

publishing #579: rm_decision_interfaces.msg.RobotControl(stop_gimbal_scan=True, chassis_spin_vel=0.0, scan_enabled=True, allow_vision_control=True, search_when_target_lost=True, scan_yaw_rate_deg_s=120.0, search_pitch_deg=-6.0)

publishing #580: rm_decision_interfaces.msg.RobotControl(stop_gimbal_scan=True, chassis_spin_vel=0.0, scan_enabled=True, allow_vision_control=True, search_when_target_lost=True, scan_yaw_rate_deg_s=120.0, search_pitch_deg=-6.0)

publishing #581: rm_decision_interfaces.msg.RobotControl(stop_gimbal_scan=True, chassis_spin_vel=0.0, scan_enabled=True, allow_vision_control=True, search_when_target_lost=True, scan_yaw_rate_deg_s=120.0, search_pitch_deg=-6.0)

[2026-03-28 05:41:15.909] [debug] [Gimbal] CRC16 check failed.
publishing #582: rm_decision_interfaces.msg.RobotControl(stop_gimbal_scan=True, chassis_spin_vel=0.0, scan_enabled=True, allow_vision_control=True, search_when_target_lost=True, scan_yaw_rate_deg_s=120.0, search_pitch_deg=-6.0)

[2026-03-28 05:41:15.993] [warning] MV_CC_OpenDevice failed: 0x80000203
publishing #583: rm_decision_interfaces.msg.RobotControl(stop_gimbal_scan=True, chassis_spin_vel=0.0, scan_enabled=True, allow_vision_control=True, search_when_target_lost=True, scan_yaw_rate_deg_s=120.0, search_pitch_deg=-6.0)

publishing #584: rm_decision_interfaces.msg.RobotControl(stop_gimbal_scan=True, chassis_spin_vel=0.0, scan_enabled=True, allow_vision_control=True, search_when_target_lost=True, scan_yaw_rate_deg_s=120.0, search_pitch_deg=-6.0)

publishing #585: rm_decision_interfaces.msg.RobotControl(stop_gimbal_scan=True, chassis_spin_vel=0.0, scan_enabled=True, allow_vision_control=True, search_when_target_lost=True, scan_yaw_rate_deg_s=120.0, search_pitch_deg=-6.0)

publishing #586: rm_decision_interfaces.msg.RobotControl(stop_gimbal_scan=True, chassis_spin_vel=0.0, scan_enabled=True, allow_vision_control=True, search_when_target_lost=True, scan_yaw_rate_deg_s=120.0, search_pitch_deg=-6.0)

[2026-03-28 05:41:16.188] [info] [Gimbal] Received 1000 packets, freq=52.4Hz
publishing #587: rm_decision_interfaces.msg.RobotControl(stop_gimbal_scan=True, chassis_spin_vel=0.0, scan_enabled=True, allow_vision_control=True, search_when_target_lost=True, scan_yaw_rate_deg_s=120.0, search_pitch_deg=-6.0)

publishing #588: rm_decision_interfaces.msg.RobotControl(stop_gimbal_scan=True, chassis_spin_vel=0.0, scan_enabled=True, allow_vision_control=True, search_when_target_lost=True, scan_yaw_rate_deg_s=120.0, search_pitch_deg=-6.0)

publishing #589: rm_decision_interfaces.msg.RobotControl(stop_gimbal_scan=True, chassis_spin_vel=0.0, scan_enabled=True, allow_vision_control=True, search_when_target_lost=True, scan_yaw_rate_deg_s=120.0, search_pitch_deg=-6.0)

[2026-03-28 05:41:16.343] [info] Reset usb successfully :)
publishing #590: rm_decision_interfaces.msg.RobotControl(stop_gimbal_scan=True, chassis_spin_vel=0.0, scan_enabled=True, allow_vision_control=True, search_when_target_lost=True, scan_yaw_rate_deg_s=120.0, search_pitch_deg=-6.0)

publishing #591: rm_decision_interfaces.msg.RobotControl(stop_gimbal_scan=True, chassis_spin_vel=0.0, scan_enabled=True, allow_vision_control=True, search_when_target_lost=True, scan_yaw_rate_deg_s=120.0, search_pitch_deg=-6.0)

publishing #592: rm_decision_interfaces.msg.RobotControl(stop_gimbal_scan=True, chassis_spin_vel=0.0, scan_enabled=True, allow_vision_control=True, search_when_target_lost=True, scan_yaw_rate_deg_s=120.0, search_pitch_deg=-6.0)

publishing #593: rm_decision_interfaces.msg.RobotControl(stop_gimbal_scan=True, chassis_spin_vel=0.0, scan_enabled=True, allow_vision_control=True, search_when_target_lost=True, scan_yaw_rate_deg_s=120.0, search_pitch_deg=-6.0)

publishing #594: rm_decision_interfaces.msg.RobotControl(stop_gimbal_scan=True, chassis_spin_vel=0.0, scan_enabled=True, allow_vision_control=True, search_when_target_lost=True, scan_yaw_rate_deg_s=120.0, search_pitch_deg=-6.0)

publishing #595: rm_decision_interfaces.msg.RobotControl(stop_gimbal_scan=True, chassis_spin_vel=0.0, scan_enabled=True, allow_vision_control=True, search_when_target_lost=True, scan_yaw_rate_deg_s=120.0, search_pitch_deg=-6.0)

publishing #596: rm_decision_interfaces.msg.RobotControl(stop_gimbal_scan=True, chassis_spin_vel=0.0, scan_enabled=True, allow_vision_control=True, search_when_target_lost=True, scan_yaw_rate_deg_s=120.0, search_pitch_deg=-6.0)

publishing #597: rm_decision_interfaces.msg.RobotControl(stop_gimbal_scan=True, chassis_spin_vel=0.0, scan_enabled=True, allow_vision_control=True, search_when_target_lost=True, scan_yaw_rate_deg_s=120.0, search_pitch_deg=-6.0)

publishing #598: rm_decision_interfaces.msg.RobotControl(stop_gimbal_scan=True, chassis_spin_vel=0.0, scan_enabled=True, allow_vision_control=True, search_when_target_lost=True, scan_yaw_rate_deg_s=120.0, search_pitch_deg=-6.0)

publishing #599: rm_decision_interfaces.msg.RobotControl(stop_gimbal_scan=True, chassis_spin_vel=0.0, scan_enabled=True, allow_vision_control=True, search_when_target_lost=True, scan_yaw_rate_deg_s=120.0, search_pitch_deg=-6.0)

publishing #600: rm_decision_interfaces.msg.RobotControl(stop_gimbal_scan=True, chassis_spin_vel=0.0, scan_enabled=True, allow_vision_control=True, search_when_target_lost=True, scan_yaw_rate_deg_s=120.0, search_pitch_deg=-6.0)

publishing #601: rm_decision_interfaces.msg.RobotControl(stop_gimbal_scan=True, chassis_spin_vel=0.0, scan_enabled=True, allow_vision_control=True, search_when_target_lost=True, scan_yaw_rate_deg_s=120.0, search_pitch_deg=-6.0)

publishing #602: rm_decision_interfaces.msg.RobotControl(stop_gimbal_scan=True, chassis_spin_vel=0.0, scan_enabled=True, allow_vision_control=True, search_when_target_lost=True, scan_yaw_rate_deg_s=120.0, search_pitch_deg=-6.0)

publishing #603: rm_decision_interfaces.msg.RobotControl(stop_gimbal_scan=True, chassis_spin_vel=0.0, scan_enabled=True, allow_vision_control=True, search_when_target_lost=True, scan_yaw_rate_deg_s=120.0, search_pitch_deg=-6.0)

publishing #604: rm_decision_interfaces.msg.RobotControl(stop_gimbal_scan=True, chassis_spin_vel=0.0, scan_enabled=True, allow_vision_control=True, search_when_target_lost=True, scan_yaw_rate_deg_s=120.0, search_pitch_deg=-6.0)

publishing #605: rm_decision_interfaces.msg.RobotControl(stop_gimbal_scan=True, chassis_spin_vel=0.0, scan_enabled=True, allow_vision_control=True, search_when_target_lost=True, scan_yaw_rate_deg_s=120.0, search_pitch_deg=-6.0)

publishing #606: rm_decision_interfaces.msg.RobotControl(stop_gimbal_scan=True, chassis_spin_vel=0.0, scan_enabled=True, allow_vision_control=True, search_when_target_lost=True, scan_yaw_rate_deg_s=120.0, search_pitch_deg=-6.0)

publishing #607: rm_decision_interfaces.msg.RobotControl(stop_gimbal_scan=True, chassis_spin_vel=0.0, scan_enabled=True, allow_vision_control=True, search_when_target_lost=True, scan_yaw_rate_deg_s=120.0, search_pitch_deg=-6.0)

publishing #608: rm_decision_interfaces.msg.RobotControl(stop_gimbal_scan=True, chassis_spin_vel=0.0, scan_enabled=True, allow_vision_control=True, search_when_target_lost=True, scan_yaw_rate_deg_s=120.0, search_pitch_deg=-6.0)

publishing #609: rm_decision_interfaces.msg.RobotControl(stop_gimbal_scan=True, chassis_spin_vel=0.0, scan_enabled=True, allow_vision_control=True, search_when_target_lost=True, scan_yaw_rate_deg_s=120.0, search_pitch_deg=-6.0)

publishing #610: rm_decision_interfaces.msg.RobotControl(stop_gimbal_scan=True, chassis_spin_vel=0.0, scan_enabled=True, allow_vision_control=True, search_when_target_lost=True, scan_yaw_rate_deg_s=120.0, search_pitch_deg=-6.0)

[2026-03-28 05:41:17.358] [info] [Gimbal] Received 1100 packets, freq=85.5Hz
publishing #611: rm_decision_interfaces.msg.RobotControl(stop_gimbal_scan=True, chassis_spin_vel=0.0, scan_enabled=True, allow_vision_control=True, search_when_target_lost=True, scan_yaw_rate_deg_s=120.0, search_pitch_deg=-6.0)

publishing #612: rm_decision_interfaces.msg.RobotControl(stop_gimbal_scan=True, chassis_spin_vel=0.0, scan_enabled=True, allow_vision_control=True, search_when_target_lost=True, scan_yaw_rate_deg_s=120.0, search_pitch_deg=-6.0)

publishing #613: rm_decision_interfaces.msg.RobotControl(stop_gimbal_scan=True, chassis_spin_vel=0.0, scan_enabled=True, allow_vision_control=True, search_when_target_lost=True, scan_yaw_rate_deg_s=120.0, search_pitch_deg=-6.0)

publishing #614: rm_decision_interfaces.msg.RobotControl(stop_gimbal_scan=True, chassis_spin_vel=0.0, scan_enabled=True, allow_vision_control=True, search_when_target_lost=True, scan_yaw_rate_deg_s=120.0, search_pitch_deg=-6.0)

publishing #615: rm_decision_interfaces.msg.RobotControl(stop_gimbal_scan=True, chassis_spin_vel=0.0, scan_enabled=True, allow_vision_control=True, search_when_target_lost=True, scan_yaw_rate_deg_s=120.0, search_pitch_deg=-6.0)

publishing #616: rm_decision_interfaces.msg.RobotControl(stop_gimbal_scan=True, chassis_spin_vel=0.0, scan_enabled=True, allow_vision_control=True, search_when_target_lost=True, scan_yaw_rate_deg_s=120.0, search_pitch_deg=-6.0)

publishing #617: rm_decision_interfaces.msg.RobotControl(stop_gimbal_scan=True, chassis_spin_vel=0.0, scan_enabled=True, allow_vision_control=True, search_when_target_lost=True, scan_yaw_rate_deg_s=120.0, search_pitch_deg=-6.0)

publishing #618: rm_decision_interfaces.msg.RobotControl(stop_gimbal_scan=True, chassis_spin_vel=0.0, scan_enabled=True, allow_vision_control=True, search_when_target_lost=True, scan_yaw_rate_deg_s=120.0, search_pitch_deg=-6.0)

publishing #619: rm_decision_interfaces.msg.RobotControl(stop_gimbal_scan=True, chassis_spin_vel=0.0, scan_enabled=True, allow_vision_control=True, search_when_target_lost=True, scan_yaw_rate_deg_s=120.0, search_pitch_deg=-6.0)

[2026-03-28 05:41:17.843] [warning] MV_CC_OpenDevice failed: 0x80000203
publishing #620: rm_decision_interfaces.msg.RobotControl(stop_gimbal_scan=True, chassis_spin_vel=0.0, scan_enabled=True, allow_vision_control=True, search_when_target_lost=True, scan_yaw_rate_deg_s=120.0, search_pitch_deg=-6.0)

publishing #621: rm_decision_interfaces.msg.RobotControl(stop_gimbal_scan=True, chassis_spin_vel=0.0, scan_enabled=True, allow_vision_control=True, search_when_target_lost=True, scan_yaw_rate_deg_s=120.0, search_pitch_deg=-6.0)

publishing #622: rm_decision_interfaces.msg.RobotControl(stop_gimbal_scan=True, chassis_spin_vel=0.0, scan_enabled=True, allow_vision_control=True, search_when_target_lost=True, scan_yaw_rate_deg_s=120.0, search_pitch_deg=-6.0)

publishing #623: rm_decision_interfaces.msg.RobotControl(stop_gimbal_scan=True, chassis_spin_vel=0.0, scan_enabled=True, allow_vision_control=True, search_when_target_lost=True, scan_yaw_rate_deg_s=120.0, search_pitch_deg=-6.0)

publishing #624: rm_decision_interfaces.msg.RobotControl(stop_gimbal_scan=True, chassis_spin_vel=0.0, scan_enabled=True, allow_vision_control=True, search_when_target_lost=True, scan_yaw_rate_deg_s=120.0, search_pitch_deg=-6.0)

publishing #625: rm_decision_interfaces.msg.RobotControl(stop_gimbal_scan=True, chassis_spin_vel=0.0, scan_enabled=True, allow_vision_control=True, search_when_target_lost=True, scan_yaw_rate_deg_s=120.0, search_pitch_deg=-6.0)

publishing #626: rm_decision_interfaces.msg.RobotControl(stop_gimbal_scan=True, chassis_spin_vel=0.0, scan_enabled=True, allow_vision_control=True, search_when_target_lost=True, scan_yaw_rate_deg_s=120.0, search_pitch_deg=-6.0)

[2026-03-28 05:41:18.190] [info] Reset usb successfully :)
publishing #627: rm_decision_interfaces.msg.RobotControl(stop_gimbal_scan=True, chassis_spin_vel=0.0, scan_enabled=True, allow_vision_control=True, search_when_target_lost=True, scan_yaw_rate_deg_s=120.0, search_pitch_deg=-6.0)

publishing #628: rm_decision_interfaces.msg.RobotControl(stop_gimbal_scan=True, chassis_spin_vel=0.0, scan_enabled=True, allow_vision_control=True, search_when_target_lost=True, scan_yaw_rate_deg_s=120.0, search_pitch_deg=-6.0)

publishing #629: rm_decision_interfaces.msg.RobotControl(stop_gimbal_scan=True, chassis_spin_vel=0.0, scan_enabled=True, allow_vision_control=True, search_when_target_lost=True, scan_yaw_rate_deg_s=120.0, search_pitch_deg=-6.0)

publishing #630: rm_decision_interfaces.msg.RobotControl(stop_gimbal_scan=True, chassis_spin_vel=0.0, scan_enabled=True, allow_vision_control=True, search_when_target_lost=True, scan_yaw_rate_deg_s=120.0, search_pitch_deg=-6.0)

publishing #631: rm_decision_interfaces.msg.RobotControl(stop_gimbal_scan=True, chassis_spin_vel=0.0, scan_enabled=True, allow_vision_control=True, search_when_target_lost=True, scan_yaw_rate_deg_s=120.0, search_pitch_deg=-6.0)

publishing #632: rm_decision_interfaces.msg.RobotControl(stop_gimbal_scan=True, chassis_spin_vel=0.0, scan_enabled=True, allow_vision_control=True, search_when_target_lost=True, scan_yaw_rate_deg_s=120.0, search_pitch_deg=-6.0)

publishing #633: rm_decision_interfaces.msg.RobotControl(stop_gimbal_scan=True, chassis_spin_vel=0.0, scan_enabled=True, allow_vision_control=True, search_when_target_lost=True, scan_yaw_rate_deg_s=120.0, search_pitch_deg=-6.0)

publishing #634: rm_decision_interfaces.msg.RobotControl(stop_gimbal_scan=True, chassis_spin_vel=0.0, scan_enabled=True, allow_vision_control=True, search_when_target_lost=True, scan_yaw_rate_deg_s=120.0, search_pitch_deg=-6.0)

publishing #635: rm_decision_interfaces.msg.RobotControl(stop_gimbal_scan=True, chassis_spin_vel=0.0, scan_enabled=True, allow_vision_control=True, search_when_target_lost=True, scan_yaw_rate_deg_s=120.0, search_pitch_deg=-6.0)

publishing #636: rm_decision_interfaces.msg.RobotControl(stop_gimbal_scan=True, chassis_spin_vel=0.0, scan_enabled=True, allow_vision_control=True, search_when_target_lost=True, scan_yaw_rate_deg_s=120.0, search_pitch_deg=-6.0)

publishing #637: rm_decision_interfaces.msg.RobotControl(stop_gimbal_scan=True, chassis_spin_vel=0.0, scan_enabled=True, allow_vision_control=True, search_when_target_lost=True, scan_yaw_rate_deg_s=120.0, search_pitch_deg=-6.0)

publishing #638: rm_decision_interfaces.msg.RobotControl(stop_gimbal_scan=True, chassis_spin_vel=0.0, scan_enabled=True, allow_vision_control=True, search_when_target_lost=True, scan_yaw_rate_deg_s=120.0, search_pitch_deg=-6.0)

publishing #639: rm_decision_interfaces.msg.RobotControl(stop_gimbal_scan=True, chassis_spin_vel=0.0, scan_enabled=True, allow_vision_control=True, search_when_target_lost=True, scan_yaw_rate_deg_s=120.0, search_pitch_deg=-6.0)

publishing #640: rm_decision_interfaces.msg.RobotControl(stop_gimbal_scan=True, chassis_spin_vel=0.0, scan_enabled=True, allow_vision_control=True, search_when_target_lost=True, scan_yaw_rate_deg_s=120.0, search_pitch_deg=-6.0)

publishing #641: rm_decision_interfaces.msg.RobotControl(stop_gimbal_scan=True, chassis_spin_vel=0.0, scan_enabled=True, allow_vision_control=True, search_when_target_lost=True, scan_yaw_rate_deg_s=120.0, search_pitch_deg=-6.0)

publishing #642: rm_decision_interfaces.msg.RobotControl(stop_gimbal_scan=True, chassis_spin_vel=0.0, scan_enabled=True, allow_vision_control=True, search_when_target_lost=True, scan_yaw_rate_deg_s=120.0, search_pitch_deg=-6.0)

publishing #643: rm_decision_interfaces.msg.RobotControl(stop_gimbal_scan=True, chassis_spin_vel=0.0, scan_enabled=True, allow_vision_control=True, search_when_target_lost=True, scan_yaw_rate_deg_s=120.0, search_pitch_deg=-6.0)

publishing #644: rm_decision_interfaces.msg.RobotControl(stop_gimbal_scan=True, chassis_spin_vel=0.0, scan_enabled=True, allow_vision_control=True, search_when_target_lost=True, scan_yaw_rate_deg_s=120.0, search_pitch_deg=-6.0)

publishing #645: rm_decision_interfaces.msg.RobotControl(stop_gimbal_scan=True, chassis_spin_vel=0.0, scan_enabled=True, allow_vision_control=True, search_when_target_lost=True, scan_yaw_rate_deg_s=120.0, search_pitch_deg=-6.0)

publishing #646: rm_decision_interfaces.msg.RobotControl(stop_gimbal_scan=True, chassis_spin_vel=0.0, scan_enabled=True, allow_vision_control=True, search_when_target_lost=True, scan_yaw_rate_deg_s=120.0, search_pitch_deg=-6.0)

[2026-03-28 05:41:19.169] [debug] [Gimbal] CRC16 check failed.
publishing #647: rm_decision_interfaces.msg.RobotControl(stop_gimbal_scan=True, chassis_spin_vel=0.0, scan_enabled=True, allow_vision_control=True, search_when_target_lost=True, scan_yaw_rate_deg_s=120.0, search_pitch_deg=-6.0)

publishing #648: rm_decision_interfaces.msg.RobotControl(stop_gimbal_scan=True, chassis_spin_vel=0.0, scan_enabled=True, allow_vision_control=True, search_when_target_lost=True, scan_yaw_rate_deg_s=120.0, search_pitch_deg=-6.0)

publishing #649: rm_decision_interfaces.msg.RobotControl(stop_gimbal_scan=True, chassis_spin_vel=0.0, scan_enabled=True, allow_vision_control=True, search_when_target_lost=True, scan_yaw_rate_deg_s=120.0, search_pitch_deg=-6.0)

publishing #650: rm_decision_interfaces.msg.RobotControl(stop_gimbal_scan=True, chassis_spin_vel=0.0, scan_enabled=True, allow_vision_control=True, search_when_target_lost=True, scan_yaw_rate_deg_s=120.0, search_pitch_deg=-6.0)

publishing #651: rm_decision_interfaces.msg.RobotControl(stop_gimbal_scan=True, chassis_spin_vel=0.0, scan_enabled=True, allow_vision_control=True, search_when_target_lost=True, scan_yaw_rate_deg_s=120.0, search_pitch_deg=-6.0)

publishing #652: rm_decision_interfaces.msg.RobotControl(stop_gimbal_scan=True, chassis_spin_vel=0.0, scan_enabled=True, allow_vision_control=True, search_when_target_lost=True, scan_yaw_rate_deg_s=120.0, search_pitch_deg=-6.0)

publishing #653: rm_decision_interfaces.msg.RobotControl(stop_gimbal_scan=True, chassis_spin_vel=0.0, scan_enabled=True, allow_vision_control=True, search_when_target_lost=True, scan_yaw_rate_deg_s=120.0, search_pitch_deg=-6.0)

publishing #654: rm_decision_interfaces.msg.RobotControl(stop_gimbal_scan=True, chassis_spin_vel=0.0, scan_enabled=True, allow_vision_control=True, search_when_target_lost=True, scan_yaw_rate_deg_s=120.0, search_pitch_deg=-6.0)

publishing #655: rm_decision_interfaces.msg.RobotControl(stop_gimbal_scan=True, chassis_spin_vel=0.0, scan_enabled=True, allow_vision_control=True, search_when_target_lost=True, scan_yaw_rate_deg_s=120.0, search_pitch_deg=-6.0)

publishing #656: rm_decision_interfaces.msg.RobotControl(stop_gimbal_scan=True, chassis_spin_vel=0.0, scan_enabled=True, allow_vision_control=True, search_when_target_lost=True, scan_yaw_rate_deg_s=120.0, search_pitch_deg=-6.0)

[2026-03-28 05:41:19.696] [warning] MV_CC_OpenDevice failed: 0x80000203
publishing #657: rm_decision_interfaces.msg.RobotControl(stop_gimbal_scan=True, chassis_spin_vel=0.0, scan_enabled=True, allow_vision_control=True, search_when_target_lost=True, scan_yaw_rate_deg_s=120.0, search_pitch_deg=-6.0)

publishing #658: rm_decision_interfaces.msg.RobotControl(stop_gimbal_scan=True, chassis_spin_vel=0.0, scan_enabled=True, allow_vision_control=True, search_when_target_lost=True, scan_yaw_rate_deg_s=120.0, search_pitch_deg=-6.0)

publishing #659: rm_decision_interfaces.msg.RobotControl(stop_gimbal_scan=True, chassis_spin_vel=0.0, scan_enabled=True, allow_vision_control=True, search_when_target_lost=True, scan_yaw_rate_deg_s=120.0, search_pitch_deg=-6.0)

publishing #660: rm_decision_interfaces.msg.RobotControl(stop_gimbal_scan=True, chassis_spin_vel=0.0, scan_enabled=True, allow_vision_control=True, search_when_target_lost=True, scan_yaw_rate_deg_s=120.0, search_pitch_deg=-6.0)

publishing #661: rm_decision_interfaces.msg.RobotControl(stop_gimbal_scan=True, chassis_spin_vel=0.0, scan_enabled=True, allow_vision_control=True, search_when_target_lost=True, scan_yaw_rate_deg_s=120.0, search_pitch_deg=-6.0)

publishing #662: rm_decision_interfaces.msg.RobotControl(stop_gimbal_scan=True, chassis_spin_vel=0.0, scan_enabled=True, allow_vision_control=True, search_when_target_lost=True, scan_yaw_rate_deg_s=120.0, search_pitch_deg=-6.0)

publishing #663: rm_decision_interfaces.msg.RobotControl(stop_gimbal_scan=True, chassis_spin_vel=0.0, scan_enabled=True, allow_vision_control=True, search_when_target_lost=True, scan_yaw_rate_deg_s=120.0, search_pitch_deg=-6.0)

[2026-03-28 05:41:20.045] [info] Reset usb successfully :)
publishing #664: rm_decision_interfaces.msg.RobotControl(stop_gimbal_scan=True, chassis_spin_vel=0.0, scan_enabled=True, allow_vision_control=True, search_when_target_lost=True, scan_yaw_rate_deg_s=120.0, search_pitch_deg=-6.0)

publishing #665: rm_decision_interfaces.msg.RobotControl(stop_gimbal_scan=True, chassis_spin_vel=0.0, scan_enabled=True, allow_vision_control=True, search_when_target_lost=True, scan_yaw_rate_deg_s=120.0, search_pitch_deg=-6.0)

publishing #666: rm_decision_interfaces.msg.RobotControl(stop_gimbal_scan=True, chassis_spin_vel=0.0, scan_enabled=True, allow_vision_control=True, search_when_target_lost=True, scan_yaw_rate_deg_s=120.0, search_pitch_deg=-6.0)

publishing #667: rm_decision_interfaces.msg.RobotControl(stop_gimbal_scan=True, chassis_spin_vel=0.0, scan_enabled=True, allow_vision_control=True, search_when_target_lost=True, scan_yaw_rate_deg_s=120.0, search_pitch_deg=-6.0)

publishing #668: rm_decision_interfaces.msg.RobotControl(stop_gimbal_scan=True, chassis_spin_vel=0.0, scan_enabled=True, allow_vision_control=True, search_when_target_lost=True, scan_yaw_rate_deg_s=120.0, search_pitch_deg=-6.0)

publishing #669: rm_decision_interfaces.msg.RobotControl(stop_gimbal_scan=True, chassis_spin_vel=0.0, scan_enabled=True, allow_vision_control=True, search_when_target_lost=True, scan_yaw_rate_deg_s=120.0, search_pitch_deg=-6.0)

publishing #670: rm_decision_interfaces.msg.RobotControl(stop_gimbal_scan=True, chassis_spin_vel=0.0, scan_enabled=True, allow_vision_control=True, search_when_target_lost=True, scan_yaw_rate_deg_s=120.0, search_pitch_deg=-6.0)

publishing #671: rm_decision_interfaces.msg.RobotControl(stop_gimbal_scan=True, chassis_spin_vel=0.0, scan_enabled=True, allow_vision_control=True, search_when_target_lost=True, scan_yaw_rate_deg_s=120.0, search_pitch_deg=-6.0)

publishing #672: rm_decision_interfaces.msg.RobotControl(stop_gimbal_scan=True, chassis_spin_vel=0.0, scan_enabled=True, allow_vision_control=True, search_when_target_lost=True, scan_yaw_rate_deg_s=120.0, search_pitch_deg=-6.0)

publishing #673: rm_decision_interfaces.msg.RobotControl(stop_gimbal_scan=True, chassis_spin_vel=0.0, scan_enabled=True, allow_vision_control=True, search_when_target_lost=True, scan_yaw_rate_deg_s=120.0, search_pitch_deg=-6.0)

publishing #674: rm_decision_interfaces.msg.RobotControl(stop_gimbal_scan=True, chassis_spin_vel=0.0, scan_enabled=True, allow_vision_control=True, search_when_target_lost=True, scan_yaw_rate_deg_s=120.0, search_pitch_deg=-6.0)

publishing #675: rm_decision_interfaces.msg.RobotControl(stop_gimbal_scan=True, chassis_spin_vel=0.0, scan_enabled=True, allow_vision_control=True, search_when_target_lost=True, scan_yaw_rate_deg_s=120.0, search_pitch_deg=-6.0)

publishing #676: rm_decision_interfaces.msg.RobotControl(stop_gimbal_scan=True, chassis_spin_vel=0.0, scan_enabled=True, allow_vision_control=True, search_when_target_lost=True, scan_yaw_rate_deg_s=120.0, search_pitch_deg=-6.0)

publishing #677: rm_decision_interfaces.msg.RobotControl(stop_gimbal_scan=True, chassis_spin_vel=0.0, scan_enabled=True, allow_vision_control=True, search_when_target_lost=True, scan_yaw_rate_deg_s=120.0, search_pitch_deg=-6.0)

publishing #678: rm_decision_interfaces.msg.RobotControl(stop_gimbal_scan=True, chassis_spin_vel=0.0, scan_enabled=True, allow_vision_control=True, search_when_target_lost=True, scan_yaw_rate_deg_s=120.0, search_pitch_deg=-6.0)

publishing #679: rm_decision_interfaces.msg.RobotControl(stop_gimbal_scan=True, chassis_spin_vel=0.0, scan_enabled=True, allow_vision_control=True, search_when_target_lost=True, scan_yaw_rate_deg_s=120.0, search_pitch_deg=-6.0)

publishing #680: rm_decision_interfaces.msg.RobotControl(stop_gimbal_scan=True, chassis_spin_vel=0.0, scan_enabled=True, allow_vision_control=True, search_when_target_lost=True, scan_yaw_rate_deg_s=120.0, search_pitch_deg=-6.0)

publishing #681: rm_decision_interfaces.msg.RobotControl(stop_gimbal_scan=True, chassis_spin_vel=0.0, scan_enabled=True, allow_vision_control=True, search_when_target_lost=True, scan_yaw_rate_deg_s=120.0, search_pitch_deg=-6.0)

publishing #682: rm_decision_interfaces.msg.RobotControl(stop_gimbal_scan=True, chassis_spin_vel=0.0, scan_enabled=True, allow_vision_control=True, search_when_target_lost=True, scan_yaw_rate_deg_s=120.0, search_pitch_deg=-6.0)

publishing #683: rm_decision_interfaces.msg.RobotControl(stop_gimbal_scan=True, chassis_spin_vel=0.0, scan_enabled=True, allow_vision_control=True, search_when_target_lost=True, scan_yaw_rate_deg_s=120.0, search_pitch_deg=-6.0)

publishing #684: rm_decision_interfaces.msg.RobotControl(stop_gimbal_scan=True, chassis_spin_vel=0.0, scan_enabled=True, allow_vision_control=True, search_when_target_lost=True, scan_yaw_rate_deg_s=120.0, search_pitch_deg=-6.0)

publishing #685: rm_decision_interfaces.msg.RobotControl(stop_gimbal_scan=True, chassis_spin_vel=0.0, scan_enabled=True, allow_vision_control=True, search_when_target_lost=True, scan_yaw_rate_deg_s=120.0, search_pitch_deg=-6.0)

publishing #686: rm_decision_interfaces.msg.RobotControl(stop_gimbal_scan=True, chassis_spin_vel=0.0, scan_enabled=True, allow_vision_control=True, search_when_target_lost=True, scan_yaw_rate_deg_s=120.0, search_pitch_deg=-6.0)

publishing #687: rm_decision_interfaces.msg.RobotControl(stop_gimbal_scan=True, chassis_spin_vel=0.0, scan_enabled=True, allow_vision_control=True, search_when_target_lost=True, scan_yaw_rate_deg_s=120.0, search_pitch_deg=-6.0)

publishing #688: rm_decision_interfaces.msg.RobotControl(stop_gimbal_scan=True, chassis_spin_vel=0.0, scan_enabled=True, allow_vision_control=True, search_when_target_lost=True, scan_yaw_rate_deg_s=120.0, search_pitch_deg=-6.0)

publishing #689: rm_decision_interfaces.msg.RobotControl(stop_gimbal_scan=True, chassis_spin_vel=0.0, scan_enabled=True, allow_vision_control=True, search_when_target_lost=True, scan_yaw_rate_deg_s=120.0, search_pitch_deg=-6.0)

publishing #690: rm_decision_interfaces.msg.RobotControl(stop_gimbal_scan=True, chassis_spin_vel=0.0, scan_enabled=True, allow_vision_control=True, search_when_target_lost=True, scan_yaw_rate_deg_s=120.0, search_pitch_deg=-6.0)

publishing #691: rm_decision_interfaces.msg.RobotControl(stop_gimbal_scan=True, chassis_spin_vel=0.0, scan_enabled=True, allow_vision_control=True, search_when_target_lost=True, scan_yaw_rate_deg_s=120.0, search_pitch_deg=-6.0)

publishing #692: rm_decision_interfaces.msg.RobotControl(stop_gimbal_scan=True, chassis_spin_vel=0.0, scan_enabled=True, allow_vision_control=True, search_when_target_lost=True, scan_yaw_rate_deg_s=120.0, search_pitch_deg=-6.0)

publishing #693: rm_decision_interfaces.msg.RobotControl(stop_gimbal_scan=True, chassis_spin_vel=0.0, scan_enabled=True, allow_vision_control=True, search_when_target_lost=True, scan_yaw_rate_deg_s=120.0, search_pitch_deg=-6.0)

[2026-03-28 05:41:21.544] [warning] MV_CC_OpenDevice failed: 0x80000203
publishing #694: rm_decision_interfaces.msg.RobotControl(stop_gimbal_scan=True, chassis_spin_vel=0.0, scan_enabled=True, allow_vision_control=True, search_when_target_lost=True, scan_yaw_rate_deg_s=120.0, search_pitch_deg=-6.0)

publishing #695: rm_decision_interfaces.msg.RobotControl(stop_gimbal_scan=True, chassis_spin_vel=0.0, scan_enabled=True, allow_vision_control=True, search_when_target_lost=True, scan_yaw_rate_deg_s=120.0, search_pitch_deg=-6.0)

publishing #696: rm_decision_interfaces.msg.RobotControl(stop_gimbal_scan=True, chassis_spin_vel=0.0, scan_enabled=True, allow_vision_control=True, search_when_target_lost=True, scan_yaw_rate_deg_s=120.0, search_pitch_deg=-6.0)

publishing #697: rm_decision_interfaces.msg.RobotControl(stop_gimbal_scan=True, chassis_spin_vel=0.0, scan_enabled=True, allow_vision_control=True, search_when_target_lost=True, scan_yaw_rate_deg_s=120.0, search_pitch_deg=-6.0)

publishing #698: rm_decision_interfaces.msg.RobotControl(stop_gimbal_scan=True, chassis_spin_vel=0.0, scan_enabled=True, allow_vision_control=True, search_when_target_lost=True, scan_yaw_rate_deg_s=120.0, search_pitch_deg=-6.0)

publishing #699: rm_decision_interfaces.msg.RobotControl(stop_gimbal_scan=True, chassis_spin_vel=0.0, scan_enabled=True, allow_vision_control=True, search_when_target_lost=True, scan_yaw_rate_deg_s=120.0, search_pitch_deg=-6.0)

publishing #700: rm_decision_interfaces.msg.RobotControl(stop_gimbal_scan=True, chassis_spin_vel=0.0, scan_enabled=True, allow_vision_control=True, search_when_target_lost=True, scan_yaw_rate_deg_s=120.0, search_pitch_deg=-6.0)

[2026-03-28 05:41:21.891] [info] Reset usb successfully :)
publishing #701: rm_decision_interfaces.msg.RobotControl(stop_gimbal_scan=True, chassis_spin_vel=0.0, scan_enabled=True, allow_vision_control=True, search_when_target_lost=True, scan_yaw_rate_deg_s=120.0, search_pitch_deg=-6.0)

publishing #702: rm_decision_interfaces.msg.RobotControl(stop_gimbal_scan=True, chassis_spin_vel=0.0, scan_enabled=True, allow_vision_control=True, search_when_target_lost=True, scan_yaw_rate_deg_s=120.0, search_pitch_deg=-6.0)

[2026-03-28 05:41:21.978] [info] [Gimbal] Received 1200 packets, freq=21.6Hz
publishing #703: rm_decision_interfaces.msg.RobotControl(stop_gimbal_scan=True, chassis_spin_vel=0.0, scan_enabled=True, allow_vision_control=True, search_when_target_lost=True, scan_yaw_rate_deg_s=120.0, search_pitch_deg=-6.0)

publishing #704: rm_decision_interfaces.msg.RobotControl(stop_gimbal_scan=True, chassis_spin_vel=0.0, scan_enabled=True, allow_vision_control=True, search_when_target_lost=True, scan_yaw_rate_deg_s=120.0, search_pitch_deg=-6.0)

publishing #705: rm_decision_interfaces.msg.RobotControl(stop_gimbal_scan=True, chassis_spin_vel=0.0, scan_enabled=True, allow_vision_control=True, search_when_target_lost=True, scan_yaw_rate_deg_s=120.0, search_pitch_deg=-6.0)

publishing #706: rm_decision_interfaces.msg.RobotControl(stop_gimbal_scan=True, chassis_spin_vel=0.0, scan_enabled=True, allow_vision_control=True, search_when_target_lost=True, scan_yaw_rate_deg_s=120.0, search_pitch_deg=-6.0)

publishing #707: rm_decision_interfaces.msg.RobotControl(stop_gimbal_scan=True, chassis_spin_vel=0.0, scan_enabled=True, allow_vision_control=True, search_when_target_lost=True, scan_yaw_rate_deg_s=120.0, search_pitch_deg=-6.0)

publishing #708: rm_decision_interfaces.msg.RobotControl(stop_gimbal_scan=True, chassis_spin_vel=0.0, scan_enabled=True, allow_vision_control=True, search_when_target_lost=True, scan_yaw_rate_deg_s=120.0, search_pitch_deg=-6.0)

publishing #709: rm_decision_interfaces.msg.RobotControl(stop_gimbal_scan=True, chassis_spin_vel=0.0, scan_enabled=True, allow_vision_control=True, search_when_target_lost=True, scan_yaw_rate_deg_s=120.0, search_pitch_deg=-6.0)

publishing #710: rm_decision_interfaces.msg.RobotControl(stop_gimbal_scan=True, chassis_spin_vel=0.0, scan_enabled=True, allow_vision_control=True, search_when_target_lost=True, scan_yaw_rate_deg_s=120.0, search_pitch_deg=-6.0)

publishing #711: rm_decision_interfaces.msg.RobotControl(stop_gimbal_scan=True, chassis_spin_vel=0.0, scan_enabled=True, allow_vision_control=True, search_when_target_lost=True, scan_yaw_rate_deg_s=120.0, search_pitch_deg=-6.0)

publishing #712: rm_decision_interfaces.msg.RobotControl(stop_gimbal_scan=True, chassis_spin_vel=0.0, scan_enabled=True, allow_vision_control=True, search_when_target_lost=True, scan_yaw_rate_deg_s=120.0, search_pitch_deg=-6.0)

publishing #713: rm_decision_interfaces.msg.RobotControl(stop_gimbal_scan=True, chassis_spin_vel=0.0, scan_enabled=True, allow_vision_control=True, search_when_target_lost=True, scan_yaw_rate_deg_s=120.0, search_pitch_deg=-6.0)

publishing #714: rm_decision_interfaces.msg.RobotControl(stop_gimbal_scan=True, chassis_spin_vel=0.0, scan_enabled=True, allow_vision_control=True, search_when_target_lost=True, scan_yaw_rate_deg_s=120.0, search_pitch_deg=-6.0)

publishing #715: rm_decision_interfaces.msg.RobotControl(stop_gimbal_scan=True, chassis_spin_vel=0.0, scan_enabled=True, allow_vision_control=True, search_when_target_lost=True, scan_yaw_rate_deg_s=120.0, search_pitch_deg=-6.0)

publishing #716: rm_decision_interfaces.msg.RobotControl(stop_gimbal_scan=True, chassis_spin_vel=0.0, scan_enabled=True, allow_vision_control=True, search_when_target_lost=True, scan_yaw_rate_deg_s=120.0, search_pitch_deg=-6.0)

publishing #717: rm_decision_interfaces.msg.RobotControl(stop_gimbal_scan=True, chassis_spin_vel=0.0, scan_enabled=True, allow_vision_control=True, search_when_target_lost=True, scan_yaw_rate_deg_s=120.0, search_pitch_deg=-6.0)

publishing #718: rm_decision_interfaces.msg.RobotControl(stop_gimbal_scan=True, chassis_spin_vel=0.0, scan_enabled=True, allow_vision_control=True, search_when_target_lost=True, scan_yaw_rate_deg_s=120.0, search_pitch_deg=-6.0)

publishing #719: rm_decision_interfaces.msg.RobotControl(stop_gimbal_scan=True, chassis_spin_vel=0.0, scan_enabled=True, allow_vision_control=True, search_when_target_lost=True, scan_yaw_rate_deg_s=120.0, search_pitch_deg=-6.0)

publishing #720: rm_decision_interfaces.msg.RobotControl(stop_gimbal_scan=True, chassis_spin_vel=0.0, scan_enabled=True, allow_vision_control=True, search_when_target_lost=True, scan_yaw_rate_deg_s=120.0, search_pitch_deg=-6.0)

publishing #721: rm_decision_interfaces.msg.RobotControl(stop_gimbal_scan=True, chassis_spin_vel=0.0, scan_enabled=True, allow_vision_control=True, search_when_target_lost=True, scan_yaw_rate_deg_s=120.0, search_pitch_deg=-6.0)

publishing #722: rm_decision_interfaces.msg.RobotControl(stop_gimbal_scan=True, chassis_spin_vel=0.0, scan_enabled=True, allow_vision_control=True, search_when_target_lost=True, scan_yaw_rate_deg_s=120.0, search_pitch_deg=-6.0)

publishing #723: rm_decision_interfaces.msg.RobotControl(stop_gimbal_scan=True, chassis_spin_vel=0.0, scan_enabled=True, allow_vision_control=True, search_when_target_lost=True, scan_yaw_rate_deg_s=120.0, search_pitch_deg=-6.0)

publishing #724: rm_decision_interfaces.msg.RobotControl(stop_gimbal_scan=True, chassis_spin_vel=0.0, scan_enabled=True, allow_vision_control=True, search_when_target_lost=True, scan_yaw_rate_deg_s=120.0, search_pitch_deg=-6.0)

publishing #725: rm_decision_interfaces.msg.RobotControl(stop_gimbal_scan=True, chassis_spin_vel=0.0, scan_enabled=True, allow_vision_control=True, search_when_target_lost=True, scan_yaw_rate_deg_s=120.0, search_pitch_deg=-6.0)

publishing #726: rm_decision_interfaces.msg.RobotControl(stop_gimbal_scan=True, chassis_spin_vel=0.0, scan_enabled=True, allow_vision_control=True, search_when_target_lost=True, scan_yaw_rate_deg_s=120.0, search_pitch_deg=-6.0)

publishing #727: rm_decision_interfaces.msg.RobotControl(stop_gimbal_scan=True, chassis_spin_vel=0.0, scan_enabled=True, allow_vision_control=True, search_when_target_lost=True, scan_yaw_rate_deg_s=120.0, search_pitch_deg=-6.0)

publishing #728: rm_decision_interfaces.msg.RobotControl(stop_gimbal_scan=True, chassis_spin_vel=0.0, scan_enabled=True, allow_vision_control=True, search_when_target_lost=True, scan_yaw_rate_deg_s=120.0, search_pitch_deg=-6.0)

publishing #729: rm_decision_interfaces.msg.RobotControl(stop_gimbal_scan=True, chassis_spin_vel=0.0, scan_enabled=True, allow_vision_control=True, search_when_target_lost=True, scan_yaw_rate_deg_s=120.0, search_pitch_deg=-6.0)

publishing #730: rm_decision_interfaces.msg.RobotControl(stop_gimbal_scan=True, chassis_spin_vel=0.0, scan_enabled=True, allow_vision_control=True, search_when_target_lost=True, scan_yaw_rate_deg_s=120.0, search_pitch_deg=-6.0)

[2026-03-28 05:41:23.393] [warning] MV_CC_OpenDevice failed: 0x80000203
publishing #731: rm_decision_interfaces.msg.RobotControl(stop_gimbal_scan=True, chassis_spin_vel=0.0, scan_enabled=True, allow_vision_control=True, search_when_target_lost=True, scan_yaw_rate_deg_s=120.0, search_pitch_deg=-6.0)

publishing #732: rm_decision_interfaces.msg.RobotControl(stop_gimbal_scan=True, chassis_spin_vel=0.0, scan_enabled=True, allow_vision_control=True, search_when_target_lost=True, scan_yaw_rate_deg_s=120.0, search_pitch_deg=-6.0)

publishing #733: rm_decision_interfaces.msg.RobotControl(stop_gimbal_scan=True, chassis_spin_vel=0.0, scan_enabled=True, allow_vision_control=True, search_when_target_lost=True, scan_yaw_rate_deg_s=120.0, search_pitch_deg=-6.0)

publishing #734: rm_decision_interfaces.msg.RobotControl(stop_gimbal_scan=True, chassis_spin_vel=0.0, scan_enabled=True, allow_vision_control=True, search_when_target_lost=True, scan_yaw_rate_deg_s=120.0, search_pitch_deg=-6.0)

publishing #735: rm_decision_interfaces.msg.RobotControl(stop_gimbal_scan=True, chassis_spin_vel=0.0, scan_enabled=True, allow_vision_control=True, search_when_target_lost=True, scan_yaw_rate_deg_s=120.0, search_pitch_deg=-6.0)

publishing #736: rm_decision_interfaces.msg.RobotControl(stop_gimbal_scan=True, chassis_spin_vel=0.0, scan_enabled=True, allow_vision_control=True, search_when_target_lost=True, scan_yaw_rate_deg_s=120.0, search_pitch_deg=-6.0)

publishing #737: rm_decision_interfaces.msg.RobotControl(stop_gimbal_scan=True, chassis_spin_vel=0.0, scan_enabled=True, allow_vision_control=True, search_when_target_lost=True, scan_yaw_rate_deg_s=120.0, search_pitch_deg=-6.0)

[2026-03-28 05:41:23.739] [info] Reset usb successfully :)
publishing #738: rm_decision_interfaces.msg.RobotControl(stop_gimbal_scan=True, chassis_spin_vel=0.0, scan_enabled=True, allow_vision_control=True, search_when_target_lost=True, scan_yaw_rate_deg_s=120.0, search_pitch_deg=-6.0)

[2026-03-28 05:41:23.788] [debug] [Gimbal] CRC16 check failed.
publishing #739: rm_decision_interfaces.msg.RobotControl(stop_gimbal_scan=True, chassis_spin_vel=0.0, scan_enabled=True, allow_vision_control=True, search_when_target_lost=True, scan_yaw_rate_deg_s=120.0, search_pitch_deg=-6.0)

publishing #740: rm_decision_interfaces.msg.RobotControl(stop_gimbal_scan=True, chassis_spin_vel=0.0, scan_enabled=True, allow_vision_control=True, search_when_target_lost=True, scan_yaw_rate_deg_s=120.0, search_pitch_deg=-6.0)

publishing #741: rm_decision_interfaces.msg.RobotControl(stop_gimbal_scan=True, chassis_spin_vel=0.0, scan_enabled=True, allow_vision_control=True, search_when_target_lost=True, scan_yaw_rate_deg_s=120.0, search_pitch_deg=-6.0)

publishing #742: rm_decision_interfaces.msg.RobotControl(stop_gimbal_scan=True, chassis_spin_vel=0.0, scan_enabled=True, allow_vision_control=True, search_when_target_lost=True, scan_yaw_rate_deg_s=120.0, search_pitch_deg=-6.0)

publishing #743: rm_decision_interfaces.msg.RobotControl(stop_gimbal_scan=True, chassis_spin_vel=0.0, scan_enabled=True, allow_vision_control=True, search_when_target_lost=True, scan_yaw_rate_deg_s=120.0, search_pitch_deg=-6.0)

publishing #744: rm_decision_interfaces.msg.RobotControl(stop_gimbal_scan=True, chassis_spin_vel=0.0, scan_enabled=True, allow_vision_control=True, search_when_target_lost=True, scan_yaw_rate_deg_s=120.0, search_pitch_deg=-6.0)

publishing #745: rm_decision_interfaces.msg.RobotControl(stop_gimbal_scan=True, chassis_spin_vel=0.0, scan_enabled=True, allow_vision_control=True, search_when_target_lost=True, scan_yaw_rate_deg_s=120.0, search_pitch_deg=-6.0)

publishing #746: rm_decision_interfaces.msg.RobotControl(stop_gimbal_scan=True, chassis_spin_vel=0.0, scan_enabled=True, allow_vision_control=True, search_when_target_lost=True, scan_yaw_rate_deg_s=120.0, search_pitch_deg=-6.0)

publishing #747: rm_decision_interfaces.msg.RobotControl(stop_gimbal_scan=True, chassis_spin_vel=0.0, scan_enabled=True, allow_vision_control=True, search_when_target_lost=True, scan_yaw_rate_deg_s=120.0, search_pitch_deg=-6.0)

publishing #748: rm_decision_interfaces.msg.RobotControl(stop_gimbal_scan=True, chassis_spin_vel=0.0, scan_enabled=True, allow_vision_control=True, search_when_target_lost=True, scan_yaw_rate_deg_s=120.0, search_pitch_deg=-6.0)

publishing #749: rm_decision_interfaces.msg.RobotControl(stop_gimbal_scan=True, chassis_spin_vel=0.0, scan_enabled=True, allow_vision_control=True, search_when_target_lost=True, scan_yaw_rate_deg_s=120.0, search_pitch_deg=-6.0)

publishing #750: rm_decision_interfaces.msg.RobotControl(stop_gimbal_scan=True, chassis_spin_vel=0.0, scan_enabled=True, allow_vision_control=True, search_when_target_lost=True, scan_yaw_rate_deg_s=120.0, search_pitch_deg=-6.0)

publishing #751: rm_decision_interfaces.msg.RobotControl(stop_gimbal_scan=True, chassis_spin_vel=0.0, scan_enabled=True, allow_vision_control=True, search_when_target_lost=True, scan_yaw_rate_deg_s=120.0, search_pitch_deg=-6.0)

publishing #752: rm_decision_interfaces.msg.RobotControl(stop_gimbal_scan=True, chassis_spin_vel=0.0, scan_enabled=True, allow_vision_control=True, search_when_target_lost=True, scan_yaw_rate_deg_s=120.0, search_pitch_deg=-6.0)

publishing #753: rm_decision_interfaces.msg.RobotControl(stop_gimbal_scan=True, chassis_spin_vel=0.0, scan_enabled=True, allow_vision_control=True, search_when_target_lost=True, scan_yaw_rate_deg_s=120.0, search_pitch_deg=-6.0)

publishing #754: rm_decision_interfaces.msg.RobotControl(stop_gimbal_scan=True, chassis_spin_vel=0.0, scan_enabled=True, allow_vision_control=True, search_when_target_lost=True, scan_yaw_rate_deg_s=120.0, search_pitch_deg=-6.0)

publishing #755: rm_decision_interfaces.msg.RobotControl(stop_gimbal_scan=True, chassis_spin_vel=0.0, scan_enabled=True, allow_vision_control=True, search_when_target_lost=True, scan_yaw_rate_deg_s=120.0, search_pitch_deg=-6.0)

publishing #756: rm_decision_interfaces.msg.RobotControl(stop_gimbal_scan=True, chassis_spin_vel=0.0, scan_enabled=True, allow_vision_control=True, search_when_target_lost=True, scan_yaw_rate_deg_s=120.0, search_pitch_deg=-6.0)

publishing #757: rm_decision_interfaces.msg.RobotControl(stop_gimbal_scan=True, chassis_spin_vel=0.0, scan_enabled=True, allow_vision_control=True, search_when_target_lost=True, scan_yaw_rate_deg_s=120.0, search_pitch_deg=-6.0)

publishing #758: rm_decision_interfaces.msg.RobotControl(stop_gimbal_scan=True, chassis_spin_vel=0.0, scan_enabled=True, allow_vision_control=True, search_when_target_lost=True, scan_yaw_rate_deg_s=120.0, search_pitch_deg=-6.0)

publishing #759: rm_decision_interfaces.msg.RobotControl(stop_gimbal_scan=True, chassis_spin_vel=0.0, scan_enabled=True, allow_vision_control=True, search_when_target_lost=True, scan_yaw_rate_deg_s=120.0, search_pitch_deg=-6.0)

publishing #760: rm_decision_interfaces.msg.RobotControl(stop_gimbal_scan=True, chassis_spin_vel=0.0, scan_enabled=True, allow_vision_control=True, search_when_target_lost=True, scan_yaw_rate_deg_s=120.0, search_pitch_deg=-6.0)

publishing #761: rm_decision_interfaces.msg.RobotControl(stop_gimbal_scan=True, chassis_spin_vel=0.0, scan_enabled=True, allow_vision_control=True, search_when_target_lost=True, scan_yaw_rate_deg_s=120.0, search_pitch_deg=-6.0)

publishing #762: rm_decision_interfaces.msg.RobotControl(stop_gimbal_scan=True, chassis_spin_vel=0.0, scan_enabled=True, allow_vision_control=True, search_when_target_lost=True, scan_yaw_rate_deg_s=120.0, search_pitch_deg=-6.0)

publishing #763: rm_decision_interfaces.msg.RobotControl(stop_gimbal_scan=True, chassis_spin_vel=0.0, scan_enabled=True, allow_vision_control=True, search_when_target_lost=True, scan_yaw_rate_deg_s=120.0, search_pitch_deg=-6.0)

publishing #764: rm_decision_interfaces.msg.RobotControl(stop_gimbal_scan=True, chassis_spin_vel=0.0, scan_enabled=True, allow_vision_control=True, search_when_target_lost=True, scan_yaw_rate_deg_s=120.0, search_pitch_deg=-6.0)

publishing #765: rm_decision_interfaces.msg.RobotControl(stop_gimbal_scan=True, chassis_spin_vel=0.0, scan_enabled=True, allow_vision_control=True, search_when_target_lost=True, scan_yaw_rate_deg_s=120.0, search_pitch_deg=-6.0)

publishing #766: rm_decision_interfaces.msg.RobotControl(stop_gimbal_scan=True, chassis_spin_vel=0.0, scan_enabled=True, allow_vision_control=True, search_when_target_lost=True, scan_yaw_rate_deg_s=120.0, search_pitch_deg=-6.0)

[2026-03-28 05:41:25.188] [info] [Gimbal] Received 1300 packets, freq=31.2Hz
publishing #767: rm_decision_interfaces.msg.RobotControl(stop_gimbal_scan=True, chassis_spin_vel=0.0, scan_enabled=True, allow_vision_control=True, search_when_target_lost=True, scan_yaw_rate_deg_s=120.0, search_pitch_deg=-6.0)

[2026-03-28 05:41:25.241] [warning] MV_CC_OpenDevice failed: 0x80000203
publishing #768: rm_decision_interfaces.msg.RobotControl(stop_gimbal_scan=True, chassis_spin_vel=0.0, scan_enabled=True, allow_vision_control=True, search_when_target_lost=True, scan_yaw_rate_deg_s=120.0, search_pitch_deg=-6.0)

publishing #769: rm_decision_interfaces.msg.RobotControl(stop_gimbal_scan=True, chassis_spin_vel=0.0, scan_enabled=True, allow_vision_control=True, search_when_target_lost=True, scan_yaw_rate_deg_s=120.0, search_pitch_deg=-6.0)

publishing #770: rm_decision_interfaces.msg.RobotControl(stop_gimbal_scan=True, chassis_spin_vel=0.0, scan_enabled=True, allow_vision_control=True, search_when_target_lost=True, scan_yaw_rate_deg_s=120.0, search_pitch_deg=-6.0)

publishing #771: rm_decision_interfaces.msg.RobotControl(stop_gimbal_scan=True, chassis_spin_vel=0.0, scan_enabled=True, allow_vision_control=True, search_when_target_lost=True, scan_yaw_rate_deg_s=120.0, search_pitch_deg=-6.0)

publishing #772: rm_decision_interfaces.msg.RobotControl(stop_gimbal_scan=True, chassis_spin_vel=0.0, scan_enabled=True, allow_vision_control=True, search_when_target_lost=True, scan_yaw_rate_deg_s=120.0, search_pitch_deg=-6.0)

publishing #773: rm_decision_interfaces.msg.RobotControl(stop_gimbal_scan=True, chassis_spin_vel=0.0, scan_enabled=True, allow_vision_control=True, search_when_target_lost=True, scan_yaw_rate_deg_s=120.0, search_pitch_deg=-6.0)

publishing #774: rm_decision_interfaces.msg.RobotControl(stop_gimbal_scan=True, chassis_spin_vel=0.0, scan_enabled=True, allow_vision_control=True, search_when_target_lost=True, scan_yaw_rate_deg_s=120.0, search_pitch_deg=-6.0)

[2026-03-28 05:41:25.591] [info] Reset usb successfully :)
publishing #775: rm_decision_interfaces.msg.RobotControl(stop_gimbal_scan=True, chassis_spin_vel=0.0, scan_enabled=True, allow_vision_control=True, search_when_target_lost=True, scan_yaw_rate_deg_s=120.0, search_pitch_deg=-6.0)

[2026-03-28 05:41:25.608] [debug] [Gimbal] CRC16 check failed.
publishing #776: rm_decision_interfaces.msg.RobotControl(stop_gimbal_scan=True, chassis_spin_vel=0.0, scan_enabled=True, allow_vision_control=True, search_when_target_lost=True, scan_yaw_rate_deg_s=120.0, search_pitch_deg=-6.0)

publishing #777: rm_decision_interfaces.msg.RobotControl(stop_gimbal_scan=True, chassis_spin_vel=0.0, scan_enabled=True, allow_vision_control=True, search_when_target_lost=True, scan_yaw_rate_deg_s=120.0, search_pitch_deg=-6.0)

publishing #778: rm_decision_interfaces.msg.RobotControl(stop_gimbal_scan=True, chassis_spin_vel=0.0, scan_enabled=True, allow_vision_control=True, search_when_target_lost=True, scan_yaw_rate_deg_s=120.0, search_pitch_deg=-6.0)

publishing #779: rm_decision_interfaces.msg.RobotControl(stop_gimbal_scan=True, chassis_spin_vel=0.0, scan_enabled=True, allow_vision_control=True, search_when_target_lost=True, scan_yaw_rate_deg_s=120.0, search_pitch_deg=-6.0)

publishing #780: rm_decision_interfaces.msg.RobotControl(stop_gimbal_scan=True, chassis_spin_vel=0.0, scan_enabled=True, allow_vision_control=True, search_when_target_lost=True, scan_yaw_rate_deg_s=120.0, search_pitch_deg=-6.0)

publishing #781: rm_decision_interfaces.msg.RobotControl(stop_gimbal_scan=True, chassis_spin_vel=0.0, scan_enabled=True, allow_vision_control=True, search_when_target_lost=True, scan_yaw_rate_deg_s=120.0, search_pitch_deg=-6.0)

publishing #782: rm_decision_interfaces.msg.RobotControl(stop_gimbal_scan=True, chassis_spin_vel=0.0, scan_enabled=True, allow_vision_control=True, search_when_target_lost=True, scan_yaw_rate_deg_s=120.0, search_pitch_deg=-6.0)

publishing #783: rm_decision_interfaces.msg.RobotControl(stop_gimbal_scan=True, chassis_spin_vel=0.0, scan_enabled=True, allow_vision_control=True, search_when_target_lost=True, scan_yaw_rate_deg_s=120.0, search_pitch_deg=-6.0)

publishing #784: rm_decision_interfaces.msg.RobotControl(stop_gimbal_scan=True, chassis_spin_vel=0.0, scan_enabled=True, allow_vision_control=True, search_when_target_lost=True, scan_yaw_rate_deg_s=120.0, search_pitch_deg=-6.0)

publishing #785: rm_decision_interfaces.msg.RobotControl(stop_gimbal_scan=True, chassis_spin_vel=0.0, scan_enabled=True, allow_vision_control=True, search_when_target_lost=True, scan_yaw_rate_deg_s=120.0, search_pitch_deg=-6.0)

publishing #786: rm_decision_interfaces.msg.RobotControl(stop_gimbal_scan=True, chassis_spin_vel=0.0, scan_enabled=True, allow_vision_control=True, search_when_target_lost=True, scan_yaw_rate_deg_s=120.0, search_pitch_deg=-6.0)

[2026-03-28 05:41:26.178] [debug] [Gimbal] CRC16 check failed.
publishing #787: rm_decision_interfaces.msg.RobotControl(stop_gimbal_scan=True, chassis_spin_vel=0.0, scan_enabled=True, allow_vision_control=True, search_when_target_lost=True, scan_yaw_rate_deg_s=120.0, search_pitch_deg=-6.0)

publishing #788: rm_decision_interfaces.msg.RobotControl(stop_gimbal_scan=True, chassis_spin_vel=0.0, scan_enabled=True, allow_vision_control=True, search_when_target_lost=True, scan_yaw_rate_deg_s=120.0, search_pitch_deg=-6.0)

publishing #789: rm_decision_interfaces.msg.RobotControl(stop_gimbal_scan=True, chassis_spin_vel=0.0, scan_enabled=True, allow_vision_control=True, search_when_target_lost=True, scan_yaw_rate_deg_s=120.0, search_pitch_deg=-6.0)

publishing #790: rm_decision_interfaces.msg.RobotControl(stop_gimbal_scan=True, chassis_spin_vel=0.0, scan_enabled=True, allow_vision_control=True, search_when_target_lost=True, scan_yaw_rate_deg_s=120.0, search_pitch_deg=-6.0)

publishing #791: rm_decision_interfaces.msg.RobotControl(stop_gimbal_scan=True, chassis_spin_vel=0.0, scan_enabled=True, allow_vision_control=True, search_when_target_lost=True, scan_yaw_rate_deg_s=120.0, search_pitch_deg=-6.0)

publishing #792: rm_decision_interfaces.msg.RobotControl(stop_gimbal_scan=True, chassis_spin_vel=0.0, scan_enabled=True, allow_vision_control=True, search_when_target_lost=True, scan_yaw_rate_deg_s=120.0, search_pitch_deg=-6.0)

publishing #793: rm_decision_interfaces.msg.RobotControl(stop_gimbal_scan=True, chassis_spin_vel=0.0, scan_enabled=True, allow_vision_control=True, search_when_target_lost=True, scan_yaw_rate_deg_s=120.0, search_pitch_deg=-6.0)

publishing #794: rm_decision_interfaces.msg.RobotControl(stop_gimbal_scan=True, chassis_spin_vel=0.0, scan_enabled=True, allow_vision_control=True, search_when_target_lost=True, scan_yaw_rate_deg_s=120.0, search_pitch_deg=-6.0)

publishing #795: rm_decision_interfaces.msg.RobotControl(stop_gimbal_scan=True, chassis_spin_vel=0.0, scan_enabled=True, allow_vision_control=True, search_when_target_lost=True, scan_yaw_rate_deg_s=120.0, search_pitch_deg=-6.0)

publishing #796: rm_decision_interfaces.msg.RobotControl(stop_gimbal_scan=True, chassis_spin_vel=0.0, scan_enabled=True, allow_vision_control=True, search_when_target_lost=True, scan_yaw_rate_deg_s=120.0, search_pitch_deg=-6.0)

publishing #797: rm_decision_interfaces.msg.RobotControl(stop_gimbal_scan=True, chassis_spin_vel=0.0, scan_enabled=True, allow_vision_control=True, search_when_target_lost=True, scan_yaw_rate_deg_s=120.0, search_pitch_deg=-6.0)

publishing #798: rm_decision_interfaces.msg.RobotControl(stop_gimbal_scan=True, chassis_spin_vel=0.0, scan_enabled=True, allow_vision_control=True, search_when_target_lost=True, scan_yaw_rate_deg_s=120.0, search_pitch_deg=-6.0)

publishing #799: rm_decision_interfaces.msg.RobotControl(stop_gimbal_scan=True, chassis_spin_vel=0.0, scan_enabled=True, allow_vision_control=True, search_when_target_lost=True, scan_yaw_rate_deg_s=120.0, search_pitch_deg=-6.0)

publishing #800: rm_decision_interfaces.msg.RobotControl(stop_gimbal_scan=True, chassis_spin_vel=0.0, scan_enabled=True, allow_vision_control=True, search_when_target_lost=True, scan_yaw_rate_deg_s=120.0, search_pitch_deg=-6.0)

publishing #801: rm_decision_interfaces.msg.RobotControl(stop_gimbal_scan=True, chassis_spin_vel=0.0, scan_enabled=True, allow_vision_control=True, search_when_target_lost=True, scan_yaw_rate_deg_s=120.0, search_pitch_deg=-6.0)

[2026-03-28 05:41:26.928] [debug] [Gimbal] CRC16 check failed.
publishing #802: rm_decision_interfaces.msg.RobotControl(stop_gimbal_scan=True, chassis_spin_vel=0.0, scan_enabled=True, allow_vision_control=True, search_when_target_lost=True, scan_yaw_rate_deg_s=120.0, search_pitch_deg=-6.0)

publishing #803: rm_decision_interfaces.msg.RobotControl(stop_gimbal_scan=True, chassis_spin_vel=0.0, scan_enabled=True, allow_vision_control=True, search_when_target_lost=True, scan_yaw_rate_deg_s=120.0, search_pitch_deg=-6.0)

publishing #804: rm_decision_interfaces.msg.RobotControl(stop_gimbal_scan=True, chassis_spin_vel=0.0, scan_enabled=True, allow_vision_control=True, search_when_target_lost=True, scan_yaw_rate_deg_s=120.0, search_pitch_deg=-6.0)

[2026-03-28 05:41:27.089] [warning] MV_CC_OpenDevice failed: 0x80000203
publishing #805: rm_decision_interfaces.msg.RobotControl(stop_gimbal_scan=True, chassis_spin_vel=0.0, scan_enabled=True, allow_vision_control=True, search_when_target_lost=True, scan_yaw_rate_deg_s=120.0, search_pitch_deg=-6.0)

publishing #806: rm_decision_interfaces.msg.RobotControl(stop_gimbal_scan=True, chassis_spin_vel=0.0, scan_enabled=True, allow_vision_control=True, search_when_target_lost=True, scan_yaw_rate_deg_s=120.0, search_pitch_deg=-6.0)

publishing #807: rm_decision_interfaces.msg.RobotControl(stop_gimbal_scan=True, chassis_spin_vel=0.0, scan_enabled=True, allow_vision_control=True, search_when_target_lost=True, scan_yaw_rate_deg_s=120.0, search_pitch_deg=-6.0)

publishing #808: rm_decision_interfaces.msg.RobotControl(stop_gimbal_scan=True, chassis_spin_vel=0.0, scan_enabled=True, allow_vision_control=True, search_when_target_lost=True, scan_yaw_rate_deg_s=120.0, search_pitch_deg=-6.0)

publishing #809: rm_decision_interfaces.msg.RobotControl(stop_gimbal_scan=True, chassis_spin_vel=0.0, scan_enabled=True, allow_vision_control=True, search_when_target_lost=True, scan_yaw_rate_deg_s=120.0, search_pitch_deg=-6.0)

publishing #810: rm_decision_interfaces.msg.RobotControl(stop_gimbal_scan=True, chassis_spin_vel=0.0, scan_enabled=True, allow_vision_control=True, search_when_target_lost=True, scan_yaw_rate_deg_s=120.0, search_pitch_deg=-6.0)

publishing #811: rm_decision_interfaces.msg.RobotControl(stop_gimbal_scan=True, chassis_spin_vel=0.0, scan_enabled=True, allow_vision_control=True, search_when_target_lost=True, scan_yaw_rate_deg_s=120.0, search_pitch_deg=-6.0)

[2026-03-28 05:41:27.436] [info] Reset usb successfully :)
publishing #812: rm_decision_interfaces.msg.RobotControl(stop_gimbal_scan=True, chassis_spin_vel=0.0, scan_enabled=True, allow_vision_control=True, search_when_target_lost=True, scan_yaw_rate_deg_s=120.0, search_pitch_deg=-6.0)

publishing #813: rm_decision_interfaces.msg.RobotControl(stop_gimbal_scan=True, chassis_spin_vel=0.0, scan_enabled=True, allow_vision_control=True, search_when_target_lost=True, scan_yaw_rate_deg_s=120.0, search_pitch_deg=-6.0)

publishing #814: rm_decision_interfaces.msg.RobotControl(stop_gimbal_scan=True, chassis_spin_vel=0.0, scan_enabled=True, allow_vision_control=True, search_when_target_lost=True, scan_yaw_rate_deg_s=120.0, search_pitch_deg=-6.0)

[2026-03-28 05:41:27.578] [info] [Gimbal] Received 1400 packets, freq=41.9Hz
publishing #815: rm_decision_interfaces.msg.RobotControl(stop_gimbal_scan=True, chassis_spin_vel=0.0, scan_enabled=True, allow_vision_control=True, search_when_target_lost=True, scan_yaw_rate_deg_s=120.0, search_pitch_deg=-6.0)

[2026-03-28 05:41:27.638] [debug] [Gimbal] CRC16 check failed.
publishing #816: rm_decision_interfaces.msg.RobotControl(stop_gimbal_scan=True, chassis_spin_vel=0.0, scan_enabled=True, allow_vision_control=True, search_when_target_lost=True, scan_yaw_rate_deg_s=120.0, search_pitch_deg=-6.0)

publishing #817: rm_decision_interfaces.msg.RobotControl(stop_gimbal_scan=True, chassis_spin_vel=0.0, scan_enabled=True, allow_vision_control=True, search_when_target_lost=True, scan_yaw_rate_deg_s=120.0, search_pitch_deg=-6.0)

publishing #818: rm_decision_interfaces.msg.RobotControl(stop_gimbal_scan=True, chassis_spin_vel=0.0, scan_enabled=True, allow_vision_control=True, search_when_target_lost=True, scan_yaw_rate_deg_s=120.0, search_pitch_deg=-6.0)

publishing #819: rm_decision_interfaces.msg.RobotControl(stop_gimbal_scan=True, chassis_spin_vel=0.0, scan_enabled=True, allow_vision_control=True, search_when_target_lost=True, scan_yaw_rate_deg_s=120.0, search_pitch_deg=-6.0)

publishing #820: rm_decision_interfaces.msg.RobotControl(stop_gimbal_scan=True, chassis_spin_vel=0.0, scan_enabled=True, allow_vision_control=True, search_when_target_lost=True, scan_yaw_rate_deg_s=120.0, search_pitch_deg=-6.0)

publishing #821: rm_decision_interfaces.msg.RobotControl(stop_gimbal_scan=True, chassis_spin_vel=0.0, scan_enabled=True, allow_vision_control=True, search_when_target_lost=True, scan_yaw_rate_deg_s=120.0, search_pitch_deg=-6.0)

publishing #822: rm_decision_interfaces.msg.RobotControl(stop_gimbal_scan=True, chassis_spin_vel=0.0, scan_enabled=True, allow_vision_control=True, search_when_target_lost=True, scan_yaw_rate_deg_s=120.0, search_pitch_deg=-6.0)

publishing #823: rm_decision_interfaces.msg.RobotControl(stop_gimbal_scan=True, chassis_spin_vel=0.0, scan_enabled=True, allow_vision_control=True, search_when_target_lost=True, scan_yaw_rate_deg_s=120.0, search_pitch_deg=-6.0)

publishing #824: rm_decision_interfaces.msg.RobotControl(stop_gimbal_scan=True, chassis_spin_vel=0.0, scan_enabled=True, allow_vision_control=True, search_when_target_lost=True, scan_yaw_rate_deg_s=120.0, search_pitch_deg=-6.0)

publishing #825: rm_decision_interfaces.msg.RobotControl(stop_gimbal_scan=True, chassis_spin_vel=0.0, scan_enabled=True, allow_vision_control=True, search_when_target_lost=True, scan_yaw_rate_deg_s=120.0, search_pitch_deg=-6.0)

publishing #826: rm_decision_interfaces.msg.RobotControl(stop_gimbal_scan=True, chassis_spin_vel=0.0, scan_enabled=True, allow_vision_control=True, search_when_target_lost=True, scan_yaw_rate_deg_s=120.0, search_pitch_deg=-6.0)

publishing #827: rm_decision_interfaces.msg.RobotControl(stop_gimbal_scan=True, chassis_spin_vel=0.0, scan_enabled=True, allow_vision_control=True, search_when_target_lost=True, scan_yaw_rate_deg_s=120.0, search_pitch_deg=-6.0)

publishing #828: rm_decision_interfaces.msg.RobotControl(stop_gimbal_scan=True, chassis_spin_vel=0.0, scan_enabled=True, allow_vision_control=True, search_when_target_lost=True, scan_yaw_rate_deg_s=120.0, search_pitch_deg=-6.0)

publishing #829: rm_decision_interfaces.msg.RobotControl(stop_gimbal_scan=True, chassis_spin_vel=0.0, scan_enabled=True, allow_vision_control=True, search_when_target_lost=True, scan_yaw_rate_deg_s=120.0, search_pitch_deg=-6.0)

publishing #830: rm_decision_interfaces.msg.RobotControl(stop_gimbal_scan=True, chassis_spin_vel=0.0, scan_enabled=True, allow_vision_control=True, search_when_target_lost=True, scan_yaw_rate_deg_s=120.0, search_pitch_deg=-6.0)

publishing #831: rm_decision_interfaces.msg.RobotControl(stop_gimbal_scan=True, chassis_spin_vel=0.0, scan_enabled=True, allow_vision_control=True, search_when_target_lost=True, scan_yaw_rate_deg_s=120.0, search_pitch_deg=-6.0)

publishing #832: rm_decision_interfaces.msg.RobotControl(stop_gimbal_scan=True, chassis_spin_vel=0.0, scan_enabled=True, allow_vision_control=True, search_when_target_lost=True, scan_yaw_rate_deg_s=120.0, search_pitch_deg=-6.0)

publishing #833: rm_decision_interfaces.msg.RobotControl(stop_gimbal_scan=True, chassis_spin_vel=0.0, scan_enabled=True, allow_vision_control=True, search_when_target_lost=True, scan_yaw_rate_deg_s=120.0, search_pitch_deg=-6.0)

publishing #834: rm_decision_interfaces.msg.RobotControl(stop_gimbal_scan=True, chassis_spin_vel=0.0, scan_enabled=True, allow_vision_control=True, search_when_target_lost=True, scan_yaw_rate_deg_s=120.0, search_pitch_deg=-6.0)

publishing #835: rm_decision_interfaces.msg.RobotControl(stop_gimbal_scan=True, chassis_spin_vel=0.0, scan_enabled=True, allow_vision_control=True, search_when_target_lost=True, scan_yaw_rate_deg_s=120.0, search_pitch_deg=-6.0)

[2026-03-28 05:41:28.608] [debug] [Gimbal] CRC16 check failed.
publishing #836: rm_decision_interfaces.msg.RobotControl(stop_gimbal_scan=True, chassis_spin_vel=0.0, scan_enabled=True, allow_vision_control=True, search_when_target_lost=True, scan_yaw_rate_deg_s=120.0, search_pitch_deg=-6.0)

publishing #837: rm_decision_interfaces.msg.RobotControl(stop_gimbal_scan=True, chassis_spin_vel=0.0, scan_enabled=True, allow_vision_control=True, search_when_target_lost=True, scan_yaw_rate_deg_s=120.0, search_pitch_deg=-6.0)

publishing #838: rm_decision_interfaces.msg.RobotControl(stop_gimbal_scan=True, chassis_spin_vel=0.0, scan_enabled=True, allow_vision_control=True, search_when_target_lost=True, scan_yaw_rate_deg_s=120.0, search_pitch_deg=-6.0)

publishing #839: rm_decision_interfaces.msg.RobotControl(stop_gimbal_scan=True, chassis_spin_vel=0.0, scan_enabled=True, allow_vision_control=True, search_when_target_lost=True, scan_yaw_rate_deg_s=120.0, search_pitch_deg=-6.0)

publishing #840: rm_decision_interfaces.msg.RobotControl(stop_gimbal_scan=True, chassis_spin_vel=0.0, scan_enabled=True, allow_vision_control=True, search_when_target_lost=True, scan_yaw_rate_deg_s=120.0, search_pitch_deg=-6.0)

publishing #841: rm_decision_interfaces.msg.RobotControl(stop_gimbal_scan=True, chassis_spin_vel=0.0, scan_enabled=True, allow_vision_control=True, search_when_target_lost=True, scan_yaw_rate_deg_s=120.0, search_pitch_deg=-6.0)

[2026-03-28 05:41:28.934] [warning] MV_CC_OpenDevice failed: 0x80000203
publishing #842: rm_decision_interfaces.msg.RobotControl(stop_gimbal_scan=True, chassis_spin_vel=0.0, scan_enabled=True, allow_vision_control=True, search_when_target_lost=True, scan_yaw_rate_deg_s=120.0, search_pitch_deg=-6.0)

publishing #843: rm_decision_interfaces.msg.RobotControl(stop_gimbal_scan=True, chassis_spin_vel=0.0, scan_enabled=True, allow_vision_control=True, search_when_target_lost=True, scan_yaw_rate_deg_s=120.0, search_pitch_deg=-6.0)

publishing #844: rm_decision_interfaces.msg.RobotControl(stop_gimbal_scan=True, chassis_spin_vel=0.0, scan_enabled=True, allow_vision_control=True, search_when_target_lost=True, scan_yaw_rate_deg_s=120.0, search_pitch_deg=-6.0)

publishing #845: rm_decision_interfaces.msg.RobotControl(stop_gimbal_scan=True, chassis_spin_vel=0.0, scan_enabled=True, allow_vision_control=True, search_when_target_lost=True, scan_yaw_rate_deg_s=120.0, search_pitch_deg=-6.0)

publishing #846: rm_decision_interfaces.msg.RobotControl(stop_gimbal_scan=True, chassis_spin_vel=0.0, scan_enabled=True, allow_vision_control=True, search_when_target_lost=True, scan_yaw_rate_deg_s=120.0, search_pitch_deg=-6.0)

publishing #847: rm_decision_interfaces.msg.RobotControl(stop_gimbal_scan=True, chassis_spin_vel=0.0, scan_enabled=True, allow_vision_control=True, search_when_target_lost=True, scan_yaw_rate_deg_s=120.0, search_pitch_deg=-6.0)

publishing #848: rm_decision_interfaces.msg.RobotControl(stop_gimbal_scan=True, chassis_spin_vel=0.0, scan_enabled=True, allow_vision_control=True, search_when_target_lost=True, scan_yaw_rate_deg_s=120.0, search_pitch_deg=-6.0)

[2026-03-28 05:41:29.281] [info] Reset usb successfully :)
publishing #849: rm_decision_interfaces.msg.RobotControl(stop_gimbal_scan=True, chassis_spin_vel=0.0, scan_enabled=True, allow_vision_control=True, search_when_target_lost=True, scan_yaw_rate_deg_s=120.0, search_pitch_deg=-6.0)

publishing #850: rm_decision_interfaces.msg.RobotControl(stop_gimbal_scan=True, chassis_spin_vel=0.0, scan_enabled=True, allow_vision_control=True, search_when_target_lost=True, scan_yaw_rate_deg_s=120.0, search_pitch_deg=-6.0)

publishing #851: rm_decision_interfaces.msg.RobotControl(stop_gimbal_scan=True, chassis_spin_vel=0.0, scan_enabled=True, allow_vision_control=True, search_when_target_lost=True, scan_yaw_rate_deg_s=120.0, search_pitch_deg=-6.0)

publishing #852: rm_decision_interfaces.msg.RobotControl(stop_gimbal_scan=True, chassis_spin_vel=0.0, scan_enabled=True, allow_vision_control=True, search_when_target_lost=True, scan_yaw_rate_deg_s=120.0, search_pitch_deg=-6.0)

publishing #853: rm_decision_interfaces.msg.RobotControl(stop_gimbal_scan=True, chassis_spin_vel=0.0, scan_enabled=True, allow_vision_control=True, search_when_target_lost=True, scan_yaw_rate_deg_s=120.0, search_pitch_deg=-6.0)

publishing #854: rm_decision_interfaces.msg.RobotControl(stop_gimbal_scan=True, chassis_spin_vel=0.0, scan_enabled=True, allow_vision_control=True, search_when_target_lost=True, scan_yaw_rate_deg_s=120.0, search_pitch_deg=-6.0)

publishing #855: rm_decision_interfaces.msg.RobotControl(stop_gimbal_scan=True, chassis_spin_vel=0.0, scan_enabled=True, allow_vision_control=True, search_when_target_lost=True, scan_yaw_rate_deg_s=120.0, search_pitch_deg=-6.0)

[2026-03-28 05:41:29.628] [info] [Gimbal] Received 1500 packets, freq=48.8Hz
publishing #856: rm_decision_interfaces.msg.RobotControl(stop_gimbal_scan=True, chassis_spin_vel=0.0, scan_enabled=True, allow_vision_control=True, search_when_target_lost=True, scan_yaw_rate_deg_s=120.0, search_pitch_deg=-6.0)

publishing #857: rm_decision_interfaces.msg.RobotControl(stop_gimbal_scan=True, chassis_spin_vel=0.0, scan_enabled=True, allow_vision_control=True, search_when_target_lost=True, scan_yaw_rate_deg_s=120.0, search_pitch_deg=-6.0)

publishing #858: rm_decision_interfaces.msg.RobotControl(stop_gimbal_scan=True, chassis_spin_vel=0.0, scan_enabled=True, allow_vision_control=True, search_when_target_lost=True, scan_yaw_rate_deg_s=120.0, search_pitch_deg=-6.0)

publishing #859: rm_decision_interfaces.msg.RobotControl(stop_gimbal_scan=True, chassis_spin_vel=0.0, scan_enabled=True, allow_vision_control=True, search_when_target_lost=True, scan_yaw_rate_deg_s=120.0, search_pitch_deg=-6.0)

publishing #860: rm_decision_interfaces.msg.RobotControl(stop_gimbal_scan=True, chassis_spin_vel=0.0, scan_enabled=True, allow_vision_control=True, search_when_target_lost=True, scan_yaw_rate_deg_s=120.0, search_pitch_deg=-6.0)

publishing #861: rm_decision_interfaces.msg.RobotControl(stop_gimbal_scan=True, chassis_spin_vel=0.0, scan_enabled=True, allow_vision_control=True, search_when_target_lost=True, scan_yaw_rate_deg_s=120.0, search_pitch_deg=-6.0)

publishing #862: rm_decision_interfaces.msg.RobotControl(stop_gimbal_scan=True, chassis_spin_vel=0.0, scan_enabled=True, allow_vision_control=True, search_when_target_lost=True, scan_yaw_rate_deg_s=120.0, search_pitch_deg=-6.0)

publishing #863: rm_decision_interfaces.msg.RobotControl(stop_gimbal_scan=True, chassis_spin_vel=0.0, scan_enabled=True, allow_vision_control=True, search_when_target_lost=True, scan_yaw_rate_deg_s=120.0, search_pitch_deg=-6.0)

publishing #864: rm_decision_interfaces.msg.RobotControl(stop_gimbal_scan=True, chassis_spin_vel=0.0, scan_enabled=True, allow_vision_control=True, search_when_target_lost=True, scan_yaw_rate_deg_s=120.0, search_pitch_deg=-6.0)

publishing #865: rm_decision_interfaces.msg.RobotControl(stop_gimbal_scan=True, chassis_spin_vel=0.0, scan_enabled=True, allow_vision_control=True, search_when_target_lost=True, scan_yaw_rate_deg_s=120.0, search_pitch_deg=-6.0)

publishing #866: rm_decision_interfaces.msg.RobotControl(stop_gimbal_scan=True, chassis_spin_vel=0.0, scan_enabled=True, allow_vision_control=True, search_when_target_lost=True, scan_yaw_rate_deg_s=120.0, search_pitch_deg=-6.0)

publishing #867: rm_decision_interfaces.msg.RobotControl(stop_gimbal_scan=True, chassis_spin_vel=0.0, scan_enabled=True, allow_vision_control=True, search_when_target_lost=True, scan_yaw_rate_deg_s=120.0, search_pitch_deg=-6.0)

publishing #868: rm_decision_interfaces.msg.RobotControl(stop_gimbal_scan=True, chassis_spin_vel=0.0, scan_enabled=True, allow_vision_control=True, search_when_target_lost=True, scan_yaw_rate_deg_s=120.0, search_pitch_deg=-6.0)

publishing #869: rm_decision_interfaces.msg.RobotControl(stop_gimbal_scan=True, chassis_spin_vel=0.0, scan_enabled=True, allow_vision_control=True, search_when_target_lost=True, scan_yaw_rate_deg_s=120.0, search_pitch_deg=-6.0)

publishing #870: rm_decision_interfaces.msg.RobotControl(stop_gimbal_scan=True, chassis_spin_vel=0.0, scan_enabled=True, allow_vision_control=True, search_when_target_lost=True, scan_yaw_rate_deg_s=120.0, search_pitch_deg=-6.0)

publishing #871: rm_decision_interfaces.msg.RobotControl(stop_gimbal_scan=True, chassis_spin_vel=0.0, scan_enabled=True, allow_vision_control=True, search_when_target_lost=True, scan_yaw_rate_deg_s=120.0, search_pitch_deg=-6.0)

publishing #872: rm_decision_interfaces.msg.RobotControl(stop_gimbal_scan=True, chassis_spin_vel=0.0, scan_enabled=True, allow_vision_control=True, search_when_target_lost=True, scan_yaw_rate_deg_s=120.0, search_pitch_deg=-6.0)

publishing #873: rm_decision_interfaces.msg.RobotControl(stop_gimbal_scan=True, chassis_spin_vel=0.0, scan_enabled=True, allow_vision_control=True, search_when_target_lost=True, scan_yaw_rate_deg_s=120.0, search_pitch_deg=-6.0)

publishing #874: rm_decision_interfaces.msg.RobotControl(stop_gimbal_scan=True, chassis_spin_vel=0.0, scan_enabled=True, allow_vision_control=True, search_when_target_lost=True, scan_yaw_rate_deg_s=120.0, search_pitch_deg=-6.0)

publishing #875: rm_decision_interfaces.msg.RobotControl(stop_gimbal_scan=True, chassis_spin_vel=0.0, scan_enabled=True, allow_vision_control=True, search_when_target_lost=True, scan_yaw_rate_deg_s=120.0, search_pitch_deg=-6.0)

publishing #876: rm_decision_interfaces.msg.RobotControl(stop_gimbal_scan=True, chassis_spin_vel=0.0, scan_enabled=True, allow_vision_control=True, search_when_target_lost=True, scan_yaw_rate_deg_s=120.0, search_pitch_deg=-6.0)

publishing #877: rm_decision_interfaces.msg.RobotControl(stop_gimbal_scan=True, chassis_spin_vel=0.0, scan_enabled=True, allow_vision_control=True, search_when_target_lost=True, scan_yaw_rate_deg_s=120.0, search_pitch_deg=-6.0)

publishing #878: rm_decision_interfaces.msg.RobotControl(stop_gimbal_scan=True, chassis_spin_vel=0.0, scan_enabled=True, allow_vision_control=True, search_when_target_lost=True, scan_yaw_rate_deg_s=120.0, search_pitch_deg=-6.0)

[2026-03-28 05:41:30.783] [warning] MV_CC_OpenDevice failed: 0x80000203
publishing #879: rm_decision_interfaces.msg.RobotControl(stop_gimbal_scan=True, chassis_spin_vel=0.0, scan_enabled=True, allow_vision_control=True, search_when_target_lost=True, scan_yaw_rate_deg_s=120.0, search_pitch_deg=-6.0)

publishing #880: rm_decision_interfaces.msg.RobotControl(stop_gimbal_scan=True, chassis_spin_vel=0.0, scan_enabled=True, allow_vision_control=True, search_when_target_lost=True, scan_yaw_rate_deg_s=120.0, search_pitch_deg=-6.0)

publishing #881: rm_decision_interfaces.msg.RobotControl(stop_gimbal_scan=True, chassis_spin_vel=0.0, scan_enabled=True, allow_vision_control=True, search_when_target_lost=True, scan_yaw_rate_deg_s=120.0, search_pitch_deg=-6.0)

publishing #882: rm_decision_interfaces.msg.RobotControl(stop_gimbal_scan=True, chassis_spin_vel=0.0, scan_enabled=True, allow_vision_control=True, search_when_target_lost=True, scan_yaw_rate_deg_s=120.0, search_pitch_deg=-6.0)

publishing #883: rm_decision_interfaces.msg.RobotControl(stop_gimbal_scan=True, chassis_spin_vel=0.0, scan_enabled=True, allow_vision_control=True, search_when_target_lost=True, scan_yaw_rate_deg_s=120.0, search_pitch_deg=-6.0)

publishing #884: rm_decision_interfaces.msg.RobotControl(stop_gimbal_scan=True, chassis_spin_vel=0.0, scan_enabled=True, allow_vision_control=True, search_when_target_lost=True, scan_yaw_rate_deg_s=120.0, search_pitch_deg=-6.0)

publishing #885: rm_decision_interfaces.msg.RobotControl(stop_gimbal_scan=True, chassis_spin_vel=0.0, scan_enabled=True, allow_vision_control=True, search_when_target_lost=True, scan_yaw_rate_deg_s=120.0, search_pitch_deg=-6.0)

[2026-03-28 05:41:31.133] [info] Reset usb successfully :)
publishing #886: rm_decision_interfaces.msg.RobotControl(stop_gimbal_scan=True, chassis_spin_vel=0.0, scan_enabled=True, allow_vision_control=True, search_when_target_lost=True, scan_yaw_rate_deg_s=120.0, search_pitch_deg=-6.0)

publishing #887: rm_decision_interfaces.msg.RobotControl(stop_gimbal_scan=True, chassis_spin_vel=0.0, scan_enabled=True, allow_vision_control=True, search_when_target_lost=True, scan_yaw_rate_deg_s=120.0, search_pitch_deg=-6.0)

publishing #888: rm_decision_interfaces.msg.RobotControl(stop_gimbal_scan=True, chassis_spin_vel=0.0, scan_enabled=True, allow_vision_control=True, search_when_target_lost=True, scan_yaw_rate_deg_s=120.0, search_pitch_deg=-6.0)

publishing #889: rm_decision_interfaces.msg.RobotControl(stop_gimbal_scan=True, chassis_spin_vel=0.0, scan_enabled=True, allow_vision_control=True, search_when_target_lost=True, scan_yaw_rate_deg_s=120.0, search_pitch_deg=-6.0)

publishing #890: rm_decision_interfaces.msg.RobotControl(stop_gimbal_scan=True, chassis_spin_vel=0.0, scan_enabled=True, allow_vision_control=True, search_when_target_lost=True, scan_yaw_rate_deg_s=120.0, search_pitch_deg=-6.0)

publishing #891: rm_decision_interfaces.msg.RobotControl(stop_gimbal_scan=True, chassis_spin_vel=0.0, scan_enabled=True, allow_vision_control=True, search_when_target_lost=True, scan_yaw_rate_deg_s=120.0, search_pitch_deg=-6.0)

publishing #892: rm_decision_interfaces.msg.RobotControl(stop_gimbal_scan=True, chassis_spin_vel=0.0, scan_enabled=True, allow_vision_control=True, search_when_target_lost=True, scan_yaw_rate_deg_s=120.0, search_pitch_deg=-6.0)

publishing #893: rm_decision_interfaces.msg.RobotControl(stop_gimbal_scan=True, chassis_spin_vel=0.0, scan_enabled=True, allow_vision_control=True, search_when_target_lost=True, scan_yaw_rate_deg_s=120.0, search_pitch_deg=-6.0)

publishing #894: rm_decision_interfaces.msg.RobotControl(stop_gimbal_scan=True, chassis_spin_vel=0.0, scan_enabled=True, allow_vision_control=True, search_when_target_lost=True, scan_yaw_rate_deg_s=120.0, search_pitch_deg=-6.0)

publishing #895: rm_decision_interfaces.msg.RobotControl(stop_gimbal_scan=True, chassis_spin_vel=0.0, scan_enabled=True, allow_vision_control=True, search_when_target_lost=True, scan_yaw_rate_deg_s=120.0, search_pitch_deg=-6.0)

publishing #896: rm_decision_interfaces.msg.RobotControl(stop_gimbal_scan=True, chassis_spin_vel=0.0, scan_enabled=True, allow_vision_control=True, search_when_target_lost=True, scan_yaw_rate_deg_s=120.0, search_pitch_deg=-6.0)

publishing #897: rm_decision_interfaces.msg.RobotControl(stop_gimbal_scan=True, chassis_spin_vel=0.0, scan_enabled=True, allow_vision_control=True, search_when_target_lost=True, scan_yaw_rate_deg_s=120.0, search_pitch_deg=-6.0)

publishing #898: rm_decision_interfaces.msg.RobotControl(stop_gimbal_scan=True, chassis_spin_vel=0.0, scan_enabled=True, allow_vision_control=True, search_when_target_lost=True, scan_yaw_rate_deg_s=120.0, search_pitch_deg=-6.0)

publishing #899: rm_decision_interfaces.msg.RobotControl(stop_gimbal_scan=True, chassis_spin_vel=0.0, scan_enabled=True, allow_vision_control=True, search_when_target_lost=True, scan_yaw_rate_deg_s=120.0, search_pitch_deg=-6.0)

publishing #900: rm_decision_interfaces.msg.RobotControl(stop_gimbal_scan=True, chassis_spin_vel=0.0, scan_enabled=True, allow_vision_control=True, search_when_target_lost=True, scan_yaw_rate_deg_s=120.0, search_pitch_deg=-6.0)

publishing #901: rm_decision_interfaces.msg.RobotControl(stop_gimbal_scan=True, chassis_spin_vel=0.0, scan_enabled=True, allow_vision_control=True, search_when_target_lost=True, scan_yaw_rate_deg_s=120.0, search_pitch_deg=-6.0)

publishing #902: rm_decision_interfaces.msg.RobotControl(stop_gimbal_scan=True, chassis_spin_vel=0.0, scan_enabled=True, allow_vision_control=True, search_when_target_lost=True, scan_yaw_rate_deg_s=120.0, search_pitch_deg=-6.0)

publishing #903: rm_decision_interfaces.msg.RobotControl(stop_gimbal_scan=True, chassis_spin_vel=0.0, scan_enabled=True, allow_vision_control=True, search_when_target_lost=True, scan_yaw_rate_deg_s=120.0, search_pitch_deg=-6.0)

[2026-03-28 05:41:32.038] [info] [Gimbal] Received 1600 packets, freq=41.5Hz
publishing #904: rm_decision_interfaces.msg.RobotControl(stop_gimbal_scan=True, chassis_spin_vel=0.0, scan_enabled=True, allow_vision_control=True, search_when_target_lost=True, scan_yaw_rate_deg_s=120.0, search_pitch_deg=-6.0)

publishing #905: rm_decision_interfaces.msg.RobotControl(stop_gimbal_scan=True, chassis_spin_vel=0.0, scan_enabled=True, allow_vision_control=True, search_when_target_lost=True, scan_yaw_rate_deg_s=120.0, search_pitch_deg=-6.0)

publishing #906: rm_decision_interfaces.msg.RobotControl(stop_gimbal_scan=True, chassis_spin_vel=0.0, scan_enabled=True, allow_vision_control=True, search_when_target_lost=True, scan_yaw_rate_deg_s=120.0, search_pitch_deg=-6.0)

publishing #907: rm_decision_interfaces.msg.RobotControl(stop_gimbal_scan=True, chassis_spin_vel=0.0, scan_enabled=True, allow_vision_control=True, search_when_target_lost=True, scan_yaw_rate_deg_s=120.0, search_pitch_deg=-6.0)

publishing #908: rm_decision_interfaces.msg.RobotControl(stop_gimbal_scan=True, chassis_spin_vel=0.0, scan_enabled=True, allow_vision_control=True, search_when_target_lost=True, scan_yaw_rate_deg_s=120.0, search_pitch_deg=-6.0)

publishing #909: rm_decision_interfaces.msg.RobotControl(stop_gimbal_scan=True, chassis_spin_vel=0.0, scan_enabled=True, allow_vision_control=True, search_when_target_lost=True, scan_yaw_rate_deg_s=120.0, search_pitch_deg=-6.0)

publishing #910: rm_decision_interfaces.msg.RobotControl(stop_gimbal_scan=True, chassis_spin_vel=0.0, scan_enabled=True, allow_vision_control=True, search_when_target_lost=True, scan_yaw_rate_deg_s=120.0, search_pitch_deg=-6.0)

publishing #911: rm_decision_interfaces.msg.RobotControl(stop_gimbal_scan=True, chassis_spin_vel=0.0, scan_enabled=True, allow_vision_control=True, search_when_target_lost=True, scan_yaw_rate_deg_s=120.0, search_pitch_deg=-6.0)

publishing #912: rm_decision_interfaces.msg.RobotControl(stop_gimbal_scan=True, chassis_spin_vel=0.0, scan_enabled=True, allow_vision_control=True, search_when_target_lost=True, scan_yaw_rate_deg_s=120.0, search_pitch_deg=-6.0)

publishing #913: rm_decision_interfaces.msg.RobotControl(stop_gimbal_scan=True, chassis_spin_vel=0.0, scan_enabled=True, allow_vision_control=True, search_when_target_lost=True, scan_yaw_rate_deg_s=120.0, search_pitch_deg=-6.0)

publishing #914: rm_decision_interfaces.msg.RobotControl(stop_gimbal_scan=True, chassis_spin_vel=0.0, scan_enabled=True, allow_vision_control=True, search_when_target_lost=True, scan_yaw_rate_deg_s=120.0, search_pitch_deg=-6.0)

publishing #915: rm_decision_interfaces.msg.RobotControl(stop_gimbal_scan=True, chassis_spin_vel=0.0, scan_enabled=True, allow_vision_control=True, search_when_target_lost=True, scan_yaw_rate_deg_s=120.0, search_pitch_deg=-6.0)

[2026-03-28 05:41:32.634] [warning] MV_CC_OpenDevice failed: 0x80000203
publishing #916: rm_decision_interfaces.msg.RobotControl(stop_gimbal_scan=True, chassis_spin_vel=0.0, scan_enabled=True, allow_vision_control=True, search_when_target_lost=True, scan_yaw_rate_deg_s=120.0, search_pitch_deg=-6.0)

publishing #917: rm_decision_interfaces.msg.RobotControl(stop_gimbal_scan=True, chassis_spin_vel=0.0, scan_enabled=True, allow_vision_control=True, search_when_target_lost=True, scan_yaw_rate_deg_s=120.0, search_pitch_deg=-6.0)

publishing #918: rm_decision_interfaces.msg.RobotControl(stop_gimbal_scan=True, chassis_spin_vel=0.0, scan_enabled=True, allow_vision_control=True, search_when_target_lost=True, scan_yaw_rate_deg_s=120.0, search_pitch_deg=-6.0)

publishing #919: rm_decision_interfaces.msg.RobotControl(stop_gimbal_scan=True, chassis_spin_vel=0.0, scan_enabled=True, allow_vision_control=True, search_when_target_lost=True, scan_yaw_rate_deg_s=120.0, search_pitch_deg=-6.0)

publishing #920: rm_decision_interfaces.msg.RobotControl(stop_gimbal_scan=True, chassis_spin_vel=0.0, scan_enabled=True, allow_vision_control=True, search_when_target_lost=True, scan_yaw_rate_deg_s=120.0, search_pitch_deg=-6.0)

publishing #921: rm_decision_interfaces.msg.RobotControl(stop_gimbal_scan=True, chassis_spin_vel=0.0, scan_enabled=True, allow_vision_control=True, search_when_target_lost=True, scan_yaw_rate_deg_s=120.0, search_pitch_deg=-6.0)

publishing #922: rm_decision_interfaces.msg.RobotControl(stop_gimbal_scan=True, chassis_spin_vel=0.0, scan_enabled=True, allow_vision_control=True, search_when_target_lost=True, scan_yaw_rate_deg_s=120.0, search_pitch_deg=-6.0)

[2026-03-28 05:41:32.983] [info] Reset usb successfully :)
publishing #923: rm_decision_interfaces.msg.RobotControl(stop_gimbal_scan=True, chassis_spin_vel=0.0, scan_enabled=True, allow_vision_control=True, search_when_target_lost=True, scan_yaw_rate_deg_s=120.0, search_pitch_deg=-6.0)

publishing #924: rm_decision_interfaces.msg.RobotControl(stop_gimbal_scan=True, chassis_spin_vel=0.0, scan_enabled=True, allow_vision_control=True, search_when_target_lost=True, scan_yaw_rate_deg_s=120.0, search_pitch_deg=-6.0)

publishing #925: rm_decision_interfaces.msg.RobotControl(stop_gimbal_scan=True, chassis_spin_vel=0.0, scan_enabled=True, allow_vision_control=True, search_when_target_lost=True, scan_yaw_rate_deg_s=120.0, search_pitch_deg=-6.0)

publishing #926: rm_decision_interfaces.msg.RobotControl(stop_gimbal_scan=True, chassis_spin_vel=0.0, scan_enabled=True, allow_vision_control=True, search_when_target_lost=True, scan_yaw_rate_deg_s=120.0, search_pitch_deg=-6.0)

publishing #927: rm_decision_interfaces.msg.RobotControl(stop_gimbal_scan=True, chassis_spin_vel=0.0, scan_enabled=True, allow_vision_control=True, search_when_target_lost=True, scan_yaw_rate_deg_s=120.0, search_pitch_deg=-6.0)

publishing #928: rm_decision_interfaces.msg.RobotControl(stop_gimbal_scan=True, chassis_spin_vel=0.0, scan_enabled=True, allow_vision_control=True, search_when_target_lost=True, scan_yaw_rate_deg_s=120.0, search_pitch_deg=-6.0)

publishing #929: rm_decision_interfaces.msg.RobotControl(stop_gimbal_scan=True, chassis_spin_vel=0.0, scan_enabled=True, allow_vision_control=True, search_when_target_lost=True, scan_yaw_rate_deg_s=120.0, search_pitch_deg=-6.0)

[2026-03-28 05:41:33.328] [debug] [Gimbal] CRC16 check failed.
publishing #930: rm_decision_interfaces.msg.RobotControl(stop_gimbal_scan=True, chassis_spin_vel=0.0, scan_enabled=True, allow_vision_control=True, search_when_target_lost=True, scan_yaw_rate_deg_s=120.0, search_pitch_deg=-6.0)

publishing #931: rm_decision_interfaces.msg.RobotControl(stop_gimbal_scan=True, chassis_spin_vel=0.0, scan_enabled=True, allow_vision_control=True, search_when_target_lost=True, scan_yaw_rate_deg_s=120.0, search_pitch_deg=-6.0)

publishing #932: rm_decision_interfaces.msg.RobotControl(stop_gimbal_scan=True, chassis_spin_vel=0.0, scan_enabled=True, allow_vision_control=True, search_when_target_lost=True, scan_yaw_rate_deg_s=120.0, search_pitch_deg=-6.0)

publishing #933: rm_decision_interfaces.msg.RobotControl(stop_gimbal_scan=True, chassis_spin_vel=0.0, scan_enabled=True, allow_vision_control=True, search_when_target_lost=True, scan_yaw_rate_deg_s=120.0, search_pitch_deg=-6.0)

publishing #934: rm_decision_interfaces.msg.RobotControl(stop_gimbal_scan=True, chassis_spin_vel=0.0, scan_enabled=True, allow_vision_control=True, search_when_target_lost=True, scan_yaw_rate_deg_s=120.0, search_pitch_deg=-6.0)

publishing #935: rm_decision_interfaces.msg.RobotControl(stop_gimbal_scan=True, chassis_spin_vel=0.0, scan_enabled=True, allow_vision_control=True, search_when_target_lost=True, scan_yaw_rate_deg_s=120.0, search_pitch_deg=-6.0)

publishing #936: rm_decision_interfaces.msg.RobotControl(stop_gimbal_scan=True, chassis_spin_vel=0.0, scan_enabled=True, allow_vision_control=True, search_when_target_lost=True, scan_yaw_rate_deg_s=120.0, search_pitch_deg=-6.0)

publishing #937: rm_decision_interfaces.msg.RobotControl(stop_gimbal_scan=True, chassis_spin_vel=0.0, scan_enabled=True, allow_vision_control=True, search_when_target_lost=True, scan_yaw_rate_deg_s=120.0, search_pitch_deg=-6.0)

publishing #938: rm_decision_interfaces.msg.RobotControl(stop_gimbal_scan=True, chassis_spin_vel=0.0, scan_enabled=True, allow_vision_control=True, search_when_target_lost=True, scan_yaw_rate_deg_s=120.0, search_pitch_deg=-6.0)

[2026-03-28 05:41:33.798] [info] [Gimbal] Received 1700 packets, freq=56.8Hz
publishing #939: rm_decision_interfaces.msg.RobotControl(stop_gimbal_scan=True, chassis_spin_vel=0.0, scan_enabled=True, allow_vision_control=True, search_when_target_lost=True, scan_yaw_rate_deg_s=120.0, search_pitch_deg=-6.0)

publishing #940: rm_decision_interfaces.msg.RobotControl(stop_gimbal_scan=True, chassis_spin_vel=0.0, scan_enabled=True, allow_vision_control=True, search_when_target_lost=True, scan_yaw_rate_deg_s=120.0, search_pitch_deg=-6.0)

publishing #941: rm_decision_interfaces.msg.RobotControl(stop_gimbal_scan=True, chassis_spin_vel=0.0, scan_enabled=True, allow_vision_control=True, search_when_target_lost=True, scan_yaw_rate_deg_s=120.0, search_pitch_deg=-6.0)

publishing #942: rm_decision_interfaces.msg.RobotControl(stop_gimbal_scan=True, chassis_spin_vel=0.0, scan_enabled=True, allow_vision_control=True, search_when_target_lost=True, scan_yaw_rate_deg_s=120.0, search_pitch_deg=-6.0)

publishing #943: rm_decision_interfaces.msg.RobotControl(stop_gimbal_scan=True, chassis_spin_vel=0.0, scan_enabled=True, allow_vision_control=True, search_when_target_lost=True, scan_yaw_rate_deg_s=120.0, search_pitch_deg=-6.0)

publishing #944: rm_decision_interfaces.msg.RobotControl(stop_gimbal_scan=True, chassis_spin_vel=0.0, scan_enabled=True, allow_vision_control=True, search_when_target_lost=True, scan_yaw_rate_deg_s=120.0, search_pitch_deg=-6.0)

publishing #945: rm_decision_interfaces.msg.RobotControl(stop_gimbal_scan=True, chassis_spin_vel=0.0, scan_enabled=True, allow_vision_control=True, search_when_target_lost=True, scan_yaw_rate_deg_s=120.0, search_pitch_deg=-6.0)

publishing #946: rm_decision_interfaces.msg.RobotControl(stop_gimbal_scan=True, chassis_spin_vel=0.0, scan_enabled=True, allow_vision_control=True, search_when_target_lost=True, scan_yaw_rate_deg_s=120.0, search_pitch_deg=-6.0)

publishing #947: rm_decision_interfaces.msg.RobotControl(stop_gimbal_scan=True, chassis_spin_vel=0.0, scan_enabled=True, allow_vision_control=True, search_when_target_lost=True, scan_yaw_rate_deg_s=120.0, search_pitch_deg=-6.0)

publishing #948: rm_decision_interfaces.msg.RobotControl(stop_gimbal_scan=True, chassis_spin_vel=0.0, scan_enabled=True, allow_vision_control=True, search_when_target_lost=True, scan_yaw_rate_deg_s=120.0, search_pitch_deg=-6.0)

publishing #949: rm_decision_interfaces.msg.RobotControl(stop_gimbal_scan=True, chassis_spin_vel=0.0, scan_enabled=True, allow_vision_control=True, search_when_target_lost=True, scan_yaw_rate_deg_s=120.0, search_pitch_deg=-6.0)

publishing #950: rm_decision_interfaces.msg.RobotControl(stop_gimbal_scan=True, chassis_spin_vel=0.0, scan_enabled=True, allow_vision_control=True, search_when_target_lost=True, scan_yaw_rate_deg_s=120.0, search_pitch_deg=-6.0)

publishing #951: rm_decision_interfaces.msg.RobotControl(stop_gimbal_scan=True, chassis_spin_vel=0.0, scan_enabled=True, allow_vision_control=True, search_when_target_lost=True, scan_yaw_rate_deg_s=120.0, search_pitch_deg=-6.0)

publishing #952: rm_decision_interfaces.msg.RobotControl(stop_gimbal_scan=True, chassis_spin_vel=0.0, scan_enabled=True, allow_vision_control=True, search_when_target_lost=True, scan_yaw_rate_deg_s=120.0, search_pitch_deg=-6.0)

[2026-03-28 05:41:34.485] [warning] MV_CC_OpenDevice failed: 0x80000203
publishing #953: rm_decision_interfaces.msg.RobotControl(stop_gimbal_scan=True, chassis_spin_vel=0.0, scan_enabled=True, allow_vision_control=True, search_when_target_lost=True, scan_yaw_rate_deg_s=120.0, search_pitch_deg=-6.0)

publishing #954: rm_decision_interfaces.msg.RobotControl(stop_gimbal_scan=True, chassis_spin_vel=0.0, scan_enabled=True, allow_vision_control=True, search_when_target_lost=True, scan_yaw_rate_deg_s=120.0, search_pitch_deg=-6.0)

publishing #955: rm_decision_interfaces.msg.RobotControl(stop_gimbal_scan=True, chassis_spin_vel=0.0, scan_enabled=True, allow_vision_control=True, search_when_target_lost=True, scan_yaw_rate_deg_s=120.0, search_pitch_deg=-6.0)

publishing #956: rm_decision_interfaces.msg.RobotControl(stop_gimbal_scan=True, chassis_spin_vel=0.0, scan_enabled=True, allow_vision_control=True, search_when_target_lost=True, scan_yaw_rate_deg_s=120.0, search_pitch_deg=-6.0)

publishing #957: rm_decision_interfaces.msg.RobotControl(stop_gimbal_scan=True, chassis_spin_vel=0.0, scan_enabled=True, allow_vision_control=True, search_when_target_lost=True, scan_yaw_rate_deg_s=120.0, search_pitch_deg=-6.0)

publishing #958: rm_decision_interfaces.msg.RobotControl(stop_gimbal_scan=True, chassis_spin_vel=0.0, scan_enabled=True, allow_vision_control=True, search_when_target_lost=True, scan_yaw_rate_deg_s=120.0, search_pitch_deg=-6.0)

publishing #959: rm_decision_interfaces.msg.RobotControl(stop_gimbal_scan=True, chassis_spin_vel=0.0, scan_enabled=True, allow_vision_control=True, search_when_target_lost=True, scan_yaw_rate_deg_s=120.0, search_pitch_deg=-6.0)

[2026-03-28 05:41:34.835] [info] Reset usb successfully :)
publishing #960: rm_decision_interfaces.msg.RobotControl(stop_gimbal_scan=True, chassis_spin_vel=0.0, scan_enabled=True, allow_vision_control=True, search_when_target_lost=True, scan_yaw_rate_deg_s=120.0, search_pitch_deg=-6.0)

publishing #961: rm_decision_interfaces.msg.RobotControl(stop_gimbal_scan=True, chassis_spin_vel=0.0, scan_enabled=True, allow_vision_control=True, search_when_target_lost=True, scan_yaw_rate_deg_s=120.0, search_pitch_deg=-6.0)

publishing #962: rm_decision_interfaces.msg.RobotControl(stop_gimbal_scan=True, chassis_spin_vel=0.0, scan_enabled=True, allow_vision_control=True, search_when_target_lost=True, scan_yaw_rate_deg_s=120.0, search_pitch_deg=-6.0)

publishing #963: rm_decision_interfaces.msg.RobotControl(stop_gimbal_scan=True, chassis_spin_vel=0.0, scan_enabled=True, allow_vision_control=True, search_when_target_lost=True, scan_yaw_rate_deg_s=120.0, search_pitch_deg=-6.0)

publishing #964: rm_decision_interfaces.msg.RobotControl(stop_gimbal_scan=True, chassis_spin_vel=0.0, scan_enabled=True, allow_vision_control=True, search_when_target_lost=True, scan_yaw_rate_deg_s=120.0, search_pitch_deg=-6.0)

[2026-03-28 05:41:35.088] [info] [Gimbal] Received 1800 packets, freq=77.5Hz
publishing #965: rm_decision_interfaces.msg.RobotControl(stop_gimbal_scan=True, chassis_spin_vel=0.0, scan_enabled=True, allow_vision_control=True, search_when_target_lost=True, scan_yaw_rate_deg_s=120.0, search_pitch_deg=-6.0)

publishing #966: rm_decision_interfaces.msg.RobotControl(stop_gimbal_scan=True, chassis_spin_vel=0.0, scan_enabled=True, allow_vision_control=True, search_when_target_lost=True, scan_yaw_rate_deg_s=120.0, search_pitch_deg=-6.0)

publishing #967: rm_decision_interfaces.msg.RobotControl(stop_gimbal_scan=True, chassis_spin_vel=0.0, scan_enabled=True, allow_vision_control=True, search_when_target_lost=True, scan_yaw_rate_deg_s=120.0, search_pitch_deg=-6.0)

publishing #968: rm_decision_interfaces.msg.RobotControl(stop_gimbal_scan=True, chassis_spin_vel=0.0, scan_enabled=True, allow_vision_control=True, search_when_target_lost=True, scan_yaw_rate_deg_s=120.0, search_pitch_deg=-6.0)

publishing #969: rm_decision_interfaces.msg.RobotControl(stop_gimbal_scan=True, chassis_spin_vel=0.0, scan_enabled=True, allow_vision_control=True, search_when_target_lost=True, scan_yaw_rate_deg_s=120.0, search_pitch_deg=-6.0)

publishing #970: rm_decision_interfaces.msg.RobotControl(stop_gimbal_scan=True, chassis_spin_vel=0.0, scan_enabled=True, allow_vision_control=True, search_when_target_lost=True, scan_yaw_rate_deg_s=120.0, search_pitch_deg=-6.0)

publishing #971: rm_decision_interfaces.msg.RobotControl(stop_gimbal_scan=True, chassis_spin_vel=0.0, scan_enabled=True, allow_vision_control=True, search_when_target_lost=True, scan_yaw_rate_deg_s=120.0, search_pitch_deg=-6.0)

publishing #972: rm_decision_interfaces.msg.RobotControl(stop_gimbal_scan=True, chassis_spin_vel=0.0, scan_enabled=True, allow_vision_control=True, search_when_target_lost=True, scan_yaw_rate_deg_s=120.0, search_pitch_deg=-6.0)

publishing #973: rm_decision_interfaces.msg.RobotControl(stop_gimbal_scan=True, chassis_spin_vel=0.0, scan_enabled=True, allow_vision_control=True, search_when_target_lost=True, scan_yaw_rate_deg_s=120.0, search_pitch_deg=-6.0)

publishing #974: rm_decision_interfaces.msg.RobotControl(stop_gimbal_scan=True, chassis_spin_vel=0.0, scan_enabled=True, allow_vision_control=True, search_when_target_lost=True, scan_yaw_rate_deg_s=120.0, search_pitch_deg=-6.0)

publishing #975: rm_decision_interfaces.msg.RobotControl(stop_gimbal_scan=True, chassis_spin_vel=0.0, scan_enabled=True, allow_vision_control=True, search_when_target_lost=True, scan_yaw_rate_deg_s=120.0, search_pitch_deg=-6.0)

publishing #976: rm_decision_interfaces.msg.RobotControl(stop_gimbal_scan=True, chassis_spin_vel=0.0, scan_enabled=True, allow_vision_control=True, search_when_target_lost=True, scan_yaw_rate_deg_s=120.0, search_pitch_deg=-6.0)

publishing #977: rm_decision_interfaces.msg.RobotControl(stop_gimbal_scan=True, chassis_spin_vel=0.0, scan_enabled=True, allow_vision_control=True, search_when_target_lost=True, scan_yaw_rate_deg_s=120.0, search_pitch_deg=-6.0)

publishing #978: rm_decision_interfaces.msg.RobotControl(stop_gimbal_scan=True, chassis_spin_vel=0.0, scan_enabled=True, allow_vision_control=True, search_when_target_lost=True, scan_yaw_rate_deg_s=120.0, search_pitch_deg=-6.0)

publishing #979: rm_decision_interfaces.msg.RobotControl(stop_gimbal_scan=True, chassis_spin_vel=0.0, scan_enabled=True, allow_vision_control=True, search_when_target_lost=True, scan_yaw_rate_deg_s=120.0, search_pitch_deg=-6.0)

publishing #980: rm_decision_interfaces.msg.RobotControl(stop_gimbal_scan=True, chassis_spin_vel=0.0, scan_enabled=True, allow_vision_control=True, search_when_target_lost=True, scan_yaw_rate_deg_s=120.0, search_pitch_deg=-6.0)

publishing #981: rm_decision_interfaces.msg.RobotControl(stop_gimbal_scan=True, chassis_spin_vel=0.0, scan_enabled=True, allow_vision_control=True, search_when_target_lost=True, scan_yaw_rate_deg_s=120.0, search_pitch_deg=-6.0)

publishing #982: rm_decision_interfaces.msg.RobotControl(stop_gimbal_scan=True, chassis_spin_vel=0.0, scan_enabled=True, allow_vision_control=True, search_when_target_lost=True, scan_yaw_rate_deg_s=120.0, search_pitch_deg=-6.0)

publishing #983: rm_decision_interfaces.msg.RobotControl(stop_gimbal_scan=True, chassis_spin_vel=0.0, scan_enabled=True, allow_vision_control=True, search_when_target_lost=True, scan_yaw_rate_deg_s=120.0, search_pitch_deg=-6.0)

publishing #984: rm_decision_interfaces.msg.RobotControl(stop_gimbal_scan=True, chassis_spin_vel=0.0, scan_enabled=True, allow_vision_control=True, search_when_target_lost=True, scan_yaw_rate_deg_s=120.0, search_pitch_deg=-6.0)

publishing #985: rm_decision_interfaces.msg.RobotControl(stop_gimbal_scan=True, chassis_spin_vel=0.0, scan_enabled=True, allow_vision_control=True, search_when_target_lost=True, scan_yaw_rate_deg_s=120.0, search_pitch_deg=-6.0)

publishing #986: rm_decision_interfaces.msg.RobotControl(stop_gimbal_scan=True, chassis_spin_vel=0.0, scan_enabled=True, allow_vision_control=True, search_when_target_lost=True, scan_yaw_rate_deg_s=120.0, search_pitch_deg=-6.0)

publishing #987: rm_decision_interfaces.msg.RobotControl(stop_gimbal_scan=True, chassis_spin_vel=0.0, scan_enabled=True, allow_vision_control=True, search_when_target_lost=True, scan_yaw_rate_deg_s=120.0, search_pitch_deg=-6.0)

publishing #988: rm_decision_interfaces.msg.RobotControl(stop_gimbal_scan=True, chassis_spin_vel=0.0, scan_enabled=True, allow_vision_control=True, search_when_target_lost=True, scan_yaw_rate_deg_s=120.0, search_pitch_deg=-6.0)

publishing #989: rm_decision_interfaces.msg.RobotControl(stop_gimbal_scan=True, chassis_spin_vel=0.0, scan_enabled=True, allow_vision_control=True, search_when_target_lost=True, scan_yaw_rate_deg_s=120.0, search_pitch_deg=-6.0)

[2026-03-28 05:41:36.337] [warning] MV_CC_OpenDevice failed: 0x80000203
publishing #990: rm_decision_interfaces.msg.RobotControl(stop_gimbal_scan=True, chassis_spin_vel=0.0, scan_enabled=True, allow_vision_control=True, search_when_target_lost=True, scan_yaw_rate_deg_s=120.0, search_pitch_deg=-6.0)

publishing #991: rm_decision_interfaces.msg.RobotControl(stop_gimbal_scan=True, chassis_spin_vel=0.0, scan_enabled=True, allow_vision_control=True, search_when_target_lost=True, scan_yaw_rate_deg_s=120.0, search_pitch_deg=-6.0)

publishing #992: rm_decision_interfaces.msg.RobotControl(stop_gimbal_scan=True, chassis_spin_vel=0.0, scan_enabled=True, allow_vision_control=True, search_when_target_lost=True, scan_yaw_rate_deg_s=120.0, search_pitch_deg=-6.0)

[2026-03-28 05:41:36.478] [debug] [Gimbal] CRC16 check failed.
publishing #993: rm_decision_interfaces.msg.RobotControl(stop_gimbal_scan=True, chassis_spin_vel=0.0, scan_enabled=True, allow_vision_control=True, search_when_target_lost=True, scan_yaw_rate_deg_s=120.0, search_pitch_deg=-6.0)

publishing #994: rm_decision_interfaces.msg.RobotControl(stop_gimbal_scan=True, chassis_spin_vel=0.0, scan_enabled=True, allow_vision_control=True, search_when_target_lost=True, scan_yaw_rate_deg_s=120.0, search_pitch_deg=-6.0)

publishing #995: rm_decision_interfaces.msg.RobotControl(stop_gimbal_scan=True, chassis_spin_vel=0.0, scan_enabled=True, allow_vision_control=True, search_when_target_lost=True, scan_yaw_rate_deg_s=120.0, search_pitch_deg=-6.0)

[2026-03-28 05:41:36.637] [info] [Gimbal] Received 1900 packets, freq=64.6Hz
publishing #996: rm_decision_interfaces.msg.RobotControl(stop_gimbal_scan=True, chassis_spin_vel=0.0, scan_enabled=True, allow_vision_control=True, search_when_target_lost=True, scan_yaw_rate_deg_s=120.0, search_pitch_deg=-6.0)

[2026-03-28 05:41:36.686] [info] Reset usb successfully :)
publishing #997: rm_decision_interfaces.msg.RobotControl(stop_gimbal_scan=True, chassis_spin_vel=0.0, scan_enabled=True, allow_vision_control=True, search_when_target_lost=True, scan_yaw_rate_deg_s=120.0, search_pitch_deg=-6.0)

publishing #998: rm_decision_interfaces.msg.RobotControl(stop_gimbal_scan=True, chassis_spin_vel=0.0, scan_enabled=True, allow_vision_control=True, search_when_target_lost=True, scan_yaw_rate_deg_s=120.0, search_pitch_deg=-6.0)

publishing #999: rm_decision_interfaces.msg.RobotControl(stop_gimbal_scan=True, chassis_spin_vel=0.0, scan_enabled=True, allow_vision_control=True, search_when_target_lost=True, scan_yaw_rate_deg_s=120.0, search_pitch_deg=-6.0)

publishing #1000: rm_decision_interfaces.msg.RobotControl(stop_gimbal_scan=True, chassis_spin_vel=0.0, scan_enabled=True, allow_vision_control=True, search_when_target_lost=True, scan_yaw_rate_deg_s=120.0, search_pitch_deg=-6.0)

publishing #1001: rm_decision_interfaces.msg.RobotControl(stop_gimbal_scan=True, chassis_spin_vel=0.0, scan_enabled=True, allow_vision_control=True, search_when_target_lost=True, scan_yaw_rate_deg_s=120.0, search_pitch_deg=-6.0)

publishing #1002: rm_decision_interfaces.msg.RobotControl(stop_gimbal_scan=True, chassis_spin_vel=0.0, scan_enabled=True, allow_vision_control=True, search_when_target_lost=True, scan_yaw_rate_deg_s=120.0, search_pitch_deg=-6.0)

publishing #1003: rm_decision_interfaces.msg.RobotControl(stop_gimbal_scan=True, chassis_spin_vel=0.0, scan_enabled=True, allow_vision_control=True, search_when_target_lost=True, scan_yaw_rate_deg_s=120.0, search_pitch_deg=-6.0)

publishing #1004: rm_decision_interfaces.msg.RobotControl(stop_gimbal_scan=True, chassis_spin_vel=0.0, scan_enabled=True, allow_vision_control=True, search_when_target_lost=True, scan_yaw_rate_deg_s=120.0, search_pitch_deg=-6.0)

publishing #1005: rm_decision_interfaces.msg.RobotControl(stop_gimbal_scan=True, chassis_spin_vel=0.0, scan_enabled=True, allow_vision_control=True, search_when_target_lost=True, scan_yaw_rate_deg_s=120.0, search_pitch_deg=-6.0)

publishing #1006: rm_decision_interfaces.msg.RobotControl(stop_gimbal_scan=True, chassis_spin_vel=0.0, scan_enabled=True, allow_vision_control=True, search_when_target_lost=True, scan_yaw_rate_deg_s=120.0, search_pitch_deg=-6.0)

publishing #1007: rm_decision_interfaces.msg.RobotControl(stop_gimbal_scan=True, chassis_spin_vel=0.0, scan_enabled=True, allow_vision_control=True, search_when_target_lost=True, scan_yaw_rate_deg_s=120.0, search_pitch_deg=-6.0)

publishing #1008: rm_decision_interfaces.msg.RobotControl(stop_gimbal_scan=True, chassis_spin_vel=0.0, scan_enabled=True, allow_vision_control=True, search_when_target_lost=True, scan_yaw_rate_deg_s=120.0, search_pitch_deg=-6.0)

publishing #1009: rm_decision_interfaces.msg.RobotControl(stop_gimbal_scan=True, chassis_spin_vel=0.0, scan_enabled=True, allow_vision_control=True, search_when_target_lost=True, scan_yaw_rate_deg_s=120.0, search_pitch_deg=-6.0)

publishing #1010: rm_decision_interfaces.msg.RobotControl(stop_gimbal_scan=True, chassis_spin_vel=0.0, scan_enabled=True, allow_vision_control=True, search_when_target_lost=True, scan_yaw_rate_deg_s=120.0, search_pitch_deg=-6.0)

publishing #1011: rm_decision_interfaces.msg.RobotControl(stop_gimbal_scan=True, chassis_spin_vel=0.0, scan_enabled=True, allow_vision_control=True, search_when_target_lost=True, scan_yaw_rate_deg_s=120.0, search_pitch_deg=-6.0)

[2026-03-28 05:41:37.417] [debug] [Gimbal] CRC16 check failed.
publishing #1012: rm_decision_interfaces.msg.RobotControl(stop_gimbal_scan=True, chassis_spin_vel=0.0, scan_enabled=True, allow_vision_control=True, search_when_target_lost=True, scan_yaw_rate_deg_s=120.0, search_pitch_deg=-6.0)

publishing #1013: rm_decision_interfaces.msg.RobotControl(stop_gimbal_scan=True, chassis_spin_vel=0.0, scan_enabled=True, allow_vision_control=True, search_when_target_lost=True, scan_yaw_rate_deg_s=120.0, search_pitch_deg=-6.0)

publishing #1014: rm_decision_interfaces.msg.RobotControl(stop_gimbal_scan=True, chassis_spin_vel=0.0, scan_enabled=True, allow_vision_control=True, search_when_target_lost=True, scan_yaw_rate_deg_s=120.0, search_pitch_deg=-6.0)

publishing #1015: rm_decision_interfaces.msg.RobotControl(stop_gimbal_scan=True, chassis_spin_vel=0.0, scan_enabled=True, allow_vision_control=True, search_when_target_lost=True, scan_yaw_rate_deg_s=120.0, search_pitch_deg=-6.0)

[2026-03-28 05:41:37.608] [debug] [Gimbal] CRC16 check failed.
publishing #1016: rm_decision_interfaces.msg.RobotControl(stop_gimbal_scan=True, chassis_spin_vel=0.0, scan_enabled=True, allow_vision_control=True, search_when_target_lost=True, scan_yaw_rate_deg_s=120.0, search_pitch_deg=-6.0)

publishing #1017: rm_decision_interfaces.msg.RobotControl(stop_gimbal_scan=True, chassis_spin_vel=0.0, scan_enabled=True, allow_vision_control=True, search_when_target_lost=True, scan_yaw_rate_deg_s=120.0, search_pitch_deg=-6.0)

publishing #1018: rm_decision_interfaces.msg.RobotControl(stop_gimbal_scan=True, chassis_spin_vel=0.0, scan_enabled=True, allow_vision_control=True, search_when_target_lost=True, scan_yaw_rate_deg_s=120.0, search_pitch_deg=-6.0)

publishing #1019: rm_decision_interfaces.msg.RobotControl(stop_gimbal_scan=True, chassis_spin_vel=0.0, scan_enabled=True, allow_vision_control=True, search_when_target_lost=True, scan_yaw_rate_deg_s=120.0, search_pitch_deg=-6.0)

publishing #1020: rm_decision_interfaces.msg.RobotControl(stop_gimbal_scan=True, chassis_spin_vel=0.0, scan_enabled=True, allow_vision_control=True, search_when_target_lost=True, scan_yaw_rate_deg_s=120.0, search_pitch_deg=-6.0)

publishing #1021: rm_decision_interfaces.msg.RobotControl(stop_gimbal_scan=True, chassis_spin_vel=0.0, scan_enabled=True, allow_vision_control=True, search_when_target_lost=True, scan_yaw_rate_deg_s=120.0, search_pitch_deg=-6.0)

publishing #1022: rm_decision_interfaces.msg.RobotControl(stop_gimbal_scan=True, chassis_spin_vel=0.0, scan_enabled=True, allow_vision_control=True, search_when_target_lost=True, scan_yaw_rate_deg_s=120.0, search_pitch_deg=-6.0)

publishing #1023: rm_decision_interfaces.msg.RobotControl(stop_gimbal_scan=True, chassis_spin_vel=0.0, scan_enabled=True, allow_vision_control=True, search_when_target_lost=True, scan_yaw_rate_deg_s=120.0, search_pitch_deg=-6.0)

publishing #1024: rm_decision_interfaces.msg.RobotControl(stop_gimbal_scan=True, chassis_spin_vel=0.0, scan_enabled=True, allow_vision_control=True, search_when_target_lost=True, scan_yaw_rate_deg_s=120.0, search_pitch_deg=-6.0)

[2026-03-28 05:41:38.087] [debug] [Gimbal] CRC16 check failed.
publishing #1025: rm_decision_interfaces.msg.RobotControl(stop_gimbal_scan=True, chassis_spin_vel=0.0, scan_enabled=True, allow_vision_control=True, search_when_target_lost=True, scan_yaw_rate_deg_s=120.0, search_pitch_deg=-6.0)

publishing #1026: rm_decision_interfaces.msg.RobotControl(stop_gimbal_scan=True, chassis_spin_vel=0.0, scan_enabled=True, allow_vision_control=True, search_when_target_lost=True, scan_yaw_rate_deg_s=120.0, search_pitch_deg=-6.0)

[2026-03-28 05:41:38.190] [warning] MV_CC_OpenDevice failed: 0x80000203
publishing #1027: rm_decision_interfaces.msg.RobotControl(stop_gimbal_scan=True, chassis_spin_vel=0.0, scan_enabled=True, allow_vision_control=True, search_when_target_lost=True, scan_yaw_rate_deg_s=120.0, search_pitch_deg=-6.0)

publishing #1028: rm_decision_interfaces.msg.RobotControl(stop_gimbal_scan=True, chassis_spin_vel=0.0, scan_enabled=True, allow_vision_control=True, search_when_target_lost=True, scan_yaw_rate_deg_s=120.0, search_pitch_deg=-6.0)

publishing #1029: rm_decision_interfaces.msg.RobotControl(stop_gimbal_scan=True, chassis_spin_vel=0.0, scan_enabled=True, allow_vision_control=True, search_when_target_lost=True, scan_yaw_rate_deg_s=120.0, search_pitch_deg=-6.0)

publishing #1030: rm_decision_interfaces.msg.RobotControl(stop_gimbal_scan=True, chassis_spin_vel=0.0, scan_enabled=True, allow_vision_control=True, search_when_target_lost=True, scan_yaw_rate_deg_s=120.0, search_pitch_deg=-6.0)

publishing #1031: rm_decision_interfaces.msg.RobotControl(stop_gimbal_scan=True, chassis_spin_vel=0.0, scan_enabled=True, allow_vision_control=True, search_when_target_lost=True, scan_yaw_rate_deg_s=120.0, search_pitch_deg=-6.0)

publishing #1032: rm_decision_interfaces.msg.RobotControl(stop_gimbal_scan=True, chassis_spin_vel=0.0, scan_enabled=True, allow_vision_control=True, search_when_target_lost=True, scan_yaw_rate_deg_s=120.0, search_pitch_deg=-6.0)

publishing #1033: rm_decision_interfaces.msg.RobotControl(stop_gimbal_scan=True, chassis_spin_vel=0.0, scan_enabled=True, allow_vision_control=True, search_when_target_lost=True, scan_yaw_rate_deg_s=120.0, search_pitch_deg=-6.0)

[2026-03-28 05:41:38.541] [info] Reset usb successfully :)
publishing #1034: rm_decision_interfaces.msg.RobotControl(stop_gimbal_scan=True, chassis_spin_vel=0.0, scan_enabled=True, allow_vision_control=True, search_when_target_lost=True, scan_yaw_rate_deg_s=120.0, search_pitch_deg=-6.0)

publishing #1035: rm_decision_interfaces.msg.RobotControl(stop_gimbal_scan=True, chassis_spin_vel=0.0, scan_enabled=True, allow_vision_control=True, search_when_target_lost=True, scan_yaw_rate_deg_s=120.0, search_pitch_deg=-6.0)

publishing #1036: rm_decision_interfaces.msg.RobotControl(stop_gimbal_scan=True, chassis_spin_vel=0.0, scan_enabled=True, allow_vision_control=True, search_when_target_lost=True, scan_yaw_rate_deg_s=120.0, search_pitch_deg=-6.0)

publishing #1037: rm_decision_interfaces.msg.RobotControl(stop_gimbal_scan=True, chassis_spin_vel=0.0, scan_enabled=True, allow_vision_control=True, search_when_target_lost=True, scan_yaw_rate_deg_s=120.0, search_pitch_deg=-6.0)

publishing #1038: rm_decision_interfaces.msg.RobotControl(stop_gimbal_scan=True, chassis_spin_vel=0.0, scan_enabled=True, allow_vision_control=True, search_when_target_lost=True, scan_yaw_rate_deg_s=120.0, search_pitch_deg=-6.0)

[2026-03-28 05:41:38.777] [debug] [Gimbal] CRC16 check failed.
publishing #1039: rm_decision_interfaces.msg.RobotControl(stop_gimbal_scan=True, chassis_spin_vel=0.0, scan_enabled=True, allow_vision_control=True, search_when_target_lost=True, scan_yaw_rate_deg_s=120.0, search_pitch_deg=-6.0)

publishing #1040: rm_decision_interfaces.msg.RobotControl(stop_gimbal_scan=True, chassis_spin_vel=0.0, scan_enabled=True, allow_vision_control=True, search_when_target_lost=True, scan_yaw_rate_deg_s=120.0, search_pitch_deg=-6.0)

[2026-03-28 05:41:38.877] [debug] [Gimbal] CRC16 check failed.
publishing #1041: rm_decision_interfaces.msg.RobotControl(stop_gimbal_scan=True, chassis_spin_vel=0.0, scan_enabled=True, allow_vision_control=True, search_when_target_lost=True, scan_yaw_rate_deg_s=120.0, search_pitch_deg=-6.0)

publishing #1042: rm_decision_interfaces.msg.RobotControl(stop_gimbal_scan=True, chassis_spin_vel=0.0, scan_enabled=True, allow_vision_control=True, search_when_target_lost=True, scan_yaw_rate_deg_s=120.0, search_pitch_deg=-6.0)

publishing #1043: rm_decision_interfaces.msg.RobotControl(stop_gimbal_scan=True, chassis_spin_vel=0.0, scan_enabled=True, allow_vision_control=True, search_when_target_lost=True, scan_yaw_rate_deg_s=120.0, search_pitch_deg=-6.0)

publishing #1044: rm_decision_interfaces.msg.RobotControl(stop_gimbal_scan=True, chassis_spin_vel=0.0, scan_enabled=True, allow_vision_control=True, search_when_target_lost=True, scan_yaw_rate_deg_s=120.0, search_pitch_deg=-6.0)

publishing #1045: rm_decision_interfaces.msg.RobotControl(stop_gimbal_scan=True, chassis_spin_vel=0.0, scan_enabled=True, allow_vision_control=True, search_when_target_lost=True, scan_yaw_rate_deg_s=120.0, search_pitch_deg=-6.0)

publishing #1046: rm_decision_interfaces.msg.RobotControl(stop_gimbal_scan=True, chassis_spin_vel=0.0, scan_enabled=True, allow_vision_control=True, search_when_target_lost=True, scan_yaw_rate_deg_s=120.0, search_pitch_deg=-6.0)

publishing #1047: rm_decision_interfaces.msg.RobotControl(stop_gimbal_scan=True, chassis_spin_vel=0.0, scan_enabled=True, allow_vision_control=True, search_when_target_lost=True, scan_yaw_rate_deg_s=120.0, search_pitch_deg=-6.0)

publishing #1048: rm_decision_interfaces.msg.RobotControl(stop_gimbal_scan=True, chassis_spin_vel=0.0, scan_enabled=True, allow_vision_control=True, search_when_target_lost=True, scan_yaw_rate_deg_s=120.0, search_pitch_deg=-6.0)

publishing #1049: rm_decision_interfaces.msg.RobotControl(stop_gimbal_scan=True, chassis_spin_vel=0.0, scan_enabled=True, allow_vision_control=True, search_when_target_lost=True, scan_yaw_rate_deg_s=120.0, search_pitch_deg=-6.0)

publishing #1050: rm_decision_interfaces.msg.RobotControl(stop_gimbal_scan=True, chassis_spin_vel=0.0, scan_enabled=True, allow_vision_control=True, search_when_target_lost=True, scan_yaw_rate_deg_s=120.0, search_pitch_deg=-6.0)

publishing #1051: rm_decision_interfaces.msg.RobotControl(stop_gimbal_scan=True, chassis_spin_vel=0.0, scan_enabled=True, allow_vision_control=True, search_when_target_lost=True, scan_yaw_rate_deg_s=120.0, search_pitch_deg=-6.0)

publishing #1052: rm_decision_interfaces.msg.RobotControl(stop_gimbal_scan=True, chassis_spin_vel=0.0, scan_enabled=True, allow_vision_control=True, search_when_target_lost=True, scan_yaw_rate_deg_s=120.0, search_pitch_deg=-6.0)

publishing #1053: rm_decision_interfaces.msg.RobotControl(stop_gimbal_scan=True, chassis_spin_vel=0.0, scan_enabled=True, allow_vision_control=True, search_when_target_lost=True, scan_yaw_rate_deg_s=120.0, search_pitch_deg=-6.0)

publishing #1054: rm_decision_interfaces.msg.RobotControl(stop_gimbal_scan=True, chassis_spin_vel=0.0, scan_enabled=True, allow_vision_control=True, search_when_target_lost=True, scan_yaw_rate_deg_s=120.0, search_pitch_deg=-6.0)

publishing #1055: rm_decision_interfaces.msg.RobotControl(stop_gimbal_scan=True, chassis_spin_vel=0.0, scan_enabled=True, allow_vision_control=True, search_when_target_lost=True, scan_yaw_rate_deg_s=120.0, search_pitch_deg=-6.0)

publishing #1056: rm_decision_interfaces.msg.RobotControl(stop_gimbal_scan=True, chassis_spin_vel=0.0, scan_enabled=True, allow_vision_control=True, search_when_target_lost=True, scan_yaw_rate_deg_s=120.0, search_pitch_deg=-6.0)

publishing #1057: rm_decision_interfaces.msg.RobotControl(stop_gimbal_scan=True, chassis_spin_vel=0.0, scan_enabled=True, allow_vision_control=True, search_when_target_lost=True, scan_yaw_rate_deg_s=120.0, search_pitch_deg=-6.0)

publishing #1058: rm_decision_interfaces.msg.RobotControl(stop_gimbal_scan=True, chassis_spin_vel=0.0, scan_enabled=True, allow_vision_control=True, search_when_target_lost=True, scan_yaw_rate_deg_s=120.0, search_pitch_deg=-6.0)

publishing #1059: rm_decision_interfaces.msg.RobotControl(stop_gimbal_scan=True, chassis_spin_vel=0.0, scan_enabled=True, allow_vision_control=True, search_when_target_lost=True, scan_yaw_rate_deg_s=120.0, search_pitch_deg=-6.0)

publishing #1060: rm_decision_interfaces.msg.RobotControl(stop_gimbal_scan=True, chassis_spin_vel=0.0, scan_enabled=True, allow_vision_control=True, search_when_target_lost=True, scan_yaw_rate_deg_s=120.0, search_pitch_deg=-6.0)

publishing #1061: rm_decision_interfaces.msg.RobotControl(stop_gimbal_scan=True, chassis_spin_vel=0.0, scan_enabled=True, allow_vision_control=True, search_when_target_lost=True, scan_yaw_rate_deg_s=120.0, search_pitch_deg=-6.0)

publishing #1062: rm_decision_interfaces.msg.RobotControl(stop_gimbal_scan=True, chassis_spin_vel=0.0, scan_enabled=True, allow_vision_control=True, search_when_target_lost=True, scan_yaw_rate_deg_s=120.0, search_pitch_deg=-6.0)

publishing #1063: rm_decision_interfaces.msg.RobotControl(stop_gimbal_scan=True, chassis_spin_vel=0.0, scan_enabled=True, allow_vision_control=True, search_when_target_lost=True, scan_yaw_rate_deg_s=120.0, search_pitch_deg=-6.0)

[2026-03-28 05:41:40.042] [warning] MV_CC_OpenDevice failed: 0x80000203
publishing #1064: rm_decision_interfaces.msg.RobotControl(stop_gimbal_scan=True, chassis_spin_vel=0.0, scan_enabled=True, allow_vision_control=True, search_when_target_lost=True, scan_yaw_rate_deg_s=120.0, search_pitch_deg=-6.0)

[2026-03-28 05:41:40.067] [info] [Gimbal] Received 2000 packets, freq=29.2Hz
publishing #1065: rm_decision_interfaces.msg.RobotControl(stop_gimbal_scan=True, chassis_spin_vel=0.0, scan_enabled=True, allow_vision_control=True, search_when_target_lost=True, scan_yaw_rate_deg_s=120.0, search_pitch_deg=-6.0)

[2026-03-28 05:41:40.137] [debug] [Gimbal] CRC16 check failed.
publishing #1066: rm_decision_interfaces.msg.RobotControl(stop_gimbal_scan=True, chassis_spin_vel=0.0, scan_enabled=True, allow_vision_control=True, search_when_target_lost=True, scan_yaw_rate_deg_s=120.0, search_pitch_deg=-6.0)

publishing #1067: rm_decision_interfaces.msg.RobotControl(stop_gimbal_scan=True, chassis_spin_vel=0.0, scan_enabled=True, allow_vision_control=True, search_when_target_lost=True, scan_yaw_rate_deg_s=120.0, search_pitch_deg=-6.0)

publishing #1068: rm_decision_interfaces.msg.RobotControl(stop_gimbal_scan=True, chassis_spin_vel=0.0, scan_enabled=True, allow_vision_control=True, search_when_target_lost=True, scan_yaw_rate_deg_s=120.0, search_pitch_deg=-6.0)

publishing #1069: rm_decision_interfaces.msg.RobotControl(stop_gimbal_scan=True, chassis_spin_vel=0.0, scan_enabled=True, allow_vision_control=True, search_when_target_lost=True, scan_yaw_rate_deg_s=120.0, search_pitch_deg=-6.0)

publishing #1070: rm_decision_interfaces.msg.RobotControl(stop_gimbal_scan=True, chassis_spin_vel=0.0, scan_enabled=True, allow_vision_control=True, search_when_target_lost=True, scan_yaw_rate_deg_s=120.0, search_pitch_deg=-6.0)

[2026-03-28 05:41:40.392] [info] Reset usb successfully :)
publishing #1071: rm_decision_interfaces.msg.RobotControl(stop_gimbal_scan=True, chassis_spin_vel=0.0, scan_enabled=True, allow_vision_control=True, search_when_target_lost=True, scan_yaw_rate_deg_s=120.0, search_pitch_deg=-6.0)

publishing #1072: rm_decision_interfaces.msg.RobotControl(stop_gimbal_scan=True, chassis_spin_vel=0.0, scan_enabled=True, allow_vision_control=True, search_when_target_lost=True, scan_yaw_rate_deg_s=120.0, search_pitch_deg=-6.0)

publishing #1073: rm_decision_interfaces.msg.RobotControl(stop_gimbal_scan=True, chassis_spin_vel=0.0, scan_enabled=True, allow_vision_control=True, search_when_target_lost=True, scan_yaw_rate_deg_s=120.0, search_pitch_deg=-6.0)

publishing #1074: rm_decision_interfaces.msg.RobotControl(stop_gimbal_scan=True, chassis_spin_vel=0.0, scan_enabled=True, allow_vision_control=True, search_when_target_lost=True, scan_yaw_rate_deg_s=120.0, search_pitch_deg=-6.0)

publishing #1075: rm_decision_interfaces.msg.RobotControl(stop_gimbal_scan=True, chassis_spin_vel=0.0, scan_enabled=True, allow_vision_control=True, search_when_target_lost=True, scan_yaw_rate_deg_s=120.0, search_pitch_deg=-6.0)

publishing #1076: rm_decision_interfaces.msg.RobotControl(stop_gimbal_scan=True, chassis_spin_vel=0.0, scan_enabled=True, allow_vision_control=True, search_when_target_lost=True, scan_yaw_rate_deg_s=120.0, search_pitch_deg=-6.0)

publishing #1077: rm_decision_interfaces.msg.RobotControl(stop_gimbal_scan=True, chassis_spin_vel=0.0, scan_enabled=True, allow_vision_control=True, search_when_target_lost=True, scan_yaw_rate_deg_s=120.0, search_pitch_deg=-6.0)

publishing #1078: rm_decision_interfaces.msg.RobotControl(stop_gimbal_scan=True, chassis_spin_vel=0.0, scan_enabled=True, allow_vision_control=True, search_when_target_lost=True, scan_yaw_rate_deg_s=120.0, search_pitch_deg=-6.0)

publishing #1079: rm_decision_interfaces.msg.RobotControl(stop_gimbal_scan=True, chassis_spin_vel=0.0, scan_enabled=True, allow_vision_control=True, search_when_target_lost=True, scan_yaw_rate_deg_s=120.0, search_pitch_deg=-6.0)

publishing #1080: rm_decision_interfaces.msg.RobotControl(stop_gimbal_scan=True, chassis_spin_vel=0.0, scan_enabled=True, allow_vision_control=True, search_when_target_lost=True, scan_yaw_rate_deg_s=120.0, search_pitch_deg=-6.0)

publishing #1081: rm_decision_interfaces.msg.RobotControl(stop_gimbal_scan=True, chassis_spin_vel=0.0, scan_enabled=True, allow_vision_control=True, search_when_target_lost=True, scan_yaw_rate_deg_s=120.0, search_pitch_deg=-6.0)

publishing #1082: rm_decision_interfaces.msg.RobotControl(stop_gimbal_scan=True, chassis_spin_vel=0.0, scan_enabled=True, allow_vision_control=True, search_when_target_lost=True, scan_yaw_rate_deg_s=120.0, search_pitch_deg=-6.0)

publishing #1083: rm_decision_interfaces.msg.RobotControl(stop_gimbal_scan=True, chassis_spin_vel=0.0, scan_enabled=True, allow_vision_control=True, search_when_target_lost=True, scan_yaw_rate_deg_s=120.0, search_pitch_deg=-6.0)

publishing #1084: rm_decision_interfaces.msg.RobotControl(stop_gimbal_scan=True, chassis_spin_vel=0.0, scan_enabled=True, allow_vision_control=True, search_when_target_lost=True, scan_yaw_rate_deg_s=120.0, search_pitch_deg=-6.0)

publishing #1085: rm_decision_interfaces.msg.RobotControl(stop_gimbal_scan=True, chassis_spin_vel=0.0, scan_enabled=True, allow_vision_control=True, search_when_target_lost=True, scan_yaw_rate_deg_s=120.0, search_pitch_deg=-6.0)

publishing #1086: rm_decision_interfaces.msg.RobotControl(stop_gimbal_scan=True, chassis_spin_vel=0.0, scan_enabled=True, allow_vision_control=True, search_when_target_lost=True, scan_yaw_rate_deg_s=120.0, search_pitch_deg=-6.0)

publishing #1087: rm_decision_interfaces.msg.RobotControl(stop_gimbal_scan=True, chassis_spin_vel=0.0, scan_enabled=True, allow_vision_control=True, search_when_target_lost=True, scan_yaw_rate_deg_s=120.0, search_pitch_deg=-6.0)

publishing #1088: rm_decision_interfaces.msg.RobotControl(stop_gimbal_scan=True, chassis_spin_vel=0.0, scan_enabled=True, allow_vision_control=True, search_when_target_lost=True, scan_yaw_rate_deg_s=120.0, search_pitch_deg=-6.0)

publishing #1089: rm_decision_interfaces.msg.RobotControl(stop_gimbal_scan=True, chassis_spin_vel=0.0, scan_enabled=True, allow_vision_control=True, search_when_target_lost=True, scan_yaw_rate_deg_s=120.0, search_pitch_deg=-6.0)

publishing #1090: rm_decision_interfaces.msg.RobotControl(stop_gimbal_scan=True, chassis_spin_vel=0.0, scan_enabled=True, allow_vision_control=True, search_when_target_lost=True, scan_yaw_rate_deg_s=120.0, search_pitch_deg=-6.0)

publishing #1091: rm_decision_interfaces.msg.RobotControl(stop_gimbal_scan=True, chassis_spin_vel=0.0, scan_enabled=True, allow_vision_control=True, search_when_target_lost=True, scan_yaw_rate_deg_s=120.0, search_pitch_deg=-6.0)

publishing #1092: rm_decision_interfaces.msg.RobotControl(stop_gimbal_scan=True, chassis_spin_vel=0.0, scan_enabled=True, allow_vision_control=True, search_when_target_lost=True, scan_yaw_rate_deg_s=120.0, search_pitch_deg=-6.0)

publishing #1093: rm_decision_interfaces.msg.RobotControl(stop_gimbal_scan=True, chassis_spin_vel=0.0, scan_enabled=True, allow_vision_control=True, search_when_target_lost=True, scan_yaw_rate_deg_s=120.0, search_pitch_deg=-6.0)

publishing #1094: rm_decision_interfaces.msg.RobotControl(stop_gimbal_scan=True, chassis_spin_vel=0.0, scan_enabled=True, allow_vision_control=True, search_when_target_lost=True, scan_yaw_rate_deg_s=120.0, search_pitch_deg=-6.0)

[2026-03-28 05:41:41.597] [debug] [Gimbal] CRC16 check failed.
publishing #1095: rm_decision_interfaces.msg.RobotControl(stop_gimbal_scan=True, chassis_spin_vel=0.0, scan_enabled=True, allow_vision_control=True, search_when_target_lost=True, scan_yaw_rate_deg_s=120.0, search_pitch_deg=-6.0)

publishing #1096: rm_decision_interfaces.msg.RobotControl(stop_gimbal_scan=True, chassis_spin_vel=0.0, scan_enabled=True, allow_vision_control=True, search_when_target_lost=True, scan_yaw_rate_deg_s=120.0, search_pitch_deg=-6.0)

publishing #1097: rm_decision_interfaces.msg.RobotControl(stop_gimbal_scan=True, chassis_spin_vel=0.0, scan_enabled=True, allow_vision_control=True, search_when_target_lost=True, scan_yaw_rate_deg_s=120.0, search_pitch_deg=-6.0)

publishing #1098: rm_decision_interfaces.msg.RobotControl(stop_gimbal_scan=True, chassis_spin_vel=0.0, scan_enabled=True, allow_vision_control=True, search_when_target_lost=True, scan_yaw_rate_deg_s=120.0, search_pitch_deg=-6.0)

publishing #1099: rm_decision_interfaces.msg.RobotControl(stop_gimbal_scan=True, chassis_spin_vel=0.0, scan_enabled=True, allow_vision_control=True, search_when_target_lost=True, scan_yaw_rate_deg_s=120.0, search_pitch_deg=-6.0)

publishing #1100: rm_decision_interfaces.msg.RobotControl(stop_gimbal_scan=True, chassis_spin_vel=0.0, scan_enabled=True, allow_vision_control=True, search_when_target_lost=True, scan_yaw_rate_deg_s=120.0, search_pitch_deg=-6.0)

[2026-03-28 05:41:41.892] [warning] MV_CC_OpenDevice failed: 0x80000203
publishing #1101: rm_decision_interfaces.msg.RobotControl(stop_gimbal_scan=True, chassis_spin_vel=0.0, scan_enabled=True, allow_vision_control=True, search_when_target_lost=True, scan_yaw_rate_deg_s=120.0, search_pitch_deg=-6.0)

publishing #1102: rm_decision_interfaces.msg.RobotControl(stop_gimbal_scan=True, chassis_spin_vel=0.0, scan_enabled=True, allow_vision_control=True, search_when_target_lost=True, scan_yaw_rate_deg_s=120.0, search_pitch_deg=-6.0)

publishing #1103: rm_decision_interfaces.msg.RobotControl(stop_gimbal_scan=True, chassis_spin_vel=0.0, scan_enabled=True, allow_vision_control=True, search_when_target_lost=True, scan_yaw_rate_deg_s=120.0, search_pitch_deg=-6.0)

publishing #1104: rm_decision_interfaces.msg.RobotControl(stop_gimbal_scan=True, chassis_spin_vel=0.0, scan_enabled=True, allow_vision_control=True, search_when_target_lost=True, scan_yaw_rate_deg_s=120.0, search_pitch_deg=-6.0)

publishing #1105: rm_decision_interfaces.msg.RobotControl(stop_gimbal_scan=True, chassis_spin_vel=0.0, scan_enabled=True, allow_vision_control=True, search_when_target_lost=True, scan_yaw_rate_deg_s=120.0, search_pitch_deg=-6.0)

publishing #1106: rm_decision_interfaces.msg.RobotControl(stop_gimbal_scan=True, chassis_spin_vel=0.0, scan_enabled=True, allow_vision_control=True, search_when_target_lost=True, scan_yaw_rate_deg_s=120.0, search_pitch_deg=-6.0)

[2026-03-28 05:41:42.197] [info] [Gimbal] Received 2100 packets, freq=46.9Hz
publishing #1107: rm_decision_interfaces.msg.RobotControl(stop_gimbal_scan=True, chassis_spin_vel=0.0, scan_enabled=True, allow_vision_control=True, search_when_target_lost=True, scan_yaw_rate_deg_s=120.0, search_pitch_deg=-6.0)

[2026-03-28 05:41:42.239] [info] Reset usb successfully :)
publishing #1108: rm_decision_interfaces.msg.RobotControl(stop_gimbal_scan=True, chassis_spin_vel=0.0, scan_enabled=True, allow_vision_control=True, search_when_target_lost=True, scan_yaw_rate_deg_s=120.0, search_pitch_deg=-6.0)

publishing #1109: rm_decision_interfaces.msg.RobotControl(stop_gimbal_scan=True, chassis_spin_vel=0.0, scan_enabled=True, allow_vision_control=True, search_when_target_lost=True, scan_yaw_rate_deg_s=120.0, search_pitch_deg=-6.0)

publishing #1110: rm_decision_interfaces.msg.RobotControl(stop_gimbal_scan=True, chassis_spin_vel=0.0, scan_enabled=True, allow_vision_control=True, search_when_target_lost=True, scan_yaw_rate_deg_s=120.0, search_pitch_deg=-6.0)

publishing #1111: rm_decision_interfaces.msg.RobotControl(stop_gimbal_scan=True, chassis_spin_vel=0.0, scan_enabled=True, allow_vision_control=True, search_when_target_lost=True, scan_yaw_rate_deg_s=120.0, search_pitch_deg=-6.0)

publishing #1112: rm_decision_interfaces.msg.RobotControl(stop_gimbal_scan=True, chassis_spin_vel=0.0, scan_enabled=True, allow_vision_control=True, search_when_target_lost=True, scan_yaw_rate_deg_s=120.0, search_pitch_deg=-6.0)

publishing #1113: rm_decision_interfaces.msg.RobotControl(stop_gimbal_scan=True, chassis_spin_vel=0.0, scan_enabled=True, allow_vision_control=True, search_when_target_lost=True, scan_yaw_rate_deg_s=120.0, search_pitch_deg=-6.0)

publishing #1114: rm_decision_interfaces.msg.RobotControl(stop_gimbal_scan=True, chassis_spin_vel=0.0, scan_enabled=True, allow_vision_control=True, search_when_target_lost=True, scan_yaw_rate_deg_s=120.0, search_pitch_deg=-6.0)

publishing #1115: rm_decision_interfaces.msg.RobotControl(stop_gimbal_scan=True, chassis_spin_vel=0.0, scan_enabled=True, allow_vision_control=True, search_when_target_lost=True, scan_yaw_rate_deg_s=120.0, search_pitch_deg=-6.0)

publishing #1116: rm_decision_interfaces.msg.RobotControl(stop_gimbal_scan=True, chassis_spin_vel=0.0, scan_enabled=True, allow_vision_control=True, search_when_target_lost=True, scan_yaw_rate_deg_s=120.0, search_pitch_deg=-6.0)

publishing #1117: rm_decision_interfaces.msg.RobotControl(stop_gimbal_scan=True, chassis_spin_vel=0.0, scan_enabled=True, allow_vision_control=True, search_when_target_lost=True, scan_yaw_rate_deg_s=120.0, search_pitch_deg=-6.0)

publishing #1118: rm_decision_interfaces.msg.RobotControl(stop_gimbal_scan=True, chassis_spin_vel=0.0, scan_enabled=True, allow_vision_control=True, search_when_target_lost=True, scan_yaw_rate_deg_s=120.0, search_pitch_deg=-6.0)

publishing #1119: rm_decision_interfaces.msg.RobotControl(stop_gimbal_scan=True, chassis_spin_vel=0.0, scan_enabled=True, allow_vision_control=True, search_when_target_lost=True, scan_yaw_rate_deg_s=120.0, search_pitch_deg=-6.0)

publishing #1120: rm_decision_interfaces.msg.RobotControl(stop_gimbal_scan=True, chassis_spin_vel=0.0, scan_enabled=True, allow_vision_control=True, search_when_target_lost=True, scan_yaw_rate_deg_s=120.0, search_pitch_deg=-6.0)

publishing #1121: rm_decision_interfaces.msg.RobotControl(stop_gimbal_scan=True, chassis_spin_vel=0.0, scan_enabled=True, allow_vision_control=True, search_when_target_lost=True, scan_yaw_rate_deg_s=120.0, search_pitch_deg=-6.0)

publishing #1122: rm_decision_interfaces.msg.RobotControl(stop_gimbal_scan=True, chassis_spin_vel=0.0, scan_enabled=True, allow_vision_control=True, search_when_target_lost=True, scan_yaw_rate_deg_s=120.0, search_pitch_deg=-6.0)

publishing #1123: rm_decision_interfaces.msg.RobotControl(stop_gimbal_scan=True, chassis_spin_vel=0.0, scan_enabled=True, allow_vision_control=True, search_when_target_lost=True, scan_yaw_rate_deg_s=120.0, search_pitch_deg=-6.0)

publishing #1124: rm_decision_interfaces.msg.RobotControl(stop_gimbal_scan=True, chassis_spin_vel=0.0, scan_enabled=True, allow_vision_control=True, search_when_target_lost=True, scan_yaw_rate_deg_s=120.0, search_pitch_deg=-6.0)

publishing #1125: rm_decision_interfaces.msg.RobotControl(stop_gimbal_scan=True, chassis_spin_vel=0.0, scan_enabled=True, allow_vision_control=True, search_when_target_lost=True, scan_yaw_rate_deg_s=120.0, search_pitch_deg=-6.0)

publishing #1126: rm_decision_interfaces.msg.RobotControl(stop_gimbal_scan=True, chassis_spin_vel=0.0, scan_enabled=True, allow_vision_control=True, search_when_target_lost=True, scan_yaw_rate_deg_s=120.0, search_pitch_deg=-6.0)

publishing #1127: rm_decision_interfaces.msg.RobotControl(stop_gimbal_scan=True, chassis_spin_vel=0.0, scan_enabled=True, allow_vision_control=True, search_when_target_lost=True, scan_yaw_rate_deg_s=120.0, search_pitch_deg=-6.0)

publishing #1128: rm_decision_interfaces.msg.RobotControl(stop_gimbal_scan=True, chassis_spin_vel=0.0, scan_enabled=True, allow_vision_control=True, search_when_target_lost=True, scan_yaw_rate_deg_s=120.0, search_pitch_deg=-6.0)

publishing #1129: rm_decision_interfaces.msg.RobotControl(stop_gimbal_scan=True, chassis_spin_vel=0.0, scan_enabled=True, allow_vision_control=True, search_when_target_lost=True, scan_yaw_rate_deg_s=120.0, search_pitch_deg=-6.0)

publishing #1130: rm_decision_interfaces.msg.RobotControl(stop_gimbal_scan=True, chassis_spin_vel=0.0, scan_enabled=True, allow_vision_control=True, search_when_target_lost=True, scan_yaw_rate_deg_s=120.0, search_pitch_deg=-6.0)

publishing #1131: rm_decision_interfaces.msg.RobotControl(stop_gimbal_scan=True, chassis_spin_vel=0.0, scan_enabled=True, allow_vision_control=True, search_when_target_lost=True, scan_yaw_rate_deg_s=120.0, search_pitch_deg=-6.0)

publishing #1132: rm_decision_interfaces.msg.RobotControl(stop_gimbal_scan=True, chassis_spin_vel=0.0, scan_enabled=True, allow_vision_control=True, search_when_target_lost=True, scan_yaw_rate_deg_s=120.0, search_pitch_deg=-6.0)

publishing #1133: rm_decision_interfaces.msg.RobotControl(stop_gimbal_scan=True, chassis_spin_vel=0.0, scan_enabled=True, allow_vision_control=True, search_when_target_lost=True, scan_yaw_rate_deg_s=120.0, search_pitch_deg=-6.0)

publishing #1134: rm_decision_interfaces.msg.RobotControl(stop_gimbal_scan=True, chassis_spin_vel=0.0, scan_enabled=True, allow_vision_control=True, search_when_target_lost=True, scan_yaw_rate_deg_s=120.0, search_pitch_deg=-6.0)

publishing #1135: rm_decision_interfaces.msg.RobotControl(stop_gimbal_scan=True, chassis_spin_vel=0.0, scan_enabled=True, allow_vision_control=True, search_when_target_lost=True, scan_yaw_rate_deg_s=120.0, search_pitch_deg=-6.0)

publishing #1136: rm_decision_interfaces.msg.RobotControl(stop_gimbal_scan=True, chassis_spin_vel=0.0, scan_enabled=True, allow_vision_control=True, search_when_target_lost=True, scan_yaw_rate_deg_s=120.0, search_pitch_deg=-6.0)

publishing #1137: rm_decision_interfaces.msg.RobotControl(stop_gimbal_scan=True, chassis_spin_vel=0.0, scan_enabled=True, allow_vision_control=True, search_when_target_lost=True, scan_yaw_rate_deg_s=120.0, search_pitch_deg=-6.0)

[2026-03-28 05:41:43.737] [debug] [Gimbal] CRC16 check failed.
[2026-03-28 05:41:43.743] [warning] MV_CC_OpenDevice failed: 0x80000203
publishing #1138: rm_decision_interfaces.msg.RobotControl(stop_gimbal_scan=True, chassis_spin_vel=0.0, scan_enabled=True, allow_vision_control=True, search_when_target_lost=True, scan_yaw_rate_deg_s=120.0, search_pitch_deg=-6.0)

publishing #1139: rm_decision_interfaces.msg.RobotControl(stop_gimbal_scan=True, chassis_spin_vel=0.0, scan_enabled=True, allow_vision_control=True, search_when_target_lost=True, scan_yaw_rate_deg_s=120.0, search_pitch_deg=-6.0)

[2026-03-28 05:41:43.817] [info] [Gimbal] Received 2200 packets, freq=61.8Hz
publishing #1140: rm_decision_interfaces.msg.RobotControl(stop_gimbal_scan=True, chassis_spin_vel=0.0, scan_enabled=True, allow_vision_control=True, search_when_target_lost=True, scan_yaw_rate_deg_s=120.0, search_pitch_deg=-6.0)

publishing #1141: rm_decision_interfaces.msg.RobotControl(stop_gimbal_scan=True, chassis_spin_vel=0.0, scan_enabled=True, allow_vision_control=True, search_when_target_lost=True, scan_yaw_rate_deg_s=120.0, search_pitch_deg=-6.0)

publishing #1142: rm_decision_interfaces.msg.RobotControl(stop_gimbal_scan=True, chassis_spin_vel=0.0, scan_enabled=True, allow_vision_control=True, search_when_target_lost=True, scan_yaw_rate_deg_s=120.0, search_pitch_deg=-6.0)

publishing #1143: rm_decision_interfaces.msg.RobotControl(stop_gimbal_scan=True, chassis_spin_vel=0.0, scan_enabled=True, allow_vision_control=True, search_when_target_lost=True, scan_yaw_rate_deg_s=120.0, search_pitch_deg=-6.0)

publishing #1144: rm_decision_interfaces.msg.RobotControl(stop_gimbal_scan=True, chassis_spin_vel=0.0, scan_enabled=True, allow_vision_control=True, search_when_target_lost=True, scan_yaw_rate_deg_s=120.0, search_pitch_deg=-6.0)

[2026-03-28 05:41:44.092] [info] Reset usb successfully :)
publishing #1145: rm_decision_interfaces.msg.RobotControl(stop_gimbal_scan=True, chassis_spin_vel=0.0, scan_enabled=True, allow_vision_control=True, search_when_target_lost=True, scan_yaw_rate_deg_s=120.0, search_pitch_deg=-6.0)

publishing #1146: rm_decision_interfaces.msg.RobotControl(stop_gimbal_scan=True, chassis_spin_vel=0.0, scan_enabled=True, allow_vision_control=True, search_when_target_lost=True, scan_yaw_rate_deg_s=120.0, search_pitch_deg=-6.0)

publishing #1147: rm_decision_interfaces.msg.RobotControl(stop_gimbal_scan=True, chassis_spin_vel=0.0, scan_enabled=True, allow_vision_control=True, search_when_target_lost=True, scan_yaw_rate_deg_s=120.0, search_pitch_deg=-6.0)

publishing #1148: rm_decision_interfaces.msg.RobotControl(stop_gimbal_scan=True, chassis_spin_vel=0.0, scan_enabled=True, allow_vision_control=True, search_when_target_lost=True, scan_yaw_rate_deg_s=120.0, search_pitch_deg=-6.0)

publishing #1149: rm_decision_interfaces.msg.RobotControl(stop_gimbal_scan=True, chassis_spin_vel=0.0, scan_enabled=True, allow_vision_control=True, search_when_target_lost=True, scan_yaw_rate_deg_s=120.0, search_pitch_deg=-6.0)

publishing #1150: rm_decision_interfaces.msg.RobotControl(stop_gimbal_scan=True, chassis_spin_vel=0.0, scan_enabled=True, allow_vision_control=True, search_when_target_lost=True, scan_yaw_rate_deg_s=120.0, search_pitch_deg=-6.0)

publishing #1151: rm_decision_interfaces.msg.RobotControl(stop_gimbal_scan=True, chassis_spin_vel=0.0, scan_enabled=True, allow_vision_control=True, search_when_target_lost=True, scan_yaw_rate_deg_s=120.0, search_pitch_deg=-6.0)

publishing #1152: rm_decision_interfaces.msg.RobotControl(stop_gimbal_scan=True, chassis_spin_vel=0.0, scan_enabled=True, allow_vision_control=True, search_when_target_lost=True, scan_yaw_rate_deg_s=120.0, search_pitch_deg=-6.0)

publishing #1153: rm_decision_interfaces.msg.RobotControl(stop_gimbal_scan=True, chassis_spin_vel=0.0, scan_enabled=True, allow_vision_control=True, search_when_target_lost=True, scan_yaw_rate_deg_s=120.0, search_pitch_deg=-6.0)

publishing #1154: rm_decision_interfaces.msg.RobotControl(stop_gimbal_scan=True, chassis_spin_vel=0.0, scan_enabled=True, allow_vision_control=True, search_when_target_lost=True, scan_yaw_rate_deg_s=120.0, search_pitch_deg=-6.0)

publishing #1155: rm_decision_interfaces.msg.RobotControl(stop_gimbal_scan=True, chassis_spin_vel=0.0, scan_enabled=True, allow_vision_control=True, search_when_target_lost=True, scan_yaw_rate_deg_s=120.0, search_pitch_deg=-6.0)

publishing #1156: rm_decision_interfaces.msg.RobotControl(stop_gimbal_scan=True, chassis_spin_vel=0.0, scan_enabled=True, allow_vision_control=True, search_when_target_lost=True, scan_yaw_rate_deg_s=120.0, search_pitch_deg=-6.0)

publishing #1157: rm_decision_interfaces.msg.RobotControl(stop_gimbal_scan=True, chassis_spin_vel=0.0, scan_enabled=True, allow_vision_control=True, search_when_target_lost=True, scan_yaw_rate_deg_s=120.0, search_pitch_deg=-6.0)

publishing #1158: rm_decision_interfaces.msg.RobotControl(stop_gimbal_scan=True, chassis_spin_vel=0.0, scan_enabled=True, allow_vision_control=True, search_when_target_lost=True, scan_yaw_rate_deg_s=120.0, search_pitch_deg=-6.0)

publishing #1159: rm_decision_interfaces.msg.RobotControl(stop_gimbal_scan=True, chassis_spin_vel=0.0, scan_enabled=True, allow_vision_control=True, search_when_target_lost=True, scan_yaw_rate_deg_s=120.0, search_pitch_deg=-6.0)

publishing #1160: rm_decision_interfaces.msg.RobotControl(stop_gimbal_scan=True, chassis_spin_vel=0.0, scan_enabled=True, allow_vision_control=True, search_when_target_lost=True, scan_yaw_rate_deg_s=120.0, search_pitch_deg=-6.0)

publishing #1161: rm_decision_interfaces.msg.RobotControl(stop_gimbal_scan=True, chassis_spin_vel=0.0, scan_enabled=True, allow_vision_control=True, search_when_target_lost=True, scan_yaw_rate_deg_s=120.0, search_pitch_deg=-6.0)

publishing #1162: rm_decision_interfaces.msg.RobotControl(stop_gimbal_scan=True, chassis_spin_vel=0.0, scan_enabled=True, allow_vision_control=True, search_when_target_lost=True, scan_yaw_rate_deg_s=120.0, search_pitch_deg=-6.0)

publishing #1163: rm_decision_interfaces.msg.RobotControl(stop_gimbal_scan=True, chassis_spin_vel=0.0, scan_enabled=True, allow_vision_control=True, search_when_target_lost=True, scan_yaw_rate_deg_s=120.0, search_pitch_deg=-6.0)

publishing #1164: rm_decision_interfaces.msg.RobotControl(stop_gimbal_scan=True, chassis_spin_vel=0.0, scan_enabled=True, allow_vision_control=True, search_when_target_lost=True, scan_yaw_rate_deg_s=120.0, search_pitch_deg=-6.0)

publishing #1165: rm_decision_interfaces.msg.RobotControl(stop_gimbal_scan=True, chassis_spin_vel=0.0, scan_enabled=True, allow_vision_control=True, search_when_target_lost=True, scan_yaw_rate_deg_s=120.0, search_pitch_deg=-6.0)

publishing #1166: rm_decision_interfaces.msg.RobotControl(stop_gimbal_scan=True, chassis_spin_vel=0.0, scan_enabled=True, allow_vision_control=True, search_when_target_lost=True, scan_yaw_rate_deg_s=120.0, search_pitch_deg=-6.0)

publishing #1167: rm_decision_interfaces.msg.RobotControl(stop_gimbal_scan=True, chassis_spin_vel=0.0, scan_enabled=True, allow_vision_control=True, search_when_target_lost=True, scan_yaw_rate_deg_s=120.0, search_pitch_deg=-6.0)

publishing #1168: rm_decision_interfaces.msg.RobotControl(stop_gimbal_scan=True, chassis_spin_vel=0.0, scan_enabled=True, allow_vision_control=True, search_when_target_lost=True, scan_yaw_rate_deg_s=120.0, search_pitch_deg=-6.0)

publishing #1169: rm_decision_interfaces.msg.RobotControl(stop_gimbal_scan=True, chassis_spin_vel=0.0, scan_enabled=True, allow_vision_control=True, search_when_target_lost=True, scan_yaw_rate_deg_s=120.0, search_pitch_deg=-6.0)

publishing #1170: rm_decision_interfaces.msg.RobotControl(stop_gimbal_scan=True, chassis_spin_vel=0.0, scan_enabled=True, allow_vision_control=True, search_when_target_lost=True, scan_yaw_rate_deg_s=120.0, search_pitch_deg=-6.0)

publishing #1171: rm_decision_interfaces.msg.RobotControl(stop_gimbal_scan=True, chassis_spin_vel=0.0, scan_enabled=True, allow_vision_control=True, search_when_target_lost=True, scan_yaw_rate_deg_s=120.0, search_pitch_deg=-6.0)

publishing #1172: rm_decision_interfaces.msg.RobotControl(stop_gimbal_scan=True, chassis_spin_vel=0.0, scan_enabled=True, allow_vision_control=True, search_when_target_lost=True, scan_yaw_rate_deg_s=120.0, search_pitch_deg=-6.0)

[2026-03-28 05:41:45.487] [debug] [Gimbal] CRC16 check failed.
publishing #1173: rm_decision_interfaces.msg.RobotControl(stop_gimbal_scan=True, chassis_spin_vel=0.0, scan_enabled=True, allow_vision_control=True, search_when_target_lost=True, scan_yaw_rate_deg_s=120.0, search_pitch_deg=-6.0)

publishing #1174: rm_decision_interfaces.msg.RobotControl(stop_gimbal_scan=True, chassis_spin_vel=0.0, scan_enabled=True, allow_vision_control=True, search_when_target_lost=True, scan_yaw_rate_deg_s=120.0, search_pitch_deg=-6.0)

[2026-03-28 05:41:45.593] [warning] MV_CC_OpenDevice failed: 0x80000203
publishing #1175: rm_decision_interfaces.msg.RobotControl(stop_gimbal_scan=True, chassis_spin_vel=0.0, scan_enabled=True, allow_vision_control=True, search_when_target_lost=True, scan_yaw_rate_deg_s=120.0, search_pitch_deg=-6.0)

publishing #1176: rm_decision_interfaces.msg.RobotControl(stop_gimbal_scan=True, chassis_spin_vel=0.0, scan_enabled=True, allow_vision_control=True, search_when_target_lost=True, scan_yaw_rate_deg_s=120.0, search_pitch_deg=-6.0)

publishing #1177: rm_decision_interfaces.msg.RobotControl(stop_gimbal_scan=True, chassis_spin_vel=0.0, scan_enabled=True, allow_vision_control=True, search_when_target_lost=True, scan_yaw_rate_deg_s=120.0, search_pitch_deg=-6.0)

publishing #1178: rm_decision_interfaces.msg.RobotControl(stop_gimbal_scan=True, chassis_spin_vel=0.0, scan_enabled=True, allow_vision_control=True, search_when_target_lost=True, scan_yaw_rate_deg_s=120.0, search_pitch_deg=-6.0)

publishing #1179: rm_decision_interfaces.msg.RobotControl(stop_gimbal_scan=True, chassis_spin_vel=0.0, scan_enabled=True, allow_vision_control=True, search_when_target_lost=True, scan_yaw_rate_deg_s=120.0, search_pitch_deg=-6.0)

[2026-03-28 05:41:45.827] [debug] [Gimbal] CRC16 check failed.
publishing #1180: rm_decision_interfaces.msg.RobotControl(stop_gimbal_scan=True, chassis_spin_vel=0.0, scan_enabled=True, allow_vision_control=True, search_when_target_lost=True, scan_yaw_rate_deg_s=120.0, search_pitch_deg=-6.0)

publishing #1181: rm_decision_interfaces.msg.RobotControl(stop_gimbal_scan=True, chassis_spin_vel=0.0, scan_enabled=True, allow_vision_control=True, search_when_target_lost=True, scan_yaw_rate_deg_s=120.0, search_pitch_deg=-6.0)

[2026-03-28 05:41:45.942] [info] Reset usb successfully :)
publishing #1182: rm_decision_interfaces.msg.RobotControl(stop_gimbal_scan=True, chassis_spin_vel=0.0, scan_enabled=True, allow_vision_control=True, search_when_target_lost=True, scan_yaw_rate_deg_s=120.0, search_pitch_deg=-6.0)

[2026-03-28 05:41:45.957] [info] [Gimbal] Received 2300 packets, freq=46.7Hz
publishing #1183: rm_decision_interfaces.msg.RobotControl(stop_gimbal_scan=True, chassis_spin_vel=0.0, scan_enabled=True, allow_vision_control=True, search_when_target_lost=True, scan_yaw_rate_deg_s=120.0, search_pitch_deg=-6.0)

publishing #1184: rm_decision_interfaces.msg.RobotControl(stop_gimbal_scan=True, chassis_spin_vel=0.0, scan_enabled=True, allow_vision_control=True, search_when_target_lost=True, scan_yaw_rate_deg_s=120.0, search_pitch_deg=-6.0)

publishing #1185: rm_decision_interfaces.msg.RobotControl(stop_gimbal_scan=True, chassis_spin_vel=0.0, scan_enabled=True, allow_vision_control=True, search_when_target_lost=True, scan_yaw_rate_deg_s=120.0, search_pitch_deg=-6.0)

publishing #1186: rm_decision_interfaces.msg.RobotControl(stop_gimbal_scan=True, chassis_spin_vel=0.0, scan_enabled=True, allow_vision_control=True, search_when_target_lost=True, scan_yaw_rate_deg_s=120.0, search_pitch_deg=-6.0)

publishing #1187: rm_decision_interfaces.msg.RobotControl(stop_gimbal_scan=True, chassis_spin_vel=0.0, scan_enabled=True, allow_vision_control=True, search_when_target_lost=True, scan_yaw_rate_deg_s=120.0, search_pitch_deg=-6.0)

publishing #1188: rm_decision_interfaces.msg.RobotControl(stop_gimbal_scan=True, chassis_spin_vel=0.0, scan_enabled=True, allow_vision_control=True, search_when_target_lost=True, scan_yaw_rate_deg_s=120.0, search_pitch_deg=-6.0)

publishing #1189: rm_decision_interfaces.msg.RobotControl(stop_gimbal_scan=True, chassis_spin_vel=0.0, scan_enabled=True, allow_vision_control=True, search_when_target_lost=True, scan_yaw_rate_deg_s=120.0, search_pitch_deg=-6.0)

publishing #1190: rm_decision_interfaces.msg.RobotControl(stop_gimbal_scan=True, chassis_spin_vel=0.0, scan_enabled=True, allow_vision_control=True, search_when_target_lost=True, scan_yaw_rate_deg_s=120.0, search_pitch_deg=-6.0)

publishing #1191: rm_decision_interfaces.msg.RobotControl(stop_gimbal_scan=True, chassis_spin_vel=0.0, scan_enabled=True, allow_vision_control=True, search_when_target_lost=True, scan_yaw_rate_deg_s=120.0, search_pitch_deg=-6.0)

publishing #1192: rm_decision_interfaces.msg.RobotControl(stop_gimbal_scan=True, chassis_spin_vel=0.0, scan_enabled=True, allow_vision_control=True, search_when_target_lost=True, scan_yaw_rate_deg_s=120.0, search_pitch_deg=-6.0)

publishing #1193: rm_decision_interfaces.msg.RobotControl(stop_gimbal_scan=True, chassis_spin_vel=0.0, scan_enabled=True, allow_vision_control=True, search_when_target_lost=True, scan_yaw_rate_deg_s=120.0, search_pitch_deg=-6.0)

publishing #1194: rm_decision_interfaces.msg.RobotControl(stop_gimbal_scan=True, chassis_spin_vel=0.0, scan_enabled=True, allow_vision_control=True, search_when_target_lost=True, scan_yaw_rate_deg_s=120.0, search_pitch_deg=-6.0)

publishing #1195: rm_decision_interfaces.msg.RobotControl(stop_gimbal_scan=True, chassis_spin_vel=0.0, scan_enabled=True, allow_vision_control=True, search_when_target_lost=True, scan_yaw_rate_deg_s=120.0, search_pitch_deg=-6.0)

publishing #1196: rm_decision_interfaces.msg.RobotControl(stop_gimbal_scan=True, chassis_spin_vel=0.0, scan_enabled=True, allow_vision_control=True, search_when_target_lost=True, scan_yaw_rate_deg_s=120.0, search_pitch_deg=-6.0)

publishing #1197: rm_decision_interfaces.msg.RobotControl(stop_gimbal_scan=True, chassis_spin_vel=0.0, scan_enabled=True, allow_vision_control=True, search_when_target_lost=True, scan_yaw_rate_deg_s=120.0, search_pitch_deg=-6.0)

publishing #1198: rm_decision_interfaces.msg.RobotControl(stop_gimbal_scan=True, chassis_spin_vel=0.0, scan_enabled=True, allow_vision_control=True, search_when_target_lost=True, scan_yaw_rate_deg_s=120.0, search_pitch_deg=-6.0)

publishing #1199: rm_decision_interfaces.msg.RobotControl(stop_gimbal_scan=True, chassis_spin_vel=0.0, scan_enabled=True, allow_vision_control=True, search_when_target_lost=True, scan_yaw_rate_deg_s=120.0, search_pitch_deg=-6.0)

publishing #1200: rm_decision_interfaces.msg.RobotControl(stop_gimbal_scan=True, chassis_spin_vel=0.0, scan_enabled=True, allow_vision_control=True, search_when_target_lost=True, scan_yaw_rate_deg_s=120.0, search_pitch_deg=-6.0)

publishing #1201: rm_decision_interfaces.msg.RobotControl(stop_gimbal_scan=True, chassis_spin_vel=0.0, scan_enabled=True, allow_vision_control=True, search_when_target_lost=True, scan_yaw_rate_deg_s=120.0, search_pitch_deg=-6.0)

publishing #1202: rm_decision_interfaces.msg.RobotControl(stop_gimbal_scan=True, chassis_spin_vel=0.0, scan_enabled=True, allow_vision_control=True, search_when_target_lost=True, scan_yaw_rate_deg_s=120.0, search_pitch_deg=-6.0)

publishing #1203: rm_decision_interfaces.msg.RobotControl(stop_gimbal_scan=True, chassis_spin_vel=0.0, scan_enabled=True, allow_vision_control=True, search_when_target_lost=True, scan_yaw_rate_deg_s=120.0, search_pitch_deg=-6.0)

publishing #1204: rm_decision_interfaces.msg.RobotControl(stop_gimbal_scan=True, chassis_spin_vel=0.0, scan_enabled=True, allow_vision_control=True, search_when_target_lost=True, scan_yaw_rate_deg_s=120.0, search_pitch_deg=-6.0)

publishing #1205: rm_decision_interfaces.msg.RobotControl(stop_gimbal_scan=True, chassis_spin_vel=0.0, scan_enabled=True, allow_vision_control=True, search_when_target_lost=True, scan_yaw_rate_deg_s=120.0, search_pitch_deg=-6.0)

publishing #1206: rm_decision_interfaces.msg.RobotControl(stop_gimbal_scan=True, chassis_spin_vel=0.0, scan_enabled=True, allow_vision_control=True, search_when_target_lost=True, scan_yaw_rate_deg_s=120.0, search_pitch_deg=-6.0)

publishing #1207: rm_decision_interfaces.msg.RobotControl(stop_gimbal_scan=True, chassis_spin_vel=0.0, scan_enabled=True, allow_vision_control=True, search_when_target_lost=True, scan_yaw_rate_deg_s=120.0, search_pitch_deg=-6.0)

publishing #1208: rm_decision_interfaces.msg.RobotControl(stop_gimbal_scan=True, chassis_spin_vel=0.0, scan_enabled=True, allow_vision_control=True, search_when_target_lost=True, scan_yaw_rate_deg_s=120.0, search_pitch_deg=-6.0)

publishing #1209: rm_decision_interfaces.msg.RobotControl(stop_gimbal_scan=True, chassis_spin_vel=0.0, scan_enabled=True, allow_vision_control=True, search_when_target_lost=True, scan_yaw_rate_deg_s=120.0, search_pitch_deg=-6.0)

publishing #1210: rm_decision_interfaces.msg.RobotControl(stop_gimbal_scan=True, chassis_spin_vel=0.0, scan_enabled=True, allow_vision_control=True, search_when_target_lost=True, scan_yaw_rate_deg_s=120.0, search_pitch_deg=-6.0)

publishing #1211: rm_decision_interfaces.msg.RobotControl(stop_gimbal_scan=True, chassis_spin_vel=0.0, scan_enabled=True, allow_vision_control=True, search_when_target_lost=True, scan_yaw_rate_deg_s=120.0, search_pitch_deg=-6.0)

[2026-03-28 05:41:47.448] [warning] MV_CC_OpenDevice failed: 0x80000203
publishing #1212: rm_decision_interfaces.msg.RobotControl(stop_gimbal_scan=True, chassis_spin_vel=0.0, scan_enabled=True, allow_vision_control=True, search_when_target_lost=True, scan_yaw_rate_deg_s=120.0, search_pitch_deg=-6.0)

publishing #1213: rm_decision_interfaces.msg.RobotControl(stop_gimbal_scan=True, chassis_spin_vel=0.0, scan_enabled=True, allow_vision_control=True, search_when_target_lost=True, scan_yaw_rate_deg_s=120.0, search_pitch_deg=-6.0)

publishing #1214: rm_decision_interfaces.msg.RobotControl(stop_gimbal_scan=True, chassis_spin_vel=0.0, scan_enabled=True, allow_vision_control=True, search_when_target_lost=True, scan_yaw_rate_deg_s=120.0, search_pitch_deg=-6.0)

publishing #1215: rm_decision_interfaces.msg.RobotControl(stop_gimbal_scan=True, chassis_spin_vel=0.0, scan_enabled=True, allow_vision_control=True, search_when_target_lost=True, scan_yaw_rate_deg_s=120.0, search_pitch_deg=-6.0)

publishing #1216: rm_decision_interfaces.msg.RobotControl(stop_gimbal_scan=True, chassis_spin_vel=0.0, scan_enabled=True, allow_vision_control=True, search_when_target_lost=True, scan_yaw_rate_deg_s=120.0, search_pitch_deg=-6.0)

publishing #1217: rm_decision_interfaces.msg.RobotControl(stop_gimbal_scan=True, chassis_spin_vel=0.0, scan_enabled=True, allow_vision_control=True, search_when_target_lost=True, scan_yaw_rate_deg_s=120.0, search_pitch_deg=-6.0)

publishing #1218: rm_decision_interfaces.msg.RobotControl(stop_gimbal_scan=True, chassis_spin_vel=0.0, scan_enabled=True, allow_vision_control=True, search_when_target_lost=True, scan_yaw_rate_deg_s=120.0, search_pitch_deg=-6.0)

[2026-03-28 05:41:47.797] [info] Reset usb successfully :)
publishing #1219: rm_decision_interfaces.msg.RobotControl(stop_gimbal_scan=True, chassis_spin_vel=0.0, scan_enabled=True, allow_vision_control=True, search_when_target_lost=True, scan_yaw_rate_deg_s=120.0, search_pitch_deg=-6.0)

publishing #1220: rm_decision_interfaces.msg.RobotControl(stop_gimbal_scan=True, chassis_spin_vel=0.0, scan_enabled=True, allow_vision_control=True, search_when_target_lost=True, scan_yaw_rate_deg_s=120.0, search_pitch_deg=-6.0)

publishing #1221: rm_decision_interfaces.msg.RobotControl(stop_gimbal_scan=True, chassis_spin_vel=0.0, scan_enabled=True, allow_vision_control=True, search_when_target_lost=True, scan_yaw_rate_deg_s=120.0, search_pitch_deg=-6.0)

publishing #1222: rm_decision_interfaces.msg.RobotControl(stop_gimbal_scan=True, chassis_spin_vel=0.0, scan_enabled=True, allow_vision_control=True, search_when_target_lost=True, scan_yaw_rate_deg_s=120.0, search_pitch_deg=-6.0)

publishing #1223: rm_decision_interfaces.msg.RobotControl(stop_gimbal_scan=True, chassis_spin_vel=0.0, scan_enabled=True, allow_vision_control=True, search_when_target_lost=True, scan_yaw_rate_deg_s=120.0, search_pitch_deg=-6.0)

publishing #1224: rm_decision_interfaces.msg.RobotControl(stop_gimbal_scan=True, chassis_spin_vel=0.0, scan_enabled=True, allow_vision_control=True, search_when_target_lost=True, scan_yaw_rate_deg_s=120.0, search_pitch_deg=-6.0)

publishing #1225: rm_decision_interfaces.msg.RobotControl(stop_gimbal_scan=True, chassis_spin_vel=0.0, scan_enabled=True, allow_vision_control=True, search_when_target_lost=True, scan_yaw_rate_deg_s=120.0, search_pitch_deg=-6.0)

publishing #1226: rm_decision_interfaces.msg.RobotControl(stop_gimbal_scan=True, chassis_spin_vel=0.0, scan_enabled=True, allow_vision_control=True, search_when_target_lost=True, scan_yaw_rate_deg_s=120.0, search_pitch_deg=-6.0)

publishing #1227: rm_decision_interfaces.msg.RobotControl(stop_gimbal_scan=True, chassis_spin_vel=0.0, scan_enabled=True, allow_vision_control=True, search_when_target_lost=True, scan_yaw_rate_deg_s=120.0, search_pitch_deg=-6.0)

publishing #1228: rm_decision_interfaces.msg.RobotControl(stop_gimbal_scan=True, chassis_spin_vel=0.0, scan_enabled=True, allow_vision_control=True, search_when_target_lost=True, scan_yaw_rate_deg_s=120.0, search_pitch_deg=-6.0)

publishing #1229: rm_decision_interfaces.msg.RobotControl(stop_gimbal_scan=True, chassis_spin_vel=0.0, scan_enabled=True, allow_vision_control=True, search_when_target_lost=True, scan_yaw_rate_deg_s=120.0, search_pitch_deg=-6.0)

publishing #1230: rm_decision_interfaces.msg.RobotControl(stop_gimbal_scan=True, chassis_spin_vel=0.0, scan_enabled=True, allow_vision_control=True, search_when_target_lost=True, scan_yaw_rate_deg_s=120.0, search_pitch_deg=-6.0)

publishing #1231: rm_decision_interfaces.msg.RobotControl(stop_gimbal_scan=True, chassis_spin_vel=0.0, scan_enabled=True, allow_vision_control=True, search_when_target_lost=True, scan_yaw_rate_deg_s=120.0, search_pitch_deg=-6.0)

publishing #1232: rm_decision_interfaces.msg.RobotControl(stop_gimbal_scan=True, chassis_spin_vel=0.0, scan_enabled=True, allow_vision_control=True, search_when_target_lost=True, scan_yaw_rate_deg_s=120.0, search_pitch_deg=-6.0)

publishing #1233: rm_decision_interfaces.msg.RobotControl(stop_gimbal_scan=True, chassis_spin_vel=0.0, scan_enabled=True, allow_vision_control=True, search_when_target_lost=True, scan_yaw_rate_deg_s=120.0, search_pitch_deg=-6.0)

publishing #1234: rm_decision_interfaces.msg.RobotControl(stop_gimbal_scan=True, chassis_spin_vel=0.0, scan_enabled=True, allow_vision_control=True, search_when_target_lost=True, scan_yaw_rate_deg_s=120.0, search_pitch_deg=-6.0)

publishing #1235: rm_decision_interfaces.msg.RobotControl(stop_gimbal_scan=True, chassis_spin_vel=0.0, scan_enabled=True, allow_vision_control=True, search_when_target_lost=True, scan_yaw_rate_deg_s=120.0, search_pitch_deg=-6.0)

publishing #1236: rm_decision_interfaces.msg.RobotControl(stop_gimbal_scan=True, chassis_spin_vel=0.0, scan_enabled=True, allow_vision_control=True, search_when_target_lost=True, scan_yaw_rate_deg_s=120.0, search_pitch_deg=-6.0)

publishing #1237: rm_decision_interfaces.msg.RobotControl(stop_gimbal_scan=True, chassis_spin_vel=0.0, scan_enabled=True, allow_vision_control=True, search_when_target_lost=True, scan_yaw_rate_deg_s=120.0, search_pitch_deg=-6.0)

publishing #1238: rm_decision_interfaces.msg.RobotControl(stop_gimbal_scan=True, chassis_spin_vel=0.0, scan_enabled=True, allow_vision_control=True, search_when_target_lost=True, scan_yaw_rate_deg_s=120.0, search_pitch_deg=-6.0)

publishing #1239: rm_decision_interfaces.msg.RobotControl(stop_gimbal_scan=True, chassis_spin_vel=0.0, scan_enabled=True, allow_vision_control=True, search_when_target_lost=True, scan_yaw_rate_deg_s=120.0, search_pitch_deg=-6.0)

[2026-03-28 05:41:48.817] [debug] [Gimbal] CRC16 check failed.
publishing #1240: rm_decision_interfaces.msg.RobotControl(stop_gimbal_scan=True, chassis_spin_vel=0.0, scan_enabled=True, allow_vision_control=True, search_when_target_lost=True, scan_yaw_rate_deg_s=120.0, search_pitch_deg=-6.0)

publishing #1241: rm_decision_interfaces.msg.RobotControl(stop_gimbal_scan=True, chassis_spin_vel=0.0, scan_enabled=True, allow_vision_control=True, search_when_target_lost=True, scan_yaw_rate_deg_s=120.0, search_pitch_deg=-6.0)

publishing #1242: rm_decision_interfaces.msg.RobotControl(stop_gimbal_scan=True, chassis_spin_vel=0.0, scan_enabled=True, allow_vision_control=True, search_when_target_lost=True, scan_yaw_rate_deg_s=120.0, search_pitch_deg=-6.0)

publishing #1243: rm_decision_interfaces.msg.RobotControl(stop_gimbal_scan=True, chassis_spin_vel=0.0, scan_enabled=True, allow_vision_control=True, search_when_target_lost=True, scan_yaw_rate_deg_s=120.0, search_pitch_deg=-6.0)

publishing #1244: rm_decision_interfaces.msg.RobotControl(stop_gimbal_scan=True, chassis_spin_vel=0.0, scan_enabled=True, allow_vision_control=True, search_when_target_lost=True, scan_yaw_rate_deg_s=120.0, search_pitch_deg=-6.0)

publishing #1245: rm_decision_interfaces.msg.RobotControl(stop_gimbal_scan=True, chassis_spin_vel=0.0, scan_enabled=True, allow_vision_control=True, search_when_target_lost=True, scan_yaw_rate_deg_s=120.0, search_pitch_deg=-6.0)

publishing #1246: rm_decision_interfaces.msg.RobotControl(stop_gimbal_scan=True, chassis_spin_vel=0.0, scan_enabled=True, allow_vision_control=True, search_when_target_lost=True, scan_yaw_rate_deg_s=120.0, search_pitch_deg=-6.0)

publishing #1247: rm_decision_interfaces.msg.RobotControl(stop_gimbal_scan=True, chassis_spin_vel=0.0, scan_enabled=True, allow_vision_control=True, search_when_target_lost=True, scan_yaw_rate_deg_s=120.0, search_pitch_deg=-6.0)

publishing #1248: rm_decision_interfaces.msg.RobotControl(stop_gimbal_scan=True, chassis_spin_vel=0.0, scan_enabled=True, allow_vision_control=True, search_when_target_lost=True, scan_yaw_rate_deg_s=120.0, search_pitch_deg=-6.0)

[2026-03-28 05:41:49.295] [warning] MV_CC_OpenDevice failed: 0x80000203
publishing #1249: rm_decision_interfaces.msg.RobotControl(stop_gimbal_scan=True, chassis_spin_vel=0.0, scan_enabled=True, allow_vision_control=True, search_when_target_lost=True, scan_yaw_rate_deg_s=120.0, search_pitch_deg=-6.0)

publishing #1250: rm_decision_interfaces.msg.RobotControl(stop_gimbal_scan=True, chassis_spin_vel=0.0, scan_enabled=True, allow_vision_control=True, search_when_target_lost=True, scan_yaw_rate_deg_s=120.0, search_pitch_deg=-6.0)

[2026-03-28 05:41:49.367] [debug] [Gimbal] CRC16 check failed.
publishing #1251: rm_decision_interfaces.msg.RobotControl(stop_gimbal_scan=True, chassis_spin_vel=0.0, scan_enabled=True, allow_vision_control=True, search_when_target_lost=True, scan_yaw_rate_deg_s=120.0, search_pitch_deg=-6.0)

publishing #1252: rm_decision_interfaces.msg.RobotControl(stop_gimbal_scan=True, chassis_spin_vel=0.0, scan_enabled=True, allow_vision_control=True, search_when_target_lost=True, scan_yaw_rate_deg_s=120.0, search_pitch_deg=-6.0)

publishing #1253: rm_decision_interfaces.msg.RobotControl(stop_gimbal_scan=True, chassis_spin_vel=0.0, scan_enabled=True, allow_vision_control=True, search_when_target_lost=True, scan_yaw_rate_deg_s=120.0, search_pitch_deg=-6.0)

publishing #1254: rm_decision_interfaces.msg.RobotControl(stop_gimbal_scan=True, chassis_spin_vel=0.0, scan_enabled=True, allow_vision_control=True, search_when_target_lost=True, scan_yaw_rate_deg_s=120.0, search_pitch_deg=-6.0)

publishing #1255: rm_decision_interfaces.msg.RobotControl(stop_gimbal_scan=True, chassis_spin_vel=0.0, scan_enabled=True, allow_vision_control=True, search_when_target_lost=True, scan_yaw_rate_deg_s=120.0, search_pitch_deg=-6.0)

[2026-03-28 05:41:49.641] [info] Reset usb successfully :)
publishing #1256: rm_decision_interfaces.msg.RobotControl(stop_gimbal_scan=True, chassis_spin_vel=0.0, scan_enabled=True, allow_vision_control=True, search_when_target_lost=True, scan_yaw_rate_deg_s=120.0, search_pitch_deg=-6.0)

publishing #1257: rm_decision_interfaces.msg.RobotControl(stop_gimbal_scan=True, chassis_spin_vel=0.0, scan_enabled=True, allow_vision_control=True, search_when_target_lost=True, scan_yaw_rate_deg_s=120.0, search_pitch_deg=-6.0)

publishing #1258: rm_decision_interfaces.msg.RobotControl(stop_gimbal_scan=True, chassis_spin_vel=0.0, scan_enabled=True, allow_vision_control=True, search_when_target_lost=True, scan_yaw_rate_deg_s=120.0, search_pitch_deg=-6.0)

publishing #1259: rm_decision_interfaces.msg.RobotControl(stop_gimbal_scan=True, chassis_spin_vel=0.0, scan_enabled=True, allow_vision_control=True, search_when_target_lost=True, scan_yaw_rate_deg_s=120.0, search_pitch_deg=-6.0)

publishing #1260: rm_decision_interfaces.msg.RobotControl(stop_gimbal_scan=True, chassis_spin_vel=0.0, scan_enabled=True, allow_vision_control=True, search_when_target_lost=True, scan_yaw_rate_deg_s=120.0, search_pitch_deg=-6.0)

publishing #1261: rm_decision_interfaces.msg.RobotControl(stop_gimbal_scan=True, chassis_spin_vel=0.0, scan_enabled=True, allow_vision_control=True, search_when_target_lost=True, scan_yaw_rate_deg_s=120.0, search_pitch_deg=-6.0)

publishing #1262: rm_decision_interfaces.msg.RobotControl(stop_gimbal_scan=True, chassis_spin_vel=0.0, scan_enabled=True, allow_vision_control=True, search_when_target_lost=True, scan_yaw_rate_deg_s=120.0, search_pitch_deg=-6.0)

publishing #1263: rm_decision_interfaces.msg.RobotControl(stop_gimbal_scan=True, chassis_spin_vel=0.0, scan_enabled=True, allow_vision_control=True, search_when_target_lost=True, scan_yaw_rate_deg_s=120.0, search_pitch_deg=-6.0)

publishing #1264: rm_decision_interfaces.msg.RobotControl(stop_gimbal_scan=True, chassis_spin_vel=0.0, scan_enabled=True, allow_vision_control=True, search_when_target_lost=True, scan_yaw_rate_deg_s=120.0, search_pitch_deg=-6.0)

publishing #1265: rm_decision_interfaces.msg.RobotControl(stop_gimbal_scan=True, chassis_spin_vel=0.0, scan_enabled=True, allow_vision_control=True, search_when_target_lost=True, scan_yaw_rate_deg_s=120.0, search_pitch_deg=-6.0)

publishing #1266: rm_decision_interfaces.msg.RobotControl(stop_gimbal_scan=True, chassis_spin_vel=0.0, scan_enabled=True, allow_vision_control=True, search_when_target_lost=True, scan_yaw_rate_deg_s=120.0, search_pitch_deg=-6.0)

publishing #1267: rm_decision_interfaces.msg.RobotControl(stop_gimbal_scan=True, chassis_spin_vel=0.0, scan_enabled=True, allow_vision_control=True, search_when_target_lost=True, scan_yaw_rate_deg_s=120.0, search_pitch_deg=-6.0)

publishing #1268: rm_decision_interfaces.msg.RobotControl(stop_gimbal_scan=True, chassis_spin_vel=0.0, scan_enabled=True, allow_vision_control=True, search_when_target_lost=True, scan_yaw_rate_deg_s=120.0, search_pitch_deg=-6.0)

publishing #1269: rm_decision_interfaces.msg.RobotControl(stop_gimbal_scan=True, chassis_spin_vel=0.0, scan_enabled=True, allow_vision_control=True, search_when_target_lost=True, scan_yaw_rate_deg_s=120.0, search_pitch_deg=-6.0)

publishing #1270: rm_decision_interfaces.msg.RobotControl(stop_gimbal_scan=True, chassis_spin_vel=0.0, scan_enabled=True, allow_vision_control=True, search_when_target_lost=True, scan_yaw_rate_deg_s=120.0, search_pitch_deg=-6.0)

publishing #1271: rm_decision_interfaces.msg.RobotControl(stop_gimbal_scan=True, chassis_spin_vel=0.0, scan_enabled=True, allow_vision_control=True, search_when_target_lost=True, scan_yaw_rate_deg_s=120.0, search_pitch_deg=-6.0)

publishing #1272: rm_decision_interfaces.msg.RobotControl(stop_gimbal_scan=True, chassis_spin_vel=0.0, scan_enabled=True, allow_vision_control=True, search_when_target_lost=True, scan_yaw_rate_deg_s=120.0, search_pitch_deg=-6.0)

publishing #1273: rm_decision_interfaces.msg.RobotControl(stop_gimbal_scan=True, chassis_spin_vel=0.0, scan_enabled=True, allow_vision_control=True, search_when_target_lost=True, scan_yaw_rate_deg_s=120.0, search_pitch_deg=-6.0)

publishing #1274: rm_decision_interfaces.msg.RobotControl(stop_gimbal_scan=True, chassis_spin_vel=0.0, scan_enabled=True, allow_vision_control=True, search_when_target_lost=True, scan_yaw_rate_deg_s=120.0, search_pitch_deg=-6.0)

publishing #1275: rm_decision_interfaces.msg.RobotControl(stop_gimbal_scan=True, chassis_spin_vel=0.0, scan_enabled=True, allow_vision_control=True, search_when_target_lost=True, scan_yaw_rate_deg_s=120.0, search_pitch_deg=-6.0)

publishing #1276: rm_decision_interfaces.msg.RobotControl(stop_gimbal_scan=True, chassis_spin_vel=0.0, scan_enabled=True, allow_vision_control=True, search_when_target_lost=True, scan_yaw_rate_deg_s=120.0, search_pitch_deg=-6.0)

[2026-03-28 05:41:50.677] [info] [Gimbal] Received 2400 packets, freq=21.2Hz
publishing #1277: rm_decision_interfaces.msg.RobotControl(stop_gimbal_scan=True, chassis_spin_vel=0.0, scan_enabled=True, allow_vision_control=True, search_when_target_lost=True, scan_yaw_rate_deg_s=120.0, search_pitch_deg=-6.0)

publishing #1278: rm_decision_interfaces.msg.RobotControl(stop_gimbal_scan=True, chassis_spin_vel=0.0, scan_enabled=True, allow_vision_control=True, search_when_target_lost=True, scan_yaw_rate_deg_s=120.0, search_pitch_deg=-6.0)

publishing #1279: rm_decision_interfaces.msg.RobotControl(stop_gimbal_scan=True, chassis_spin_vel=0.0, scan_enabled=True, allow_vision_control=True, search_when_target_lost=True, scan_yaw_rate_deg_s=120.0, search_pitch_deg=-6.0)

[2026-03-28 05:41:50.817] [debug] [Gimbal] CRC16 check failed.
publishing #1280: rm_decision_interfaces.msg.RobotControl(stop_gimbal_scan=True, chassis_spin_vel=0.0, scan_enabled=True, allow_vision_control=True, search_when_target_lost=True, scan_yaw_rate_deg_s=120.0, search_pitch_deg=-6.0)

publishing #1281: rm_decision_interfaces.msg.RobotControl(stop_gimbal_scan=True, chassis_spin_vel=0.0, scan_enabled=True, allow_vision_control=True, search_when_target_lost=True, scan_yaw_rate_deg_s=120.0, search_pitch_deg=-6.0)

publishing #1282: rm_decision_interfaces.msg.RobotControl(stop_gimbal_scan=True, chassis_spin_vel=0.0, scan_enabled=True, allow_vision_control=True, search_when_target_lost=True, scan_yaw_rate_deg_s=120.0, search_pitch_deg=-6.0)

publishing #1283: rm_decision_interfaces.msg.RobotControl(stop_gimbal_scan=True, chassis_spin_vel=0.0, scan_enabled=True, allow_vision_control=True, search_when_target_lost=True, scan_yaw_rate_deg_s=120.0, search_pitch_deg=-6.0)

publishing #1284: rm_decision_interfaces.msg.RobotControl(stop_gimbal_scan=True, chassis_spin_vel=0.0, scan_enabled=True, allow_vision_control=True, search_when_target_lost=True, scan_yaw_rate_deg_s=120.0, search_pitch_deg=-6.0)

publishing #1285: rm_decision_interfaces.msg.RobotControl(stop_gimbal_scan=True, chassis_spin_vel=0.0, scan_enabled=True, allow_vision_control=True, search_when_target_lost=True, scan_yaw_rate_deg_s=120.0, search_pitch_deg=-6.0)

[2026-03-28 05:41:51.142] [warning] MV_CC_OpenDevice failed: 0x80000203
publishing #1286: rm_decision_interfaces.msg.RobotControl(stop_gimbal_scan=True, chassis_spin_vel=0.0, scan_enabled=True, allow_vision_control=True, search_when_target_lost=True, scan_yaw_rate_deg_s=120.0, search_pitch_deg=-6.0)

[2026-03-28 05:41:51.167] [debug] [Gimbal] CRC16 check failed.
publishing #1287: rm_decision_interfaces.msg.RobotControl(stop_gimbal_scan=True, chassis_spin_vel=0.0, scan_enabled=True, allow_vision_control=True, search_when_target_lost=True, scan_yaw_rate_deg_s=120.0, search_pitch_deg=-6.0)

publishing #1288: rm_decision_interfaces.msg.RobotControl(stop_gimbal_scan=True, chassis_spin_vel=0.0, scan_enabled=True, allow_vision_control=True, search_when_target_lost=True, scan_yaw_rate_deg_s=120.0, search_pitch_deg=-6.0)

publishing #1289: rm_decision_interfaces.msg.RobotControl(stop_gimbal_scan=True, chassis_spin_vel=0.0, scan_enabled=True, allow_vision_control=True, search_when_target_lost=True, scan_yaw_rate_deg_s=120.0, search_pitch_deg=-6.0)

publishing #1290: rm_decision_interfaces.msg.RobotControl(stop_gimbal_scan=True, chassis_spin_vel=0.0, scan_enabled=True, allow_vision_control=True, search_when_target_lost=True, scan_yaw_rate_deg_s=120.0, search_pitch_deg=-6.0)

publishing #1291: rm_decision_interfaces.msg.RobotControl(stop_gimbal_scan=True, chassis_spin_vel=0.0, scan_enabled=True, allow_vision_control=True, search_when_target_lost=True, scan_yaw_rate_deg_s=120.0, search_pitch_deg=-6.0)

publishing #1292: rm_decision_interfaces.msg.RobotControl(stop_gimbal_scan=True, chassis_spin_vel=0.0, scan_enabled=True, allow_vision_control=True, search_when_target_lost=True, scan_yaw_rate_deg_s=120.0, search_pitch_deg=-6.0)

[2026-03-28 05:41:51.491] [info] Reset usb successfully :)
publishing #1293: rm_decision_interfaces.msg.RobotControl(stop_gimbal_scan=True, chassis_spin_vel=0.0, scan_enabled=True, allow_vision_control=True, search_when_target_lost=True, scan_yaw_rate_deg_s=120.0, search_pitch_deg=-6.0)

publishing #1294: rm_decision_interfaces.msg.RobotControl(stop_gimbal_scan=True, chassis_spin_vel=0.0, scan_enabled=True, allow_vision_control=True, search_when_target_lost=True, scan_yaw_rate_deg_s=120.0, search_pitch_deg=-6.0)

publishing #1295: rm_decision_interfaces.msg.RobotControl(stop_gimbal_scan=True, chassis_spin_vel=0.0, scan_enabled=True, allow_vision_control=True, search_when_target_lost=True, scan_yaw_rate_deg_s=120.0, search_pitch_deg=-6.0)

publishing #1296: rm_decision_interfaces.msg.RobotControl(stop_gimbal_scan=True, chassis_spin_vel=0.0, scan_enabled=True, allow_vision_control=True, search_when_target_lost=True, scan_yaw_rate_deg_s=120.0, search_pitch_deg=-6.0)

publishing #1297: rm_decision_interfaces.msg.RobotControl(stop_gimbal_scan=True, chassis_spin_vel=0.0, scan_enabled=True, allow_vision_control=True, search_when_target_lost=True, scan_yaw_rate_deg_s=120.0, search_pitch_deg=-6.0)

publishing #1298: rm_decision_interfaces.msg.RobotControl(stop_gimbal_scan=True, chassis_spin_vel=0.0, scan_enabled=True, allow_vision_control=True, search_when_target_lost=True, scan_yaw_rate_deg_s=120.0, search_pitch_deg=-6.0)

publishing #1299: rm_decision_interfaces.msg.RobotControl(stop_gimbal_scan=True, chassis_spin_vel=0.0, scan_enabled=True, allow_vision_control=True, search_when_target_lost=True, scan_yaw_rate_deg_s=120.0, search_pitch_deg=-6.0)

publishing #1300: rm_decision_interfaces.msg.RobotControl(stop_gimbal_scan=True, chassis_spin_vel=0.0, scan_enabled=True, allow_vision_control=True, search_when_target_lost=True, scan_yaw_rate_deg_s=120.0, search_pitch_deg=-6.0)

publishing #1301: rm_decision_interfaces.msg.RobotControl(stop_gimbal_scan=True, chassis_spin_vel=0.0, scan_enabled=True, allow_vision_control=True, search_when_target_lost=True, scan_yaw_rate_deg_s=120.0, search_pitch_deg=-6.0)

publishing #1302: rm_decision_interfaces.msg.RobotControl(stop_gimbal_scan=True, chassis_spin_vel=0.0, scan_enabled=True, allow_vision_control=True, search_when_target_lost=True, scan_yaw_rate_deg_s=120.0, search_pitch_deg=-6.0)

publishing #1303: rm_decision_interfaces.msg.RobotControl(stop_gimbal_scan=True, chassis_spin_vel=0.0, scan_enabled=True, allow_vision_control=True, search_when_target_lost=True, scan_yaw_rate_deg_s=120.0, search_pitch_deg=-6.0)

publishing #1304: rm_decision_interfaces.msg.RobotControl(stop_gimbal_scan=True, chassis_spin_vel=0.0, scan_enabled=True, allow_vision_control=True, search_when_target_lost=True, scan_yaw_rate_deg_s=120.0, search_pitch_deg=-6.0)

publishing #1305: rm_decision_interfaces.msg.RobotControl(stop_gimbal_scan=True, chassis_spin_vel=0.0, scan_enabled=True, allow_vision_control=True, search_when_target_lost=True, scan_yaw_rate_deg_s=120.0, search_pitch_deg=-6.0)

publishing #1306: rm_decision_interfaces.msg.RobotControl(stop_gimbal_scan=True, chassis_spin_vel=0.0, scan_enabled=True, allow_vision_control=True, search_when_target_lost=True, scan_yaw_rate_deg_s=120.0, search_pitch_deg=-6.0)

publishing #1307: rm_decision_interfaces.msg.RobotControl(stop_gimbal_scan=True, chassis_spin_vel=0.0, scan_enabled=True, allow_vision_control=True, search_when_target_lost=True, scan_yaw_rate_deg_s=120.0, search_pitch_deg=-6.0)

publishing #1308: rm_decision_interfaces.msg.RobotControl(stop_gimbal_scan=True, chassis_spin_vel=0.0, scan_enabled=True, allow_vision_control=True, search_when_target_lost=True, scan_yaw_rate_deg_s=120.0, search_pitch_deg=-6.0)

publishing #1309: rm_decision_interfaces.msg.RobotControl(stop_gimbal_scan=True, chassis_spin_vel=0.0, scan_enabled=True, allow_vision_control=True, search_when_target_lost=True, scan_yaw_rate_deg_s=120.0, search_pitch_deg=-6.0)

publishing #1310: rm_decision_interfaces.msg.RobotControl(stop_gimbal_scan=True, chassis_spin_vel=0.0, scan_enabled=True, allow_vision_control=True, search_when_target_lost=True, scan_yaw_rate_deg_s=120.0, search_pitch_deg=-6.0)

publishing #1311: rm_decision_interfaces.msg.RobotControl(stop_gimbal_scan=True, chassis_spin_vel=0.0, scan_enabled=True, allow_vision_control=True, search_when_target_lost=True, scan_yaw_rate_deg_s=120.0, search_pitch_deg=-6.0)

publishing #1312: rm_decision_interfaces.msg.RobotControl(stop_gimbal_scan=True, chassis_spin_vel=0.0, scan_enabled=True, allow_vision_control=True, search_when_target_lost=True, scan_yaw_rate_deg_s=120.0, search_pitch_deg=-6.0)

publishing #1313: rm_decision_interfaces.msg.RobotControl(stop_gimbal_scan=True, chassis_spin_vel=0.0, scan_enabled=True, allow_vision_control=True, search_when_target_lost=True, scan_yaw_rate_deg_s=120.0, search_pitch_deg=-6.0)

publishing #1314: rm_decision_interfaces.msg.RobotControl(stop_gimbal_scan=True, chassis_spin_vel=0.0, scan_enabled=True, allow_vision_control=True, search_when_target_lost=True, scan_yaw_rate_deg_s=120.0, search_pitch_deg=-6.0)

publishing #1315: rm_decision_interfaces.msg.RobotControl(stop_gimbal_scan=True, chassis_spin_vel=0.0, scan_enabled=True, allow_vision_control=True, search_when_target_lost=True, scan_yaw_rate_deg_s=120.0, search_pitch_deg=-6.0)

publishing #1316: rm_decision_interfaces.msg.RobotControl(stop_gimbal_scan=True, chassis_spin_vel=0.0, scan_enabled=True, allow_vision_control=True, search_when_target_lost=True, scan_yaw_rate_deg_s=120.0, search_pitch_deg=-6.0)

publishing #1317: rm_decision_interfaces.msg.RobotControl(stop_gimbal_scan=True, chassis_spin_vel=0.0, scan_enabled=True, allow_vision_control=True, search_when_target_lost=True, scan_yaw_rate_deg_s=120.0, search_pitch_deg=-6.0)

publishing #1318: rm_decision_interfaces.msg.RobotControl(stop_gimbal_scan=True, chassis_spin_vel=0.0, scan_enabled=True, allow_vision_control=True, search_when_target_lost=True, scan_yaw_rate_deg_s=120.0, search_pitch_deg=-6.0)

publishing #1319: rm_decision_interfaces.msg.RobotControl(stop_gimbal_scan=True, chassis_spin_vel=0.0, scan_enabled=True, allow_vision_control=True, search_when_target_lost=True, scan_yaw_rate_deg_s=120.0, search_pitch_deg=-6.0)

publishing #1320: rm_decision_interfaces.msg.RobotControl(stop_gimbal_scan=True, chassis_spin_vel=0.0, scan_enabled=True, allow_vision_control=True, search_when_target_lost=True, scan_yaw_rate_deg_s=120.0, search_pitch_deg=-6.0)

publishing #1321: rm_decision_interfaces.msg.RobotControl(stop_gimbal_scan=True, chassis_spin_vel=0.0, scan_enabled=True, allow_vision_control=True, search_when_target_lost=True, scan_yaw_rate_deg_s=120.0, search_pitch_deg=-6.0)

publishing #1322: rm_decision_interfaces.msg.RobotControl(stop_gimbal_scan=True, chassis_spin_vel=0.0, scan_enabled=True, allow_vision_control=True, search_when_target_lost=True, scan_yaw_rate_deg_s=120.0, search_pitch_deg=-6.0)

[2026-03-28 05:41:52.994] [warning] MV_CC_OpenDevice failed: 0x80000203
publishing #1323: rm_decision_interfaces.msg.RobotControl(stop_gimbal_scan=True, chassis_spin_vel=0.0, scan_enabled=True, allow_vision_control=True, search_when_target_lost=True, scan_yaw_rate_deg_s=120.0, search_pitch_deg=-6.0)

publishing #1324: rm_decision_interfaces.msg.RobotControl(stop_gimbal_scan=True, chassis_spin_vel=0.0, scan_enabled=True, allow_vision_control=True, search_when_target_lost=True, scan_yaw_rate_deg_s=120.0, search_pitch_deg=-6.0)

publishing #1325: rm_decision_interfaces.msg.RobotControl(stop_gimbal_scan=True, chassis_spin_vel=0.0, scan_enabled=True, allow_vision_control=True, search_when_target_lost=True, scan_yaw_rate_deg_s=120.0, search_pitch_deg=-6.0)

publishing #1326: rm_decision_interfaces.msg.RobotControl(stop_gimbal_scan=True, chassis_spin_vel=0.0, scan_enabled=True, allow_vision_control=True, search_when_target_lost=True, scan_yaw_rate_deg_s=120.0, search_pitch_deg=-6.0)

publishing #1327: rm_decision_interfaces.msg.RobotControl(stop_gimbal_scan=True, chassis_spin_vel=0.0, scan_enabled=True, allow_vision_control=True, search_when_target_lost=True, scan_yaw_rate_deg_s=120.0, search_pitch_deg=-6.0)

publishing #1328: rm_decision_interfaces.msg.RobotControl(stop_gimbal_scan=True, chassis_spin_vel=0.0, scan_enabled=True, allow_vision_control=True, search_when_target_lost=True, scan_yaw_rate_deg_s=120.0, search_pitch_deg=-6.0)

publishing #1329: rm_decision_interfaces.msg.RobotControl(stop_gimbal_scan=True, chassis_spin_vel=0.0, scan_enabled=True, allow_vision_control=True, search_when_target_lost=True, scan_yaw_rate_deg_s=120.0, search_pitch_deg=-6.0)

[2026-03-28 05:41:53.341] [info] Reset usb successfully :)
publishing #1330: rm_decision_interfaces.msg.RobotControl(stop_gimbal_scan=True, chassis_spin_vel=0.0, scan_enabled=True, allow_vision_control=True, search_when_target_lost=True, scan_yaw_rate_deg_s=120.0, search_pitch_deg=-6.0)

publishing #1331: rm_decision_interfaces.msg.RobotControl(stop_gimbal_scan=True, chassis_spin_vel=0.0, scan_enabled=True, allow_vision_control=True, search_when_target_lost=True, scan_yaw_rate_deg_s=120.0, search_pitch_deg=-6.0)

publishing #1332: rm_decision_interfaces.msg.RobotControl(stop_gimbal_scan=True, chassis_spin_vel=0.0, scan_enabled=True, allow_vision_control=True, search_when_target_lost=True, scan_yaw_rate_deg_s=120.0, search_pitch_deg=-6.0)

publishing #1333: rm_decision_interfaces.msg.RobotControl(stop_gimbal_scan=True, chassis_spin_vel=0.0, scan_enabled=True, allow_vision_control=True, search_when_target_lost=True, scan_yaw_rate_deg_s=120.0, search_pitch_deg=-6.0)

publishing #1334: rm_decision_interfaces.msg.RobotControl(stop_gimbal_scan=True, chassis_spin_vel=0.0, scan_enabled=True, allow_vision_control=True, search_when_target_lost=True, scan_yaw_rate_deg_s=120.0, search_pitch_deg=-6.0)

publishing #1335: rm_decision_interfaces.msg.RobotControl(stop_gimbal_scan=True, chassis_spin_vel=0.0, scan_enabled=True, allow_vision_control=True, search_when_target_lost=True, scan_yaw_rate_deg_s=120.0, search_pitch_deg=-6.0)

publishing #1336: rm_decision_interfaces.msg.RobotControl(stop_gimbal_scan=True, chassis_spin_vel=0.0, scan_enabled=True, allow_vision_control=True, search_when_target_lost=True, scan_yaw_rate_deg_s=120.0, search_pitch_deg=-6.0)

publishing #1337: rm_decision_interfaces.msg.RobotControl(stop_gimbal_scan=True, chassis_spin_vel=0.0, scan_enabled=True, allow_vision_control=True, search_when_target_lost=True, scan_yaw_rate_deg_s=120.0, search_pitch_deg=-6.0)

publishing #1338: rm_decision_interfaces.msg.RobotControl(stop_gimbal_scan=True, chassis_spin_vel=0.0, scan_enabled=True, allow_vision_control=True, search_when_target_lost=True, scan_yaw_rate_deg_s=120.0, search_pitch_deg=-6.0)

publishing #1339: rm_decision_interfaces.msg.RobotControl(stop_gimbal_scan=True, chassis_spin_vel=0.0, scan_enabled=True, allow_vision_control=True, search_when_target_lost=True, scan_yaw_rate_deg_s=120.0, search_pitch_deg=-6.0)

publishing #1340: rm_decision_interfaces.msg.RobotControl(stop_gimbal_scan=True, chassis_spin_vel=0.0, scan_enabled=True, allow_vision_control=True, search_when_target_lost=True, scan_yaw_rate_deg_s=120.0, search_pitch_deg=-6.0)

publishing #1341: rm_decision_interfaces.msg.RobotControl(stop_gimbal_scan=True, chassis_spin_vel=0.0, scan_enabled=True, allow_vision_control=True, search_when_target_lost=True, scan_yaw_rate_deg_s=120.0, search_pitch_deg=-6.0)

publishing #1342: rm_decision_interfaces.msg.RobotControl(stop_gimbal_scan=True, chassis_spin_vel=0.0, scan_enabled=True, allow_vision_control=True, search_when_target_lost=True, scan_yaw_rate_deg_s=120.0, search_pitch_deg=-6.0)

publishing #1343: rm_decision_interfaces.msg.RobotControl(stop_gimbal_scan=True, chassis_spin_vel=0.0, scan_enabled=True, allow_vision_control=True, search_when_target_lost=True, scan_yaw_rate_deg_s=120.0, search_pitch_deg=-6.0)

publishing #1344: rm_decision_interfaces.msg.RobotControl(stop_gimbal_scan=True, chassis_spin_vel=0.0, scan_enabled=True, allow_vision_control=True, search_when_target_lost=True, scan_yaw_rate_deg_s=120.0, search_pitch_deg=-6.0)

publishing #1345: rm_decision_interfaces.msg.RobotControl(stop_gimbal_scan=True, chassis_spin_vel=0.0, scan_enabled=True, allow_vision_control=True, search_when_target_lost=True, scan_yaw_rate_deg_s=120.0, search_pitch_deg=-6.0)

publishing #1346: rm_decision_interfaces.msg.RobotControl(stop_gimbal_scan=True, chassis_spin_vel=0.0, scan_enabled=True, allow_vision_control=True, search_when_target_lost=True, scan_yaw_rate_deg_s=120.0, search_pitch_deg=-6.0)

publishing #1347: rm_decision_interfaces.msg.RobotControl(stop_gimbal_scan=True, chassis_spin_vel=0.0, scan_enabled=True, allow_vision_control=True, search_when_target_lost=True, scan_yaw_rate_deg_s=120.0, search_pitch_deg=-6.0)

publishing #1348: rm_decision_interfaces.msg.RobotControl(stop_gimbal_scan=True, chassis_spin_vel=0.0, scan_enabled=True, allow_vision_control=True, search_when_target_lost=True, scan_yaw_rate_deg_s=120.0, search_pitch_deg=-6.0)

publishing #1349: rm_decision_interfaces.msg.RobotControl(stop_gimbal_scan=True, chassis_spin_vel=0.0, scan_enabled=True, allow_vision_control=True, search_when_target_lost=True, scan_yaw_rate_deg_s=120.0, search_pitch_deg=-6.0)

publishing #1350: rm_decision_interfaces.msg.RobotControl(stop_gimbal_scan=True, chassis_spin_vel=0.0, scan_enabled=True, allow_vision_control=True, search_when_target_lost=True, scan_yaw_rate_deg_s=120.0, search_pitch_deg=-6.0)

publishing #1351: rm_decision_interfaces.msg.RobotControl(stop_gimbal_scan=True, chassis_spin_vel=0.0, scan_enabled=True, allow_vision_control=True, search_when_target_lost=True, scan_yaw_rate_deg_s=120.0, search_pitch_deg=-6.0)

publishing #1352: rm_decision_interfaces.msg.RobotControl(stop_gimbal_scan=True, chassis_spin_vel=0.0, scan_enabled=True, allow_vision_control=True, search_when_target_lost=True, scan_yaw_rate_deg_s=120.0, search_pitch_deg=-6.0)

publishing #1353: rm_decision_interfaces.msg.RobotControl(stop_gimbal_scan=True, chassis_spin_vel=0.0, scan_enabled=True, allow_vision_control=True, search_when_target_lost=True, scan_yaw_rate_deg_s=120.0, search_pitch_deg=-6.0)

publishing #1354: rm_decision_interfaces.msg.RobotControl(stop_gimbal_scan=True, chassis_spin_vel=0.0, scan_enabled=True, allow_vision_control=True, search_when_target_lost=True, scan_yaw_rate_deg_s=120.0, search_pitch_deg=-6.0)

publishing #1355: rm_decision_interfaces.msg.RobotControl(stop_gimbal_scan=True, chassis_spin_vel=0.0, scan_enabled=True, allow_vision_control=True, search_when_target_lost=True, scan_yaw_rate_deg_s=120.0, search_pitch_deg=-6.0)

publishing #1356: rm_decision_interfaces.msg.RobotControl(stop_gimbal_scan=True, chassis_spin_vel=0.0, scan_enabled=True, allow_vision_control=True, search_when_target_lost=True, scan_yaw_rate_deg_s=120.0, search_pitch_deg=-6.0)

publishing #1357: rm_decision_interfaces.msg.RobotControl(stop_gimbal_scan=True, chassis_spin_vel=0.0, scan_enabled=True, allow_vision_control=True, search_when_target_lost=True, scan_yaw_rate_deg_s=120.0, search_pitch_deg=-6.0)

publishing #1358: rm_decision_interfaces.msg.RobotControl(stop_gimbal_scan=True, chassis_spin_vel=0.0, scan_enabled=True, allow_vision_control=True, search_when_target_lost=True, scan_yaw_rate_deg_s=120.0, search_pitch_deg=-6.0)

publishing #1359: rm_decision_interfaces.msg.RobotControl(stop_gimbal_scan=True, chassis_spin_vel=0.0, scan_enabled=True, allow_vision_control=True, search_when_target_lost=True, scan_yaw_rate_deg_s=120.0, search_pitch_deg=-6.0)

[2026-03-28 05:41:54.842] [warning] MV_CC_OpenDevice failed: 0x80000203
publishing #1360: rm_decision_interfaces.msg.RobotControl(stop_gimbal_scan=True, chassis_spin_vel=0.0, scan_enabled=True, allow_vision_control=True, search_when_target_lost=True, scan_yaw_rate_deg_s=120.0, search_pitch_deg=-6.0)

publishing #1361: rm_decision_interfaces.msg.RobotControl(stop_gimbal_scan=True, chassis_spin_vel=0.0, scan_enabled=True, allow_vision_control=True, search_when_target_lost=True, scan_yaw_rate_deg_s=120.0, search_pitch_deg=-6.0)

publishing #1362: rm_decision_interfaces.msg.RobotControl(stop_gimbal_scan=True, chassis_spin_vel=0.0, scan_enabled=True, allow_vision_control=True, search_when_target_lost=True, scan_yaw_rate_deg_s=120.0, search_pitch_deg=-6.0)

publishing #1363: rm_decision_interfaces.msg.RobotControl(stop_gimbal_scan=True, chassis_spin_vel=0.0, scan_enabled=True, allow_vision_control=True, search_when_target_lost=True, scan_yaw_rate_deg_s=120.0, search_pitch_deg=-6.0)

publishing #1364: rm_decision_interfaces.msg.RobotControl(stop_gimbal_scan=True, chassis_spin_vel=0.0, scan_enabled=True, allow_vision_control=True, search_when_target_lost=True, scan_yaw_rate_deg_s=120.0, search_pitch_deg=-6.0)

publishing #1365: rm_decision_interfaces.msg.RobotControl(stop_gimbal_scan=True, chassis_spin_vel=0.0, scan_enabled=True, allow_vision_control=True, search_when_target_lost=True, scan_yaw_rate_deg_s=120.0, search_pitch_deg=-6.0)

publishing #1366: rm_decision_interfaces.msg.RobotControl(stop_gimbal_scan=True, chassis_spin_vel=0.0, scan_enabled=True, allow_vision_control=True, search_when_target_lost=True, scan_yaw_rate_deg_s=120.0, search_pitch_deg=-6.0)

[2026-03-28 05:41:55.189] [info] Reset usb successfully :)
publishing #1367: rm_decision_interfaces.msg.RobotControl(stop_gimbal_scan=True, chassis_spin_vel=0.0, scan_enabled=True, allow_vision_control=True, search_when_target_lost=True, scan_yaw_rate_deg_s=120.0, search_pitch_deg=-6.0)

publishing #1368: rm_decision_interfaces.msg.RobotControl(stop_gimbal_scan=True, chassis_spin_vel=0.0, scan_enabled=True, allow_vision_control=True, search_when_target_lost=True, scan_yaw_rate_deg_s=120.0, search_pitch_deg=-6.0)

publishing #1369: rm_decision_interfaces.msg.RobotControl(stop_gimbal_scan=True, chassis_spin_vel=0.0, scan_enabled=True, allow_vision_control=True, search_when_target_lost=True, scan_yaw_rate_deg_s=120.0, search_pitch_deg=-6.0)

[2026-03-28 05:41:55.347] [info] [Gimbal] Received 2500 packets, freq=21.4Hz
publishing #1370: rm_decision_interfaces.msg.RobotControl(stop_gimbal_scan=True, chassis_spin_vel=0.0, scan_enabled=True, allow_vision_control=True, search_when_target_lost=True, scan_yaw_rate_deg_s=120.0, search_pitch_deg=-6.0)

publishing #1371: rm_decision_interfaces.msg.RobotControl(stop_gimbal_scan=True, chassis_spin_vel=0.0, scan_enabled=True, allow_vision_control=True, search_when_target_lost=True, scan_yaw_rate_deg_s=120.0, search_pitch_deg=-6.0)

publishing #1372: rm_decision_interfaces.msg.RobotControl(stop_gimbal_scan=True, chassis_spin_vel=0.0, scan_enabled=True, allow_vision_control=True, search_when_target_lost=True, scan_yaw_rate_deg_s=120.0, search_pitch_deg=-6.0)

publishing #1373: rm_decision_interfaces.msg.RobotControl(stop_gimbal_scan=True, chassis_spin_vel=0.0, scan_enabled=True, allow_vision_control=True, search_when_target_lost=True, scan_yaw_rate_deg_s=120.0, search_pitch_deg=-6.0)

publishing #1374: rm_decision_interfaces.msg.RobotControl(stop_gimbal_scan=True, chassis_spin_vel=0.0, scan_enabled=True, allow_vision_control=True, search_when_target_lost=True, scan_yaw_rate_deg_s=120.0, search_pitch_deg=-6.0)

publishing #1375: rm_decision_interfaces.msg.RobotControl(stop_gimbal_scan=True, chassis_spin_vel=0.0, scan_enabled=True, allow_vision_control=True, search_when_target_lost=True, scan_yaw_rate_deg_s=120.0, search_pitch_deg=-6.0)

publishing #1376: rm_decision_interfaces.msg.RobotControl(stop_gimbal_scan=True, chassis_spin_vel=0.0, scan_enabled=True, allow_vision_control=True, search_when_target_lost=True, scan_yaw_rate_deg_s=120.0, search_pitch_deg=-6.0)

publishing #1377: rm_decision_interfaces.msg.RobotControl(stop_gimbal_scan=True, chassis_spin_vel=0.0, scan_enabled=True, allow_vision_control=True, search_when_target_lost=True, scan_yaw_rate_deg_s=120.0, search_pitch_deg=-6.0)

publishing #1378: rm_decision_interfaces.msg.RobotControl(stop_gimbal_scan=True, chassis_spin_vel=0.0, scan_enabled=True, allow_vision_control=True, search_when_target_lost=True, scan_yaw_rate_deg_s=120.0, search_pitch_deg=-6.0)

publishing #1379: rm_decision_interfaces.msg.RobotControl(stop_gimbal_scan=True, chassis_spin_vel=0.0, scan_enabled=True, allow_vision_control=True, search_when_target_lost=True, scan_yaw_rate_deg_s=120.0, search_pitch_deg=-6.0)

publishing #1380: rm_decision_interfaces.msg.RobotControl(stop_gimbal_scan=True, chassis_spin_vel=0.0, scan_enabled=True, allow_vision_control=True, search_when_target_lost=True, scan_yaw_rate_deg_s=120.0, search_pitch_deg=-6.0)

publishing #1381: rm_decision_interfaces.msg.RobotControl(stop_gimbal_scan=True, chassis_spin_vel=0.0, scan_enabled=True, allow_vision_control=True, search_when_target_lost=True, scan_yaw_rate_deg_s=120.0, search_pitch_deg=-6.0)

publishing #1382: rm_decision_interfaces.msg.RobotControl(stop_gimbal_scan=True, chassis_spin_vel=0.0, scan_enabled=True, allow_vision_control=True, search_when_target_lost=True, scan_yaw_rate_deg_s=120.0, search_pitch_deg=-6.0)

publishing #1383: rm_decision_interfaces.msg.RobotControl(stop_gimbal_scan=True, chassis_spin_vel=0.0, scan_enabled=True, allow_vision_control=True, search_when_target_lost=True, scan_yaw_rate_deg_s=120.0, search_pitch_deg=-6.0)

publishing #1384: rm_decision_interfaces.msg.RobotControl(stop_gimbal_scan=True, chassis_spin_vel=0.0, scan_enabled=True, allow_vision_control=True, search_when_target_lost=True, scan_yaw_rate_deg_s=120.0, search_pitch_deg=-6.0)

publishing #1385: rm_decision_interfaces.msg.RobotControl(stop_gimbal_scan=True, chassis_spin_vel=0.0, scan_enabled=True, allow_vision_control=True, search_when_target_lost=True, scan_yaw_rate_deg_s=120.0, search_pitch_deg=-6.0)

publishing #1386: rm_decision_interfaces.msg.RobotControl(stop_gimbal_scan=True, chassis_spin_vel=0.0, scan_enabled=True, allow_vision_control=True, search_when_target_lost=True, scan_yaw_rate_deg_s=120.0, search_pitch_deg=-6.0)

publishing #1387: rm_decision_interfaces.msg.RobotControl(stop_gimbal_scan=True, chassis_spin_vel=0.0, scan_enabled=True, allow_vision_control=True, search_when_target_lost=True, scan_yaw_rate_deg_s=120.0, search_pitch_deg=-6.0)

publishing #1388: rm_decision_interfaces.msg.RobotControl(stop_gimbal_scan=True, chassis_spin_vel=0.0, scan_enabled=True, allow_vision_control=True, search_when_target_lost=True, scan_yaw_rate_deg_s=120.0, search_pitch_deg=-6.0)

[2026-03-28 05:41:56.297] [debug] [Gimbal] CRC16 check failed.
publishing #1389: rm_decision_interfaces.msg.RobotControl(stop_gimbal_scan=True, chassis_spin_vel=0.0, scan_enabled=True, allow_vision_control=True, search_when_target_lost=True, scan_yaw_rate_deg_s=120.0, search_pitch_deg=-6.0)

publishing #1390: rm_decision_interfaces.msg.RobotControl(stop_gimbal_scan=True, chassis_spin_vel=0.0, scan_enabled=True, allow_vision_control=True, search_when_target_lost=True, scan_yaw_rate_deg_s=120.0, search_pitch_deg=-6.0)

publishing #1391: rm_decision_interfaces.msg.RobotControl(stop_gimbal_scan=True, chassis_spin_vel=0.0, scan_enabled=True, allow_vision_control=True, search_when_target_lost=True, scan_yaw_rate_deg_s=120.0, search_pitch_deg=-6.0)

publishing #1392: rm_decision_interfaces.msg.RobotControl(stop_gimbal_scan=True, chassis_spin_vel=0.0, scan_enabled=True, allow_vision_control=True, search_when_target_lost=True, scan_yaw_rate_deg_s=120.0, search_pitch_deg=-6.0)

publishing #1393: rm_decision_interfaces.msg.RobotControl(stop_gimbal_scan=True, chassis_spin_vel=0.0, scan_enabled=True, allow_vision_control=True, search_when_target_lost=True, scan_yaw_rate_deg_s=120.0, search_pitch_deg=-6.0)

publishing #1394: rm_decision_interfaces.msg.RobotControl(stop_gimbal_scan=True, chassis_spin_vel=0.0, scan_enabled=True, allow_vision_control=True, search_when_target_lost=True, scan_yaw_rate_deg_s=120.0, search_pitch_deg=-6.0)

publishing #1395: rm_decision_interfaces.msg.RobotControl(stop_gimbal_scan=True, chassis_spin_vel=0.0, scan_enabled=True, allow_vision_control=True, search_when_target_lost=True, scan_yaw_rate_deg_s=120.0, search_pitch_deg=-6.0)

publishing #1396: rm_decision_interfaces.msg.RobotControl(stop_gimbal_scan=True, chassis_spin_vel=0.0, scan_enabled=True, allow_vision_control=True, search_when_target_lost=True, scan_yaw_rate_deg_s=120.0, search_pitch_deg=-6.0)

[2026-03-28 05:41:56.689] [warning] MV_CC_OpenDevice failed: 0x80000203
publishing #1397: rm_decision_interfaces.msg.RobotControl(stop_gimbal_scan=True, chassis_spin_vel=0.0, scan_enabled=True, allow_vision_control=True, search_when_target_lost=True, scan_yaw_rate_deg_s=120.0, search_pitch_deg=-6.0)

publishing #1398: rm_decision_interfaces.msg.RobotControl(stop_gimbal_scan=True, chassis_spin_vel=0.0, scan_enabled=True, allow_vision_control=True, search_when_target_lost=True, scan_yaw_rate_deg_s=120.0, search_pitch_deg=-6.0)

publishing #1399: rm_decision_interfaces.msg.RobotControl(stop_gimbal_scan=True, chassis_spin_vel=0.0, scan_enabled=True, allow_vision_control=True, search_when_target_lost=True, scan_yaw_rate_deg_s=120.0, search_pitch_deg=-6.0)

publishing #1400: rm_decision_interfaces.msg.RobotControl(stop_gimbal_scan=True, chassis_spin_vel=0.0, scan_enabled=True, allow_vision_control=True, search_when_target_lost=True, scan_yaw_rate_deg_s=120.0, search_pitch_deg=-6.0)

[2026-03-28 05:41:56.877] [info] [Gimbal] Received 2600 packets, freq=65.4Hz
publishing #1401: rm_decision_interfaces.msg.RobotControl(stop_gimbal_scan=True, chassis_spin_vel=0.0, scan_enabled=True, allow_vision_control=True, search_when_target_lost=True, scan_yaw_rate_deg_s=120.0, search_pitch_deg=-6.0)

publishing #1402: rm_decision_interfaces.msg.RobotControl(stop_gimbal_scan=True, chassis_spin_vel=0.0, scan_enabled=True, allow_vision_control=True, search_when_target_lost=True, scan_yaw_rate_deg_s=120.0, search_pitch_deg=-6.0)

