[autostart] ROS_DISTRO=humble
/home/nyu/.local/bin/just
>>> [0/9] 清理环境...
The daemon is not running
The daemon has been started
   正在停止所有 Fast-LIO 相关进程...
>>> [1/9] 初始化环境...
>>> 检测到 START_BT=1，自动将 SERIAL_SENDER_TOPIC 切到 /cmd_vel_chassis_bt
>>> [2/9] 设置串口权限 (如果卡在这里，请输入密码)...
>>> [3/9] 启动 MID360 激光雷达驱动...
>>> 等待雷达驱动启动 (5秒)...
[INFO] [launch]: All log files can be found below /home/nyu/.ros/log/2026-03-28-05-20-24-164778-nyush-nuc-4795
[INFO] [launch]: Default logging verbosity is set to INFO
[INFO] [livox_ros_driver2_node-1]: process started with pid [4810]
[livox_ros_driver2_node-1] [INFO] [1774646424.237066693] [livox_lidar_publisher]: Livox Ros Driver2 Version: 1.2.4
[livox_ros_driver2_node-1] [INFO] [1774646424.237317114] [livox_lidar_publisher]: Data Source is raw lidar.
[livox_ros_driver2_node-1] [INFO] [1774646424.237324985] [livox_lidar_publisher]: Config file : /home/nyu/nav_ws/install/livox_ros_driver2/share/livox_ros_driver2/launch_ROS2/../config/MID360_single_182.json
[livox_ros_driver2_node-1] LdsLidar *GetInstance
[livox_ros_driver2_node-1] config lidar type: 8
[livox_ros_driver2_node-1] successfully parse base config, counts: 1
[livox_ros_driver2_node-1] [INFO] [1774646424.239673414] [livox_lidar_publisher]: Init lds lidar success!
[livox_ros_driver2_node-1] GetFreeIndex key:livox_lidar_3053562048.
[livox_ros_driver2_node-1] Init queue, real query size:16.
[livox_ros_driver2_node-1] Lidar[0] storage queue size: 10
[livox_ros_driver2_node-1] set pcl data type, handle: 3053562048, data type: 0
[livox_ros_driver2_node-1] set scan pattern, handle: 3053562048, scan pattern: 0
[livox_ros_driver2_node-1] begin to change work mode to 'Normal', handle: 3053562048
[livox_ros_driver2_node-1] successfully set data type, handle: 3053562048, set_bit: 2
[livox_ros_driver2_node-1] successfully set pattern mode, handle: 3053562048, set_bit: 0
[livox_ros_driver2_node-1] successfully set lidar attitude, ip: 192.168.1.182
[livox_ros_driver2_node-1] successfully change work mode, handle: 3053562048
[livox_ros_driver2_node-1] successfully enable Livox Lidar imu, ip: 192.168.1.182
[livox_ros_driver2_node-1] [INFO] [1774646427.239928990] [livox_lidar_publisher]: livox/imu publish use imu format
[livox_ros_driver2_node-1] [INFO] [1774646427.242216352] [livox_lidar_publisher]: livox/lidar publish use livox custom format
✅ 雷达驱动已启动并发送数据
>>> [4/9] 发布静态 TF 变换...
>>> [5/9] 启动 FAST-LIO 里程计...
[WARN] [1774646430.833634249] []: Old-style arguments are deprecated; see --help for new-style arguments
[WARN] [1774646430.836022796] []: Old-style arguments are deprecated; see --help for new-style arguments
[INFO] [1774646430.855511146] [static_transform_publisher_jjlUYSMoNB3WG0MM]: Spinning until stopped - publishing transform
translation: ('0.000000', '0.000000', '0.000000')
rotation: ('0.000000', '0.000000', '0.000000', '1.000000')
from 'base_link' to 'base_footprint'
[INFO] [1774646430.855512894] [static_transform_publisher_VoQt5sRvIDv4i8or]: Spinning until stopped - publishing transform
translation: ('0.000000', '0.000000', '0.000000')
rotation: ('0.000000', '0.000000', '0.000000', '1.000000')
from 'odom' to 'camera_init'
[WARN] [1774646430.873300400] []: Old-style arguments are deprecated; see --help for new-style arguments
[INFO] [1774646430.885916950] [static_transform_publisher_j9w3aARItUsD3P55]: Spinning until stopped - publishing transform
translation: ('0.000000', '0.000000', '0.000000')
rotation: ('0.000000', '-0.422770', '0.000000', '0.906237')
from 'body' to 'base_link'
[INFO] [launch]: All log files can be found below /home/nyu/.ros/log/2026-03-28-05-20-30-899063-nyush-nuc-5183
[INFO] [launch]: Default logging verbosity is set to INFO
[INFO] [fastlio_mapping-1]: process started with pid [5216]
[INFO] [rviz2-2]: process started with pid [5218]
[rviz2-2] qt.qpa.xcb: could not connect to display 
[rviz2-2] qt.qpa.plugin: Could not load the Qt platform plugin "xcb" in "" even though it was found.
[rviz2-2] This application failed to start because no Qt platform plugin could be initialized. Reinstalling the application may fix this problem.
[rviz2-2] 
[rviz2-2] Available platform plugins are: eglfs, linuxfb, minimal, minimalegl, offscreen, vnc, xcb.
[rviz2-2] 
[fastlio_mapping-1] [INFO] [1774646431.047564947] [laser_mapping]: p_pre->lidar_type 1
[fastlio_mapping-1] Multi thread started 
[fastlio_mapping-1] ~~~~/home/nyu/nav_ws/src/FAST_LIO/ file opened
[fastlio_mapping-1] [INFO] [1774646431.055015508] [laser_mapping]: Node init finished.
[fastlio_mapping-1] IMU Initial Done
[fastlio_mapping-1] [WARN] [1774646431.254490241] [laser_mapping]: No point, skip this scan!
[fastlio_mapping-1] 
[fastlio_mapping-1] [INFO] [1774646431.356021497] [laser_mapping]: Initialize the map kdtree
[ERROR] [rviz2-2]: process has died [pid 5218, exit code -6, cmd '/opt/ros/humble/lib/rviz2/rviz2 -d /home/nyu/nav_ws/install/fast_lio/share/fast_lio/rviz/fastlio.rviz --ros-args'].
>>> [6/9] 启动 Pointcloud 转 LaserScan...
>>> [7/9] 启动 Nav2 导航...
>>> [8/9] 等待 Nav2 启动 (8秒)...
[INFO] [launch]: All log files can be found below /home/nyu/.ros/log/2026-03-28-05-20-35-913473-nyush-nuc-5242
[INFO] [launch]: Default logging verbosity is set to INFO
[INFO] [component_container_isolated-1]: process started with pid [5270]
[component_container_isolated-1] [INFO] [1774646436.800270851] [nav2_container]: Load Library: /opt/ros/humble/lib/libcontroller_server_core.so
[component_container_isolated-1] [INFO] [1774646436.815690032] [nav2_container]: Found class: rclcpp_components::NodeFactoryTemplate<nav2_controller::ControllerServer>
[component_container_isolated-1] [INFO] [1774646436.815746614] [nav2_container]: Instantiate class: rclcpp_components::NodeFactoryTemplate<nav2_controller::ControllerServer>
[component_container_isolated-1] [INFO] [1774646436.824005602] [controller_server]: 
[component_container_isolated-1] 	controller_server lifecycle node launched. 
[component_container_isolated-1] 	Waiting on external lifecycle transitions to activate
[component_container_isolated-1] 	See https://design.ros2.org/articles/node_lifecycle.html for more information.
[component_container_isolated-1] [INFO] [1774646436.834578652] [controller_server]: Creating controller server
[component_container_isolated-1] [INFO] [1774646436.839978828] [local_costmap.local_costmap]: 
[component_container_isolated-1] 	local_costmap lifecycle node launched. 
[component_container_isolated-1] 	Waiting on external lifecycle transitions to activate
[component_container_isolated-1] 	See https://design.ros2.org/articles/node_lifecycle.html for more information.
[component_container_isolated-1] [INFO] [1774646436.842304139] [local_costmap.local_costmap]: Creating Costmap
[component_container_isolated-1] [INFO] [1774646436.843509442] [nav2_container]: Load Library: /opt/ros/humble/lib/libmap_server_core.so
[INFO] [launch_ros.actions.load_composable_nodes]: Loaded node '/controller_server' in container '/nav2_container'
[component_container_isolated-1] [INFO] [1774646436.854464649] [nav2_container]: Found class: rclcpp_components::NodeFactoryTemplate<nav2_map_server::CostmapFilterInfoServer>
[component_container_isolated-1] [INFO] [1774646436.854499501] [nav2_container]: Found class: rclcpp_components::NodeFactoryTemplate<nav2_map_server::MapSaver>
[component_container_isolated-1] [INFO] [1774646436.854506224] [nav2_container]: Found class: rclcpp_components::NodeFactoryTemplate<nav2_map_server::MapServer>
[component_container_isolated-1] [INFO] [1774646436.854511518] [nav2_container]: Instantiate class: rclcpp_components::NodeFactoryTemplate<nav2_map_server::MapServer>
[component_container_isolated-1] [INFO] [1774646436.864330375] [map_server]: 
[component_container_isolated-1] 	map_server lifecycle node launched. 
[component_container_isolated-1] 	Waiting on external lifecycle transitions to activate
[component_container_isolated-1] 	See https://design.ros2.org/articles/node_lifecycle.html for more information.
[component_container_isolated-1] [INFO] [1774646436.864393141] [map_server]: Creating
[component_container_isolated-1] [INFO] [1774646436.865419806] [nav2_container]: Load Library: /opt/ros/humble/lib/libsmoother_server_core.so
[INFO] [launch_ros.actions.load_composable_nodes]: Loaded node '/map_server' in container '/nav2_container'
[component_container_isolated-1] [INFO] [1774646436.868365568] [nav2_container]: Found class: rclcpp_components::NodeFactoryTemplate<nav2_smoother::SmootherServer>
[component_container_isolated-1] [INFO] [1774646436.868396785] [nav2_container]: Instantiate class: rclcpp_components::NodeFactoryTemplate<nav2_smoother::SmootherServer>
[component_container_isolated-1] [INFO] [1774646436.878033070] [smoother_server]: 
[component_container_isolated-1] 	smoother_server lifecycle node launched. 
[component_container_isolated-1] 	Waiting on external lifecycle transitions to activate
[component_container_isolated-1] 	See https://design.ros2.org/articles/node_lifecycle.html for more information.
[component_container_isolated-1] [INFO] [1774646436.881318771] [smoother_server]: Creating smoother server
[component_container_isolated-1] [INFO] [1774646436.882048218] [nav2_container]: Load Library: /opt/ros/humble/lib/libamcl_core.so
[INFO] [launch_ros.actions.load_composable_nodes]: Loaded node '/smoother_server' in container '/nav2_container'
[component_container_isolated-1] [INFO] [1774646436.885367886] [nav2_container]: Found class: rclcpp_components::NodeFactoryTemplate<nav2_amcl::AmclNode>
[component_container_isolated-1] [INFO] [1774646436.885386972] [nav2_container]: Instantiate class: rclcpp_components::NodeFactoryTemplate<nav2_amcl::AmclNode>
[component_container_isolated-1] [INFO] [1774646436.894975228] [amcl]: 
[component_container_isolated-1] 	amcl lifecycle node launched. 
[component_container_isolated-1] 	Waiting on external lifecycle transitions to activate
[component_container_isolated-1] 	See https://design.ros2.org/articles/node_lifecycle.html for more information.
[component_container_isolated-1] [INFO] [1774646436.896860499] [amcl]: Creating
[component_container_isolated-1] [INFO] [1774646436.899327739] [nav2_container]: Load Library: /opt/ros/humble/lib/libplanner_server_core.so
[INFO] [launch_ros.actions.load_composable_nodes]: Loaded node '/amcl' in container '/nav2_container'
[component_container_isolated-1] [INFO] [1774646436.900860538] [nav2_container]: Found class: rclcpp_components::NodeFactoryTemplate<nav2_planner::PlannerServer>
[component_container_isolated-1] [INFO] [1774646436.900881342] [nav2_container]: Instantiate class: rclcpp_components::NodeFactoryTemplate<nav2_planner::PlannerServer>
[component_container_isolated-1] [INFO] [1774646436.908704829] [planner_server]: 
[component_container_isolated-1] 	planner_server lifecycle node launched. 
[component_container_isolated-1] 	Waiting on external lifecycle transitions to activate
[component_container_isolated-1] 	See https://design.ros2.org/articles/node_lifecycle.html for more information.
[component_container_isolated-1] [INFO] [1774646436.912912662] [planner_server]: Creating
[component_container_isolated-1] [INFO] [1774646436.923369765] [global_costmap.global_costmap]: 
[component_container_isolated-1] 	global_costmap lifecycle node launched. 
[component_container_isolated-1] 	Waiting on external lifecycle transitions to activate
[component_container_isolated-1] 	See https://design.ros2.org/articles/node_lifecycle.html for more information.
[component_container_isolated-1] [INFO] [1774646436.924748245] [global_costmap.global_costmap]: Creating Costmap
[INFO] [launch_ros.actions.load_composable_nodes]: Loaded node '/planner_server' in container '/nav2_container'
[component_container_isolated-1] [INFO] [1774646436.926505405] [nav2_container]: Load Library: /opt/ros/humble/lib/libnav2_lifecycle_manager_core.so
[component_container_isolated-1] [INFO] [1774646436.927789642] [nav2_container]: Found class: rclcpp_components::NodeFactoryTemplate<nav2_lifecycle_manager::LifecycleManager>
[component_container_isolated-1] [INFO] [1774646436.927805129] [nav2_container]: Instantiate class: rclcpp_components::NodeFactoryTemplate<nav2_lifecycle_manager::LifecycleManager>
[component_container_isolated-1] [INFO] [1774646436.934020179] [lifecycle_manager_localization]: Creating
[INFO] [launch_ros.actions.load_composable_nodes]: Loaded node '/lifecycle_manager_localization' in container '/nav2_container'
[component_container_isolated-1] [INFO] [1774646436.936817408] [lifecycle_manager_localization]: [34m[1mCreating and initializing lifecycle service clients[0m[0m
[component_container_isolated-1] [INFO] [1774646436.937131523] [nav2_container]: Load Library: /opt/ros/humble/lib/libbehavior_server_core.so
[component_container_isolated-1] [INFO] [1774646436.942296179] [nav2_container]: Found class: rclcpp_components::NodeFactoryTemplate<behavior_server::BehaviorServer>
[component_container_isolated-1] [INFO] [1774646436.942323050] [nav2_container]: Instantiate class: rclcpp_components::NodeFactoryTemplate<behavior_server::BehaviorServer>
[component_container_isolated-1] [INFO] [1774646436.945783987] [lifecycle_manager_localization]: [34m[1mStarting managed nodes bringup...[0m[0m
[component_container_isolated-1] [INFO] [1774646436.945829520] [lifecycle_manager_localization]: [34m[1mConfiguring map_server[0m[0m
[component_container_isolated-1] [INFO] [1774646436.946025786] [map_server]: Configuring
[component_container_isolated-1] [INFO] [1774646436.946108980] [map_io]: Loading yaml file: /home/nyu/sentry_planner/rm_navigation_ws/src/rm_nav_bringup/map/RMUL2026.yaml
[component_container_isolated-1] [INFO] [1774646436.947595235] [map_io]: resolution: 0.05
[component_container_isolated-1] [INFO] [1774646436.947626745] [map_io]: origin[0]: -11.796
[component_container_isolated-1] [INFO] [1774646436.947635855] [map_io]: origin[1]: -0.871
[component_container_isolated-1] [INFO] [1774646436.947641781] [map_io]: origin[2]: 0
[component_container_isolated-1] [INFO] [1774646436.947646905] [map_io]: free_thresh: 0.25
[component_container_isolated-1] [INFO] [1774646436.947651687] [map_io]: occupied_thresh: 0.65
[component_container_isolated-1] [INFO] [1774646436.947659136] [map_io]: mode: trinary
[component_container_isolated-1] [INFO] [1774646436.947665548] [map_io]: negate: 0
[component_container_isolated-1] [INFO] [1774646436.949802314] [map_io]: Loading image_file: /home/nyu/sentry_planner/rm_navigation_ws/src/rm_nav_bringup/map/RMUL2026.pgm
[component_container_isolated-1] [INFO] [1774646436.953660748] [map_io]: Read map /home/nyu/sentry_planner/rm_navigation_ws/src/rm_nav_bringup/map/RMUL2026.pgm: 253 X 173 map @ 0.05 m/cell
[component_container_isolated-1] [INFO] [1774646436.957814489] [behavior_server]: 
[component_container_isolated-1] 	behavior_server lifecycle node launched. 
[component_container_isolated-1] 	Waiting on external lifecycle transitions to activate
[component_container_isolated-1] 	See https://design.ros2.org/articles/node_lifecycle.html for more information.
[component_container_isolated-1] [INFO] [1774646436.958597929] [lifecycle_manager_localization]: [34m[1mConfiguring amcl[0m[0m
[component_container_isolated-1] [INFO] [1774646436.958711745] [amcl]: Configuring
[component_container_isolated-1] [INFO] [1774646436.958810778] [amcl]: initTransforms
[INFO] [launch_ros.actions.load_composable_nodes]: Loaded node '/behavior_server' in container '/nav2_container'
[INFO] [1774646436.966898583] [pointcloud_to_laserscan]: Got a subscriber to laserscan, starting pointcloud subscriber
[component_container_isolated-1] [INFO] [1774646436.966875835] [amcl]: initPubSub
[component_container_isolated-1] [INFO] [1774646436.967985791] [nav2_container]: Load Library: /opt/ros/humble/lib/libbt_navigator_core.so
[component_container_isolated-1] [INFO] [1774646436.971073075] [nav2_container]: Found class: rclcpp_components::NodeFactoryTemplate<nav2_bt_navigator::BtNavigator>
[component_container_isolated-1] [INFO] [1774646436.971104699] [nav2_container]: Instantiate class: rclcpp_components::NodeFactoryTemplate<nav2_bt_navigator::BtNavigator>
[component_container_isolated-1] [INFO] [1774646436.973726664] [amcl]: Subscribed to map topic.
[component_container_isolated-1] [INFO] [1774646436.979389533] [lifecycle_manager_localization]: [34m[1mActivating map_server[0m[0m
[component_container_isolated-1] [INFO] [1774646436.979506910] [map_server]: Activating
[component_container_isolated-1] [INFO] [1774646436.979596515] [map_server]: Creating bond (map_server) to lifecycle manager.
[component_container_isolated-1] [INFO] [1774646436.979670360] [amcl]: Received a 253 X 173 map @ 0.050 m/pix
[component_container_isolated-1] [INFO] [1774646436.987899093] [bt_navigator]: 
[component_container_isolated-1] 	bt_navigator lifecycle node launched. 
[component_container_isolated-1] 	Waiting on external lifecycle transitions to activate
[component_container_isolated-1] 	See https://design.ros2.org/articles/node_lifecycle.html for more information.
[component_container_isolated-1] [INFO] [1774646436.987965917] [bt_navigator]: Creating
[INFO] [launch_ros.actions.load_composable_nodes]: Loaded node '/bt_navigator' in container '/nav2_container'
[component_container_isolated-1] [INFO] [1774646436.990553900] [nav2_container]: Load Library: /opt/ros/humble/lib/libwaypoint_follower_core.so
[component_container_isolated-1] [INFO] [1774646436.992008724] [nav2_container]: Found class: rclcpp_components::NodeFactoryTemplate<nav2_waypoint_follower::WaypointFollower>
[component_container_isolated-1] [INFO] [1774646436.992039224] [nav2_container]: Instantiate class: rclcpp_components::NodeFactoryTemplate<nav2_waypoint_follower::WaypointFollower>
[component_container_isolated-1] [INFO] [1774646437.000101013] [waypoint_follower]: 
[component_container_isolated-1] 	waypoint_follower lifecycle node launched. 
[component_container_isolated-1] 	Waiting on external lifecycle transitions to activate
[component_container_isolated-1] 	See https://design.ros2.org/articles/node_lifecycle.html for more information.
[component_container_isolated-1] [INFO] [1774646437.001412026] [waypoint_follower]: Creating
[INFO] [launch_ros.actions.load_composable_nodes]: Loaded node '/waypoint_follower' in container '/nav2_container'
[component_container_isolated-1] [INFO] [1774646437.003799810] [nav2_container]: Load Library: /opt/ros/humble/lib/libvelocity_smoother_core.so
[component_container_isolated-1] [INFO] [1774646437.005026380] [nav2_container]: Found class: rclcpp_components::NodeFactoryTemplate<nav2_velocity_smoother::VelocitySmoother>
[component_container_isolated-1] [INFO] [1774646437.005042958] [nav2_container]: Instantiate class: rclcpp_components::NodeFactoryTemplate<nav2_velocity_smoother::VelocitySmoother>
[component_container_isolated-1] [INFO] [1774646437.013170345] [velocity_smoother]: 
[component_container_isolated-1] 	velocity_smoother lifecycle node launched. 
[INFO] [launch_ros.actions.load_composable_nodes]: Loaded node '/velocity_smoother' in container '/nav2_container'
[component_container_isolated-1] 	Waiting on external lifecycle transitions to activate
[component_container_isolated-1] 	See https://design.ros2.org/articles/node_lifecycle.html for more information.
[component_container_isolated-1] [INFO] [1774646437.015433215] [nav2_container]: Found class: rclcpp_components::NodeFactoryTemplate<nav2_lifecycle_manager::LifecycleManager>
[component_container_isolated-1] [INFO] [1774646437.015451825] [nav2_container]: Instantiate class: rclcpp_components::NodeFactoryTemplate<nav2_lifecycle_manager::LifecycleManager>
[component_container_isolated-1] [INFO] [1774646437.021720387] [lifecycle_manager_navigation]: Creating
[component_container_isolated-1] [INFO] [1774646437.023404384] [lifecycle_manager_navigation]: [34m[1mCreating and initializing lifecycle service clients[0m[0m
[INFO] [launch_ros.actions.load_composable_nodes]: Loaded node '/lifecycle_manager_navigation' in container '/nav2_container'
[component_container_isolated-1] [INFO] [1774646437.034657513] [lifecycle_manager_navigation]: [34m[1mStarting managed nodes bringup...[0m[0m
[component_container_isolated-1] [INFO] [1774646437.034707933] [lifecycle_manager_navigation]: [34m[1mConfiguring controller_server[0m[0m
[component_container_isolated-1] [INFO] [1774646437.034859249] [controller_server]: Configuring controller interface
[component_container_isolated-1] [INFO] [1774646437.035247112] [controller_server]: getting goal checker plugins..
[component_container_isolated-1] [INFO] [1774646437.035431509] [controller_server]: Controller frequency set to 40.0000Hz
[component_container_isolated-1] [INFO] [1774646437.035498460] [local_costmap.local_costmap]: Configuring
[component_container_isolated-1] [INFO] [1774646437.040016969] [local_costmap.local_costmap]: Using plugin "voxel_layer"
[component_container_isolated-1] [INFO] [1774646437.045051538] [local_costmap.local_costmap]: Subscribed to Topics: scan
[component_container_isolated-1] [INFO] [1774646437.049772259] [voxel_grid]: Error, this implementation can only support up to 16 z values (50)
[component_container_isolated-1] [INFO] [1774646437.049797622] [local_costmap.local_costmap]: Initialized plugin "voxel_layer"
[component_container_isolated-1] [INFO] [1774646437.049810906] [local_costmap.local_costmap]: Using plugin "inflation_layer"
[component_container_isolated-1] [INFO] [1774646437.050470374] [local_costmap.local_costmap]: Initialized plugin "inflation_layer"
[component_container_isolated-1] [INFO] [1774646437.057318852] [controller_server]: Created progress_checker : progress_checker of type nav2_controller::SimpleProgressChecker
[component_container_isolated-1] [INFO] [1774646437.058476501] [controller_server]: Created goal checker : general_goal_checker of type nav2_controller::SimpleGoalChecker
[component_container_isolated-1] [INFO] [1774646437.058871452] [controller_server]: Controller Server has general_goal_checker  goal checkers available.
[component_container_isolated-1] [INFO] [1774646437.061373330] [controller_server]: Created controller : FollowPath of type nav2_mppi_controller::MPPIController
[component_container_isolated-1] [WARN] [1774646437.063361231] [controller_server]: Controller period is less then model dt, consider setting it equal
[component_container_isolated-1] [INFO] [1774646437.065947009] [controller_server]: ConstraintCritic instantiated with 1 power and 4.000000 weight.
[component_container_isolated-1] [INFO] [1774646437.065975757] [controller_server]: Critic loaded : mppi::critics::ConstraintCritic
[component_container_isolated-1] [INFO] [1774646437.066727568] [controller_server]: InflationCostCritic instantiated with 1 power and 300.000000 / 0.015000 weights. Critic will collision check based on circular cost.
[component_container_isolated-1] [INFO] [1774646437.066748346] [controller_server]: Critic loaded : mppi::critics::CostCritic
[component_container_isolated-1] [INFO] [1774646437.067290706] [controller_server]: GoalCritic instantiated with 1 power and 5.000000 weight.
[component_container_isolated-1] [INFO] [1774646437.067326011] [controller_server]: Critic loaded : mppi::critics::GoalCritic
[component_container_isolated-1] [INFO] [1774646437.067975023] [controller_server]: GoalAngleCritic instantiated with 1 power, 1.500000 weight, and 0.500000 angular threshold.
[component_container_isolated-1] [INFO] [1774646437.068005973] [controller_server]: Critic loaded : mppi::critics::GoalAngleCritic
[component_container_isolated-1] [INFO] [1774646437.069187445] [controller_server]: ReferenceTrajectoryCritic instantiated with 1 power and 10.000000 weight
[component_container_isolated-1] [INFO] [1774646437.069215901] [controller_server]: Critic loaded : mppi::critics::PathAlignCritic
[component_container_isolated-1] [INFO] [1774646437.070008342] [controller_server]: Critic loaded : mppi::critics::PathFollowCritic
[component_container_isolated-1] [INFO] [1774646437.071154495] [controller_server]: PathAngleCritic instantiated with 1 power and 2.000000 weight. Reversing allowed.
[component_container_isolated-1] [INFO] [1774646437.071184332] [controller_server]: Critic loaded : mppi::critics::PathAngleCritic
[component_container_isolated-1] [INFO] [1774646437.071856232] [controller_server]: PreferForwardCritic instantiated with 1 power and 3.500000 weight.
[component_container_isolated-1] [INFO] [1774646437.071885711] [controller_server]: Critic loaded : mppi::critics::PreferForwardCritic
[component_container_isolated-1] [INFO] [1774646437.072387814] [controller_server]: TwirlingCritic instantiated with 1 power and 10.000000 weight.
[component_container_isolated-1] [INFO] [1774646437.072416776] [controller_server]: Critic loaded : mppi::critics::TwirlingCritic
[component_container_isolated-1] [INFO] [1774646437.078884741] [controller_server]: Optimizer reset
[component_container_isolated-1] [INFO] [1774646437.082206220] [MPPIController]: Configured MPPI Controller: FollowPath
[component_container_isolated-1] [INFO] [1774646437.082229674] [controller_server]: Controller Server has FollowPath  controllers available.
[component_container_isolated-1] [INFO] [1774646437.084753485] [lifecycle_manager_localization]: Server map_server connected with bond.
[component_container_isolated-1] [INFO] [1774646437.084797281] [lifecycle_manager_localization]: [34m[1mActivating amcl[0m[0m
[component_container_isolated-1] [INFO] [1774646437.084956637] [amcl]: Activating
[component_container_isolated-1] [INFO] [1774646437.084987484] [amcl]: initialPoseReceived
[component_container_isolated-1] [INFO] [1774646437.085229497] [amcl]: Setting pose (1774646437.085229): 0.000 0.000 0.000
[component_container_isolated-1] [INFO] [1774646437.086152097] [amcl]: Creating bond (amcl) to lifecycle manager.
[component_container_isolated-1] [INFO] [1774646437.087819273] [lifecycle_manager_navigation]: [34m[1mConfiguring smoother_server[0m[0m
[component_container_isolated-1] [INFO] [1774646437.087947788] [smoother_server]: Configuring smoother server
[component_container_isolated-1] [INFO] [1774646437.095751857] [smoother_server]: Created smoother : simple_smoother of type nav2_smoother::SimpleSmoother
[component_container_isolated-1] [INFO] [1774646437.096802649] [smoother_server]: Smoother Server has simple_smoother  smoothers available.
[component_container_isolated-1] [INFO] [1774646437.100473820] [lifecycle_manager_navigation]: [34m[1mConfiguring planner_server[0m[0m
[component_container_isolated-1] [INFO] [1774646437.100567309] [planner_server]: Configuring
[component_container_isolated-1] [INFO] [1774646437.100600669] [global_costmap.global_costmap]: Configuring
[component_container_isolated-1] [INFO] [1774646437.103811583] [global_costmap.global_costmap]: Using plugin "static_layer"
[component_container_isolated-1] [INFO] [1774646437.104722590] [global_costmap.global_costmap]: Subscribing to the map topic (/map) with transient local durability
[component_container_isolated-1] [INFO] [1774646437.105175890] [global_costmap.global_costmap]: Initialized plugin "static_layer"
[component_container_isolated-1] [INFO] [1774646437.105196302] [global_costmap.global_costmap]: Using plugin "obstacle_layer"
[component_container_isolated-1] [INFO] [1774646437.105825870] [global_costmap.global_costmap]: Subscribed to Topics: scan
[component_container_isolated-1] [INFO] [1774646437.108352411] [global_costmap.global_costmap]: Initialized plugin "obstacle_layer"
[component_container_isolated-1] [INFO] [1774646437.108373439] [global_costmap.global_costmap]: Using plugin "inflation_layer"
[component_container_isolated-1] [INFO] [1774646437.109042366] [global_costmap.global_costmap]: Initialized plugin "inflation_layer"
[component_container_isolated-1] [INFO] [1774646437.117303069] [planner_server]: Created global planner plugin GridBased of type nav2_navfn_planner/NavfnPlanner
[component_container_isolated-1] [INFO] [1774646437.117349884] [planner_server]: Configuring plugin GridBased of type NavfnPlanner
[component_container_isolated-1] [INFO] [1774646437.118219191] [planner_server]: Planner Server has GridBased  planners available.
[component_container_isolated-1] [INFO] [1774646437.126035068] [lifecycle_manager_navigation]: [34m[1mConfiguring behavior_server[0m[0m
[component_container_isolated-1] [INFO] [1774646437.126166354] [behavior_server]: Configuring
[component_container_isolated-1] [INFO] [1774646437.147821876] [behavior_server]: Creating behavior plugin spin of type nav2_behaviors/Spin
[component_container_isolated-1] [INFO] [1774646437.155476805] [behavior_server]: Configuring spin
[component_container_isolated-1] [INFO] [1774646437.175844210] [global_costmap.global_costmap]: StaticLayer: Resizing costmap to 253 X 173 at 0.050000 m/pix
[component_container_isolated-1] [INFO] [1774646437.186278341] [behavior_server]: Creating behavior plugin backup of type nav2_behaviors/BackUp
[component_container_isolated-1] [INFO] [1774646437.191587579] [lifecycle_manager_localization]: Server amcl connected with bond.
[component_container_isolated-1] [INFO] [1774646437.191758836] [lifecycle_manager_localization]: [34m[1mManaged nodes are active[0m[0m
[component_container_isolated-1] [INFO] [1774646437.191824047] [lifecycle_manager_localization]: [34m[1mCreating bond timer...[0m[0m
[component_container_isolated-1] [INFO] [1774646437.192120192] [behavior_server]: Configuring backup
[component_container_isolated-1] [INFO] [1774646437.202603494] [amcl]: createLaserObject
[component_container_isolated-1] [INFO] [1774646437.210957986] [behavior_server]: Creating behavior plugin drive_on_heading of type nav2_behaviors/DriveOnHeading
[component_container_isolated-1] [INFO] [1774646437.214374267] [behavior_server]: Configuring drive_on_heading
[component_container_isolated-1] [INFO] [1774646437.227203329] [behavior_server]: Creating behavior plugin assisted_teleop of type nav2_behaviors/AssistedTeleop
[component_container_isolated-1] [INFO] [1774646437.232498577] [behavior_server]: Configuring assisted_teleop
[component_container_isolated-1] [INFO] [1774646437.246624926] [behavior_server]: Creating behavior plugin wait of type nav2_behaviors/Wait
[component_container_isolated-1] [INFO] [1774646437.248639772] [behavior_server]: Configuring wait
[component_container_isolated-1] [INFO] [1774646437.257054415] [lifecycle_manager_navigation]: [34m[1mConfiguring bt_navigator[0m[0m
[component_container_isolated-1] [INFO] [1774646437.257342678] [bt_navigator]: Configuring
[component_container_isolated-1] [INFO] [1774646437.363389064] [lifecycle_manager_navigation]: [34m[1mConfiguring waypoint_follower[0m[0m
[component_container_isolated-1] [INFO] [1774646437.363560120] [waypoint_follower]: Configuring
[component_container_isolated-1] [INFO] [1774646437.375314524] [waypoint_follower]: Created waypoint_task_executor : wait_at_waypoint of type nav2_waypoint_follower::WaitAtWaypoint
[component_container_isolated-1] [INFO] [1774646437.376193614] [lifecycle_manager_navigation]: [34m[1mConfiguring velocity_smoother[0m[0m
[component_container_isolated-1] [INFO] [1774646437.376336545] [velocity_smoother]: Configuring velocity smoother
[component_container_isolated-1] [INFO] [1774646437.380349415] [lifecycle_manager_navigation]: [34m[1mActivating controller_server[0m[0m
[component_container_isolated-1] [INFO] [1774646437.380473856] [controller_server]: Activating
[component_container_isolated-1] [INFO] [1774646437.380513870] [local_costmap.local_costmap]: Activating
[component_container_isolated-1] [INFO] [1774646437.380527678] [local_costmap.local_costmap]: Checking transform
[component_container_isolated-1] [INFO] [1774646437.380654480] [local_costmap.local_costmap]: start
[component_container_isolated-1] [WARN] [1774646437.531422665] [controller_server]: Parameter controller_server.verbose not found
[component_container_isolated-1] [INFO] [1774646437.534467675] [controller_server]: Optimizer reset
[component_container_isolated-1] [INFO] [1774646437.534805639] [MPPIController]: Activated MPPI Controller: FollowPath
[component_container_isolated-1] [INFO] [1774646437.534841040] [controller_server]: Creating bond (controller_server) to lifecycle manager.
[component_container_isolated-1] [INFO] [1774646437.638153850] [lifecycle_manager_navigation]: Server controller_server connected with bond.
[component_container_isolated-1] [INFO] [1774646437.638189798] [lifecycle_manager_navigation]: [34m[1mActivating smoother_server[0m[0m
[component_container_isolated-1] [INFO] [1774646437.638384296] [smoother_server]: Activating
[component_container_isolated-1] [INFO] [1774646437.638414733] [smoother_server]: Creating bond (smoother_server) to lifecycle manager.
[component_container_isolated-1] [INFO] [1774646437.741971580] [lifecycle_manager_navigation]: Server smoother_server connected with bond.
[component_container_isolated-1] [INFO] [1774646437.742009056] [lifecycle_manager_navigation]: [34m[1mActivating planner_server[0m[0m
[component_container_isolated-1] [INFO] [1774646437.742210801] [planner_server]: Activating
[component_container_isolated-1] [INFO] [1774646437.742255250] [global_costmap.global_costmap]: Activating
[component_container_isolated-1] [INFO] [1774646437.742263620] [global_costmap.global_costmap]: Checking transform
[component_container_isolated-1] [INFO] [1774646437.742281999] [global_costmap.global_costmap]: Timed out waiting for transform from base_link to map to become available, tf error: Lookup would require extrapolation into the past.  Requested time 1774646437.642008 but the earliest data is at time 1774646438.641844, when looking up transform from frame [base_link] to frame [map]
[component_container_isolated-1] [INFO] [1774646438.242347034] [global_costmap.global_costmap]: Timed out waiting for transform from base_link to map to become available, tf error: Lookup would require extrapolation into the past.  Requested time 1774646438.141953 but the earliest data is at time 1774646438.641844, when looking up transform from frame [base_link] to frame [map]
[component_container_isolated-1] [INFO] [1774646438.742429378] [global_costmap.global_costmap]: start
[component_container_isolated-1] [INFO] [1774646439.793198658] [planner_server]: Activating plugin GridBased of type NavfnPlanner
[component_container_isolated-1] [INFO] [1774646439.794209516] [planner_server]: Creating bond (planner_server) to lifecycle manager.
[component_container_isolated-1] [INFO] [1774646439.897301038] [lifecycle_manager_navigation]: Server planner_server connected with bond.
[component_container_isolated-1] [INFO] [1774646439.897336060] [lifecycle_manager_navigation]: [34m[1mActivating behavior_server[0m[0m
[component_container_isolated-1] [INFO] [1774646439.897521078] [behavior_server]: Activating
[component_container_isolated-1] [INFO] [1774646439.897540485] [behavior_server]: Activating spin
[component_container_isolated-1] [INFO] [1774646439.897554047] [behavior_server]: Activating backup
[component_container_isolated-1] [INFO] [1774646439.897561178] [behavior_server]: Activating drive_on_heading
[component_container_isolated-1] [INFO] [1774646439.897567015] [behavior_server]: Activating assisted_teleop
[component_container_isolated-1] [INFO] [1774646439.897572514] [behavior_server]: Activating wait
[component_container_isolated-1] [INFO] [1774646439.897581011] [behavior_server]: Creating bond (behavior_server) to lifecycle manager.
[component_container_isolated-1] [INFO] [1774646440.000910469] [lifecycle_manager_navigation]: Server behavior_server connected with bond.
[component_container_isolated-1] [INFO] [1774646440.000965237] [lifecycle_manager_navigation]: [34m[1mActivating bt_navigator[0m[0m
[component_container_isolated-1] [INFO] [1774646440.001133553] [bt_navigator]: Activating
[component_container_isolated-1] [INFO] [1774646440.029600039] [bt_navigator]: Creating bond (bt_navigator) to lifecycle manager.
[component_container_isolated-1] [INFO] [1774646440.132847913] [lifecycle_manager_navigation]: Server bt_navigator connected with bond.
[component_container_isolated-1] [INFO] [1774646440.132881121] [lifecycle_manager_navigation]: [34m[1mActivating waypoint_follower[0m[0m
[component_container_isolated-1] [INFO] [1774646440.133076089] [waypoint_follower]: Activating
[component_container_isolated-1] [INFO] [1774646440.133106349] [waypoint_follower]: Creating bond (waypoint_follower) to lifecycle manager.
[component_container_isolated-1] [INFO] [1774646440.236946962] [lifecycle_manager_navigation]: Server waypoint_follower connected with bond.
[component_container_isolated-1] [INFO] [1774646440.236983804] [lifecycle_manager_navigation]: [34m[1mActivating velocity_smoother[0m[0m
[component_container_isolated-1] [INFO] [1774646440.237205289] [velocity_smoother]: Activating
[component_container_isolated-1] [INFO] [1774646440.237250629] [velocity_smoother]: Creating bond (velocity_smoother) to lifecycle manager.
[component_container_isolated-1] [INFO] [1774646440.341332160] [lifecycle_manager_navigation]: Server velocity_smoother connected with bond.
[component_container_isolated-1] [INFO] [1774646440.341364541] [lifecycle_manager_navigation]: [34m[1mManaged nodes are active[0m[0m
[component_container_isolated-1] [INFO] [1774646440.341374453] [lifecycle_manager_navigation]: [34m[1mCreating bond timer...[0m[0m
[fastlio_mapping-1] imu loop back, skip this frame (dual lidar timestamp drift)
[fastlio_mapping-1] imu loop back, skip this frame (dual lidar timestamp drift)
[fastlio_mapping-1] imu loop back, skip this frame (dual lidar timestamp drift)
[fastlio_mapping-1] imu loop back, skip this frame (dual lidar timestamp drift)
[fastlio_mapping-1] imu loop back, skip this frame (dual lidar timestamp drift)
[fastlio_mapping-1] imu loop back, skip this frame (dual lidar timestamp drift)
[fastlio_mapping-1] imu loop back, skip this frame (dual lidar timestamp drift)
[fastlio_mapping-1] imu loop back, skip this frame (dual lidar timestamp drift)
[fastlio_mapping-1] imu loop back, skip this frame (dual lidar timestamp drift)
[fastlio_mapping-1] imu loop back, skip this frame (dual lidar timestamp drift)
[fastlio_mapping-1] imu loop back, skip this frame (dual lidar timestamp drift)
[fastlio_mapping-1] imu loop back, skip this frame (dual lidar timestamp drift)
[fastlio_mapping-1] imu loop back, skip this frame (dual lidar timestamp drift)
[fastlio_mapping-1] imu loop back, skip this frame (dual lidar timestamp drift)
[fastlio_mapping-1] imu loop back, skip this frame (dual lidar timestamp drift)
[fastlio_mapping-1] imu loop back, skip this frame (dual lidar timestamp drift)
[fastlio_mapping-1] imu loop back, skip this frame (dual lidar timestamp drift)
[fastlio_mapping-1] imu loop back, skip this frame (dual lidar timestamp drift)
[fastlio_mapping-1] imu loop back, skip this frame (dual lidar timestamp drift)
[fastlio_mapping-1] imu loop back, skip this frame (dual lidar timestamp drift)
[fastlio_mapping-1] imu loop back, skip this frame (dual lidar timestamp drift)
[fastlio_mapping-1] imu loop back, skip this frame (dual lidar timestamp drift)
[fastlio_mapping-1] imu loop back, skip this frame (dual lidar timestamp drift)
[fastlio_mapping-1] imu loop back, skip this frame (dual lidar timestamp drift)
[fastlio_mapping-1] imu loop back, skip this frame (dual lidar timestamp drift)
[fastlio_mapping-1] imu loop back, skip this frame (dual lidar timestamp drift)
[fastlio_mapping-1] imu loop back, skip this frame (dual lidar timestamp drift)
[fastlio_mapping-1] imu loop back, skip this frame (dual lidar timestamp drift)
[fastlio_mapping-1] imu loop back, skip this frame (dual lidar timestamp drift)
[fastlio_mapping-1] imu loop back, skip this frame (dual lidar timestamp drift)
[fastlio_mapping-1] imu loop back, skip this frame (dual lidar timestamp drift)
[fastlio_mapping-1] imu loop back, skip this frame (dual lidar timestamp drift)
[fastlio_mapping-1] imu loop back, skip this frame (dual lidar timestamp drift)
[fastlio_mapping-1] imu loop back, skip this frame (dual lidar timestamp drift)
[fastlio_mapping-1] imu loop back, skip this frame (dual lidar timestamp drift)
[fastlio_mapping-1] imu loop back, skip this frame (dual lidar timestamp drift)
[fastlio_mapping-1] imu loop back, skip this frame (dual lidar timestamp drift)
[fastlio_mapping-1] imu loop back, skip this frame (dual lidar timestamp drift)
[fastlio_mapping-1] imu loop back, skip this frame (dual lidar timestamp drift)
[fastlio_mapping-1] imu loop back, skip this frame (dual lidar timestamp drift)
[fastlio_mapping-1] imu loop back, skip this frame (dual lidar timestamp drift)
[fastlio_mapping-1] imu loop back, skip this frame (dual lidar timestamp drift)
[fastlio_mapping-1] imu loop back, skip this frame (dual lidar timestamp drift)
[fastlio_mapping-1] imu loop back, skip this frame (dual lidar timestamp drift)
[fastlio_mapping-1] imu loop back, skip this frame (dual lidar timestamp drift)
[fastlio_mapping-1] imu loop back, skip this frame (dual lidar timestamp drift)
[fastlio_mapping-1] imu loop back, skip this frame (dual lidar timestamp drift)
[fastlio_mapping-1] imu loop back, skip this frame (dual lidar timestamp drift)
[fastlio_mapping-1] imu loop back, skip this frame (dual lidar timestamp drift)
[fastlio_mapping-1] imu loop back, skip this frame (dual lidar timestamp drift)
[fastlio_mapping-1] imu loop back, skip this frame (dual lidar timestamp drift)
[fastlio_mapping-1] imu loop back, skip this frame (dual lidar timestamp drift)
[fastlio_mapping-1] imu loop back, skip this frame (dual lidar timestamp drift)
[fastlio_mapping-1] imu loop back, skip this frame (dual lidar timestamp drift)
[fastlio_mapping-1] imu loop back, skip this frame (dual lidar timestamp drift)
[fastlio_mapping-1] imu loop back, skip this frame (dual lidar timestamp drift)
[fastlio_mapping-1] imu loop back, skip this frame (dual lidar timestamp drift)
[fastlio_mapping-1] imu loop back, skip this frame (dual lidar timestamp drift)
[fastlio_mapping-1] imu loop back, skip this frame (dual lidar timestamp drift)
[fastlio_mapping-1] imu loop back, skip this frame (dual lidar timestamp drift)
[fastlio_mapping-1] imu loop back, skip this frame (dual lidar timestamp drift)
[fastlio_mapping-1] imu loop back, skip this frame (dual lidar timestamp drift)
[fastlio_mapping-1] imu loop back, skip this frame (dual lidar timestamp drift)
[fastlio_mapping-1] imu loop back, skip this frame (dual lidar timestamp drift)
[fastlio_mapping-1] imu loop back, skip this frame (dual lidar timestamp drift)
[fastlio_mapping-1] imu loop back, skip this frame (dual lidar timestamp drift)
[fastlio_mapping-1] imu loop back, skip this frame (dual lidar timestamp drift)
[fastlio_mapping-1] imu loop back, skip this frame (dual lidar timestamp drift)
[fastlio_mapping-1] imu loop back, skip this frame (dual lidar timestamp drift)
[fastlio_mapping-1] imu loop back, skip this frame (dual lidar timestamp drift)
[fastlio_mapping-1] imu loop back, skip this frame (dual lidar timestamp drift)
[fastlio_mapping-1] imu loop back, skip this frame (dual lidar timestamp drift)
[fastlio_mapping-1] imu loop back, skip this frame (dual lidar timestamp drift)
[fastlio_mapping-1] imu loop back, skip this frame (dual lidar timestamp drift)
[fastlio_mapping-1] imu loop back, skip this frame (dual lidar timestamp drift)
[fastlio_mapping-1] imu loop back, skip this frame (dual lidar timestamp drift)
[fastlio_mapping-1] imu loop back, skip this frame (dual lidar timestamp drift)
[fastlio_mapping-1] imu loop back, skip this frame (dual lidar timestamp drift)
[fastlio_mapping-1] imu loop back, skip this frame (dual lidar timestamp drift)
[fastlio_mapping-1] imu loop back, skip this frame (dual lidar timestamp drift)
[fastlio_mapping-1] imu loop back, skip this frame (dual lidar timestamp drift)
[fastlio_mapping-1] imu loop back, skip this frame (dual lidar timestamp drift)
[fastlio_mapping-1] imu loop back, skip this frame (dual lidar timestamp drift)
[fastlio_mapping-1] imu loop back, skip this frame (dual lidar timestamp drift)
[fastlio_mapping-1] imu loop back, skip this frame (dual lidar timestamp drift)
[fastlio_mapping-1] imu loop back, skip this frame (dual lidar timestamp drift)
[fastlio_mapping-1] imu loop back, skip this frame (dual lidar timestamp drift)
[fastlio_mapping-1] imu loop back, skip this frame (dual lidar timestamp drift)
[fastlio_mapping-1] imu loop back, skip this frame (dual lidar timestamp drift)
[fastlio_mapping-1] imu loop back, skip this frame (dual lidar timestamp drift)
[fastlio_mapping-1] imu loop back, skip this frame (dual lidar timestamp drift)
[fastlio_mapping-1] imu loop back, skip this frame (dual lidar timestamp drift)
[fastlio_mapping-1] imu loop back, skip this frame (dual lidar timestamp drift)
>>> [8.3/9] 启动 fake_vel_transform (/cmd_vel -> /cmd_vel_chassis)...
[INFO] [1774646443.359562855] [fake_vel_transform]: Start FakeVelTransform!
>>> [8.4/9] 等待 navigate_to_pose action server...
>>> [8.5/9] 启动 bt_comm_adapter...
[INFO] [1774646446.117488632] [bt_comm_adapter]: BT comm adapter started: vision auto_aim_target_pos -> /detector/armors, /cmd_vel_chassis + /robot_control -> /cmd_vel_chassis_bt
>>> [8.6/9] 启动决策行为树 (center_attack_fullstack)...
[INFO] [launch]: All log files can be found below /home/nyu/.ros/log/2026-03-28-05-20-47-976242-nyush-nuc-5400
[INFO] [launch]: Default logging verbosity is set to INFO
[INFO] [rm_behavior_tree-1]: process started with pid [5402]
[rm_behavior_tree-1] [INFO] [1774646448.038209448] [rm_behavior_tree]: Load bt_xml: [1;42m /home/nyu/sentry_planner/rm_decision_ws/install/rm_behavior_tree/share/rm_behavior_tree/config/center_attack_fullstack.xml [0m
[rm_behavior_tree-1] [INFO] [1774646448.125529888] [update_msg]: Node [SubArmors] created Subscriber to topic [/detector/armors]
[rm_behavior_tree-1] [INFO] [1774646448.126852594] [update_msg]: Node [SubRobotStatus] created Subscriber to topic [robot_status]
[rm_behavior_tree-1] [INFO] [1774646448.127584792] [update_msg]: Node [SubGameStatus] created Subscriber to topic [game_status]
[rm_behavior_tree-1] [ERROR] [1774646448.640788832] [send_goal]: CenterNearTest: Action server with name 'navigate_to_pose' is not reachable.
[rm_behavior_tree-1] [INFO] [1774646449.147858720] [rm_behavior_tree]: Start goal pose: 0;0;0; 0;0;0;1
[rm_behavior_tree-1] [INFO] [1774646449.147895814] [rm_behavior_tree]: End goal pose: 10.965;-2.807;0; 0;0;0;1
[rm_behavior_tree-1] [INFO] [1774646449.147900536] [rm_behavior_tree]: Groot2Publisher disabled
>>> [8.7/9] 启动 bridge-compatible serial_sender...
>>> [9/9] 启动完成！
-----------------------------------------------------
>>> 机器人端所有节点已启动！
>>> 请在【你的笔记本电脑】上打开终端运行: rviz2
>>> 按 Ctrl+C 可以停止脚本并关闭所有节点

💡 提示：
   - Point-LIO 会在启动时进行 IMU 初始化（约 10-12 秒）
   - 初始化时请确保设备完全静止，处于你希望使用的姿态
   - 如果需要在不同姿态下使用，请重新启动脚本
   - 如果点云旋转，请检查配置中的 start_in_aggressive_motion 是否为 true
   - 当前通讯链: /cmd_vel_chassis_bt -> /tmp/nyush-rm-sentry-radar -> sentry_bridge -> MCU
   - fake_vel_transform: /cmd_vel -> /cmd_vel_chassis (默认屏蔽 Nav2 angular.z)
   - BT 链路: /cmd_vel_chassis + /robot_control -> bt_comm_adapter -> /cmd_vel_chassis_bt
   - 当前行为树: center_attack_fullstack
   - BT 起始点: 0;0;0; 0;0;0;1
   - BT 终止点: 10.965;-2.807;0; 0;0;0;1
   - 可检查: ros2 topic echo /cmd_vel_chassis_bt --once
             ros2 topic echo /robot_control --once
-----------------------------------------------------
qt.qpa.xcb: could not connect to display 
qt.qpa.plugin: Could not load the Qt platform plugin "xcb" in "" even though it was found.
This application failed to start because no Qt platform plugin could be initialized. Reinstalling the application may fix this problem.

Available platform plugins are: eglfs, linuxfb, minimal, minimalegl, offscreen, vnc, xcb.

[INFO] [1774646450.336591588] [cmd_vel_forwarder]: [ROS2] Subscribed to /cmd_vel_chassis_bt
[INFO] [1774646450.340697308] [cmd_vel_forwarder]: [ROS2] Subscribed to /robot_control
[INFO] [1774646450.346053574] [cmd_vel_forwarder]: [ROS2] Publishing /game_status and /robot_status from bridge telemetry
[ros2run]: Aborted
[INFO] Serial port /tmp/nyush-rm-sentry-radar opened at 115200 baud.
[INFO] Running ROS2 subscriber mode. Listening on /cmd_vel_chassis_bt
[INFO] RobotControl topic: /robot_control
[INFO] Press Ctrl+C to exit
[NAV2 -> STM32] vx=+0.000 vy=+0.000 wz=+0.000 mag=0.00    [NAV2 -> STM32] vx=+0.000 vy=+0.000 wz=+0.000 mag=0.00    [NAV2 -> STM32] vx=+0.000 vy=+0.000 wz=+0.000 mag=0.00    [NAV2 -> STM32] vx=+0.000 vy=+0.000 wz=+0.000 mag=0.00    [NAV2 -> STM32] vx=+0.000 vy=+0.000 wz=+0.000 mag=0.00    [NAV2 -> STM32] vx=+0.000 vy=+0.000 wz=+0.000 mag=0.00    [NAV2 -> STM32] vx=+0.000 vy=+0.000 wz=+0.000 mag=0.00    [NAV2 -> STM32] vx=+0.000 vy=+0.000 wz=+0.000 mag=0.00    [NAV2 -> STM32] vx=+0.000 vy=+0.000 wz=+0.000 mag=0.00    [NAV2 -> STM32] vx=+0.000 vy=+0.000 wz=+0.000 mag=0.00    [NAV2 -> STM32] vx=+0.000 vy=+0.000 wz=+0.000 mag=0.00    [NAV2 -> STM32] vx=+0.000 vy=+0.000 wz=+0.000 mag=0.00    [NAV2 -> STM32] vx=+0.000 vy=+0.000 wz=+0.000 mag=0.00    [NAV2 -> STM32] vx=+0.000 vy=+0.000 wz=+0.000 mag=0.00    [NAV2 -> STM32] vx=+0.000 vy=+0.000 wz=+0.000 mag=0.00    [NAV2 -> STM32] vx=+0.000 vy=+0.000 wz=+0.000 mag=0.00    [NAV2 -> STM32] vx=+0.000 vy=+0.000 wz=+0.000 mag=0.00    [NAV2 -> STM32] vx=+0.000 vy=+0.000 wz=+0.000 mag=0.00    [NAV2 -> STM32] vx=+0.000 vy=+0.000 wz=+0.000 mag=0.00    [NAV2 -> STM32] vx=+0.000 vy=+0.000 wz=+0.000 mag=0.00    [NAV2 -> STM32] vx=+0.000 vy=+0.000 wz=+0.000 mag=0.00    [NAV2 -> STM32] vx=+0.000 vy=+0.000 wz=+0.000 mag=0.00    [NAV2 -> STM32] vx=+0.000 vy=+0.000 wz=+0.000 mag=0.00    [NAV2 -> STM32] vx=+0.000 vy=+0.000 wz=+0.000 mag=0.00    [NAV2 -> STM32] vx=+0.000 vy=+0.000 wz=+0.000 mag=0.00    [NAV2 -> STM32] vx=+0.000 vy=+0.000 wz=+0.000 mag=0.00    [NAV2 -> STM32] vx=+0.000 vy=+0.000 wz=+0.000 mag=0.00    [NAV2 -> STM32] vx=+0.000 vy=+0.000 wz=+0.000 mag=0.00    [NAV2 -> STM32] vx=+0.000 vy=+0.000 wz=+0.000 mag=0.00    [NAV2 -> STM32] vx=+0.000 vy=+0.000 wz=+0.000 mag=0.00    [NAV2 -> STM32] vx=+0.000 vy=+0.000 wz=+0.000 mag=0.00    [NAV2 -> STM32] vx=+0.000 vy=+0.000 wz=+0.000 mag=0.00    [NAV2 -> STM32] vx=+0.000 vy=+0.000 wz=+0.000 mag=0.00    [NAV2 -> STM32] vx=+0.000 vy=+0.000 wz=+0.000 mag=0.00    [NAV2 -> STM32] vx=+0.000 vy=+0.000 wz=+0.000 mag=0.00    [NAV2 -> STM32] vx=+0.000 vy=+0.000 wz=+0.000 mag=0.00    [NAV2 -> STM32] vx=+0.000 vy=+0.000 wz=+0.000 mag=0.00    [NAV2 -> STM32] vx=+0.000 vy=+0.000 wz=+0.000 mag=0.00    [NAV2 -> STM32] vx=+0.000 vy=+0.000 wz=+0.000 mag=0.00    [NAV2 -> STM32] vx=+0.000 vy=+0.000 wz=+0.000 mag=0.00    [NAV2 -> STM32] vx=+0.000 vy=+0.000 wz=+0.000 mag=0.00    [NAV2 -> STM32] vx=+0.000 vy=+0.000 wz=+0.000 mag=0.00    [NAV2 -> STM32] vx=+0.000 vy=+0.000 wz=+0.000 mag=0.00    [NAV2 -> STM32] vx=+0.000 vy=+0.000 wz=+0.000 mag=0.00    [NAV2 -> STM32] vx=+0.000 vy=+0.000 wz=+0.000 mag=0.00    [NAV2 -> STM32] vx=+0.000 vy=+0.000 wz=+0.000 mag=0.00    [NAV2 -> STM32] vx=+0.000 vy=+0.000 wz=+0.000 mag=0.00    [NAV2 -> STM32] vx=+0.000 vy=+0.000 wz=+0.000 mag=0.00    [NAV2 -> STM32] vx=+0.000 vy=+0.000 wz=+0.000 mag=0.00    [NAV2 -> STM32] vx=+0.000 vy=+0.000 wz=+0.000 mag=0.00    [NAV2 -> STM32] vx=+0.000 vy=+0.000 wz=+0.000 mag=0.00    [NAV2 -> STM32] vx=+0.000 vy=+0.000 wz=+0.000 mag=0.00    [NAV2 -> STM32] vx=+0.000 vy=+0.000 wz=+0.000 mag=0.00    [NAV2 -> STM32] vx=+0.000 vy=+0.000 wz=+0.000 mag=0.00    [NAV2 -> STM32] vx=+0.000 vy=+0.000 wz=+0.000 mag=0.00    [NAV2 -> STM32] vx=+0.000 vy=+0.000 wz=+0.000 mag=0.00    [NAV2 -> STM32] vx=+0.000 vy=+0.000 wz=+0.000 mag=0.00    [NAV2 -> STM32] vx=+0.000 vy=+0.000 wz=+0.000 mag=0.00    [NAV2 -> STM32] vx=+0.000 vy=+0.000 wz=+0.000 mag=0.00    [NAV2 -> STM32] vx=+0.000 vy=+0.000 wz=+0.000 mag=0.00    [NAV2 -> STM32] vx=+0.000 vy=+0.000 wz=+0.000 mag=0.00    [NAV2 -> STM32] vx=+0.000 vy=+0.000 wz=+0.000 mag=0.00    [NAV2 -> STM32] vx=+0.000 vy=+0.000 wz=+0.000 mag=0.00    [NAV2 -> STM32] vx=+0.000 vy=+0.000 wz=+0.000 mag=0.00    [NAV2 -> STM32] vx=+0.000 vy=+0.000 wz=+0.000 mag=0.00    [NAV2 -> STM32] vx=+0.000 vy=+0.000 wz=+0.000 mag=0.00    [NAV2 -> STM32] vx=+0.000 vy=+0.000 wz=+0.000 mag=0.00    [NAV2 -> STM32] vx=+0.000 vy=+0.000 wz=+0.000 mag=0.00    [NAV2 -> STM32] vx=+0.000 vy=+0.000 wz=+0.000 mag=0.00    [NAV2 -> STM32] vx=+0.000 vy=+0.000 wz=+0.000 mag=0.00    [NAV2 -> STM32] vx=+0.000 vy=+0.000 wz=+0.000 mag=0.00    [NAV2 -> STM32] vx=+0.000 vy=+0.000 wz=+0.000 mag=0.00    [NAV2 -> STM32] vx=+0.000 vy=+0.000 wz=+0.000 mag=0.00    [NAV2 -> STM32] vx=+0.000 vy=+0.000 wz=+0.000 mag=0.00    [NAV2 -> STM32] vx=+0.000 vy=+0.000 wz=+0.000 mag=0.00    [NAV2 -> STM32] vx=+0.000 vy=+0.000 wz=+0.000 mag=0.00    [NAV2 -> STM32] vx=+0.000 vy=+0.000 wz=+0.000 mag=0.00    [NAV2 -> STM32] vx=+0.000 vy=+0.000 wz=+0.000 mag=0.00    [NAV2 -> STM32] vx=+0.000 vy=+0.000 wz=+0.000 mag=0.00    [NAV2 -> STM32] vx=+0.000 vy=+0.000 wz=+0.000 mag=0.00    [NAV2 -> STM32] vx=+0.000 vy=+0.000 wz=+0.000 mag=0.00    [NAV2 -> STM32] vx=+0.000 vy=+0.000 wz=+0.000 mag=0.00    [NAV2 -> STM32] vx=+0.000 vy=+0.000 wz=+0.000 mag=0.00    [NAV2 -> STM32] vx=+0.000 vy=+0.000 wz=+0.000 mag=0.00    [NAV2 -> STM32] vx=+0.000 vy=+0.000 wz=+0.000 mag=0.00    [NAV2 -> STM32] vx=+0.000 vy=+0.000 wz=+0.000 mag=0.00    [NAV2 -> STM32] vx=+0.000 vy=+0.000 wz=+0.000 mag=0.00    [NAV2 -> STM32] vx=+0.000 vy=+0.000 wz=+0.000 mag=0.00    [NAV2 -> STM32] vx=+0.000 vy=+0.000 wz=+0.000 mag=0.00    [NAV2 -> STM32] vx=+0.000 vy=+0.000 wz=+0.000 mag=0.00    [NAV2 -> STM32] vx=+0.000 vy=+0.000 wz=+0.000 mag=0.00    [NAV2 -> STM32] vx=+0.000 vy=+0.000 wz=+0.000 mag=0.00    [NAV2 -> STM32] vx=+0.000 vy=+0.000 wz=+0.000 mag=0.00    [NAV2 -> STM32] vx=+0.000 vy=+0.000 wz=+0.000 mag=0.00    [NAV2 -> STM32] vx=+0.000 vy=+0.000 wz=+0.000 mag=0.00    [NAV2 -> STM32] vx=+0.000 vy=+0.000 wz=+0.000 mag=0.00    [NAV2 -> STM32] vx=+0.000 vy=+0.000 wz=+0.000 mag=0.00    [NAV2 -> STM32] vx=+0.000 vy=+0.000 wz=+0.000 mag=0.00    [NAV2 -> STM32] vx=+0.000 vy=+0.000 wz=+0.000 mag=0.00    [NAV2 -> STM32] vx=+0.000 vy=+0.000 wz=+0.000 mag=0.00    [NAV2 -> STM32] vx=+0.000 vy=+0.000 wz=+0.000 mag=0.00    [NAV2 -> STM32] vx=+0.000 vy=+0.000 wz=+0.000 mag=0.00    [NAV2 -> STM32] vx=+0.000 vy=+0.000 wz=+0.000 mag=0.00    [NAV2 -> STM32] vx=+0.000 vy=+0.000 wz=+0.000 mag=0.00    [NAV2 -> STM32] vx=+0.000 vy=+0.000 wz=+0.000 mag=0.00    [NAV2 -> STM32] vx=+0.000 vy=+0.000 wz=+0.000 mag=0.00    [NAV2 -> STM32] vx=+0.000 vy=+0.000 wz=+0.000 mag=0.00    [NAV2 -> STM32] vx=+0.000 vy=+0.000 wz=+0.000 mag=0.00    [NAV2 -> STM32] vx=+0.000 vy=+0.000 wz=+0.000 mag=0.00    [NAV2 -> STM32] vx=+0.000 vy=+0.000 wz=+0.000 mag=0.00    [NAV2 -> STM32] vx=+0.000 vy=+0.000 wz=+0.000 mag=0.00    [NAV2 -> STM32] vx=+0.000 vy=+0.000 wz=+0.000 mag=0.00    [NAV2 -> STM32] vx=+0.000 vy=+0.000 wz=+0.000 mag=0.00    [NAV2 -> STM32] vx=+0.000 vy=+0.000 wz=+0.000 mag=0.00    [NAV2 -> STM32] vx=+0.000 vy=+0.000 wz=+0.000 mag=0.00    [NAV2 -> STM32] vx=+0.000 vy=+0.000 wz=+0.000 mag=0.00    [NAV2 -> STM32] vx=+0.000 vy=+0.000 wz=+0.000 mag=0.00    [NAV2 -> STM32] vx=+0.000 vy=+0.000 wz=+0.000 mag=0.00    [NAV2 -> STM32] vx=+0.000 vy=+0.000 wz=+0.000 mag=0.00    [NAV2 -> STM32] vx=+0.000 vy=+0.000 wz=+0.000 mag=0.00    [NAV2 -> STM32] vx=+0.000 vy=+0.000 wz=+0.000 mag=0.00    [NAV2 -> STM32] vx=+0.000 vy=+0.000 wz=+0.000 mag=0.00    [NAV2 -> STM32] vx=+0.000 vy=+0.000 wz=+0.000 mag=0.00    [NAV2 -> STM32] vx=+0.000 vy=+0.000 wz=+0.000 mag=0.00    [NAV2 -> STM32] vx=+0.000 vy=+0.000 wz=+0.000 mag=0.00    [NAV2 -> STM32] vx=+0.000 vy=+0.000 wz=+0.000 mag=0.00    [NAV2 -> STM32] vx=+0.000 vy=+0.000 wz=+0.000 mag=0.00    [NAV2 -> STM32] vx=+0.000 vy=+0.000 wz=+0.000 mag=0.00    [NAV2 -> STM32] vx=+0.000 vy=+0.000 wz=+0.000 mag=0.00    [NAV2 -> STM32] vx=+0.000 vy=+0.000 wz=+0.000 mag=0.00    [NAV2 -> STM32] vx=+0.000 vy=+0.000 wz=+0.000 mag=0.00    [NAV2 -> STM32] vx=+0.000 vy=+0.000 wz=+0.000 mag=0.00    [NAV2 -> STM32] vx=+0.000 vy=+0.000 wz=+0.000 mag=0.00    [NAV2 -> STM32] vx=+0.000 vy=+0.000 wz=+0.000 mag=0.00    [NAV2 -> STM32] vx=+0.000 vy=+0.000 wz=+0.000 mag=0.00    [NAV2 -> STM32] vx=+0.000 vy=+0.000 wz=+0.000 mag=0.00    [NAV2 -> STM32] vx=+0.000 vy=+0.000 wz=+0.000 mag=0.00    [NAV2 -> STM32] vx=+0.000 vy=+0.000 wz=+0.000 mag=0.00    [NAV2 -> STM32] vx=+0.000 vy=+0.000 wz=+0.000 mag=0.00    [NAV2 -> STM32] vx=+0.000 vy=+0.000 wz=+0.000 mag=0.00    [NAV2 -> STM32] vx=+0.000 vy=+0.000 wz=+0.000 mag=0.00    [NAV2 -> STM32] vx=+0.000 vy=+0.000 wz=+0.000 mag=0.00    [NAV2 -> STM32] vx=+0.000 vy=+0.000 wz=+0.000 mag=0.00    [NAV2 -> STM32] vx=+0.000 vy=+0.000 wz=+0.000 mag=0.00    [NAV2 -> STM32] vx=+0.000 vy=+0.000 wz=+0.000 mag=0.00    [NAV2 -> STM32] vx=+0.000 vy=+0.000 wz=+0.000 mag=0.00    [NAV2 -> STM32] vx=+0.000 vy=+0.000 wz=+0.000 mag=0.00    [NAV2 -> STM32] vx=+0.000 vy=+0.000 wz=+0.000 mag=0.00    [NAV2 -> STM32] vx=+0.000 vy=+0.000 wz=+0.000 mag=0.00    [NAV2 -> STM32] vx=+0.000 vy=+0.000 wz=+0.000 mag=0.00    [NAV2 -> STM32] vx=+0.000 vy=+0.000 wz=+0.000 mag=0.00    [NAV2 -> STM32] vx=+0.000 vy=+0.000 wz=+0.000 mag=0.00    [NAV2 -> STM32] vx=+0.000 vy=+0.000 wz=+0.000 mag=0.00    [NAV2 -> STM32] vx=+0.000 vy=+0.000 wz=+0.000 mag=0.00    [NAV2 -> STM32] vx=+0.000 vy=+0.000 wz=+0.000 mag=0.00    [NAV2 -> STM32] vx=+0.000 vy=+0.000 wz=+0.000 mag=0.00    [NAV2 -> STM32] vx=+0.000 vy=+0.000 wz=+0.000 mag=0.00    [NAV2 -> STM32] vx=+0.000 vy=+0.000 wz=+0.000 mag=0.00    [NAV2 -> STM32] vx=+0.000 vy=+0.000 wz=+0.000 mag=0.00    [NAV2 -> STM32] vx=+0.000 vy=+0.000 wz=+0.000 mag=0.00    [NAV2 -> STM32] vx=+0.000 vy=+0.000 wz=+0.000 mag=0.00    [NAV2 -> STM32] vx=+0.000 vy=+0.000 wz=+0.000 mag=0.00    [NAV2 -> STM32] vx=+0.000 vy=+0.000 wz=+0.000 mag=0.00    [NAV2 -> STM32] vx=+0.000 vy=+0.000 wz=+0.000 mag=0.00    [NAV2 -> STM32] vx=+0.000 vy=+0.000 wz=+0.000 mag=0.00    [NAV2 -> STM32] vx=+0.000 vy=+0.000 wz=+0.000 mag=0.00    [NAV2 -> STM32] vx=+0.000 vy=+0.000 wz=+0.000 mag=0.00    [NAV2 -> STM32] vx=+0.000 vy=+0.000 wz=+0.000 mag=0.00    [NAV2 -> STM32] vx=+0.000 vy=+0.000 wz=+0.000 mag=0.00    [NAV2 -> STM32] vx=+0.000 vy=+0.000 wz=+0.000 mag=0.00    [NAV2 -> STM32] vx=+0.000 vy=+0.000 wz=+0.000 mag=0.00    [NAV2 -> STM32] vx=+0.000 vy=+0.000 wz=+0.000 mag=0.00    [NAV2 -> STM32] vx=+0.000 vy=+0.000 wz=+0.000 mag=0.00    [NAV2 -> STM32] vx=+0.000 vy=+0.000 wz=+0.000 mag=0.00    [NAV2 -> STM32] vx=+0.000 vy=+0.000 wz=+0.000 mag=0.00    [NAV2 -> STM32] vx=+0.000 vy=+0.000 wz=+0.000 mag=0.00    [NAV2 -> STM32] vx=+0.000 vy=+0.000 wz=+0.000 mag=0.00    [NAV2 -> STM32] vx=+0.000 vy=+0.000 wz=+0.000 mag=0.00    [NAV2 -> STM32] vx=+0.000 vy=+0.000 wz=+0.000 mag=0.00    [NAV2 -> STM32] vx=+0.000 vy=+0.000 wz=+0.000 mag=0.00    [NAV2 -> STM32] vx=+0.000 vy=+0.000 wz=+0.000 mag=0.00    [NAV2 -> STM32] vx=+0.000 vy=+0.000 wz=+0.000 mag=0.00    [NAV2 -> STM32] vx=+0.000 vy=+0.000 wz=+0.000 mag=0.00    [NAV2 -> STM32] vx=+0.000 vy=+0.000 wz=+0.000 mag=0.00    [NAV2 -> STM32] vx=+0.000 vy=+0.000 wz=+0.000 mag=0.00    [NAV2 -> STM32] vx=+0.000 vy=+0.000 wz=+0.000 mag=0.00    [NAV2 -> STM32] vx=+0.000 vy=+0.000 wz=+0.000 mag=0.00    [NAV2 -> STM32] vx=+0.000 vy=+0.000 wz=+0.000 mag=0.00    [NAV2 -> STM32] vx=+0.000 vy=+0.000 wz=+0.000 mag=0.00    [NAV2 -> STM32] vx=+0.000 vy=+0.000 wz=+0.000 mag=0.00    [NAV2 -> STM32] vx=+0.000 vy=+0.000 wz=+0.000 mag=0.00    [NAV2 -> STM32] vx=+0.000 vy=+0.000 wz=+0.000 mag=0.00    [NAV2 -> STM32] vx=+0.000 vy=+0.000 wz=+0.000 mag=0.00    [NAV2 -> STM32] vx=+0.000 vy=+0.000 wz=+0.000 mag=0.00    [NAV2 -> STM32] vx=+0.000 vy=+0.000 wz=+0.000 mag=0.00    [NAV2 -> STM32] vx=+0.000 vy=+0.000 wz=+0.000 mag=0.00    [NAV2 -> STM32] vx=+0.000 vy=+0.000 wz=+0.000 mag=0.00    [NAV2 -> STM32] vx=+0.000 vy=+0.000 wz=+0.000 mag=0.00    [NAV2 -> STM32] vx=+0.000 vy=+0.000 wz=+0.000 mag=0.00    [NAV2 -> STM32] vx=+0.000 vy=+0.000 wz=+0.000 mag=0.00    [NAV2 -> STM32] vx=+0.000 vy=+0.000 wz=+0.000 mag=0.00    [NAV2 -> STM32] vx=+0.000 vy=+0.000 wz=+0.000 mag=0.00    [NAV2 -> STM32] vx=+0.000 vy=+0.000 wz=+0.000 mag=0.00    [NAV2 -> STM32] vx=+0.000 vy=+0.000 wz=+0.000 mag=0.00    [NAV2 -> STM32] vx=+0.000 vy=+0.000 wz=+0.000 mag=0.00    [NAV2 -> STM32] vx=+0.000 vy=+0.000 wz=+0.000 mag=0.00    [NAV2 -> STM32] vx=+0.000 vy=+0.000 wz=+0.000 mag=0.00    [NAV2 -> STM32] vx=+0.000 vy=+0.000 wz=+0.000 mag=0.00    [NAV2 -> STM32] vx=+0.000 vy=+0.000 wz=+0.000 mag=0.00    [NAV2 -> STM32] vx=+0.000 vy=+0.000 wz=+0.000 mag=0.00    [NAV2 -> STM32] vx=+0.000 vy=+0.000 wz=+0.000 mag=0.00    [NAV2 -> STM32] vx=+0.000 vy=+0.000 wz=+0.000 mag=0.00    [NAV2 -> STM32] vx=+0.000 vy=+0.000 wz=+0.000 mag=0.00    [NAV2 -> STM32] vx=+0.000 vy=+0.000 wz=+0.000 mag=0.00    [NAV2 -> STM32] vx=+0.000 vy=+0.000 wz=+0.000 mag=0.00    [NAV2 -> STM32] vx=+0.000 vy=+0.000 wz=+0.000 mag=0.00    [NAV2 -> STM32] vx=+0.000 vy=+0.000 wz=+0.000 mag=0.00    [NAV2 -> STM32] vx=+0.000 vy=+0.000 wz=+0.000 mag=0.00    [NAV2 -> STM32] vx=+0.000 vy=+0.000 wz=+0.000 mag=0.00    [NAV2 -> STM32] vx=+0.000 vy=+0.000 wz=+0.000 mag=0.00    [NAV2 -> STM32] vx=+0.000 vy=+0.000 wz=+0.000 mag=0.00    [NAV2 -> STM32] vx=+0.000 vy=+0.000 wz=+0.000 mag=0.00    [NAV2 -> STM32] vx=+0.000 vy=+0.000 wz=+0.000 mag=0.00    [NAV2 -> STM32] vx=+0.000 vy=+0.000 wz=+0.000 mag=0.00    [NAV2 -> STM32] vx=+0.000 vy=+0.000 wz=+0.000 mag=0.00    [NAV2 -> STM32] vx=+0.000 vy=+0.000 wz=+0.000 mag=0.00    [NAV2 -> STM32] vx=+0.000 vy=+0.000 wz=+0.000 mag=0.00    [NAV2 -> STM32] vx=+0.000 vy=+0.000 wz=+0.000 mag=0.00    [NAV2 -> STM32] vx=+0.000 vy=+0.000 wz=+0.000 mag=0.00    [NAV2 -> STM32] vx=+0.000 vy=+0.000 wz=+0.000 mag=0.00    [NAV2 -> STM32] vx=+0.000 vy=+0.000 wz=+0.000 mag=0.00    [NAV2 -> STM32] vx=+0.000 vy=+0.000 wz=+0.000 mag=0.00    [NAV2 -> STM32] vx=+0.000 vy=+0.000 wz=+0.000 mag=0.00    [NAV2 -> STM32] vx=+0.000 vy=+0.000 wz=+0.000 mag=0.00    [NAV2 -> STM32] vx=+0.000 vy=+0.000 wz=+0.000 mag=0.00    [NAV2 -> STM32] vx=+0.000 vy=+0.000 wz=+0.000 mag=0.00    [NAV2 -> STM32] vx=+0.000 vy=+0.000 wz=+0.000 mag=0.00    [NAV2 -> STM32] vx=+0.000 vy=+0.000 wz=+0.000 mag=0.00    [NAV2 -> STM32] vx=+0.000 vy=+0.000 wz=+0.000 mag=0.00    [NAV2 -> STM32] vx=+0.000 vy=+0.000 wz=+0.000 mag=0.00    [NAV2 -> STM32] vx=+0.000 vy=+0.000 wz=+0.000 mag=0.00    [NAV2 -> STM32] vx=+0.000 vy=+0.000 wz=+0.000 mag=0.00    [NAV2 -> STM32] vx=+0.000 vy=+0.000 wz=+0.000 mag=0.00    [NAV2 -> STM32] vx=+0.000 vy=+0.000 wz=+0.000 mag=0.00    [NAV2 -> STM32] vx=+0.000 vy=+0.000 wz=+0.000 mag=0.00    [NAV2 -> STM32] vx=+0.000 vy=+0.000 wz=+0.000 mag=0.00    [NAV2 -> STM32] vx=+0.000 vy=+0.000 wz=+0.000 mag=0.00    [NAV2 -> STM32] vx=+0.000 vy=+0.000 wz=+0.000 mag=0.00    [NAV2 -> STM32] vx=+0.000 vy=+0.000 wz=+0.000 mag=0.00    [NAV2 -> STM32] vx=+0.000 vy=+0.000 wz=+0.000 mag=0.00    [NAV2 -> STM32] vx=+0.000 vy=+0.000 wz=+0.000 mag=0.00    [NAV2 -> STM32] vx=+0.000 vy=+0.000 wz=+0.000 mag=0.00    [NAV2 -> STM32] vx=+0.000 vy=+0.000 wz=+0.000 mag=0.00    [NAV2 -> STM32] vx=+0.000 vy=+0.000 wz=+0.000 mag=0.00    [NAV2 -> STM32] vx=+0.000 vy=+0.000 wz=+0.000 mag=0.00    [NAV2 -> STM32] vx=+0.000 vy=+0.000 wz=+0.000 mag=0.00    [NAV2 -> STM32] vx=+0.000 vy=+0.000 wz=+0.000 mag=0.00    [NAV2 -> STM32] vx=+0.000 vy=+0.000 wz=+0.000 mag=0.00    [NAV2 -> STM32] vx=+0.000 vy=+0.000 wz=+0.000 mag=0.00    [NAV2 -> STM32] vx=+0.000 vy=+0.000 wz=+0.000 mag=0.00    [NAV2 -> STM32] vx=+0.000 vy=+0.000 wz=+0.000 mag=0.00    [NAV2 -> STM32] vx=+0.000 vy=+0.000 wz=+0.000 mag=0.00    [NAV2 -> STM32] vx=+0.000 vy=+0.000 wz=+0.000 mag=0.00    [NAV2 -> STM32] vx=+0.000 vy=+0.000 wz=+0.000 mag=0.00    [NAV2 -> STM32] vx=+0.000 vy=+0.000 wz=+0.000 mag=0.00    [NAV2 -> STM32] vx=+0.000 vy=+0.000 wz=+0.000 mag=0.00    [NAV2 -> STM32] vx=+0.000 vy=+0.000 wz=+0.000 mag=0.00    [NAV2 -> STM32] vx=+0.000 vy=+0.000 wz=+0.000 mag=0.00    [NAV2 -> STM32] vx=+0.000 vy=+0.000 wz=+0.000 mag=0.00    [NAV2 -> STM32] vx=+0.000 vy=+0.000 wz=+0.000 mag=0.00    [NAV2 -> STM32] vx=+0.000 vy=+0.000 wz=+0.000 mag=0.00    [NAV2 -> STM32] vx=+0.000 vy=+0.000 wz=+0.000 mag=0.00    [NAV2 -> STM32] vx=+0.000 vy=+0.000 wz=+0.000 mag=0.00    [NAV2 -> STM32] vx=+0.000 vy=+0.000 wz=+0.000 mag=0.00    [NAV2 -> STM32] vx=+0.000 vy=+0.000 wz=+0.000 mag=0.00    [NAV2 -> STM32] vx=+0.000 vy=+0.000 wz=+0.000 mag=0.00    [NAV2 -> STM32] vx=+0.000 vy=+0.000 wz=+0.000 mag=0.00    [NAV2 -> STM32] vx=+0.000 vy=+0.000 wz=+0.000 mag=0.00    [NAV2 -> STM32] vx=+0.000 vy=+0.000 wz=+0.000 mag=0.00    [NAV2 -> STM32] vx=+0.000 vy=+0.000 wz=+0.000 mag=0.00    [NAV2 -> STM32] vx=+0.000 vy=+0.000 wz=+0.000 mag=0.00    [NAV2 -> STM32] vx=+0.000 vy=+0.000 wz=+0.000 mag=0.00    [NAV2 -> STM32] vx=+0.000 vy=+0.000 wz=+0.000 mag=0.00    [NAV2 -> STM32] vx=+0.000 vy=+0.000 wz=+0.000 mag=0.00    [NAV2 -> STM32] vx=+0.000 vy=+0.000 wz=+0.000 mag=0.00    [NAV2 -> STM32] vx=+0.000 vy=+0.000 wz=+0.000 mag=0.00    [NAV2 -> STM32] vx=+0.000 vy=+0.000 wz=+0.000 mag=0.00    [NAV2 -> STM32] vx=+0.000 vy=+0.000 wz=+0.000 mag=0.00    [NAV2 -> STM32] vx=+0.000 vy=+0.000 wz=+0.000 mag=0.00    [NAV2 -> STM32] vx=+0.000 vy=+0.000 wz=+0.000 mag=0.00    [NAV2 -> STM32] vx=+0.000 vy=+0.000 wz=+0.000 mag=0.00    [NAV2 -> STM32] vx=+0.000 vy=+0.000 wz=+0.000 mag=0.00    [NAV2 -> STM32] vx=+0.000 vy=+0.000 wz=+0.000 mag=0.00    [NAV2 -> STM32] vx=+0.000 vy=+0.000 wz=+0.000 mag=0.00    [NAV2 -> STM32] vx=+0.000 vy=+0.000 wz=+0.000 mag=0.00    [NAV2 -> STM32] vx=+0.000 vy=+0.000 wz=+0.000 mag=0.00    [NAV2 -> STM32] vx=+0.000 vy=+0.000 wz=+0.000 mag=0.00    [NAV2 -> STM32] vx=+0.000 vy=+0.000 wz=+0.000 mag=0.00    [NAV2 -> STM32] vx=+0.000 vy=+0.000 wz=+0.000 mag=0.00    [NAV2 -> STM32] vx=+0.000 vy=+0.000 wz=+0.000 mag=0.00    [NAV2 -> STM32] vx=+0.000 vy=+0.000 wz=+0.000 mag=0.00    [NAV2 -> STM32] vx=+0.000 vy=+0.000 wz=+0.000 mag=0.00    [NAV2 -> STM32] vx=+0.000 vy=+0.000 wz=+0.000 mag=0.00    [NAV2 -> STM32] vx=+0.000 vy=+0.000 wz=+0.000 mag=0.00    [NAV2 -> STM32] vx=+0.000 vy=+0.000 wz=+0.000 mag=0.00    [NAV2 -> STM32] vx=+0.000 vy=+0.000 wz=+0.000 mag=0.00    [NAV2 -> STM32] vx=+0.000 vy=+0.000 wz=+0.000 mag=0.00    [NAV2 -> STM32] vx=+0.000 vy=+0.000 wz=+0.000 mag=0.00    [NAV2 -> STM32] vx=+0.000 vy=+0.000 wz=+0.000 mag=0.00    [NAV2 -> STM32] vx=+0.000 vy=+0.000 wz=+0.000 mag=0.00    [NAV2 -> STM32] vx=+0.000 vy=+0.000 wz=+0.000 mag=0.00    [NAV2 -> STM32] vx=+0.000 vy=+0.000 wz=+0.000 mag=0.00    [NAV2 -> STM32] vx=+0.000 vy=+0.000 wz=+0.000 mag=0.00    [NAV2 -> STM32] vx=+0.000 vy=+0.000 wz=+0.000 mag=0.00    [NAV2 -> STM32] vx=+0.000 vy=+0.000 wz=+0.000 mag=0.00    [NAV2 -> STM32] vx=+0.000 vy=+0.000 wz=+0.000 mag=0.00    [NAV2 -> STM32] vx=+0.000 vy=+0.000 wz=+0.000 mag=0.00    [NAV2 -> STM32] vx=+0.000 vy=+0.000 wz=+0.000 mag=0.00    [NAV2 -> STM32] vx=+0.000 vy=+0.000 wz=+0.000 mag=0.00    [NAV2 -> STM32] vx=+0.000 vy=+0.000 wz=+0.000 mag=0.00    [NAV2 -> STM32] vx=+0.000 vy=+0.000 wz=+0.000 mag=0.00    [NAV2 -> STM32] vx=+0.000 vy=+0.000 wz=+0.000 mag=0.00    [NAV2 -> STM32] vx=+0.000 vy=+0.000 wz=+0.000 mag=0.00    [NAV2 -> STM32] vx=+0.000 vy=+0.000 wz=+0.000 mag=0.00    [NAV2 -> STM32] vx=+0.000 vy=+0.000 wz=+0.000 mag=0.00    [NAV2 -> STM32] vx=+0.000 vy=+0.000 wz=+0.000 mag=0.00    [NAV2 -> STM32] vx=+0.000 vy=+0.000 wz=+0.000 mag=0.00    [NAV2 -> STM32] vx=+0.000 vy=+0.000 wz=+0.000 mag=0.00    [NAV2 -> STM32] vx=+0.000 vy=+0.000 wz=+0.000 mag=0.00    [NAV2 -> STM32] vx=+0.000 vy=+0.000 wz=+0.000 mag=0.00    [NAV2 -> STM32] vx=+0.000 vy=+0.000 wz=+0.000 mag=0.00    [NAV2 -> STM32] vx=+0.000 vy=+0.000 wz=+0.000 mag=0.00    [NAV2 -> STM32] vx=+0.000 vy=+0.000 wz=+0.000 mag=0.00    [NAV2 -> STM32] vx=+0.000 vy=+0.000 wz=+0.000 mag=0.00    [NAV2 -> STM32] vx=+0.000 vy=+0.000 wz=+0.000 mag=0.00    [NAV2 -> STM32] vx=+0.000 vy=+0.000 wz=+0.000 mag=0.00    [NAV2 -> STM32] vx=+0.000 vy=+0.000 wz=+0.000 mag=0.00    [NAV2 -> STM32] vx=+0.000 vy=+0.000 wz=+0.000 mag=0.00    [NAV2 -> STM32] vx=+0.000 vy=+0.000 wz=+0.000 mag=0.00    [NAV2 -> STM32] vx=+0.000 vy=+0.000 wz=+0.000 mag=0.00    [NAV2 -> STM32] vx=+0.000 vy=+0.000 wz=+0.000 mag=0.00    [NAV2 -> STM32] vx=+0.000 vy=+0.000 wz=+0.000 mag=0.00    [NAV2 -> STM32] vx=+0.000 vy=+0.000 wz=+0.000 mag=0.00    [NAV2 -> STM32] vx=+0.000 vy=+0.000 wz=+0.000 mag=0.00    [NAV2 -> STM32] vx=+0.000 vy=+0.000 wz=+0.000 mag=0.00    [NAV2 -> STM32] vx=+0.000 vy=+0.000 wz=+0.000 mag=0.00    [NAV2 -> STM32] vx=+0.000 vy=+0.000 wz=+0.000 mag=0.00    [NAV2 -> STM32] vx=+0.000 vy=+0.000 wz=+0.000 mag=0.00    [NAV2 -> STM32] vx=+0.000 vy=+0.000 wz=+0.000 mag=0.00    [NAV2 -> STM32] vx=+0.000 vy=+0.000 wz=+0.000 mag=0.00    [NAV2 -> STM32] vx=+0.000 vy=+0.000 wz=+0.000 mag=0.00    [NAV2 -> STM32] vx=+0.000 vy=+0.000 wz=+0.000 mag=0.00    [NAV2 -> STM32] vx=+0.000 vy=+0.000 wz=+0.000 mag=0.00    [NAV2 -> STM32] vx=+0.000 vy=+0.000 wz=+0.000 mag=0.00    [NAV2 -> STM32] vx=+0.000 vy=+0.000 wz=+0.000 mag=0.00    [NAV2 -> STM32] vx=+0.000 vy=+0.000 wz=+0.000 mag=0.00    [NAV2 -> STM32] vx=+0.000 vy=+0.000 wz=+0.000 mag=0.00    [NAV2 -> STM32] vx=+0.000 vy=+0.000 wz=+0.000 mag=0.00    [NAV2 -> STM32] vx=+0.000 vy=+0.000 wz=+0.000 mag=0.00    [NAV2 -> STM32] vx=+0.000 vy=+0.000 wz=+0.000 mag=0.00    [NAV2 -> STM32] vx=+0.000 vy=+0.000 wz=+0.000 mag=0.00    [NAV2 -> STM32] vx=+0.000 vy=+0.000 wz=+0.000 mag=0.00    [NAV2 -> STM32] vx=+0.000 vy=+0.000 wz=+0.000 mag=0.00    [NAV2 -> STM32] vx=+0.000 vy=+0.000 wz=+0.000 mag=0.00    [NAV2 -> STM32] vx=+0.000 vy=+0.000 wz=+0.000 mag=0.00    [NAV2 -> STM32] vx=+0.000 vy=+0.000 wz=+0.000 mag=0.00    [NAV2 -> STM32] vx=+0.000 vy=+0.000 wz=+0.000 mag=0.00    [NAV2 -> STM32] vx=+0.000 vy=+0.000 wz=+0.000 mag=0.00    [NAV2 -> STM32] vx=+0.000 vy=+0.000 wz=+0.000 mag=0.00    [NAV2 -> STM32] vx=+0.000 vy=+0.000 wz=+0.000 mag=0.00    [NAV2 -> STM32] vx=+0.000 vy=+0.000 wz=+0.000 mag=0.00    [NAV2 -> STM32] vx=+0.000 vy=+0.000 wz=+0.000 mag=0.00    [NAV2 -> STM32] vx=+0.000 vy=+0.000 wz=+0.000 mag=0.00    [NAV2 -> STM32] vx=+0.000 vy=+0.000 wz=+0.000 mag=0.00    [NAV2 -> STM32] vx=+0.000 vy=+0.000 wz=+0.000 mag=0.00    [NAV2 -> STM32] vx=+0.000 vy=+0.000 wz=+0.000 mag=0.00    [NAV2 -> STM32] vx=+0.000 vy=+0.000 wz=+0.000 mag=0.00    [NAV2 -> STM32] vx=+0.000 vy=+0.000 wz=+0.000 mag=0.00    [NAV2 -> STM32] vx=+0.000 vy=+0.000 wz=+0.000 mag=0.00    [NAV2 -> STM32] vx=+0.000 vy=+0.000 wz=+0.000 mag=0.00    [NAV2 -> STM32] vx=+0.000 vy=+0.000 wz=+0.000 mag=0.00    [NAV2 -> STM32] vx=+0.000 vy=+0.000 wz=+0.000 mag=0.00    [NAV2 -> STM32] vx=+0.000 vy=+0.000 wz=+0.000 mag=0.00    [NAV2 -> STM32] vx=+0.000 vy=+0.000 wz=+0.000 mag=0.00    [NAV2 -> STM32] vx=+0.000 vy=+0.000 wz=+0.000 mag=0.00    [NAV2 -> STM32] vx=+0.000 vy=+0.000 wz=+0.000 mag=0.00    [NAV2 -> STM32] vx=+0.000 vy=+0.000 wz=+0.000 mag=0.00    [NAV2 -> STM32] vx=+0.000 vy=+0.000 wz=+0.000 mag=0.00    [NAV2 -> STM32] vx=+0.000 vy=+0.000 wz=+0.000 mag=0.00    [NAV2 -> STM32] vx=+0.000 vy=+0.000 wz=+0.000 mag=0.00    [NAV2 -> STM32] vx=+0.000 vy=+0.000 wz=+0.000 mag=0.00    [NAV2 -> STM32] vx=+0.000 vy=+0.000 wz=+0.000 mag=0.00    [NAV2 -> STM32] vx=+0.000 vy=+0.000 wz=+0.000 mag=0.00    [NAV2 -> STM32] vx=+0.000 vy=+0.000 wz=+0.000 mag=0.00    [NAV2 -> STM32] vx=+0.000 vy=+0.000 wz=+0.000 mag=0.00    [NAV2 -> STM32] vx=+0.000 vy=+0.000 wz=+0.000 mag=0.00    [NAV2 -> STM32] vx=+0.000 vy=+0.000 wz=+0.000 mag=0.00    [NAV2 -> STM32] vx=+0.000 vy=+0.000 wz=+0.000 mag=0.00    [NAV2 -> STM32] vx=+0.000 vy=+0.000 wz=+0.000 mag=0.00    [NAV2 -> STM32] vx=+0.000 vy=+0.000 wz=+0.000 mag=0.00    [NAV2 -> STM32] vx=+0.000 vy=+0.000 wz=+0.000 mag=0.00    [NAV2 -> STM32] vx=+0.000 vy=+0.000 wz=+0.000 mag=0.00    [NAV2 -> STM32] vx=+0.000 vy=+0.000 wz=+0.000 mag=0.00    [NAV2 -> STM32] vx=+0.000 vy=+0.000 wz=+0.000 mag=0.00    [NAV2 -> STM32] vx=+0.000 vy=+0.000 wz=+0.000 mag=0.00    [NAV2 -> STM32] vx=+0.000 vy=+0.000 wz=+0.000 mag=0.00    [NAV2 -> STM32] vx=+0.000 vy=+0.000 wz=+0.000 mag=0.00    [NAV2 -> STM32] vx=+0.000 vy=+0.000 wz=+0.000 mag=0.00    [NAV2 -> STM32] vx=+0.000 vy=+0.000 wz=+0.000 mag=0.00    [NAV2 -> STM32] vx=+0.000 vy=+0.000 wz=+0.000 mag=0.00    [NAV2 -> STM32] vx=+0.000 vy=+0.000 wz=+0.000 mag=0.00    [NAV2 -> STM32] vx=+0.000 vy=+0.000 wz=+0.000 mag=0.00    [NAV2 -> STM32] vx=+0.000 vy=+0.000 wz=+0.000 mag=0.00    [NAV2 -> STM32] vx=+0.000 vy=+0.000 wz=+0.000 mag=0.00    [NAV2 -> STM32] vx=+0.000 vy=+0.000 wz=+0.000 mag=0.00    [NAV2 -> STM32] vx=+0.000 vy=+0.000 wz=+0.000 mag=0.00    [NAV2 -> STM32] vx=+0.000 vy=+0.000 wz=+0.000 mag=0.00    [NAV2 -> STM32] vx=+0.000 vy=+0.000 wz=+0.000 mag=0.00    [NAV2 -> STM32] vx=+0.000 vy=+0.000 wz=+0.000 mag=0.00    [NAV2 -> STM32] vx=+0.000 vy=+0.000 wz=+0.000 mag=0.00    [NAV2 -> STM32] vx=+0.000 vy=+0.000 wz=+0.000 mag=0.00    [NAV2 -> STM32] vx=+0.000 vy=+0.000 wz=+0.000 mag=0.00    [NAV2 -> STM32] vx=+0.000 vy=+0.000 wz=+0.000 mag=0.00    [NAV2 -> STM32] vx=+0.000 vy=+0.000 wz=+0.000 mag=0.00    [NAV2 -> STM32] vx=+0.000 vy=+0.000 wz=+0.000 mag=0.00    [NAV2 -> STM32] vx=+0.000 vy=+0.000 wz=+0.000 mag=0.00    [NAV2 -> STM32] vx=+0.000 vy=+0.000 wz=+0.000 mag=0.00    [NAV2 -> STM32] vx=+0.000 vy=+0.000 wz=+0.000 mag=0.00    [NAV2 -> STM32] vx=+0.000 vy=+0.000 wz=+0.000 mag=0.00    [NAV2 -> STM32] vx=+0.000 vy=+0.000 wz=+0.000 mag=0.00    [NAV2 -> STM32] vx=+0.000 vy=+0.000 wz=+0.000 mag=0.00    [NAV2 -> STM32] vx=+0.000 vy=+0.000 wz=+0.000 mag=0.00    [NAV2 -> STM32] vx=+0.000 vy=+0.000 wz=+0.000 mag=0.00    [NAV2 -> STM32] vx=+0.000 vy=+0.000 wz=+0.000 mag=0.00    [NAV2 -> STM32] vx=+0.000 vy=+0.000 wz=+0.000 mag=0.00    [NAV2 -> STM32] vx=+0.000 vy=+0.000 wz=+0.000 mag=0.00    [NAV2 -> STM32] vx=+0.000 vy=+0.000 wz=+0.000 mag=0.00    [NAV2 -> STM32] vx=+0.000 vy=+0.000 wz=+0.000 mag=0.00    [NAV2 -> STM32] vx=+0.000 vy=+0.000 wz=+0.000 mag=0.00    [NAV2 -> STM32] vx=+0.000 vy=+0.000 wz=+0.000 mag=0.00    [NAV2 -> STM32] vx=+0.000 vy=+0.000 wz=+0.000 mag=0.00    [NAV2 -> STM32] vx=+0.000 vy=+0.000 wz=+0.000 mag=0.00    [NAV2 -> STM32] vx=+0.000 vy=+0.000 wz=+0.000 mag=0.00    [NAV2 -> STM32] vx=+0.000 vy=+0.000 wz=+0.000 mag=0.00    [NAV2 -> STM32] vx=+0.000 vy=+0.000 wz=+0.000 mag=0.00    [NAV2 -> STM32] vx=+0.000 vy=+0.000 wz=+0.000 mag=0.00    [NAV2 -> STM32] vx=+0.000 vy=+0.000 wz=+0.000 mag=0.00    [NAV2 -> STM32] vx=+0.000 vy=+0.000 wz=+0.000 mag=0.00    [NAV2 -> STM32] vx=+0.000 vy=+0.000 wz=+0.000 mag=0.00    [NAV2 -> STM32] vx=+0.000 vy=+0.000 wz=+0.000 mag=0.00    [NAV2 -> STM32] vx=+0.000 vy=+0.000 wz=+0.000 mag=0.00    [NAV2 -> STM32] vx=+0.000 vy=+0.000 wz=+0.000 mag=0.00    [NAV2 -> STM32] vx=+0.000 vy=+0.000 wz=+0.000 mag=0.00    [NAV2 -> STM32] vx=+0.000 vy=+0.000 wz=+0.000 mag=0.00    [NAV2 -> STM32] vx=+0.000 vy=+0.000 wz=+0.000 mag=0.00    [NAV2 -> STM32] vx=+0.000 vy=+0.000 wz=+0.000 mag=0.00    [NAV2 -> STM32] vx=+0.000 vy=+0.000 wz=+0.000 mag=0.00    [NAV2 -> STM32] vx=+0.000 vy=+0.000 wz=+0.000 mag=0.00    [NAV2 -> STM32] vx=+0.000 vy=+0.000 wz=+0.000 mag=0.00    [NAV2 -> STM32] vx=+0.000 vy=+0.000 wz=+0.000 mag=0.00    [NAV2 -> STM32] vx=+0.000 vy=+0.000 wz=+0.000 mag=0.00    [NAV2 -> STM32] vx=+0.000 vy=+0.000 wz=+0.000 mag=0.00    [NAV2 -> STM32] vx=+0.000 vy=+0.000 wz=+0.000 mag=0.00    [NAV2 -> STM32] vx=+0.000 vy=+0.000 wz=+0.000 mag=0.00    [NAV2 -> STM32] vx=+0.000 vy=+0.000 wz=+0.000 mag=0.00    [NAV2 -> STM32] vx=+0.000 vy=+0.000 wz=+0.000 mag=0.00    [NAV2 -> STM32] vx=+0.000 vy=+0.000 wz=+0.000 mag=0.00    [NAV2 -> STM32] vx=+0.000 vy=+0.000 wz=+0.000 mag=0.00    [NAV2 -> STM32] vx=+0.000 vy=+0.000 wz=+0.000 mag=0.00    [NAV2 -> STM32] vx=+0.000 vy=+0.000 wz=+0.000 mag=0.00    [NAV2 -> STM32] vx=+0.000 vy=+0.000 wz=+0.000 mag=0.00    [NAV2 -> STM32] vx=+0.000 vy=+0.000 wz=+0.000 mag=0.00    [NAV2 -> STM32] vx=+0.000 vy=+0.000 wz=+0.000 mag=0.00    [NAV2 -> STM32] vx=+0.000 vy=+0.000 wz=+0.000 mag=0.00    [NAV2 -> STM32] vx=+0.000 vy=+0.000 wz=+0.000 mag=0.00    [NAV2 -> STM32] vx=+0.000 vy=+0.000 wz=+0.000 mag=0.00    [NAV2 -> STM32] vx=+0.000 vy=+0.000 wz=+0.000 mag=0.00    [NAV2 -> STM32] vx=+0.000 vy=+0.000 wz=+0.000 mag=0.00    [NAV2 -> STM32] vx=+0.000 vy=+0.000 wz=+0.000 mag=0.00    [NAV2 -> STM32] vx=+0.000 vy=+0.000 wz=+0.000 mag=0.00    [NAV2 -> STM32] vx=+0.000 vy=+0.000 wz=+0.000 mag=0.00    [NAV2 -> STM32] vx=+0.000 vy=+0.000 wz=+0.000 mag=0.00    [NAV2 -> STM32] vx=+0.000 vy=+0.000 wz=+0.000 mag=0.00    [NAV2 -> STM32] vx=+0.000 vy=+0.000 wz=+0.000 mag=0.00    [NAV2 -> STM32] vx=+0.000 vy=+0.000 wz=+0.000 mag=0.00    [NAV2 -> STM32] vx=+0.000 vy=+0.000 wz=+0.000 mag=0.00    [NAV2 -> STM32] vx=+0.000 vy=+0.000 wz=+0.000 mag=0.00    [NAV2 -> STM32] vx=+0.000 vy=+0.000 wz=+0.000 mag=0.00    [NAV2 -> STM32] vx=+0.000 vy=+0.000 wz=+0.000 mag=0.00    [NAV2 -> STM32] vx=+0.000 vy=+0.000 wz=+0.000 mag=0.00    [NAV2 -> STM32] vx=+0.000 vy=+0.000 wz=+0.000 mag=0.00    [NAV2 -> STM32] vx=+0.000 vy=+0.000 wz=+0.000 mag=0.00    [NAV2 -> STM32] vx=+0.000 vy=+0.000 wz=+0.000 mag=0.00    [NAV2 -> STM32] vx=+0.000 vy=+0.000 wz=+0.000 mag=0.00    [NAV2 -> STM32] vx=+0.000 vy=+0.000 wz=+0.000 mag=0.00    [NAV2 -> STM32] vx=+0.000 vy=+0.000 wz=+0.000 mag=0.00    [NAV2 -> STM32] vx=+0.000 vy=+0.000 wz=+0.000 mag=0.00    [NAV2 -> STM32] vx=+0.000 vy=+0.000 wz=+0.000 mag=0.00    [NAV2 -> STM32] vx=+0.000 vy=+0.000 wz=+0.000 mag=0.00    [NAV2 -> STM32] vx=+0.000 vy=+0.000 wz=+0.000 mag=0.00    [NAV2 -> STM32] vx=+0.000 vy=+0.000 wz=+0.000 mag=0.00    [NAV2 -> STM32] vx=+0.000 vy=+0.000 wz=+0.000 mag=0.00    [NAV2 -> STM32] vx=+0.000 vy=+0.000 wz=+0.000 mag=0.00    [NAV2 -> STM32] vx=+0.000 vy=+0.000 wz=+0.000 mag=0.00    [NAV2 -> STM32] vx=+0.000 vy=+0.000 wz=+0.000 mag=0.00    [NAV2 -> STM32] vx=+0.000 vy=+0.000 wz=+0.000 mag=0.00    [NAV2 -> STM32] vx=+0.000 vy=+0.000 wz=+0.000 mag=0.00    [NAV2 -> STM32] vx=+0.000 vy=+0.000 wz=+0.000 mag=0.00    [NAV2 -> STM32] vx=+0.000 vy=+0.000 wz=+0.000 mag=0.00    [NAV2 -> STM32] vx=+0.000 vy=+0.000 wz=+0.000 mag=0.00    [NAV2 -> STM32] vx=+0.000 vy=+0.000 wz=+0.000 mag=0.00    [NAV2 -> STM32] vx=+0.000 vy=+0.000 wz=+0.000 mag=0.00    [NAV2 -> STM32] vx=+0.000 vy=+0.000 wz=+0.000 mag=0.00    [NAV2 -> STM32] vx=+0.000 vy=+0.000 wz=+0.000 mag=0.00    [NAV2 -> STM32] vx=+0.000 vy=+0.000 wz=+0.000 mag=0.00    [NAV2 -> STM32] vx=+0.000 vy=+0.000 wz=+0.000 mag=0.00    [NAV2 -> STM32] vx=+0.000 vy=+0.000 wz=+0.000 mag=0.00    [NAV2 -> STM32] vx=+0.000 vy=+0.000 wz=+0.000 mag=0.00    [NAV2 -> STM32] vx=+0.000 vy=+0.000 wz=+0.000 mag=0.00    [NAV2 -> STM32] vx=+0.000 vy=+0.000 wz=+0.000 mag=0.00    [NAV2 -> STM32] vx=+0.000 vy=+0.000 wz=+0.000 mag=0.00    [NAV2 -> STM32] vx=+0.000 vy=+0.000 wz=+0.000 mag=0.00    [NAV2 -> STM32] vx=+0.000 vy=+0.000 wz=+0.000 mag=0.00    [NAV2 -> STM32] vx=+0.000 vy=+0.000 wz=+0.000 mag=0.00    [NAV2 -> STM32] vx=+0.000 vy=+0.000 wz=+0.000 mag=0.00    [NAV2 -> STM32] vx=+0.000 vy=+0.000 wz=+0.000 mag=0.00    [NAV2 -> STM32] vx=+0.000 vy=+0.000 wz=+0.000 mag=0.00    [NAV2 -> STM32] vx=+0.000 vy=+0.000 wz=+0.000 mag=0.00    [NAV2 -> STM32] vx=+0.000 vy=+0.000 wz=+0.000 mag=0.00    [NAV2 -> STM32] vx=+0.000 vy=+0.000 wz=+0.000 mag=0.00    [NAV2 -> STM32] vx=+0.000 vy=+0.000 wz=+0.000 mag=0.00    [NAV2 -> STM32] vx=+0.000 vy=+0.000 wz=+0.000 mag=0.00    [NAV2 -> STM32] vx=+0.000 vy=+0.000 wz=+0.000 mag=0.00    [NAV2 -> STM32] vx=+0.000 vy=+0.000 wz=+0.000 mag=0.00    [NAV2 -> STM32] vx=+0.000 vy=+0.000 wz=+0.000 mag=0.00    [NAV2 -> STM32] vx=+0.000 vy=+0.000 wz=+0.000 mag=0.00    [NAV2 -> STM32] vx=+0.000 vy=+0.000 wz=+0.000 mag=0.00    [NAV2 -> STM32] vx=+0.000 vy=+0.000 wz=+0.000 mag=0.00    [NAV2 -> STM32] vx=+0.000 vy=+0.000 wz=+0.000 mag=0.00    [NAV2 -> STM32] vx=+0.000 vy=+0.000 wz=+0.000 mag=0.00    [NAV2 -> STM32] vx=+0.000 vy=+0.000 wz=+0.000 mag=0.00    [NAV2 -> STM32] vx=+0.000 vy=+0.000 wz=+0.000 mag=0.00    [NAV2 -> STM32] vx=+0.000 vy=+0.000 wz=+0.000 mag=0.00    [NAV2 -> STM32] vx=+0.000 vy=+0.000 wz=+0.000 mag=0.00    [NAV2 -> STM32] vx=+0.000 vy=+0.000 wz=+0.000 mag=0.00    [NAV2 -> STM32] vx=+0.000 vy=+0.000 wz=+0.000 mag=0.00    [NAV2 -> STM32] vx=+0.000 vy=+0.000 wz=+0.000 mag=0.00    [NAV2 -> STM32] vx=+0.000 vy=+0.000 wz=+0.000 mag=0.00    [NAV2 -> STM32] vx=+0.000 vy=+0.000 wz=+0.000 mag=0.00    [NAV2 -> STM32] vx=+0.000 vy=+0.000 wz=+0.000 mag=0.00    [NAV2 -> STM32] vx=+0.000 vy=+0.000 wz=+0.000 mag=0.00    [NAV2 -> STM32] vx=+0.000 vy=+0.000 wz=+0.000 mag=0.00    [NAV2 -> STM32] vx=+0.000 vy=+0.000 wz=+0.000 mag=0.00    [NAV2 -> STM32] vx=+0.000 vy=+0.000 wz=+0.000 mag=0.00    [NAV2 -> STM32] vx=+0.000 vy=+0.000 wz=+0.000 mag=0.00    [NAV2 -> STM32] vx=+0.000 vy=+0.000 wz=+0.000 mag=0.00    [NAV2 -> STM32] vx=+0.000 vy=+0.000 wz=+0.000 mag=0.00    [NAV2 -> STM32] vx=+0.000 vy=+0.000 wz=+0.000 mag=0.00    [NAV2 -> STM32] vx=+0.000 vy=+0.000 wz=+0.000 mag=0.00    [NAV2 -> STM32] vx=+0.000 vy=+0.000 wz=+0.000 mag=0.00    [NAV2 -> STM32] vx=+0.000 vy=+0.000 wz=+0.000 mag=0.00    [NAV2 -> STM32] vx=+0.000 vy=+0.000 wz=+0.000 mag=0.00    [NAV2 -> STM32] vx=+0.000 vy=+0.000 wz=+0.000 mag=0.00    [NAV2 -> STM32] vx=+0.000 vy=+0.000 wz=+0.000 mag=0.00    [NAV2 -> STM32] vx=+0.000 vy=+0.000 wz=+0.000 mag=0.00    [NAV2 -> STM32] vx=+0.000 vy=+0.000 wz=+0.000 mag=0.00    [NAV2 -> STM32] vx=+0.000 vy=+0.000 wz=+0.000 mag=0.00    [NAV2 -> STM32] vx=+0.000 vy=+0.000 wz=+0.000 mag=0.00    [NAV2 -> STM32] vx=+0.000 vy=+0.000 wz=+0.000 mag=0.00    [NAV2 -> STM32] vx=+0.000 vy=+0.000 wz=+0.000 mag=0.00    [NAV2 -> STM32] vx=+0.000 vy=+0.000 wz=+0.000 mag=0.00    [NAV2 -> STM32] vx=+0.000 vy=+0.000 wz=+0.000 mag=0.00    [NAV2 -> STM32] vx=+0.000 vy=+0.000 wz=+0.000 mag=0.00    [NAV2 -> STM32] vx=+0.000 vy=+0.000 wz=+0.000 mag=0.00    [NAV2 -> STM32] vx=+0.000 vy=+0.000 wz=+0.000 mag=0.00    [NAV2 -> STM32] vx=+0.000 vy=+0.000 wz=+0.000 mag=0.00    [NAV2 -> STM32] vx=+0.000 vy=+0.000 wz=+0.000 mag=0.00    [NAV2 -> STM32] vx=+0.000 vy=+0.000 wz=+0.000 mag=0.00    [NAV2 -> STM32] vx=+0.000 vy=+0.000 wz=+0.000 mag=0.00    [NAV2 -> STM32] vx=+0.000 vy=+0.000 wz=+0.000 mag=0.00    [NAV2 -> STM32] vx=+0.000 vy=+0.000 wz=+0.000 mag=0.00    [NAV2 -> STM32] vx=+0.000 vy=+0.000 wz=+0.000 mag=0.00    [NAV2 -> STM32] vx=+0.000 vy=+0.000 wz=+0.000 mag=0.00    [NAV2 -> STM32] vx=+0.000 vy=+0.000 wz=+0.000 mag=0.00    [NAV2 -> STM32] vx=+0.000 vy=+0.000 wz=+0.000 mag=0.00    [NAV2 -> STM32] vx=+0.000 vy=+0.000 wz=+0.000 mag=0.00    [NAV2 -> STM32] vx=+0.000 vy=+0.000 wz=+0.000 mag=0.00    [NAV2 -> STM32] vx=+0.000 vy=+0.000 wz=+0.000 mag=0.00    [NAV2 -> STM32] vx=+0.000 vy=+0.000 wz=+0.000 mag=0.00    [NAV2 -> STM32] vx=+0.000 vy=+0.000 wz=+0.000 mag=0.00    [NAV2 -> STM32] vx=+0.000 vy=+0.000 wz=+0.000 mag=0.00    [NAV2 -> STM32] vx=+0.000 vy=+0.000 wz=+0.000 mag=0.00    [NAV2 -> STM32] vx=+0.000 vy=+0.000 wz=+0.000 mag=0.00    [NAV2 -> STM32] vx=+0.000 vy=+0.000 wz=+0.000 mag=0.00    [NAV2 -> STM32] vx=+0.000 vy=+0.000 wz=+0.000 mag=0.00    [NAV2 -> STM32] vx=+0.000 vy=+0.000 wz=+0.000 mag=0.00    [NAV2 -> STM32] vx=+0.000 vy=+0.000 wz=+0.000 mag=0.00    [NAV2 -> STM32] vx=+0.000 vy=+0.000 wz=+0.000 mag=0.00    [NAV2 -> STM32] vx=+0.000 vy=+0.000 wz=+0.000 mag=0.00    [NAV2 -> STM32] vx=+0.000 vy=+0.000 wz=+0.000 mag=0.00    [NAV2 -> STM32] vx=+0.000 vy=+0.000 wz=+0.000 mag=0.00    [NAV2 -> STM32] vx=+0.000 vy=+0.000 wz=+0.000 mag=0.00    [NAV2 -> STM32] vx=+0.000 vy=+0.000 wz=+0.000 mag=0.00    [NAV2 -> STM32] vx=+0.000 vy=+0.000 wz=+0.000 mag=0.00    [NAV2 -> STM32] vx=+0.000 vy=+0.000 wz=+0.000 mag=0.00    [NAV2 -> STM32] vx=+0.000 vy=+0.000 wz=+0.000 mag=0.00    [NAV2 -> STM32] vx=+0.000 vy=+0.000 wz=+0.000 mag=0.00    [NAV2 -> STM32] vx=+0.000 vy=+0.000 wz=+0.000 mag=0.00    [NAV2 -> STM32] vx=+0.000 vy=+0.000 wz=+0.000 mag=0.00    [NAV2 -> STM32] vx=+0.000 vy=+0.000 wz=+0.000 mag=0.00    [NAV2 -> STM32] vx=+0.000 vy=+0.000 wz=+0.000 mag=0.00    [NAV2 -> STM32] vx=+0.000 vy=+0.000 wz=+0.000 mag=0.00    [NAV2 -> STM32] vx=+0.000 vy=+0.000 wz=+0.000 mag=0.00    [NAV2 -> STM32] vx=+0.000 vy=+0.000 wz=+0.000 mag=0.00    [NAV2 -> STM32] vx=+0.000 vy=+0.000 wz=+0.000 mag=0.00    [NAV2 -> STM32] vx=+0.000 vy=+0.000 wz=+0.000 mag=0.00    [NAV2 -> STM32] vx=+0.000 vy=+0.000 wz=+0.000 mag=0.00    [NAV2 -> STM32] vx=+0.000 vy=+0.000 wz=+0.000 mag=0.00    [NAV2 -> STM32] vx=+0.000 vy=+0.000 wz=+0.000 mag=0.00    [NAV2 -> STM32] vx=+0.000 vy=+0.000 wz=+0.000 mag=0.00    [NAV2 -> STM32] vx=+0.000 vy=+0.000 wz=+0.000 mag=0.00    [NAV2 -> STM32] vx=+0.000 vy=+0.000 wz=+0.000 mag=0.00    [NAV2 -> STM32] vx=+0.000 vy=+0.000 wz=+0.000 mag=0.00    [NAV2 -> STM32] vx=+0.000 vy=+0.000 wz=+0.000 mag=0.00    [NAV2 -> STM32] vx=+0.000 vy=+0.000 wz=+0.000 mag=0.00    [NAV2 -> STM32] vx=+0.000 vy=+0.000 wz=+0.000 mag=0.00    [NAV2 -> STM32] vx=+0.000 vy=+0.000 wz=+0.000 mag=0.00    [NAV2 -> STM32] vx=+0.000 vy=+0.000 wz=+0.000 mag=0.00    [NAV2 -> STM32] vx=+0.000 vy=+0.000 wz=+0.000 mag=0.00    [NAV2 -> STM32] vx=+0.000 vy=+0.000 wz=+0.000 mag=0.00    [NAV2 -> STM32] vx=+0.000 vy=+0.000 wz=+0.000 mag=0.00    [NAV2 -> STM32] vx=+0.000 vy=+0.000 wz=+0.000 mag=0.00    [NAV2 -> STM32] vx=+0.000 vy=+0.000 wz=+0.000 mag=0.00    [NAV2 -> STM32] vx=+0.000 vy=+0.000 wz=+0.000 mag=0.00    [NAV2 -> STM32] vx=+0.000 vy=+0.000 wz=+0.000 mag=0.00    [NAV2 -> STM32] vx=+0.000 vy=+0.000 wz=+0.000 mag=0.00    [NAV2 -> STM32] vx=+0.000 vy=+0.000 wz=+0.000 mag=0.00    [NAV2 -> STM32] vx=+0.000 vy=+0.000 wz=+0.000 mag=0.00    [NAV2 -> STM32] vx=+0.000 vy=+0.000 wz=+0.000 mag=0.00    [NAV2 -> STM32] vx=+0.000 vy=+0.000 wz=+0.000 mag=0.00    [NAV2 -> STM32] vx=+0.000 vy=+0.000 wz=+0.000 mag=0.00    [NAV2 -> STM32] vx=+0.000 vy=+0.000 wz=+0.000 mag=0.00    [NAV2 -> STM32] vx=+0.000 vy=+0.000 wz=+0.000 mag=0.00    [NAV2 -> STM32] vx=+0.000 vy=+0.000 wz=+0.000 mag=0.00    [NAV2 -> STM32] vx=+0.000 vy=+0.000 wz=+0.000 mag=0.00    [NAV2 -> STM32] vx=+0.000 vy=+0.000 wz=+0.000 mag=0.00    [NAV2 -> STM32] vx=+0.000 vy=+0.000 wz=+0.000 mag=0.00    [NAV2 -> STM32] vx=+0.000 vy=+0.000 wz=+0.000 mag=0.00    [NAV2 -> STM32] vx=+0.000 vy=+0.000 wz=+0.000 mag=0.00    [NAV2 -> STM32] vx=+0.000 vy=+0.000 wz=+0.000 mag=0.00    [NAV2 -> STM32] vx=+0.000 vy=+0.000 wz=+0.000 mag=0.00    [NAV2 -> STM32] vx=+0.000 vy=+0.000 wz=+0.000 mag=0.00    [NAV2 -> STM32] vx=+0.000 vy=+0.000 wz=+0.000 mag=0.00    [NAV2 -> STM32] vx=+0.000 vy=+0.000 wz=+0.000 mag=0.00    [NAV2 -> STM32] vx=+0.000 vy=+0.000 wz=+0.000 mag=0.00    [NAV2 -> STM32] vx=+0.000 vy=+0.000 wz=+0.000 mag=0.00    [NAV2 -> STM32] vx=+0.000 vy=+0.000 wz=+0.000 mag=0.00    [NAV2 -> STM32] vx=+0.000 vy=+0.000 wz=+0.000 mag=0.00    [NAV2 -> STM32] vx=+0.000 vy=+0.000 wz=+0.000 mag=0.00    [NAV2 -> STM32] vx=+0.000 vy=+0.000 wz=+0.000 mag=0.00    [NAV2 -> STM32] vx=+0.000 vy=+0.000 wz=+0.000 mag=0.00    [NAV2 -> STM32] vx=+0.000 vy=+0.000 wz=+0.000 mag=0.00    [NAV2 -> STM32] vx=+0.000 vy=+0.000 wz=+0.000 mag=0.00    [NAV2 -> STM32] vx=+0.000 vy=+0.000 wz=+0.000 mag=0.00    [NAV2 -> STM32] vx=+0.000 vy=+0.000 wz=+0.000 mag=0.00    [NAV2 -> STM32] vx=+0.000 vy=+0.000 wz=+0.000 mag=0.00    [NAV2 -> STM32] vx=+0.000 vy=+0.000 wz=+0.000 mag=0.00    [NAV2 -> STM32] vx=+0.000 vy=+0.000 wz=+0.000 mag=0.00    [NAV2 -> STM32] vx=+0.000 vy=+0.000 wz=+0.000 mag=0.00    [NAV2 -> STM32] vx=+0.000 vy=+0.000 wz=+0.000 mag=0.00    [NAV2 -> STM32] vx=+0.000 vy=+0.000 wz=+0.000 mag=0.00    [NAV2 -> STM32] vx=+0.000 vy=+0.000 wz=+0.000 mag=0.00    [NAV2 -> STM32] vx=+0.000 vy=+0.000 wz=+0.000 mag=0.00    [NAV2 -> STM32] vx=+0.000 vy=+0.000 wz=+0.000 mag=0.00    [NAV2 -> STM32] vx=+0.000 vy=+0.000 wz=+0.000 mag=0.00    [NAV2 -> STM32] vx=+0.000 vy=+0.000 wz=+0.000 mag=0.00    [NAV2 -> STM32] vx=+0.000 vy=+0.000 wz=+0.000 mag=0.00    [NAV2 -> STM32] vx=+0.000 vy=+0.000 wz=+0.000 mag=0.00    [NAV2 -> STM32] vx=+0.000 vy=+0.000 wz=+0.000 mag=0.00    [NAV2 -> STM32] vx=+0.000 vy=+0.000 wz=+0.000 mag=0.00    [NAV2 -> STM32] vx=+0.000 vy=+0.000 wz=+0.000 mag=0.00    [NAV2 -> STM32] vx=+0.000 vy=+0.000 wz=+0.000 mag=0.00    [NAV2 -> STM32] vx=+0.000 vy=+0.000 wz=+0.000 mag=0.00    [NAV2 -> STM32] vx=+0.000 vy=+0.000 wz=+0.000 mag=0.00    [NAV2 -> STM32] vx=+0.000 vy=+0.000 wz=+0.000 mag=0.00    [NAV2 -> STM32] vx=+0.000 vy=+0.000 wz=+0.000 mag=0.00    [NAV2 -> STM32] vx=+0.000 vy=+0.000 wz=+0.000 mag=0.00    [NAV2 -> STM32] vx=+0.000 vy=+0.000 wz=+0.000 mag=0.00    [NAV2 -> STM32] vx=+0.000 vy=+0.000 wz=+0.000 mag=0.00    [NAV2 -> STM32] vx=+0.000 vy=+0.000 wz=+0.000 mag=0.00    [NAV2 -> STM32] vx=+0.000 vy=+0.000 wz=+0.000 mag=0.00    [NAV2 -> STM32] vx=+0.000 vy=+0.000 wz=+0.000 mag=0.00    [NAV2 -> STM32] vx=+0.000 vy=+0.000 wz=+0.000 mag=0.00    [NAV2 -> STM32] vx=+0.000 vy=+0.000 wz=+0.000 mag=0.00    [NAV2 -> STM32] vx=+0.000 vy=+0.000 wz=+0.000 mag=0.00    [NAV2 -> STM32] vx=+0.000 vy=+0.000 wz=+0.000 mag=0.00    [NAV2 -> STM32] vx=+0.000 vy=+0.000 wz=+0.000 mag=0.00    [NAV2 -> STM32] vx=+0.000 vy=+0.000 wz=+0.000 mag=0.00    [NAV2 -> STM32] vx=+0.000 vy=+0.000 wz=+0.000 mag=0.00    [NAV2 -> STM32] vx=+0.000 vy=+0.000 wz=+0.000 mag=0.00    [NAV2 -> STM32] vx=+0.000 vy=+0.000 wz=+0.000 mag=0.00    [NAV2 -> STM32] vx=+0.000 vy=+0.000 wz=+0.000 mag=0.00    [NAV2 -> STM32] vx=+0.000 vy=+0.000 wz=+0.000 mag=0.00    [NAV2 -> STM32] vx=+0.000 vy=+0.000 wz=+0.000 mag=0.00    [NAV2 -> STM32] vx=+0.000 vy=+0.000 wz=+0.000 mag=0.00    [NAV2 -> STM32] vx=+0.000 vy=+0.000 wz=+0.000 mag=0.00    [NAV2 -> STM32] vx=+0.000 vy=+0.000 wz=+0.000 mag=0.00    [NAV2 -> STM32] vx=+0.000 vy=+0.000 wz=+0.000 mag=0.00    [NAV2 -> STM32] vx=+0.000 vy=+0.000 wz=+0.000 mag=0.00    [NAV2 -> STM32] vx=+0.000 vy=+0.000 wz=+0.000 mag=0.00    [NAV2 -> STM32] vx=+0.000 vy=+0.000 wz=+0.000 mag=0.00    [NAV2 -> STM32] vx=+0.000 vy=+0.000 wz=+0.000 mag=0.00    [NAV2 -> STM32] vx=+0.000 vy=+0.000 wz=+0.000 mag=0.00    [NAV2 -> STM32] vx=+0.000 vy=+0.000 wz=+0.000 mag=0.00    [NAV2 -> STM32] vx=+0.000 vy=+0.000 wz=+0.000 mag=0.00    [NAV2 -> STM32] vx=+0.000 vy=+0.000 wz=+0.000 mag=0.00    [NAV2 -> STM32] vx=+0.000 vy=+0.000 wz=+0.000 mag=0.00    [NAV2 -> STM32] vx=+0.000 vy=+0.000 wz=+0.000 mag=0.00    [NAV2 -> STM32] vx=+0.000 vy=+0.000 wz=+0.000 mag=0.00    [NAV2 -> STM32] vx=+0.000 vy=+0.000 wz=+0.000 mag=0.00    [NAV2 -> STM32] vx=+0.000 vy=+0.000 wz=+0.000 mag=0.00    [NAV2 -> STM32] vx=+0.000 vy=+0.000 wz=+0.000 mag=0.00    [NAV2 -> STM32] vx=+0.000 vy=+0.000 wz=+0.000 mag=0.00    [NAV2 -> STM32] vx=+0.000 vy=+0.000 wz=+0.000 mag=0.00    [NAV2 -> STM32] vx=+0.000 vy=+0.000 wz=+0.000 mag=0.00    [NAV2 -> STM32] vx=+0.000 vy=+0.000 wz=+0.000 mag=0.00    [NAV2 -> STM32] vx=+0.000 vy=+0.000 wz=+0.000 mag=0.00    [NAV2 -> STM32] vx=+0.000 vy=+0.000 wz=+0.000 mag=0.00    [NAV2 -> STM32] vx=+0.000 vy=+0.000 wz=+0.000 mag=0.00    [NAV2 -> STM32] vx=+0.000 vy=+0.000 wz=+0.000 mag=0.00    [NAV2 -> STM32] vx=+0.000 vy=+0.000 wz=+0.000 mag=0.00    [NAV2 -> STM32] vx=+0.000 vy=+0.000 wz=+0.000 mag=0.00    [NAV2 -> STM32] vx=+0.000 vy=+0.000 wz=+0.000 mag=0.00    [NAV2 -> STM32] vx=+0.000 vy=+0.000 wz=+0.000 mag=0.00    [NAV2 -> STM32] vx=+0.000 vy=+0.000 wz=+0.000 mag=0.00    [NAV2 -> STM32] vx=+0.000 vy=+0.000 wz=+0.000 mag=0.00    [NAV2 -> STM32] vx=+0.000 vy=+0.000 wz=+0.000 mag=0.00    [NAV2 -> STM32] vx=+0.000 vy=+0.000 wz=+0.000 mag=0.00    [NAV2 -> STM32] vx=+0.000 vy=+0.000 wz=+0.000 mag=0.00    [NAV2 -> STM32] vx=+0.000 vy=+0.000 wz=+0.000 mag=0.00    [NAV2 -> STM32] vx=+0.000 vy=+0.000 wz=+0.000 mag=0.00    [NAV2 -> STM32] vx=+0.000 vy=+0.000 wz=+0.000 mag=0.00    [NAV2 -> STM32] vx=+0.000 vy=+0.000 wz=+0.000 mag=0.00    [NAV2 -> STM32] vx=+0.000 vy=+0.000 wz=+0.000 mag=0.00    [NAV2 -> STM32] vx=+0.000 vy=+0.000 wz=+0.000 mag=0.00    [NAV2 -> STM32] vx=+0.000 vy=+0.000 wz=+0.000 mag=0.00    [NAV2 -> STM32] vx=+0.000 vy=+0.000 wz=+0.000 mag=0.00    [NAV2 -> STM32] vx=+0.000 vy=+0.000 wz=+0.000 mag=0.00    [NAV2 -> STM32] vx=+0.000 vy=+0.000 wz=+0.000 mag=0.00    [NAV2 -> STM32] vx=+0.000 vy=+0.000 wz=+0.000 mag=0.00    [NAV2 -> STM32] vx=+0.000 vy=+0.000 wz=+0.000 mag=0.00    [NAV2 -> STM32] vx=+0.000 vy=+0.000 wz=+0.000 mag=0.00    [NAV2 -> STM32] vx=+0.000 vy=+0.000 wz=+0.000 mag=0.00    [NAV2 -> STM32] vx=+0.000 vy=+0.000 wz=+0.000 mag=0.00    [NAV2 -> STM32] vx=+0.000 vy=+0.000 wz=+0.000 mag=0.00    [NAV2 -> STM32] vx=+0.000 vy=+0.000 wz=+0.000 mag=0.00    [NAV2 -> STM32] vx=+0.000 vy=+0.000 wz=+0.000 mag=0.00    [NAV2 -> STM32] vx=+0.000 vy=+0.000 wz=+0.000 mag=0.00    [NAV2 -> STM32] vx=+0.000 vy=+0.000 wz=+0.000 mag=0.00    [NAV2 -> STM32] vx=+0.000 vy=+0.000 wz=+0.000 mag=0.00    [NAV2 -> STM32] vx=+0.000 vy=+0.000 wz=+0.000 mag=0.00    [NAV2 -> STM32] vx=+0.000 vy=+0.000 wz=+0.000 mag=0.00    [NAV2 -> STM32] vx=+0.000 vy=+0.000 wz=+0.000 mag=0.00    [NAV2 -> STM32] vx=+0.000 vy=+0.000 wz=+0.000 mag=0.00    [NAV2 -> STM32] vx=+0.000 vy=+0.000 wz=+0.000 mag=0.00    [NAV2 -> STM32] vx=+0.000 vy=+0.000 wz=+0.000 mag=0.00    [NAV2 -> STM32] vx=+0.000 vy=+0.000 wz=+0.000 mag=0.00    [NAV2 -> STM32] vx=+0.000 vy=+0.000 wz=+0.000 mag=0.00    [NAV2 -> STM32] vx=+0.000 vy=+0.000 wz=+0.000 mag=0.00    [NAV2 -> STM32] vx=+0.000 vy=+0.000 wz=+0.000 mag=0.00    [NAV2 -> STM32] vx=+0.000 vy=+0.000 wz=+0.000 mag=0.00    [NAV2 -> STM32] vx=+0.000 vy=+0.000 wz=+0.000 mag=0.00    [NAV2 -> STM32] vx=+0.000 vy=+0.000 wz=+0.000 mag=0.00    [NAV2 -> STM32] vx=+0.000 vy=+0.000 wz=+0.000 mag=0.00    [NAV2 -> STM32] vx=+0.000 vy=+0.000 wz=+0.000 mag=0.00    [NAV2 -> STM32] vx=+0.000 vy=+0.000 wz=+0.000 mag=0.00    [NAV2 -> STM32] vx=+0.000 vy=+0.000 wz=+0.000 mag=0.00    [NAV2 -> STM32] vx=+0.000 vy=+0.000 wz=+0.000 mag=0.00    [NAV2 -> STM32] vx=+0.000 vy=+0.000 wz=+0.000 mag=0.00    [NAV2 -> STM32] vx=+0.000 vy=+0.000 wz=+0.000 mag=0.00    [NAV2 -> STM32] vx=+0.000 vy=+0.000 wz=+0.000 mag=0.00    [NAV2 -> STM32] vx=+0.000 vy=+0.000 wz=+0.000 mag=0.00    [NAV2 -> STM32] vx=+0.000 vy=+0.000 wz=+0.000 mag=0.00    [NAV2 -> STM32] vx=+0.000 vy=+0.000 wz=+0.000 mag=0.00    [NAV2 -> STM32] vx=+0.000 vy=+0.000 wz=+0.000 mag=0.00    [NAV2 -> STM32] vx=+0.000 vy=+0.000 wz=+0.000 mag=0.00    [NAV2 -> STM32] vx=+0.000 vy=+0.000 wz=+0.000 mag=0.00    [NAV2 -> STM32] vx=+0.000 vy=+0.000 wz=+0.000 mag=0.00    [NAV2 -> STM32] vx=+0.000 vy=+0.000 wz=+0.000 mag=0.00    [NAV2 -> STM32] vx=+0.000 vy=+0.000 wz=+0.000 mag=0.00    [NAV2 -> STM32] vx=+0.000 vy=+0.000 wz=+0.000 mag=0.00    [NAV2 -> STM32] vx=+0.000 vy=+0.000 wz=+0.000 mag=0.00    [NAV2 -> STM32] vx=+0.000 vy=+0.000 wz=+0.000 mag=0.00    [NAV2 -> STM32] vx=+0.000 vy=+0.000 wz=+0.000 mag=0.00    [NAV2 -> STM32] vx=+0.000 vy=+0.000 wz=+0.000 mag=0.00    [NAV2 -> STM32] vx=+0.000 vy=+0.000 wz=+0.000 mag=0.00    [NAV2 -> STM32] vx=+0.000 vy=+0.000 wz=+0.000 mag=0.00    [NAV2 -> STM32] vx=+0.000 vy=+0.000 wz=+0.000 mag=0.00    [NAV2 -> STM32] vx=+0.000 vy=+0.000 wz=+0.000 mag=0.00    [NAV2 -> STM32] vx=+0.000 vy=+0.000 wz=+0.000 mag=0.00    [NAV2 -> STM32] vx=+0.000 vy=+0.000 wz=+0.000 mag=0.00    [NAV2 -> STM32] vx=+0.000 vy=+0.000 wz=+0.000 mag=0.00    [NAV2 -> STM32] vx=+0.000 vy=+0.000 wz=+0.000 mag=0.00    [NAV2 -> STM32] vx=+0.000 vy=+0.000 wz=+0.000 mag=0.00    [NAV2 -> STM32] vx=+0.000 vy=+0.000 wz=+0.000 mag=0.00    [NAV2 -> STM32] vx=+0.000 vy=+0.000 wz=+0.000 mag=0.00    [NAV2 -> STM32] vx=+0.000 vy=+0.000 wz=+0.000 mag=0.00    [NAV2 -> STM32] vx=+0.000 vy=+0.000 wz=+0.000 mag=0.00    [NAV2 -> STM32] vx=+0.000 vy=+0.000 wz=+0.000 mag=0.00    [NAV2 -> STM32] vx=+0.000 vy=+0.000 wz=+0.000 mag=0.00    [NAV2 -> STM32] vx=+0.000 vy=+0.000 wz=+0.000 mag=0.00    [NAV2 -> STM32] vx=+0.000 vy=+0.000 wz=+0.000 mag=0.00    [NAV2 -> STM32] vx=+0.000 vy=+0.000 wz=+0.000 mag=0.00    [NAV2 -> STM32] vx=+0.000 vy=+0.000 wz=+0.000 mag=0.00    [NAV2 -> STM32] vx=+0.000 vy=+0.000 wz=+0.000 mag=0.00    [NAV2 -> STM32] vx=+0.000 vy=+0.000 wz=+0.000 mag=0.00    [NAV2 -> STM32] vx=+0.000 vy=+0.000 wz=+0.000 mag=0.00    [NAV2 -> STM32] vx=+0.000 vy=+0.000 wz=+0.000 mag=0.00    [NAV2 -> STM32] vx=+0.000 vy=+0.000 wz=+0.000 mag=0.00    [NAV2 -> STM32] vx=+0.000 vy=+0.000 wz=+0.000 mag=0.00    [NAV2 -> STM32] vx=+0.000 vy=+0.000 wz=+0.000 mag=0.00    [NAV2 -> STM32] vx=+0.000 vy=+0.000 wz=+0.000 mag=0.00    [NAV2 -> STM32] vx=+0.000 vy=+0.000 wz=+0.000 mag=0.00    [NAV2 -> STM32] vx=+0.000 vy=+0.000 wz=+0.000 mag=0.00    [NAV2 -> STM32] vx=+0.000 vy=+0.000 wz=+0.000 mag=0.00    [NAV2 -> STM32] vx=+0.000 vy=+0.000 wz=+0.000 mag=0.00    [NAV2 -> STM32] vx=+0.000 vy=+0.000 wz=+0.000 mag=0.00    [NAV2 -> STM32] vx=+0.000 vy=+0.000 wz=+0.000 mag=0.00    [NAV2 -> STM32] vx=+0.000 vy=+0.000 wz=+0.000 mag=0.00    [NAV2 -> STM32] vx=+0.000 vy=+0.000 wz=+0.000 mag=0.00    [NAV2 -> STM32] vx=+0.000 vy=+0.000 wz=+0.000 mag=0.00    [NAV2 -> STM32] vx=+0.000 vy=+0.000 wz=+0.000 mag=0.00    [NAV2 -> STM32] vx=+0.000 vy=+0.000 wz=+0.000 mag=0.00    [NAV2 -> STM32] vx=+0.000 vy=+0.000 wz=+0.000 mag=0.00    [NAV2 -> STM32] vx=+0.000 vy=+0.000 wz=+0.000 mag=0.00    [NAV2 -> STM32] vx=+0.000 vy=+0.000 wz=+0.000 mag=0.00    [NAV2 -> STM32] vx=+0.000 vy=+0.000 wz=+0.000 mag=0.00    [NAV2 -> STM32] vx=+0.000 vy=+0.000 wz=+0.000 mag=0.00    [NAV2 -> STM32] vx=+0.000 vy=+0.000 wz=+0.000 mag=0.00    [NAV2 -> STM32] vx=+0.000 vy=+0.000 wz=+0.000 mag=0.00    [NAV2 -> STM32] vx=+0.000 vy=+0.000 wz=+0.000 mag=0.00    [NAV2 -> STM32] vx=+0.000 vy=+0.000 wz=+0.000 mag=0.00    [NAV2 -> STM32] vx=+0.000 vy=+0.000 wz=+0.000 mag=0.00    [NAV2 -> STM32] vx=+0.000 vy=+0.000 wz=+0.000 mag=0.00    [NAV2 -> STM32] vx=+0.000 vy=+0.000 wz=+0.000 mag=0.00    [NAV2 -> STM32] vx=+0.000 vy=+0.000 wz=+0.000 mag=0.00    [NAV2 -> STM32] vx=+0.000 vy=+0.000 wz=+0.000 mag=0.00    [NAV2 -> STM32] vx=+0.000 vy=+0.000 wz=+0.000 mag=0.00    [NAV2 -> STM32] vx=+0.000 vy=+0.000 wz=+0.000 mag=0.00    [NAV2 -> STM32] vx=+0.000 vy=+0.000 wz=+0.000 mag=0.00    [NAV2 -> STM32] vx=+0.000 vy=+0.000 wz=+0.000 mag=0.00    [NAV2 -> STM32] vx=+0.000 vy=+0.000 wz=+0.000 mag=0.00    [NAV2 -> STM32] vx=+0.000 vy=+0.000 wz=+0.000 mag=0.00    [NAV2 -> STM32] vx=+0.000 vy=+0.000 wz=+0.000 mag=0.00    [NAV2 -> STM32] vx=+0.000 vy=+0.000 wz=+0.000 mag=0.00    [NAV2 -> STM32] vx=+0.000 vy=+0.000 wz=+0.000 mag=0.00    [NAV2 -> STM32] vx=+0.000 vy=+0.000 wz=+0.000 mag=0.00    [NAV2 -> STM32] vx=+0.000 vy=+0.000 wz=+0.000 mag=0.00    [NAV2 -> STM32] vx=+0.000 vy=+0.000 wz=+0.000 mag=0.00    [NAV2 -> STM32] vx=+0.000 vy=+0.000 wz=+0.000 mag=0.00    [NAV2 -> STM32] vx=+0.000 vy=+0.000 wz=+0.000 mag=0.00    [NAV2 -> STM32] vx=+0.000 vy=+0.000 wz=+0.000 mag=0.00    [NAV2 -> STM32] vx=+0.000 vy=+0.000 wz=+0.000 mag=0.00    [NAV2 -> STM32] vx=+0.000 vy=+0.000 wz=+0.000 mag=0.00    [NAV2 -> STM32] vx=+0.000 vy=+0.000 wz=+0.000 mag=0.00    [NAV2 -> STM32] vx=+0.000 vy=+0.000 wz=+0.000 mag=0.00    [NAV2 -> STM32] vx=+0.000 vy=+0.000 wz=+0.000 mag=0.00    [NAV2 -> STM32] vx=+0.000 vy=+0.000 wz=+0.000 mag=0.00    [NAV2 -> STM32] vx=+0.000 vy=+0.000 wz=+0.000 mag=0.00    [NAV2 -> STM32] vx=+0.000 vy=+0.000 wz=+0.000 mag=0.00    [NAV2 -> STM32] vx=+0.000 vy=+0.000 wz=+0.000 mag=0.00    [NAV2 -> STM32] vx=+0.000 vy=+0.000 wz=+0.000 mag=0.00    [NAV2 -> STM32] vx=+0.000 vy=+0.000 wz=+0.000 mag=0.00    [NAV2 -> STM32] vx=+0.000 vy=+0.000 wz=+0.000 mag=0.00    [NAV2 -> STM32] vx=+0.000 vy=+0.000 wz=+0.000 mag=0.00    [NAV2 -> STM32] vx=+0.000 vy=+0.000 wz=+0.000 mag=0.00    [NAV2 -> STM32] vx=+0.000 vy=+0.000 wz=+0.000 mag=0.00    [NAV2 -> STM32] vx=+0.000 vy=+0.000 wz=+0.000 mag=0.00    [NAV2 -> STM32] vx=+0.000 vy=+0.000 wz=+0.000 mag=0.00    [NAV2 -> STM32] vx=+0.000 vy=+0.000 wz=+0.000 mag=0.00    [NAV2 -> STM32] vx=+0.000 vy=+0.000 wz=+0.000 mag=0.00    [NAV2 -> STM32] vx=+0.000 vy=+0.000 wz=+0.000 mag=0.00    [NAV2 -> STM32] vx=+0.000 vy=+0.000 wz=+0.000 mag=0.00    [NAV2 -> STM32] vx=+0.000 vy=+0.000 wz=+0.000 mag=0.00    [NAV2 -> STM32] vx=+0.000 vy=+0.000 wz=+0.000 mag=0.00    [NAV2 -> STM32] vx=+0.000 vy=+0.000 wz=+0.000 mag=0.00    [NAV2 -> STM32] vx=+0.000 vy=+0.000 wz=+0.000 mag=0.00    [NAV2 -> STM32] vx=+0.000 vy=+0.000 wz=+0.000 mag=0.00    [NAV2 -> STM32] vx=+0.000 vy=+0.000 wz=+0.000 mag=0.00    [NAV2 -> STM32] vx=+0.000 vy=+0.000 wz=+0.000 mag=0.00    [NAV2 -> STM32] vx=+0.000 vy=+0.000 wz=+0.000 mag=0.00    [NAV2 -> STM32] vx=+0.000 vy=+0.000 wz=+0.000 mag=0.00    [NAV2 -> STM32] vx=+0.000 vy=+0.000 wz=+0.000 mag=0.00    [NAV2 -> STM32] vx=+0.000 vy=+0.000 wz=+0.000 mag=0.00    [NAV2 -> STM32] vx=+0.000 vy=+0.000 wz=+0.000 mag=0.00    [NAV2 -> STM32] vx=+0.000 vy=+0.000 wz=+0.000 mag=0.00    [NAV2 -> STM32] vx=+0.000 vy=+0.000 wz=+0.000 mag=0.00    [NAV2 -> STM32] vx=+0.000 vy=+0.000 wz=+0.000 mag=0.00    [NAV2 -> STM32] vx=+0.000 vy=+0.000 wz=+0.000 mag=0.00    [NAV2 -> STM32] vx=+0.000 vy=+0.000 wz=+0.000 mag=0.00    [NAV2 -> STM32] vx=+0.000 vy=+0.000 wz=+0.000 mag=0.00    [NAV2 -> STM32] vx=+0.000 vy=+0.000 wz=+0.000 mag=0.00    [NAV2 -> STM32] vx=+0.000 vy=+0.000 wz=+0.000 mag=0.00    [NAV2 -> STM32] vx=+0.000 vy=+0.000 wz=+0.000 mag=0.00    [NAV2 -> STM32] vx=+0.000 vy=+0.000 wz=+0.000 mag=0.00    [NAV2 -> STM32] vx=+0.000 vy=+0.000 wz=+0.000 mag=0.00    [NAV2 -> STM32] vx=+0.000 vy=+0.000 wz=+0.000 mag=0.00    [NAV2 -> STM32] vx=+0.000 vy=+0.000 wz=+0.000 mag=0.00    [NAV2 -> STM32] vx=+0.000 vy=+0.000 wz=+0.000 mag=0.00    [NAV2 -> STM32] vx=+0.000 vy=+0.000 wz=+0.000 mag=0.00    [NAV2 -> STM32] vx=+0.000 vy=+0.000 wz=+0.000 mag=0.00    [NAV2 -> STM32] vx=+0.000 vy=+0.000 wz=+0.000 mag=0.00    [NAV2 -> STM32] vx=+0.000 vy=+0.000 wz=+0.000 mag=0.00    [NAV2 -> STM32] vx=+0.000 vy=+0.000 wz=+0.000 mag=0.00    [NAV2 -> STM32] vx=+0.000 vy=+0.000 wz=+0.000 mag=0.00    [NAV2 -> STM32] vx=+0.000 vy=+0.000 wz=+0.000 mag=0.00    [NAV2 -> STM32] vx=+0.000 vy=+0.000 wz=+0.000 mag=0.00    [NAV2 -> STM32] vx=+0.000 vy=+0.000 wz=+0.000 mag=0.00    [NAV2 -> STM32] vx=+0.000 vy=+0.000 wz=+0.000 mag=0.00    [NAV2 -> STM32] vx=+0.000 vy=+0.000 wz=+0.000 mag=0.00    [NAV2 -> STM32] vx=+0.000 vy=+0.000 wz=+0.000 mag=0.00    [NAV2 -> STM32] vx=+0.000 vy=+0.000 wz=+0.000 mag=0.00    [NAV2 -> STM32] vx=+0.000 vy=+0.000 wz=+0.000 mag=0.00    [NAV2 -> STM32] vx=+0.000 vy=+0.000 wz=+0.000 mag=0.00    [NAV2 -> STM32] vx=+0.000 vy=+0.000 wz=+0.000 mag=0.00    [NAV2 -> STM32] vx=+0.000 vy=+0.000 wz=+0.000 mag=0.00    [NAV2 -> STM32] vx=+0.000 vy=+0.000 wz=+0.000 mag=0.00    [NAV2 -> STM32] vx=+0.000 vy=+0.000 wz=+0.000 mag=0.00    [NAV2 -> STM32] vx=+0.000 vy=+0.000 wz=+0.000 mag=0.00    [NAV2 -> STM32] vx=+0.000 vy=+0.000 wz=+0.000 mag=0.00    [NAV2 -> STM32] vx=+0.000 vy=+0.000 wz=+0.000 mag=0.00    [NAV2 -> STM32] vx=+0.000 vy=+0.000 wz=+0.000 mag=0.00    [NAV2 -> STM32] vx=+0.000 vy=+0.000 wz=+0.000 mag=0.00    [NAV2 -> STM32] vx=+0.000 vy=+0.000 wz=+0.000 mag=0.00    [NAV2 -> STM32] vx=+0.000 vy=+0.000 wz=+0.000 mag=0.00    [NAV2 -> STM32] vx=+0.000 vy=+0.000 wz=+0.000 mag=0.00    [NAV2 -> STM32] vx=+0.000 vy=+0.000 wz=+0.000 mag=0.00    [NAV2 -> STM32] vx=+0.000 vy=+0.000 wz=+0.000 mag=0.00    [NAV2 -> STM32] vx=+0.000 vy=+0.000 wz=+0.000 mag=0.00    [NAV2 -> STM32] vx=+0.000 vy=+0.000 wz=+0.000 mag=0.00    [NAV2 -> STM32] vx=+0.000 vy=+0.000 wz=+0.000 mag=0.00    [NAV2 -> STM32] vx=+0.000 vy=+0.000 wz=+0.000 mag=0.00    [NAV2 -> STM32] vx=+0.000 vy=+0.000 wz=+0.000 mag=0.00    [NAV2 -> STM32] vx=+0.000 vy=+0.000 wz=+0.000 mag=0.00    [NAV2 -> STM32] vx=+0.000 vy=+0.000 wz=+0.000 mag=0.00    [NAV2 -> STM32] vx=+0.000 vy=+0.000 wz=+0.000 mag=0.00    [NAV2 -> STM32] vx=+0.000 vy=+0.000 wz=+0.000 mag=0.00    [NAV2 -> STM32] vx=+0.000 vy=+0.000 wz=+0.000 mag=0.00    [NAV2 -> STM32] vx=+0.000 vy=+0.000 wz=+0.000 mag=0.00    [NAV2 -> STM32] vx=+0.000 vy=+0.000 wz=+0.000 mag=0.00    [NAV2 -> STM32] vx=+0.000 vy=+0.000 wz=+0.000 mag=0.00    [NAV2 -> STM32] vx=+0.000 vy=+0.000 wz=+0.000 mag=0.00    [NAV2 -> STM32] vx=+0.000 vy=+0.000 wz=+0.000 mag=0.00    [NAV2 -> STM32] vx=+0.000 vy=+0.000 wz=+0.000 mag=0.00    [NAV2 -> STM32] vx=+0.000 vy=+0.000 wz=+0.000 mag=0.00    [NAV2 -> STM32] vx=+0.000 vy=+0.000 wz=+0.000 mag=0.00    [NAV2 -> STM32] vx=+0.000 vy=+0.000 wz=+0.000 mag=0.00    [NAV2 -> STM32] vx=+0.000 vy=+0.000 wz=+0.000 mag=0.00    [NAV2 -> STM32] vx=+0.000 vy=+0.000 wz=+0.000 mag=0.00    [NAV2 -> STM32] vx=+0.000 vy=+0.000 wz=+0.000 mag=0.00    [NAV2 -> STM32] vx=+0.000 vy=+0.000 wz=+0.000 mag=0.00    [NAV2 -> STM32] vx=+0.000 vy=+0.000 wz=+0.000 mag=0.00    [NAV2 -> STM32] vx=+0.000 vy=+0.000 wz=+0.000 mag=0.00    [NAV2 -> STM32] vx=+0.000 vy=+0.000 wz=+0.000 mag=0.00    [NAV2 -> STM32] vx=+0.000 vy=+0.000 wz=+0.000 mag=0.00    [NAV2 -> STM32] vx=+0.000 vy=+0.000 wz=+0.000 mag=0.00    [NAV2 -> STM32] vx=+0.000 vy=+0.000 wz=+0.000 mag=0.00    [NAV2 -> STM32] vx=+0.000 vy=+0.000 wz=+0.000 mag=0.00    [NAV2 -> STM32] vx=+0.000 vy=+0.000 wz=+0.000 mag=0.00    [NAV2 -> STM32] vx=+0.000 vy=+0.000 wz=+0.000 mag=0.00    [NAV2 -> STM32] vx=+0.000 vy=+0.000 wz=+0.000 mag=0.00    [NAV2 -> STM32] vx=+0.000 vy=+0.000 wz=+0.000 mag=0.00    [NAV2 -> STM32] vx=+0.000 vy=+0.000 wz=+0.000 mag=0.00    [NAV2 -> STM32] vx=+0.000 vy=+0.000 wz=+0.000 mag=0.00    [NAV2 -> STM32] vx=+0.000 vy=+0.000 wz=+0.000 mag=0.00    [NAV2 -> STM32] vx=+0.000 vy=+0.000 wz=+0.000 mag=0.00    [NAV2 -> STM32] vx=+0.000 vy=+0.000 wz=+0.000 mag=0.00    [NAV2 -> STM32] vx=+0.000 vy=+0.000 wz=+0.000 mag=0.00    [NAV2 -> STM32] vx=+0.000 vy=+0.000 wz=+0.000 mag=0.00    [NAV2 -> STM32] vx=+0.000 vy=+0.000 wz=+0.000 mag=0.00    [NAV2 -> STM32] vx=+0.000 vy=+0.000 wz=+0.000 mag=0.00    [NAV2 -> STM32] vx=+0.000 vy=+0.000 wz=+0.000 mag=0.00    [NAV2 -> STM32] vx=+0.000 vy=+0.000 wz=+0.000 mag=0.00    [NAV2 -> STM32] vx=+0.000 vy=+0.000 wz=+0.000 mag=0.00    [NAV2 -> STM32] vx=+0.000 vy=+0.000 wz=+0.000 mag=0.00    [NAV2 -> STM32] vx=+0.000 vy=+0.000 wz=+0.000 mag=0.00    [NAV2 -> STM32] vx=+0.000 vy=+0.000 wz=+0.000 mag=0.00    [NAV2 -> STM32] vx=+0.000 vy=+0.000 wz=+0.000 mag=0.00    [NAV2 -> STM32] vx=+0.000 vy=+0.000 wz=+0.000 mag=0.00    [NAV2 -> STM32] vx=+0.000 vy=+0.000 wz=+0.000 mag=0.00    [NAV2 -> STM32] vx=+0.000 vy=+0.000 wz=+0.000 mag=0.00    [NAV2 -> STM32] vx=+0.000 vy=+0.000 wz=+0.000 mag=0.00    [NAV2 -> STM32] vx=+0.000 vy=+0.000 wz=+0.000 mag=0.00    [NAV2 -> STM32] vx=+0.000 vy=+0.000 wz=+0.000 mag=0.00    [NAV2 -> STM32] vx=+0.000 vy=+0.000 wz=+0.000 mag=0.00    [NAV2 -> STM32] vx=+0.000 vy=+0.000 wz=+0.000 mag=0.00    [NAV2 -> STM32] vx=+0.000 vy=+0.000 wz=+0.000 mag=0.00    [NAV2 -> STM32] vx=+0.000 vy=+0.000 wz=+0.000 mag=0.00    [NAV2 -> STM32] vx=+0.000 vy=+0.000 wz=+0.000 mag=0.00    [NAV2 -> STM32] vx=+0.000 vy=+0.000 wz=+0.000 mag=0.00    [NAV2 -> STM32] vx=+0.000 vy=+0.000 wz=+0.000 mag=0.00    [NAV2 -> STM32] vx=+0.000 vy=+0.000 wz=+0.000 mag=0.00    [NAV2 -> STM32] vx=+0.000 vy=+0.000 wz=+0.000 mag=0.00    [NAV2 -> STM32] vx=+0.000 vy=+0.000 wz=+0.000 mag=0.00    [NAV2 -> STM32] vx=+0.000 vy=+0.000 wz=+0.000 mag=0.00    [NAV2 -> STM32] vx=+0.000 vy=+0.000 wz=+0.000 mag=0.00    [NAV2 -> STM32] vx=+0.000 vy=+0.000 wz=+0.000 mag=0.00    [NAV2 -> STM32] vx=+0.000 vy=+0.000 wz=+0.000 mag=0.00    [NAV2 -> STM32] vx=+0.000 vy=+0.000 wz=+0.000 mag=0.00    [NAV2 -> STM32] vx=+0.000 vy=+0.000 wz=+0.000 mag=0.00    [NAV2 -> STM32] vx=+0.000 vy=+0.000 wz=+0.000 mag=0.00    [NAV2 -> STM32] vx=+0.000 vy=+0.000 wz=+0.000 mag=0.00    [NAV2 -> STM32] vx=+0.000 vy=+0.000 wz=+0.000 mag=0.00    [NAV2 -> STM32] vx=+0.000 vy=+0.000 wz=+0.000 mag=0.00    [NAV2 -> STM32] vx=+0.000 vy=+0.000 wz=+0.000 mag=0.00    [NAV2 -> STM32] vx=+0.000 vy=+0.000 wz=+0.000 mag=0.00    [NAV2 -> STM32] vx=+0.000 vy=+0.000 wz=+0.000 mag=0.00    [NAV2 -> STM32] vx=+0.000 vy=+0.000 wz=+0.000 mag=0.00    [NAV2 -> STM32] vx=+0.000 vy=+0.000 wz=+0.000 mag=0.00    [NAV2 -> STM32] vx=+0.000 vy=+0.000 wz=+0.000 mag=0.00    [NAV2 -> STM32] vx=+0.000 vy=+0.000 wz=+0.000 mag=0.00    [NAV2 -> STM32] vx=+0.000 vy=+0.000 wz=+0.000 mag=0.00    [NAV2 -> STM32] vx=+0.000 vy=+0.000 wz=+0.000 mag=0.00    [NAV2 -> STM32] vx=+0.000 vy=+0.000 wz=+0.000 mag=0.00    [NAV2 -> STM32] vx=+0.000 vy=+0.000 wz=+0.000 mag=0.00    [NAV2 -> STM32] vx=+0.000 vy=+0.000 wz=+0.000 mag=0.00    [NAV2 -> STM32] vx=+0.000 vy=+0.000 wz=+0.000 mag=0.00    [NAV2 -> STM32] vx=+0.000 vy=+0.000 wz=+0.000 mag=0.00    [NAV2 -> STM32] vx=+0.000 vy=+0.000 wz=+0.000 mag=0.00    [NAV2 -> STM32] vx=+0.000 vy=+0.000 wz=+0.000 mag=0.00    [NAV2 -> STM32] vx=+0.000 vy=+0.000 wz=+0.000 mag=0.00    [NAV2 -> STM32] vx=+0.000 vy=+0.000 wz=+0.000 mag=0.00    [NAV2 -> STM32] vx=+0.000 vy=+0.000 wz=+0.000 mag=0.00    [NAV2 -> STM32] vx=+0.000 vy=+0.000 wz=+0.000 mag=0.00    [NAV2 -> STM32] vx=+0.000 vy=+0.000 wz=+0.000 mag=0.00    [NAV2 -> STM32] vx=+0.000 vy=+0.000 wz=+0.000 mag=0.00    [NAV2 -> STM32] vx=+0.000 vy=+0.000 wz=+0.000 mag=0.00    [NAV2 -> STM32] vx=+0.000 vy=+0.000 wz=+0.000 mag=0.00    [NAV2 -> STM32] vx=+0.000 vy=+0.000 wz=+0.000 mag=0.00    [NAV2 -> STM32] vx=+0.000 vy=+0.000 wz=+0.000 mag=0.00    [NAV2 -> STM32] vx=+0.000 vy=+0.000 wz=+0.000 mag=0.00    [NAV2 -> STM32] vx=+0.000 vy=+0.000 wz=+0.000 mag=0.00    [NAV2 -> STM32] vx=+0.000 vy=+0.000 wz=+0.000 mag=0.00    [NAV2 -> STM32] vx=+0.000 vy=+0.000 wz=+0.000 mag=0.00    [NAV2 -> STM32] vx=+0.000 vy=+0.000 wz=+0.000 mag=0.00    [NAV2 -> STM32] vx=+0.000 vy=+0.000 wz=+0.000 mag=0.00    [NAV2 -> STM32] vx=+0.000 vy=+0.000 wz=+0.000 mag=0.00    [NAV2 -> STM32] vx=+0.000 vy=+0.000 wz=+0.000 mag=0.00    [NAV2 -> STM32] vx=+0.000 vy=+0.000 wz=+0.000 mag=0.00    [NAV2 -> STM32] vx=+0.000 vy=+0.000 wz=+0.000 mag=0.00    [NAV2 -> STM32] vx=+0.000 vy=+0.000 wz=+0.000 mag=0.00    [NAV2 -> STM32] vx=+0.000 vy=+0.000 wz=+0.000 mag=0.00    [NAV2 -> STM32] vx=+0.000 vy=+0.000 wz=+0.000 mag=0.00    [NAV2 -> STM32] vx=+0.000 vy=+0.000 wz=+0.000 mag=0.00    [NAV2 -> STM32] vx=+0.000 vy=+0.000 wz=+0.000 mag=0.00    [NAV2 -> STM32] vx=+0.000 vy=+0.000 wz=+0.000 mag=0.00    [NAV2 -> STM32] vx=+0.000 vy=+0.000 wz=+0.000 mag=0.00    [NAV2 -> STM32] vx=+0.000 vy=+0.000 wz=+0.000 mag=0.00    [NAV2 -> STM32] vx=+0.000 vy=+0.000 wz=+0.000 mag=0.00    [NAV2 -> STM32] vx=+0.000 vy=+0.000 wz=+0.000 mag=0.00    [NAV2 -> STM32] vx=+0.000 vy=+0.000 wz=+0.000 mag=0.00    [NAV2 -> STM32] vx=+0.000 vy=+0.000 wz=+0.000 mag=0.00    [NAV2 -> STM32] vx=+0.000 vy=+0.000 wz=+0.000 mag=0.00    [NAV2 -> STM32] vx=+0.000 vy=+0.000 wz=+0.000 mag=0.00    [NAV2 -> STM32] vx=+0.000 vy=+0.000 wz=+0.000 mag=0.00    [NAV2 -> STM32] vx=+0.000 vy=+0.000 wz=+0.000 mag=0.00    [NAV2 -> STM32] vx=+0.000 vy=+0.000 wz=+0.000 mag=0.00    [NAV2 -> STM32] vx=+0.000 vy=+0.000 wz=+0.000 mag=0.00    [NAV2 -> STM32] vx=+0.000 vy=+0.000 wz=+0.000 mag=0.00    [NAV2 -> STM32] vx=+0.000 vy=+0.000 wz=+0.000 mag=0.00    [NAV2 -> STM32] vx=+0.000 vy=+0.000 wz=+0.000 mag=0.00    [NAV2 -> STM32] vx=+0.000 vy=+0.000 wz=+0.000 mag=0.00    [NAV2 -> STM32] vx=+0.000 vy=+0.000 wz=+0.000 mag=0.00    [NAV2 -> STM32] vx=+0.000 vy=+0.000 wz=+0.000 mag=0.00    [NAV2 -> STM32] vx=+0.000 vy=+0.000 wz=+0.000 mag=0.00    [NAV2 -> STM32] vx=+0.000 vy=+0.000 wz=+0.000 mag=0.00    [NAV2 -> STM32] vx=+0.000 vy=+0.000 wz=+0.000 mag=0.00    [NAV2 -> STM32] vx=+0.000 vy=+0.000 wz=+0.000 mag=0.00    [NAV2 -> STM32] vx=+0.000 vy=+0.000 wz=+0.000 mag=0.00    [NAV2 -> STM32] vx=+0.000 vy=+0.000 wz=+0.000 mag=0.00    [NAV2 -> STM32] vx=+0.000 vy=+0.000 wz=+0.000 mag=0.00    [NAV2 -> STM32] vx=+0.000 vy=+0.000 wz=+0.000 mag=0.00    [NAV2 -> STM32] vx=+0.000 vy=+0.000 wz=+0.000 mag=0.00    [NAV2 -> STM32] vx=+0.000 vy=+0.000 wz=+0.000 mag=0.00    [NAV2 -> STM32] vx=+0.000 vy=+0.000 wz=+0.000 mag=0.00    [NAV2 -> STM32] vx=+0.000 vy=+0.000 wz=+0.000 mag=0.00    [NAV2 -> STM32] vx=+0.000 vy=+0.000 wz=+0.000 mag=0.00    [NAV2 -> STM32] vx=+0.000 vy=+0.000 wz=+0.000 mag=0.00    [NAV2 -> STM32] vx=+0.000 vy=+0.000 wz=+0.000 mag=0.00    [NAV2 -> STM32] vx=+0.000 vy=+0.000 wz=+0.000 mag=0.00    [NAV2 -> STM32] vx=+0.000 vy=+0.000 wz=+0.000 mag=0.00    [NAV2 -> STM32] vx=+0.000 vy=+0.000 wz=+0.000 mag=0.00    [NAV2 -> STM32] vx=+0.000 vy=+0.000 wz=+0.000 mag=0.00    [NAV2 -> STM32] vx=+0.000 vy=+0.000 wz=+0.000 mag=0.00    [NAV2 -> STM32] vx=+0.000 vy=+0.000 wz=+0.000 mag=0.00    [NAV2 -> STM32] vx=+0.000 vy=+0.000 wz=+0.000 mag=0.00    [NAV2 -> STM32] vx=+0.000 vy=+0.000 wz=+0.000 mag=0.00    [NAV2 -> STM32] vx=+0.000 vy=+0.000 wz=+0.000 mag=0.00    [NAV2 -> STM32] vx=+0.000 vy=+0.000 wz=+0.000 mag=0.00    [NAV2 -> STM32] vx=+0.000 vy=+0.000 wz=+0.000 mag=0.00    [NAV2 -> STM32] vx=+0.000 vy=+0.000 wz=+0.000 mag=0.00    [NAV2 -> STM32] vx=+0.000 vy=+0.000 wz=+0.000 mag=0.00    [NAV2 -> STM32] vx=+0.000 vy=+0.000 wz=+0.000 mag=0.00    [NAV2 -> STM32] vx=+0.000 vy=+0.000 wz=+0.000 mag=0.00    [NAV2 -> STM32] vx=+0.000 vy=+0.000 wz=+0.000 mag=0.00    [NAV2 -> STM32] vx=+0.000 vy=+0.000 wz=+0.000 mag=0.00    [NAV2 -> STM32] vx=+0.000 vy=+0.000 wz=+0.000 mag=0.00    [NAV2 -> STM32] vx=+0.000 vy=+0.000 wz=+0.000 mag=0.00    [NAV2 -> STM32] vx=+0.000 vy=+0.000 wz=+0.000 mag=0.00    [NAV2 -> STM32] vx=+0.000 vy=+0.000 wz=+0.000 mag=0.00    [NAV2 -> STM32] vx=+0.000 vy=+0.000 wz=+0.000 mag=0.00    [NAV2 -> STM32] vx=+0.000 vy=+0.000 wz=+0.000 mag=0.00    [NAV2 -> STM32] vx=+0.000 vy=+0.000 wz=+0.000 mag=0.00    [NAV2 -> STM32] vx=+0.000 vy=+0.000 wz=+0.000 mag=0.00    [NAV2 -> STM32] vx=+0.000 vy=+0.000 wz=+0.000 mag=0.00    [NAV2 -> STM32] vx=+0.000 vy=+0.000 wz=+0.000 mag=0.00    [NAV2 -> STM32] vx=+0.000 vy=+0.000 wz=+0.000 mag=0.00    [NAV2 -> STM32] vx=+0.000 vy=+0.000 wz=+0.000 mag=0.00    [NAV2 -> STM32] vx=+0.000 vy=+0.000 wz=+0.000 mag=0.00    [NAV2 -> STM32] vx=+0.000 vy=+0.000 wz=+0.000 mag=0.00    [NAV2 -> STM32] vx=+0.000 vy=+0.000 wz=+0.000 mag=0.00    [NAV2 -> STM32] vx=+0.000 vy=+0.000 wz=+0.000 mag=0.00    [NAV2 -> STM32] vx=+0.000 vy=+0.000 wz=+0.000 mag=0.00    [NAV2 -> STM32] vx=+0.000 vy=+0.000 wz=+0.000 mag=0.00    [NAV2 -> STM32] vx=+0.000 vy=+0.000 wz=+0.000 mag=0.00    [NAV2 -> STM32] vx=+0.000 vy=+0.000 wz=+0.000 mag=0.00    [NAV2 -> STM32] vx=+0.000 vy=+0.000 wz=+0.000 mag=0.00    [NAV2 -> STM32] vx=+0.000 vy=+0.000 wz=+0.000 mag=0.00    [NAV2 -> STM32] vx=+0.000 vy=+0.000 wz=+0.000 mag=0.00    [NAV2 -> STM32] vx=+0.000 vy=+0.000 wz=+0.000 mag=0.00    [NAV2 -> STM32] vx=+0.000 vy=+0.000 wz=+0.000 mag=0.00    [NAV2 -> STM32] vx=+0.000 vy=+0.000 wz=+0.000 mag=0.00    [NAV2 -> STM32] vx=+0.000 vy=+0.000 wz=+0.000 mag=0.00    [NAV2 -> STM32] vx=+0.000 vy=+0.000 wz=+0.000 mag=0.00    [NAV2 -> STM32] vx=+0.000 vy=+0.000 wz=+0.000 mag=0.00    [NAV2 -> STM32] vx=+0.000 vy=+0.000 wz=+0.000 mag=0.00    [NAV2 -> STM32] vx=+0.000 vy=+0.000 wz=+0.000 mag=0.00    [NAV2 -> STM32] vx=+0.000 vy=+0.000 wz=+0.000 mag=0.00    [NAV2 -> STM32] vx=+0.000 vy=+0.000 wz=+0.000 mag=0.00    [NAV2 -> STM32] vx=+0.000 vy=+0.000 wz=+0.000 mag=0.00    [NAV2 -> STM32] vx=+0.000 vy=+0.000 wz=+0.000 mag=0.00    [NAV2 -> STM32] vx=+0.000 vy=+0.000 wz=+0.000 mag=0.00    [NAV2 -> STM32] vx=+0.000 vy=+0.000 wz=+0.000 mag=0.00    [NAV2 -> STM32] vx=+0.000 vy=+0.000 wz=+0.000 mag=0.00    [NAV2 -> STM32] vx=+0.000 vy=+0.000 wz=+0.000 mag=0.00    [NAV2 -> STM32] vx=+0.000 vy=+0.000 wz=+0.000 mag=0.00    [NAV2 -> STM32] vx=+0.000 vy=+0.000 wz=+0.000 mag=0.00    [NAV2 -> STM32] vx=+0.000 vy=+0.000 wz=+0.000 mag=0.00    [NAV2 -> STM32] vx=+0.000 vy=+0.000 wz=+0.000 mag=0.00    [NAV2 -> STM32] vx=+0.000 vy=+0.000 wz=+0.000 mag=0.00    [NAV2 -> STM32] vx=+0.000 vy=+0.000 wz=+0.000 mag=0.00    [NAV2 -> STM32] vx=+0.000 vy=+0.000 wz=+0.000 mag=0.00    [NAV2 -> STM32] vx=+0.000 vy=+0.000 wz=+0.000 mag=0.00    [NAV2 -> STM32] vx=+0.000 vy=+0.000 wz=+0.000 mag=0.00    [NAV2 -> STM32] vx=+0.000 vy=+0.000 wz=+0.000 mag=0.00    [NAV2 -> STM32] vx=+0.000 vy=+0.000 wz=+0.000 mag=0.00    [NAV2 -> STM32] vx=+0.000 vy=+0.000 wz=+0.000 mag=0.00    [NAV2 -> STM32] vx=+0.000 vy=+0.000 wz=+0.000 mag=0.00    [NAV2 -> STM32] vx=+0.000 vy=+0.000 wz=+0.000 mag=0.00    [NAV2 -> STM32] vx=+0.000 vy=+0.000 wz=+0.000 mag=0.00    [NAV2 -> STM32] vx=+0.000 vy=+0.000 wz=+0.000 mag=0.00    [NAV2 -> STM32] vx=+0.000 vy=+0.000 wz=+0.000 mag=0.00    [NAV2 -> STM32] vx=+0.000 vy=+0.000 wz=+0.000 mag=0.00    [NAV2 -> STM32] vx=+0.000 vy=+0.000 wz=+0.000 mag=0.00    [NAV2 -> STM32] vx=+0.000 vy=+0.000 wz=+0.000 mag=0.00    [NAV2 -> STM32] vx=+0.000 vy=+0.000 wz=+0.000 mag=0.00    [NAV2 -> STM32] vx=+0.000 vy=+0.000 wz=+0.000 mag=0.00    [NAV2 -> STM32] vx=+0.000 vy=+0.000 wz=+0.000 mag=0.00    [NAV2 -> STM32] vx=+0.000 vy=+0.000 wz=+0.000 mag=0.00    [NAV2 -> STM32] vx=+0.000 vy=+0.000 wz=+0.000 mag=0.00    [NAV2 -> STM32] vx=+0.000 vy=+0.000 wz=+0.000 mag=0.00    [NAV2 -> STM32] vx=+0.000 vy=+0.000 wz=+0.000 mag=0.00    [NAV2 -> STM32] vx=+0.000 vy=+0.000 wz=+0.000 mag=0.00    [NAV2 -> STM32] vx=+0.000 vy=+0.000 wz=+0.000 mag=0.00    [NAV2 -> STM32] vx=+0.000 vy=+0.000 wz=+0.000 mag=0.00    [NAV2 -> STM32] vx=+0.000 vy=+0.000 wz=+0.000 mag=0.00    [NAV2 -> STM32] vx=+0.000 vy=+0.000 wz=+0.000 mag=0.00    [NAV2 -> STM32] vx=+0.000 vy=+0.000 wz=+0.000 mag=0.00    [NAV2 -> STM32] vx=+0.000 vy=+0.000 wz=+0.000 mag=0.00    [NAV2 -> STM32] vx=+0.000 vy=+0.000 wz=+0.000 mag=0.00    [NAV2 -> STM32] vx=+0.000 vy=+0.000 wz=+0.000 mag=0.00    [NAV2 -> STM32] vx=+0.000 vy=+0.000 wz=+0.000 mag=0.00    [NAV2 -> STM32] vx=+0.000 vy=+0.000 wz=+0.000 mag=0.00    [NAV2 -> STM32] vx=+0.000 vy=+0.000 wz=+0.000 mag=0.00    [NAV2 -> STM32] vx=+0.000 vy=+0.000 wz=+0.000 mag=0.00    [NAV2 -> STM32] vx=+0.000 vy=+0.000 wz=+0.000 mag=0.00    [NAV2 -> STM32] vx=+0.000 vy=+0.000 wz=+0.000 mag=0.00    [NAV2 -> STM32] vx=+0.000 vy=+0.000 wz=+0.000 mag=0.00    [NAV2 -> STM32] vx=+0.000 vy=+0.000 wz=+0.000 mag=0.00    [NAV2 -> STM32] vx=+0.000 vy=+0.000 wz=+0.000 mag=0.00    [NAV2 -> STM32] vx=+0.000 vy=+0.000 wz=+0.000 mag=0.00    [NAV2 -> STM32] vx=+0.000 vy=+0.000 wz=+0.000 mag=0.00    [NAV2 -> STM32] vx=+0.000 vy=+0.000 wz=+0.000 mag=0.00    [NAV2 -> STM32] vx=+0.000 vy=+0.000 wz=+0.000 mag=0.00    [NAV2 -> STM32] vx=+0.000 vy=+0.000 wz=+0.000 mag=0.00    [NAV2 -> STM32] vx=+0.000 vy=+0.000 wz=+0.000 mag=0.00    [NAV2 -> STM32] vx=+0.000 vy=+0.000 wz=+0.000 mag=0.00    [NAV2 -> STM32] vx=+0.000 vy=+0.000 wz=+0.000 mag=0.00    [NAV2 -> STM32] vx=+0.000 vy=+0.000 wz=+0.000 mag=0.00    [NAV2 -> STM32] vx=+0.000 vy=+0.000 wz=+0.000 mag=0.00    [NAV2 -> STM32] vx=+0.000 vy=+0.000 wz=+0.000 mag=0.00    [NAV2 -> STM32] vx=+0.000 vy=+0.000 wz=+0.000 mag=0.00    [NAV2 -> STM32] vx=+0.000 vy=+0.000 wz=+0.000 mag=0.00    [NAV2 -> STM32] vx=+0.000 vy=+0.000 wz=+0.000 mag=0.00    [NAV2 -> STM32] vx=+0.000 vy=+0.000 wz=+0.000 mag=0.00    [NAV2 -> STM32] vx=+0.000 vy=+0.000 wz=+0.000 mag=0.00    [NAV2 -> STM32] vx=+0.000 vy=+0.000 wz=+0.000 mag=0.00    [NAV2 -> STM32] vx=+0.000 vy=+0.000 wz=+0.000 mag=0.00    [NAV2 -> STM32] vx=+0.000 vy=+0.000 wz=+0.000 mag=0.00    [NAV2 -> STM32] vx=+0.000 vy=+0.000 wz=+0.000 mag=0.00    [NAV2 -> STM32] vx=+0.000 vy=+0.000 wz=+0.000 mag=0.00    [NAV2 -> STM32] vx=+0.000 vy=+0.000 wz=+0.000 mag=0.00    [NAV2 -> STM32] vx=+0.000 vy=+0.000 wz=+0.000 mag=0.00    [NAV2 -> STM32] vx=+0.000 vy=+0.000 wz=+0.000 mag=0.00    [NAV2 -> STM32] vx=+0.000 vy=+0.000 wz=+0.000 mag=0.00    [NAV2 -> STM32] vx=+0.000 vy=+0.000 wz=+0.000 mag=0.00    [NAV2 -> STM32] vx=+0.000 vy=+0.000 wz=+0.000 mag=0.00    [NAV2 -> STM32] vx=+0.000 vy=+0.000 wz=+0.000 mag=0.00    [NAV2 -> STM32] vx=+0.000 vy=+0.000 wz=+0.000 mag=0.00    [NAV2 -> STM32] vx=+0.000 vy=+0.000 wz=+0.000 mag=0.00    [NAV2 -> STM32] vx=+0.000 vy=+0.000 wz=+0.000 mag=0.00    [NAV2 -> STM32] vx=+0.000 vy=+0.000 wz=+0.000 mag=0.00    [NAV2 -> STM32] vx=+0.000 vy=+0.000 wz=+0.000 mag=0.00    [NAV2 -> STM32] vx=+0.000 vy=+0.000 wz=+0.000 mag=0.00    [NAV2 -> STM32] vx=+0.000 vy=+0.000 wz=+0.000 mag=0.00    [NAV2 -> STM32] vx=+0.000 vy=+0.000 wz=+0.000 mag=0.00    [NAV2 -> STM32] vx=+0.000 vy=+0.000 wz=+0.000 mag=0.00    [NAV2 -> STM32] vx=+0.000 vy=+0.000 wz=+0.000 mag=0.00    [NAV2 -> STM32] vx=+0.000 vy=+0.000 wz=+0.000 mag=0.00    [NAV2 -> STM32] vx=+0.000 vy=+0.000 wz=+0.000 mag=0.00    [NAV2 -> STM32] vx=+0.000 vy=+0.000 wz=+0.000 mag=0.00    [NAV2 -> STM32] vx=+0.000 vy=+0.000 wz=+0.000 mag=0.00    [NAV2 -> STM32] vx=+0.000 vy=+0.000 wz=+0.000 mag=0.00    [NAV2 -> STM32] vx=+0.000 vy=+0.000 wz=+0.000 mag=0.00    [NAV2 -> STM32] vx=+0.000 vy=+0.000 wz=+0.000 mag=0.00    [NAV2 -> STM32] vx=+0.000 vy=+0.000 wz=+0.000 mag=0.00    [NAV2 -> STM32] vx=+0.000 vy=+0.000 wz=+0.000 mag=0.00    [NAV2 -> STM32] vx=+0.000 vy=+0.000 wz=+0.000 mag=0.00    [NAV2 -> STM32] vx=+0.000 vy=+0.000 wz=+0.000 mag=0.00    [NAV2 -> STM32] vx=+0.000 vy=+0.000 wz=+0.000 mag=0.00    [NAV2 -> STM32] vx=+0.000 vy=+0.000 wz=+0.000 mag=0.00    [NAV2 -> STM32] vx=+0.000 vy=+0.000 wz=+0.000 mag=0.00    [NAV2 -> STM32] vx=+0.000 vy=+0.000 wz=+0.000 mag=0.00    [NAV2 -> STM32] vx=+0.000 vy=+0.000 wz=+0.000 mag=0.00    [NAV2 -> STM32] vx=+0.000 vy=+0.000 wz=+0.000 mag=0.00    [NAV2 -> STM32] vx=+0.000 vy=+0.000 wz=+0.000 mag=0.00    [NAV2 -> STM32] vx=+0.000 vy=+0.000 wz=+0.000 mag=0.00    [NAV2 -> STM32] vx=+0.000 vy=+0.000 wz=+0.000 mag=0.00    [NAV2 -> STM32] vx=+0.000 vy=+0.000 wz=+0.000 mag=0.00    [NAV2 -> STM32] vx=+0.000 vy=+0.000 wz=+0.000 mag=0.00    [NAV2 -> STM32] vx=+0.000 vy=+0.000 wz=+0.000 mag=0.00    [NAV2 -> STM32] vx=+0.000 vy=+0.000 wz=+0.000 mag=0.00    [NAV2 -> STM32] vx=+0.000 vy=+0.000 wz=+0.000 mag=0.00    [NAV2 -> STM32] vx=+0.000 vy=+0.000 wz=+0.000 mag=0.00    [NAV2 -> STM32] vx=+0.000 vy=+0.000 wz=+0.000 mag=0.00    [NAV2 -> STM32] vx=+0.000 vy=+0.000 wz=+0.000 mag=0.00    [NAV2 -> STM32] vx=+0.000 vy=+0.000 wz=+0.000 mag=0.00    [NAV2 -> STM32] vx=+0.000 vy=+0.000 wz=+0.000 mag=0.00    [NAV2 -> STM32] vx=+0.000 vy=+0.000 wz=+0.000 mag=0.00    [NAV2 -> STM32] vx=+0.000 vy=+0.000 wz=+0.000 mag=0.00    [NAV2 -> STM32] vx=+0.000 vy=+0.000 wz=+0.000 mag=0.00    [NAV2 -> STM32] vx=+0.000 vy=+0.000 wz=+0.000 mag=0.00    [NAV2 -> STM32] vx=+0.000 vy=+0.000 wz=+0.000 mag=0.00    [NAV2 -> STM32] vx=+0.000 vy=+0.000 wz=+0.000 mag=0.00    [NAV2 -> STM32] vx=+0.000 vy=+0.000 wz=+0.000 mag=0.00    [NAV2 -> STM32] vx=+0.000 vy=+0.000 wz=+0.000 mag=0.00    [NAV2 -> STM32] vx=+0.000 vy=+0.000 wz=+0.000 mag=0.00    [NAV2 -> STM32] vx=+0.000 vy=+0.000 wz=+0.000 mag=0.00    [NAV2 -> STM32] vx=+0.000 vy=+0.000 wz=+0.000 mag=0.00    [NAV2 -> STM32] vx=+0.000 vy=+0.000 wz=+0.000 mag=0.00    [NAV2 -> STM32] vx=+0.000 vy=+0.000 wz=+0.000 mag=0.00    [NAV2 -> STM32] vx=+0.000 vy=+0.000 wz=+0.000 mag=0.00    [NAV2 -> STM32] vx=+0.000 vy=+0.000 wz=+0.000 mag=0.00    [NAV2 -> STM32] vx=+0.000 vy=+0.000 wz=+0.000 mag=0.00    [NAV2 -> STM32] vx=+0.000 vy=+0.000 wz=+0.000 mag=0.00    [NAV2 -> STM32] vx=+0.000 vy=+0.000 wz=+0.000 mag=0.00    [NAV2 -> STM32] vx=+0.000 vy=+0.000 wz=+0.000 mag=0.00    [NAV2 -> STM32] vx=+0.000 vy=+0.000 wz=+0.000 mag=0.00    [NAV2 -> STM32] vx=+0.000 vy=+0.000 wz=+0.000 mag=0.00    [NAV2 -> STM32] vx=+0.000 vy=+0.000 wz=+0.000 mag=0.00    [NAV2 -> STM32] vx=+0.000 vy=+0.000 wz=+0.000 mag=0.00    [NAV2 -> STM32] vx=+0.000 vy=+0.000 wz=+0.000 mag=0.00    [NAV2 -> STM32] vx=+0.000 vy=+0.000 wz=+0.000 mag=0.00    [NAV2 -> STM32] vx=+0.000 vy=+0.000 wz=+0.000 mag=0.00    [NAV2 -> STM32] vx=+0.000 vy=+0.000 wz=+0.000 mag=0.00    [NAV2 -> STM32] vx=+0.000 vy=+0.000 wz=+0.000 mag=0.00    [NAV2 -> STM32] vx=+0.000 vy=+0.000 wz=+0.000 mag=0.00    [NAV2 -> STM32] vx=+0.000 vy=+0.000 wz=+0.000 mag=0.00    [NAV2 -> STM32] vx=+0.000 vy=+0.000 wz=+0.000 mag=0.00    [NAV2 -> STM32] vx=+0.000 vy=+0.000 wz=+0.000 mag=0.00    [NAV2 -> STM32] vx=+0.000 vy=+0.000 wz=+0.000 mag=0.00    [NAV2 -> STM32] vx=+0.000 vy=+0.000 wz=+0.000 mag=0.00    [NAV2 -> STM32] vx=+0.000 vy=+0.000 wz=+0.000 mag=0.00    [NAV2 -> STM32] vx=+0.000 vy=+0.000 wz=+0.000 mag=0.00    [NAV2 -> STM32] vx=+0.000 vy=+0.000 wz=+0.000 mag=0.00    [NAV2 -> STM32] vx=+0.000 vy=+0.000 wz=+0.000 mag=0.00    [NAV2 -> STM32] vx=+0.000 vy=+0.000 wz=+0.000 mag=0.00    [NAV2 -> STM32] vx=+0.000 vy=+0.000 wz=+0.000 mag=0.00    [NAV2 -> STM32] vx=+0.000 vy=+0.000 wz=+0.000 mag=0.00    [NAV2 -> STM32] vx=+0.000 vy=+0.000 wz=+0.000 mag=0.00    [NAV2 -> STM32] vx=+0.000 vy=+0.000 wz=+0.000 mag=0.00    [NAV2 -> STM32] vx=+0.000 vy=+0.000 wz=+0.000 mag=0.00    [NAV2 -> STM32] vx=+0.000 vy=+0.000 wz=+0.000 mag=0.00    [NAV2 -> STM32] vx=+0.000 vy=+0.000 wz=+0.000 mag=0.00    [NAV2 -> STM32] vx=+0.000 vy=+0.000 wz=+0.000 mag=0.00    [NAV2 -> STM32] vx=+0.000 vy=+0.000 wz=+0.000 mag=0.00    [NAV2 -> STM32] vx=+0.000 vy=+0.000 wz=+0.000 mag=0.00    [NAV2 -> STM32] vx=+0.000 vy=+0.000 wz=+0.000 mag=0.00    [NAV2 -> STM32] vx=+0.000 vy=+0.000 wz=+0.000 mag=0.00    [NAV2 -> STM32] vx=+0.000 vy=+0.000 wz=+0.000 mag=0.00    [NAV2 -> STM32] vx=+0.000 vy=+0.000 wz=+0.000 mag=0.00    [NAV2 -> STM32] vx=+0.000 vy=+0.000 wz=+0.000 mag=0.00    [NAV2 -> STM32] vx=+0.000 vy=+0.000 wz=+0.000 mag=0.00    [NAV2 -> STM32] vx=+0.000 vy=+0.000 wz=+0.000 mag=0.00    [NAV2 -> STM32] vx=+0.000 vy=+0.000 wz=+0.000 mag=0.00    [NAV2 -> STM32] vx=+0.000 vy=+0.000 wz=+0.000 mag=0.00    [NAV2 -> STM32] vx=+0.000 vy=+0.000 wz=+0.000 mag=0.00    [NAV2 -> STM32] vx=+0.000 vy=+0.000 wz=+0.000 mag=0.00    [NAV2 -> STM32] vx=+0.000 vy=+0.000 wz=+0.000 mag=0.00    [NAV2 -> STM32] vx=+0.000 vy=+0.000 wz=+0.000 mag=0.00    [NAV2 -> STM32] vx=+0.000 vy=+0.000 wz=+0.000 mag=0.00    [NAV2 -> STM32] vx=+0.000 vy=+0.000 wz=+0.000 mag=0.00    [NAV2 -> STM32] vx=+0.000 vy=+0.000 wz=+0.000 mag=0.00    [NAV2 -> STM32] vx=+0.000 vy=+0.000 wz=+0.000 mag=0.00    [NAV2 -> STM32] vx=+0.000 vy=+0.000 wz=+0.000 mag=0.00    [NAV2 -> STM32] vx=+0.000 vy=+0.000 wz=+0.000 mag=0.00    [NAV2 -> STM32] vx=+0.000 vy=+0.000 wz=+0.000 mag=0.00    [NAV2 -> STM32] vx=+0.000 vy=+0.000 wz=+0.000 mag=0.00    [NAV2 -> STM32] vx=+0.000 vy=+0.000 wz=+0.000 mag=0.00    [NAV2 -> STM32] vx=+0.000 vy=+0.000 wz=+0.000 mag=0.00    [NAV2 -> STM32] vx=+0.000 vy=+0.000 wz=+0.000 mag=0.00    [NAV2 -> STM32] vx=+0.000 vy=+0.000 wz=+0.000 mag=0.00    [NAV2 -> STM32] vx=+0.000 vy=+0.000 wz=+0.000 mag=0.00    [NAV2 -> STM32] vx=+0.000 vy=+0.000 wz=+0.000 mag=0.00    [NAV2 -> STM32] vx=+0.000 vy=+0.000 wz=+0.000 mag=0.00    [NAV2 -> STM32] vx=+0.000 vy=+0.000 wz=+0.000 mag=0.00    [NAV2 -> STM32] vx=+0.000 vy=+0.000 wz=+0.000 mag=0.00    [NAV2 -> STM32] vx=+0.000 vy=+0.000 wz=+0.000 mag=0.00    [NAV2 -> STM32] vx=+0.000 vy=+0.000 wz=+0.000 mag=0.00    [NAV2 -> STM32] vx=+0.000 vy=+0.000 wz=+0.000 mag=0.00    [NAV2 -> STM32] vx=+0.000 vy=+0.000 wz=+0.000 mag=0.00    [NAV2 -> STM32] vx=+0.000 vy=+0.000 wz=+0.000 mag=0.00    [NAV2 -> STM32] vx=+0.000 vy=+0.000 wz=+0.000 mag=0.00    [NAV2 -> STM32] vx=+0.000 vy=+0.000 wz=+0.000 mag=0.00    [NAV2 -> STM32] vx=+0.000 vy=+0.000 wz=+0.000 mag=0.00    [NAV2 -> STM32] vx=+0.000 vy=+0.000 wz=+0.000 mag=0.00    [NAV2 -> STM32] vx=+0.000 vy=+0.000 wz=+0.000 mag=0.00    [NAV2 -> STM32] vx=+0.000 vy=+0.000 wz=+0.000 mag=0.00    [NAV2 -> STM32] vx=+0.000 vy=+0.000 wz=+0.000 mag=0.00    [NAV2 -> STM32] vx=+0.000 vy=+0.000 wz=+0.000 mag=0.00    [NAV2 -> STM32] vx=+0.000 vy=+0.000 wz=+0.000 mag=0.00    [NAV2 -> STM32] vx=+0.000 vy=+0.000 wz=+0.000 mag=0.00    [NAV2 -> STM32] vx=+0.000 vy=+0.000 wz=+0.000 mag=0.00    [NAV2 -> STM32] vx=+0.000 vy=+0.000 wz=+0.000 mag=0.00    [NAV2 -> STM32] vx=+0.000 vy=+0.000 wz=+0.000 mag=0.00    [NAV2 -> STM32] vx=+0.000 vy=+0.000 wz=+0.000 mag=0.00    [NAV2 -> STM32] vx=+0.000 vy=+0.000 wz=+0.000 mag=0.00    [NAV2 -> STM32] vx=+0.000 vy=+0.000 wz=+0.000 mag=0.00    [NAV2 -> STM32] vx=+0.000 vy=+0.000 wz=+0.000 mag=0.00    [NAV2 -> STM32] vx=+0.000 vy=+0.000 wz=+0.000 mag=0.00    [NAV2 -> STM32] vx=+0.000 vy=+0.000 wz=+0.000 mag=0.00    [NAV2 -> STM32] vx=+0.000 vy=+0.000 wz=+0.000 mag=0.00    [NAV2 -> STM32] vx=+0.000 vy=+0.000 wz=+0.000 mag=0.00    [NAV2 -> STM32] vx=+0.000 vy=+0.000 wz=+0.000 mag=0.00    [NAV2 -> STM32] vx=+0.000 vy=+0.000 wz=+0.000 mag=0.00    [NAV2 -> STM32] vx=+0.000 vy=+0.000 wz=+0.000 mag=0.00    [NAV2 -> STM32] vx=+0.000 vy=+0.000 wz=+0.000 mag=0.00    [NAV2 -> STM32] vx=+0.000 vy=+0.000 wz=+0.000 mag=0.00    [NAV2 -> STM32] vx=+0.000 vy=+0.000 wz=+0.000 mag=0.00    [NAV2 -> STM32] vx=+0.000 vy=+0.000 wz=+0.000 mag=0.00    [NAV2 -> STM32] vx=+0.000 vy=+0.000 wz=+0.000 mag=0.00    [NAV2 -> STM32] vx=+0.000 vy=+0.000 wz=+0.000 mag=0.00    [NAV2 -> STM32] vx=+0.000 vy=+0.000 wz=+0.000 mag=0.00    [NAV2 -> STM32] vx=+0.000 vy=+0.000 wz=+0.000 mag=0.00    [NAV2 -> STM32] vx=+0.000 vy=+0.000 wz=+0.000 mag=0.00    [NAV2 -> STM32] vx=+0.000 vy=+0.000 wz=+0.000 mag=0.00    [NAV2 -> STM32] vx=+0.000 vy=+0.000 wz=+0.000 mag=0.00    [NAV2 -> STM32] vx=+0.000 vy=+0.000 wz=+0.000 mag=0.00    [NAV2 -> STM32] vx=+0.000 vy=+0.000 wz=+0.000 mag=0.00    [NAV2 -> STM32] vx=+0.000 vy=+0.000 wz=+0.000 mag=0.00    [NAV2 -> STM32] vx=+0.000 vy=+0.000 wz=+0.000 mag=0.00    [NAV2 -> STM32] vx=+0.000 vy=+0.000 wz=+0.000 mag=0.00    [NAV2 -> STM32] vx=+0.000 vy=+0.000 wz=+0.000 mag=0.00    [NAV2 -> STM32] vx=+0.000 vy=+0.000 wz=+0.000 mag=0.00    [NAV2 -> STM32] vx=+0.000 vy=+0.000 wz=+0.000 mag=0.00    [NAV2 -> STM32] vx=+0.000 vy=+0.000 wz=+0.000 mag=0.00    [NAV2 -> STM32] vx=+0.000 vy=+0.000 wz=+0.000 mag=0.00    [NAV2 -> STM32] vx=+0.000 vy=+0.000 wz=+0.000 mag=0.00    [NAV2 -> STM32] vx=+0.000 vy=+0.000 wz=+0.000 mag=0.00    [NAV2 -> STM32] vx=+0.000 vy=+0.000 wz=+0.000 mag=0.00    [NAV2 -> STM32] vx=+0.000 vy=+0.000 wz=+0.000 mag=0.00    [NAV2 -> STM32] vx=+0.000 vy=+0.000 wz=+0.000 mag=0.00    [NAV2 -> STM32] vx=+0.000 vy=+0.000 wz=+0.000 mag=0.00    [NAV2 -> STM32] vx=+0.000 vy=+0.000 wz=+0.000 mag=0.00    [NAV2 -> STM32] vx=+0.000 vy=+0.000 wz=+0.000 mag=0.00    [NAV2 -> STM32] vx=+0.000 vy=+0.000 wz=+0.000 mag=0.00    [NAV2 -> STM32] vx=+0.000 vy=+0.000 wz=+0.000 mag=0.00    [NAV2 -> STM32] vx=+0.000 vy=+0.000 wz=+0.000 mag=0.00    [NAV2 -> STM32] vx=+0.000 vy=+0.000 wz=+0.000 mag=0.00    [NAV2 -> STM32] vx=+0.000 vy=+0.000 wz=+0.000 mag=0.00    [NAV2 -> STM32] vx=+0.000 vy=+0.000 wz=+0.000 mag=0.00    [NAV2 -> STM32] vx=+0.000 vy=+0.000 wz=+0.000 mag=0.00    [NAV2 -> STM32] vx=+0.000 vy=+0.000 wz=+0.000 mag=0.00    [NAV2 -> STM32] vx=+0.000 vy=+0.000 wz=+0.000 mag=0.00    [NAV2 -> STM32] vx=+0.000 vy=+0.000 wz=+0.000 mag=0.00    [NAV2 -> STM32] vx=+0.000 vy=+0.000 wz=+0.000 mag=0.00    [NAV2 -> STM32] vx=+0.000 vy=+0.000 wz=+0.000 mag=0.00    [NAV2 -> STM32] vx=+0.000 vy=+0.000 wz=+0.000 mag=0.00    [NAV2 -> STM32] vx=+0.000 vy=+0.000 wz=+0.000 mag=0.00    [NAV2 -> STM32] vx=+0.000 vy=+0.000 wz=+0.000 mag=0.00    [NAV2 -> STM32] vx=+0.000 vy=+0.000 wz=+0.000 mag=0.00    [NAV2 -> STM32] vx=+0.000 vy=+0.000 wz=+0.000 mag=0.00    [NAV2 -> STM32] vx=+0.000 vy=+0.000 wz=+0.000 mag=0.00    [NAV2 -> STM32] vx=+0.000 vy=+0.000 wz=+0.000 mag=0.00    [NAV2 -> STM32] vx=+0.000 vy=+0.000 wz=+0.000 mag=0.00    [NAV2 -> STM32] vx=+0.000 vy=+0.000 wz=+0.000 mag=0.00    [NAV2 -> STM32] vx=+0.000 vy=+0.000 wz=+0.000 mag=0.00    [NAV2 -> STM32] vx=+0.000 vy=+0.000 wz=+0.000 mag=0.00    [NAV2 -> STM32] vx=+0.000 vy=+0.000 wz=+0.000 mag=0.00    [NAV2 -> STM32] vx=+0.000 vy=+0.000 wz=+0.000 mag=0.00    [NAV2 -> STM32] vx=+0.000 vy=+0.000 wz=+0.000 mag=0.00    [NAV2 -> STM32] vx=+0.000 vy=+0.000 wz=+0.000 mag=0.00    [NAV2 -> STM32] vx=+0.000 vy=+0.000 wz=+0.000 mag=0.00    [NAV2 -> STM32] vx=+0.000 vy=+0.000 wz=+0.000 mag=0.00    [NAV2 -> STM32] vx=+0.000 vy=+0.000 wz=+0.000 mag=0.00    [NAV2 -> STM32] vx=+0.000 vy=+0.000 wz=+0.000 mag=0.00    [NAV2 -> STM32] vx=+0.000 vy=+0.000 wz=+0.000 mag=0.00    [NAV2 -> STM32] vx=+0.000 vy=+0.000 wz=+0.000 mag=0.00    [NAV2 -> STM32] vx=+0.000 vy=+0.000 wz=+0.000 mag=0.00    [NAV2 -> STM32] vx=+0.000 vy=+0.000 wz=+0.000 mag=0.00    [NAV2 -> STM32] vx=+0.000 vy=+0.000 wz=+0.000 mag=0.00    [NAV2 -> STM32] vx=+0.000 vy=+0.000 wz=+0.000 mag=0.00    [NAV2 -> STM32] vx=+0.000 vy=+0.000 wz=+0.000 mag=0.00    [NAV2 -> STM32] vx=+0.000 vy=+0.000 wz=+0.000 mag=0.00    [NAV2 -> STM32] vx=+0.000 vy=+0.000 wz=+0.000 mag=0.00    [NAV2 -> STM32] vx=+0.000 vy=+0.000 wz=+0.000 mag=0.00    [NAV2 -> STM32] vx=+0.000 vy=+0.000 wz=+0.000 mag=0.00    [NAV2 -> STM32] vx=+0.000 vy=+0.000 wz=+0.000 mag=0.00    [NAV2 -> STM32] vx=+0.000 vy=+0.000 wz=+0.000 mag=0.00    [NAV2 -> STM32] vx=+0.000 vy=+0.000 wz=+0.000 mag=0.00    [NAV2 -> STM32] vx=+0.000 vy=+0.000 wz=+0.000 mag=0.00    [NAV2 -> STM32] vx=+0.000 vy=+0.000 wz=+0.000 mag=0.00    [NAV2 -> STM32] vx=+0.000 vy=+0.000 wz=+0.000 mag=0.00    [NAV2 -> STM32] vx=+0.000 vy=+0.000 wz=+0.000 mag=0.00    [NAV2 -> STM32] vx=+0.000 vy=+0.000 wz=+0.000 mag=0.00    [NAV2 -> STM32] vx=+0.000 vy=+0.000 wz=+0.000 mag=0.00    [NAV2 -> STM32] vx=+0.000 vy=+0.000 wz=+0.000 mag=0.00    [NAV2 -> STM32] vx=+0.000 vy=+0.000 wz=+0.000 mag=0.00    [NAV2 -> STM32] vx=+0.000 vy=+0.000 wz=+0.000 mag=0.00    [NAV2 -> STM32] vx=+0.000 vy=+0.000 wz=+0.000 mag=0.00    [NAV2 -> STM32] vx=+0.000 vy=+0.000 wz=+0.000 mag=0.00    [NAV2 -> STM32] vx=+0.000 vy=+0.000 wz=+0.000 mag=0.00    [NAV2 -> STM32] vx=+0.000 vy=+0.000 wz=+0.000 mag=0.00    [NAV2 -> STM32] vx=+0.000 vy=+0.000 wz=+0.000 mag=0.00    [NAV2 -> STM32] vx=+0.000 vy=+0.000 wz=+0.000 mag=0.00    [NAV2 -> STM32] vx=+0.000 vy=+0.000 wz=+0.000 mag=0.00    [NAV2 -> STM32] vx=+0.000 vy=+0.000 wz=+0.000 mag=0.00    [NAV2 -> STM32] vx=+0.000 vy=+0.000 wz=+0.000 mag=0.00    [NAV2 -> STM32] vx=+0.000 vy=+0.000 wz=+0.000 mag=0.00    [NAV2 -> STM32] vx=+0.000 vy=+0.000 wz=+0.000 mag=0.00    [NAV2 -> STM32] vx=+0.000 vy=+0.000 wz=+0.000 mag=0.00    [NAV2 -> STM32] vx=+0.000 vy=+0.000 wz=+0.000 mag=0.00    [NAV2 -> STM32] vx=+0.000 vy=+0.000 wz=+0.000 mag=0.00    [NAV2 -> STM32] vx=+0.000 vy=+0.000 wz=+0.000 mag=0.00    [NAV2 -> STM32] vx=+0.000 vy=+0.000 wz=+0.000 mag=0.00    [NAV2 -> STM32] vx=+0.000 vy=+0.000 wz=+0.000 mag=0.00    [NAV2 -> STM32] vx=+0.000 vy=+0.000 wz=+0.000 mag=0.00    [NAV2 -> STM32] vx=+0.000 vy=+0.000 wz=+0.000 mag=0.00    [NAV2 -> STM32] vx=+0.000 vy=+0.000 wz=+0.000 mag=0.00    [NAV2 -> STM32] vx=+0.000 vy=+0.000 wz=+0.000 mag=0.00    [NAV2 -> STM32] vx=+0.000 vy=+0.000 wz=+0.000 mag=0.00    [NAV2 -> STM32] vx=+0.000 vy=+0.000 wz=+0.000 mag=0.00    [NAV2 -> STM32] vx=+0.000 vy=+0.000 wz=+0.000 mag=0.00    [NAV2 -> STM32] vx=+0.000 vy=+0.000 wz=+0.000 mag=0.00    [NAV2 -> STM32] vx=+0.000 vy=+0.000 wz=+0.000 mag=0.00    [NAV2 -> STM32] vx=+0.000 vy=+0.000 wz=+0.000 mag=0.00    [NAV2 -> STM32] vx=+0.000 vy=+0.000 wz=+0.000 mag=0.00    [NAV2 -> STM32] vx=+0.000 vy=+0.000 wz=+0.000 mag=0.00    [NAV2 -> STM32] vx=+0.000 vy=+0.000 wz=+0.000 mag=0.00    [NAV2 -> STM32] vx=+0.000 vy=+0.000 wz=+0.000 mag=0.00    [NAV2 -> STM32] vx=+0.000 vy=+0.000 wz=+0.000 mag=0.00    [NAV2 -> STM32] vx=+0.000 vy=+0.000 wz=+0.000 mag=0.00    [NAV2 -> STM32] vx=+0.000 vy=+0.000 wz=+0.000 mag=0.00    [NAV2 -> STM32] vx=+0.000 vy=+0.000 wz=+0.000 mag=0.00    [NAV2 -> STM32] vx=+0.000 vy=+0.000 wz=+0.000 mag=0.00    [NAV2 -> STM32] vx=+0.000 vy=+0.000 wz=+0.000 mag=0.00    [NAV2 -> STM32] vx=+0.000 vy=+0.000 wz=+0.000 mag=0.00    [NAV2 -> STM32] vx=+0.000 vy=+0.000 wz=+0.000 mag=0.00    [NAV2 -> STM32] vx=+0.000 vy=+0.000 wz=+0.000 mag=0.00    [NAV2 -> STM32] vx=+0.000 vy=+0.000 wz=+0.000 mag=0.00    [NAV2 -> STM32] vx=+0.000 vy=+0.000 wz=+0.000 mag=0.00    [NAV2 -> STM32] vx=+0.000 vy=+0.000 wz=+0.000 mag=0.00    [NAV2 -> STM32] vx=+0.000 vy=+0.000 wz=+0.000 mag=0.00    [NAV2 -> STM32] vx=+0.000 vy=+0.000 wz=+0.000 mag=0.00    [NAV2 -> STM32] vx=+0.000 vy=+0.000 wz=+0.000 mag=0.00    [NAV2 -> STM32] vx=+0.000 vy=+0.000 wz=+0.000 mag=0.00    [NAV2 -> STM32] vx=+0.000 vy=+0.000 wz=+0.000 mag=0.00    [NAV2 -> STM32] vx=+0.000 vy=+0.000 wz=+0.000 mag=0.00    [NAV2 -> STM32] vx=+0.000 vy=+0.000 wz=+0.000 mag=0.00    [NAV2 -> STM32] vx=+0.000 vy=+0.000 wz=+0.000 mag=0.00    [NAV2 -> STM32] vx=+0.000 vy=+0.000 wz=+0.000 mag=0.00    [NAV2 -> STM32] vx=+0.000 vy=+0.000 wz=+0.000 mag=0.00    [NAV2 -> STM32] vx=+0.000 vy=+0.000 wz=+0.000 mag=0.00    [NAV2 -> STM32] vx=+0.000 vy=+0.000 wz=+0.000 mag=0.00    [NAV2 -> STM32] vx=+0.000 vy=+0.000 wz=+0.000 mag=0.00    [NAV2 -> STM32] vx=+0.000 vy=+0.000 wz=+0.000 mag=0.00    [NAV2 -> STM32] vx=+0.000 vy=+0.000 wz=+0.000 mag=0.00    [NAV2 -> STM32] vx=+0.000 vy=+0.000 wz=+0.000 mag=0.00    [NAV2 -> STM32] vx=+0.000 vy=+0.000 wz=+0.000 mag=0.00    [NAV2 -> STM32] vx=+0.000 vy=+0.000 wz=+0.000 mag=0.00    [NAV2 -> STM32] vx=+0.000 vy=+0.000 wz=+0.000 mag=0.00    [NAV2 -> STM32] vx=+0.000 vy=+0.000 wz=+0.000 mag=0.00    [NAV2 -> STM32] vx=+0.000 vy=+0.000 wz=+0.000 mag=0.00    [NAV2 -> STM32] vx=+0.000 vy=+0.000 wz=+0.000 mag=0.00    [NAV2 -> STM32] vx=+0.000 vy=+0.000 wz=+0.000 mag=0.00    [NAV2 -> STM32] vx=+0.000 vy=+0.000 wz=+0.000 mag=0.00    [NAV2 -> STM32] vx=+0.000 vy=+0.000 wz=+0.000 mag=0.00    [NAV2 -> STM32] vx=+0.000 vy=+0.000 wz=+0.000 mag=0.00    [NAV2 -> STM32] vx=+0.000 vy=+0.000 wz=+0.000 mag=0.00    [NAV2 -> STM32] vx=+0.000 vy=+0.000 wz=+0.000 mag=0.00    [NAV2 -> STM32] vx=+0.000 vy=+0.000 wz=+0.000 mag=0.00    [NAV2 -> STM32] vx=+0.000 vy=+0.000 wz=+0.000 mag=0.00    [NAV2 -> STM32] vx=+0.000 vy=+0.000 wz=+0.000 mag=0.00    [NAV2 -> STM32] vx=+0.000 vy=+0.000 wz=+0.000 mag=0.00    [NAV2 -> STM32] vx=+0.000 vy=+0.000 wz=+0.000 mag=0.00    [NAV2 -> STM32] vx=+0.000 vy=+0.000 wz=+0.000 mag=0.00    [NAV2 -> STM32] vx=+0.000 vy=+0.000 wz=+0.000 mag=0.00    [NAV2 -> STM32] vx=+0.000 vy=+0.000 wz=+0.000 mag=0.00    [NAV2 -> STM32] vx=+0.000 vy=+0.000 wz=+0.000 mag=0.00    [NAV2 -> STM32] vx=+0.000 vy=+0.000 wz=+0.000 mag=0.00    [NAV2 -> STM32] vx=+0.000 vy=+0.000 wz=+0.000 mag=0.00    [NAV2 -> STM32] vx=+0.000 vy=+0.000 wz=+0.000 mag=0.00    [NAV2 -> STM32] vx=+0.000 vy=+0.000 wz=+0.000 mag=0.00    [NAV2 -> STM32] vx=+0.000 vy=+0.000 wz=+0.000 mag=0.00    [NAV2 -> STM32] vx=+0.000 vy=+0.000 wz=+0.000 mag=0.00    [NAV2 -> STM32] vx=+0.000 vy=+0.000 wz=+0.000 mag=0.00    [NAV2 -> STM32] vx=+0.000 vy=+0.000 wz=+0.000 mag=0.00    [NAV2 -> STM32] vx=+0.000 vy=+0.000 wz=+0.000 mag=0.00    [NAV2 -> STM32] vx=+0.000 vy=+0.000 wz=+0.000 mag=0.00    [NAV2 -> STM32] vx=+0.000 vy=+0.000 wz=+0.000 mag=0.00    [NAV2 -> STM32] vx=+0.000 vy=+0.000 wz=+0.000 mag=0.00    [NAV2 -> STM32] vx=+0.000 vy=+0.000 wz=+0.000 mag=0.00    [NAV2 -> STM32] vx=+0.000 vy=+0.000 wz=+0.000 mag=0.00    [NAV2 -> STM32] vx=+0.000 vy=+0.000 wz=+0.000 mag=0.00    [NAV2 -> STM32] vx=+0.000 vy=+0.000 wz=+0.000 mag=0.00    [NAV2 -> STM32] vx=+0.000 vy=+0.000 wz=+0.000 mag=0.00    [NAV2 -> STM32] vx=+0.000 vy=+0.000 wz=+0.000 mag=0.00    [NAV2 -> STM32] vx=+0.000 vy=+0.000 wz=+0.000 mag=0.00    [NAV2 -> STM32] vx=+0.000 vy=+0.000 wz=+0.000 mag=0.00    [NAV2 -> STM32] vx=+0.000 vy=+0.000 wz=+0.000 mag=0.00    [NAV2 -> STM32] vx=+0.000 vy=+0.000 wz=+0.000 mag=0.00    [NAV2 -> STM32] vx=+0.000 vy=+0.000 wz=+0.000 mag=0.00    [NAV2 -> STM32] vx=+0.000 vy=+0.000 wz=+0.000 mag=0.00    [NAV2 -> STM32] vx=+0.000 vy=+0.000 wz=+0.000 mag=0.00    [NAV2 -> STM32] vx=+0.000 vy=+0.000 wz=+0.000 mag=0.00    [NAV2 -> STM32] vx=+0.000 vy=+0.000 wz=+0.000 mag=0.00    [NAV2 -> STM32] vx=+0.000 vy=+0.000 wz=+0.000 mag=0.00    [NAV2 -> STM32] vx=+0.000 vy=+0.000 wz=+0.000 mag=0.00    [NAV2 -> STM32] vx=+0.000 vy=+0.000 wz=+0.000 mag=0.00    [NAV2 -> STM32] vx=+0.000 vy=+0.000 wz=+0.000 mag=0.00    [NAV2 -> STM32] vx=+0.000 vy=+0.000 wz=+0.000 mag=0.00    [NAV2 -> STM32] vx=+0.000 vy=+0.000 wz=+0.000 mag=0.00    [NAV2 -> STM32] vx=+0.000 vy=+0.000 wz=+0.000 mag=0.00    [NAV2 -> STM32] vx=+0.000 vy=+0.000 wz=+0.000 mag=0.00    [NAV2 -> STM32] vx=+0.000 vy=+0.000 wz=+0.000 mag=0.00    [NAV2 -> STM32] vx=+0.000 vy=+0.000 wz=+0.000 mag=0.00    [NAV2 -> STM32] vx=+0.000 vy=+0.000 wz=+0.000 mag=0.00    [NAV2 -> STM32] vx=+0.000 vy=+0.000 wz=+0.000 mag=0.00    [NAV2 -> STM32] vx=+0.000 vy=+0.000 wz=+0.000 mag=0.00    [NAV2 -> STM32] vx=+0.000 vy=+0.000 wz=+0.000 mag=0.00    [NAV2 -> STM32] vx=+0.000 vy=+0.000 wz=+0.000 mag=0.00    [NAV2 -> STM32] vx=+0.000 vy=+0.000 wz=+0.000 mag=0.00    [NAV2 -> STM32] vx=+0.000 vy=+0.000 wz=+0.000 mag=0.00    [NAV2 -> STM32] vx=+0.000 vy=+0.000 wz=+0.000 mag=0.00    [NAV2 -> STM32] vx=+0.000 vy=+0.000 wz=+0.000 mag=0.00    [NAV2 -> STM32] vx=+0.000 vy=+0.000 wz=+0.000 mag=0.00    [NAV2 -> STM32] vx=+0.000 vy=+0.000 wz=+0.000 mag=0.00    [NAV2 -> STM32] vx=+0.000 vy=+0.000 wz=+0.000 mag=0.00    [NAV2 -> STM32] vx=+0.000 vy=+0.000 wz=+0.000 mag=0.00    [NAV2 -> STM32] vx=+0.000 vy=+0.000 wz=+0.000 mag=0.00    [NAV2 -> STM32] vx=+0.000 vy=+0.000 wz=+0.000 mag=0.00    [NAV2 -> STM32] vx=+0.000 vy=+0.000 wz=+0.000 mag=0.00    [NAV2 -> STM32] vx=+0.000 vy=+0.000 wz=+0.000 mag=0.00    [NAV2 -> STM32] vx=+0.000 vy=+0.000 wz=+0.000 mag=0.00    [NAV2 -> STM32] vx=+0.000 vy=+0.000 wz=+0.000 mag=0.00    [NAV2 -> STM32] vx=+0.000 vy=+0.000 wz=+0.000 mag=0.00    [NAV2 -> STM32] vx=+0.000 vy=+0.000 wz=+0.000 mag=0.00    [NAV2 -> STM32] vx=+0.000 vy=+0.000 wz=+0.000 mag=0.00    [NAV2 -> STM32] vx=+0.000 vy=+0.000 wz=+0.000 mag=0.00    [NAV2 -> STM32] vx=+0.000 vy=+0.000 wz=+0.000 mag=0.00    [NAV2 -> STM32] vx=+0.000 vy=+0.000 wz=+0.000 mag=0.00    [NAV2 -> STM32] vx=+0.000 vy=+0.000 wz=+0.000 mag=0.00    [NAV2 -> STM32] vx=+0.000 vy=+0.000 wz=+0.000 mag=0.00    [NAV2 -> STM32] vx=+0.000 vy=+0.000 wz=+0.000 mag=0.00    [NAV2 -> STM32] vx=+0.000 vy=+0.000 wz=+0.000 mag=0.00    [NAV2 -> STM32] vx=+0.000 vy=+0.000 wz=+0.000 mag=0.00    [NAV2 -> STM32] vx=+0.000 vy=+0.000 wz=+0.000 mag=0.00    [NAV2 -> STM32] vx=+0.000 vy=+0.000 wz=+0.000 mag=0.00    [NAV2 -> STM32] vx=+0.000 vy=+0.000 wz=+0.000 mag=0.00    [NAV2 -> STM32] vx=+0.000 vy=+0.000 wz=+0.000 mag=0.00    [NAV2 -> STM32] vx=+0.000 vy=+0.000 wz=+0.000 mag=0.00    [NAV2 -> STM32] vx=+0.000 vy=+0.000 wz=+0.000 mag=0.00    [NAV2 -> STM32] vx=+0.000 vy=+0.000 wz=+0.000 mag=0.00    [NAV2 -> STM32] vx=+0.000 vy=+0.000 wz=+0.000 mag=0.00    [NAV2 -> STM32] vx=+0.000 vy=+0.000 wz=+0.000 mag=0.00    [NAV2 -> STM32] vx=+0.000 vy=+0.000 wz=+0.000 mag=0.00    [NAV2 -> STM32] vx=+0.000 vy=+0.000 wz=+0.000 mag=0.00    [NAV2 -> STM32] vx=+0.000 vy=+0.000 wz=+0.000 mag=0.00    [NAV2 -> STM32] vx=+0.000 vy=+0.000 wz=+0.000 mag=0.00    [NAV2 -> STM32] vx=+0.000 vy=+0.000 wz=+0.000 mag=0.00    [NAV2 -> STM32] vx=+0.000 vy=+0.000 wz=+0.000 mag=0.00    [NAV2 -> STM32] vx=+0.000 vy=+0.000 wz=+0.000 mag=0.00    [NAV2 -> STM32] vx=+0.000 vy=+0.000 wz=+0.000 mag=0.00    [NAV2 -> STM32] vx=+0.000 vy=+0.000 wz=+0.000 mag=0.00    [NAV2 -> STM32] vx=+0.000 vy=+0.000 wz=+0.000 mag=0.00    [NAV2 -> STM32] vx=+0.000 vy=+0.000 wz=+0.000 mag=0.00    [NAV2 -> STM32] vx=+0.000 vy=+0.000 wz=+0.000 mag=0.00    [NAV2 -> STM32] vx=+0.000 vy=+0.000 wz=+0.000 mag=0.00    [NAV2 -> STM32] vx=+0.000 vy=+0.000 wz=+0.000 mag=0.00    [NAV2 -> STM32] vx=+0.000 vy=+0.000 wz=+0.000 mag=0.00    [NAV2 -> STM32] vx=+0.000 vy=+0.000 wz=+0.000 mag=0.00    [NAV2 -> STM32] vx=+0.000 vy=+0.000 wz=+0.000 mag=0.00    [NAV2 -> STM32] vx=+0.000 vy=+0.000 wz=+0.000 mag=0.00    [NAV2 -> STM32] vx=+0.000 vy=+0.000 wz=+0.000 mag=0.00    [NAV2 -> STM32] vx=+0.000 vy=+0.000 wz=+0.000 mag=0.00    [NAV2 -> STM32] vx=+0.000 vy=+0.000 wz=+0.000 mag=0.00    [NAV2 -> STM32] vx=+0.000 vy=+0.000 wz=+0.000 mag=0.00    [NAV2 -> STM32] vx=+0.000 vy=+0.000 wz=+0.000 mag=0.00    [NAV2 -> STM32] vx=+0.000 vy=+0.000 wz=+0.000 mag=0.00    [NAV2 -> STM32] vx=+0.000 vy=+0.000 wz=+0.000 mag=0.00    [NAV2 -> STM32] vx=+0.000 vy=+0.000 wz=+0.000 mag=0.00    [NAV2 -> STM32] vx=+0.000 vy=+0.000 wz=+0.000 mag=0.00    [NAV2 -> STM32] vx=+0.000 vy=+0.000 wz=+0.000 mag=0.00    [NAV2 -> STM32] vx=+0.000 vy=+0.000 wz=+0.000 mag=0.00    [NAV2 -> STM32] vx=+0.000 vy=+0.000 wz=+0.000 mag=0.00    [NAV2 -> STM32] vx=+0.000 vy=+0.000 wz=+0.000 mag=0.00    [NAV2 -> STM32] vx=+0.000 vy=+0.000 wz=+0.000 mag=0.00    [NAV2 -> STM32] vx=+0.000 vy=+0.000 wz=+0.000 mag=0.00    [NAV2 -> STM32] vx=+0.000 vy=+0.000 wz=+0.000 mag=0.00    [NAV2 -> STM32] vx=+0.000 vy=+0.000 wz=+0.000 mag=0.00    [NAV2 -> STM32] vx=+0.000 vy=+0.000 wz=+0.000 mag=0.00    [NAV2 -> STM32] vx=+0.000 vy=+0.000 wz=+0.000 mag=0.00    [NAV2 -> STM32] vx=+0.000 vy=+0.000 wz=+0.000 mag=0.00    [NAV2 -> STM32] vx=+0.000 vy=+0.000 wz=+0.000 mag=0.00    [NAV2 -> STM32] vx=+0.000 vy=+0.000 wz=+0.000 mag=0.00    [NAV2 -> STM32] vx=+0.000 vy=+0.000 wz=+0.000 mag=0.00    [NAV2 -> STM32] vx=+0.000 vy=+0.000 wz=+0.000 mag=0.00    [NAV2 -> STM32] vx=+0.000 vy=+0.000 wz=+0.000 mag=0.00    [NAV2 -> STM32] vx=+0.000 vy=+0.000 wz=+0.000 mag=0.00    [NAV2 -> STM32] vx=+0.000 vy=+0.000 wz=+0.000 mag=0.00    [NAV2 -> STM32] vx=+0.000 vy=+0.000 wz=+0.000 mag=0.00    [NAV2 -> STM32] vx=+0.000 vy=+0.000 wz=+0.000 mag=0.00    [NAV2 -> STM32] vx=+0.000 vy=+0.000 wz=+0.000 mag=0.00    [NAV2 -> STM32] vx=+0.000 vy=+0.000 wz=+0.000 mag=0.00    [NAV2 -> STM32] vx=+0.000 vy=+0.000 wz=+0.000 mag=0.00    [NAV2 -> STM32] vx=+0.000 vy=+0.000 wz=+0.000 mag=0.00    [NAV2 -> STM32] vx=+0.000 vy=+0.000 wz=+0.000 mag=0.00    [NAV2 -> STM32] vx=+0.000 vy=+0.000 wz=+0.000 mag=0.00    [NAV2 -> STM32] vx=+0.000 vy=+0.000 wz=+0.000 mag=0.00    [NAV2 -> STM32] vx=+0.000 vy=+0.000 wz=+0.000 mag=0.00    [NAV2 -> STM32] vx=+0.000 vy=+0.000 wz=+0.000 mag=0.00    [NAV2 -> STM32] vx=+0.000 vy=+0.000 wz=+0.000 mag=0.00    [NAV2 -> STM32] vx=+0.000 vy=+0.000 wz=+0.000 mag=0.00    [NAV2 -> STM32] vx=+0.000 vy=+0.000 wz=+0.000 mag=0.00    [NAV2 -> STM32] vx=+0.000 vy=+0.000 wz=+0.000 mag=0.00    [NAV2 -> STM32] vx=+0.000 vy=+0.000 wz=+0.000 mag=0.00    [NAV2 -> STM32] vx=+0.000 vy=+0.000 wz=+0.000 mag=0.00    [NAV2 -> STM32] vx=+0.000 vy=+0.000 wz=+0.000 mag=0.00    [NAV2 -> STM32] vx=+0.000 vy=+0.000 wz=+0.000 mag=0.00    [NAV2 -> STM32] vx=+0.000 vy=+0.000 wz=+0.000 mag=0.00    [NAV2 -> STM32] vx=+0.000 vy=+0.000 wz=+0.000 mag=0.00    [NAV2 -> STM32] vx=+0.000 vy=+0.000 wz=+0.000 mag=0.00    [NAV2 -> STM32] vx=+0.000 vy=+0.000 wz=+0.000 mag=0.00    [NAV2 -> STM32] vx=+0.000 vy=+0.000 wz=+0.000 mag=0.00    [NAV2 -> STM32] vx=+0.000 vy=+0.000 wz=+0.000 mag=0.00    [NAV2 -> STM32] vx=+0.000 vy=+0.000 wz=+0.000 mag=0.00    [NAV2 -> STM32] vx=+0.000 vy=+0.000 wz=+0.000 mag=0.00    [NAV2 -> STM32] vx=+0.000 vy=+0.000 wz=+0.000 mag=0.00    [NAV2 -> STM32] vx=+0.000 vy=+0.000 wz=+0.000 mag=0.00    [NAV2 -> STM32] vx=+0.000 vy=+0.000 wz=+0.000 mag=0.00    [NAV2 -> STM32] vx=+0.000 vy=+0.000 wz=+0.000 mag=0.00    [NAV2 -> STM32] vx=+0.000 vy=+0.000 wz=+0.000 mag=0.00    [NAV2 -> STM32] vx=+0.000 vy=+0.000 wz=+0.000 mag=0.00    [NAV2 -> STM32] vx=+0.000 vy=+0.000 wz=+0.000 mag=0.00    [NAV2 -> STM32] vx=+0.000 vy=+0.000 wz=+0.000 mag=0.00    [NAV2 -> STM32] vx=+0.000 vy=+0.000 wz=+0.000 mag=0.00    [NAV2 -> STM32] vx=+0.000 vy=+0.000 wz=+0.000 mag=0.00    [NAV2 -> STM32] vx=+0.000 vy=+0.000 wz=+0.000 mag=0.00    [NAV2 -> STM32] vx=+0.000 vy=+0.000 wz=+0.000 mag=0.00    [NAV2 -> STM32] vx=+0.000 vy=+0.000 wz=+0.000 mag=0.00    [NAV2 -> STM32] vx=+0.000 vy=+0.000 wz=+0.000 mag=0.00    [NAV2 -> STM32] vx=+0.000 vy=+0.000 wz=+0.000 mag=0.00    [NAV2 -> STM32] vx=+0.000 vy=+0.000 wz=+0.000 mag=0.00    [NAV2 -> STM32] vx=+0.000 vy=+0.000 wz=+0.000 mag=0.00    [NAV2 -> STM32] vx=+0.000 vy=+0.000 wz=+0.000 mag=0.00    [NAV2 -> STM32] vx=+0.000 vy=+0.000 wz=+0.000 mag=0.00    [NAV2 -> STM32] vx=+0.000 vy=+0.000 wz=+0.000 mag=0.00    [NAV2 -> STM32] vx=+0.000 vy=+0.000 wz=+0.000 mag=0.00    [NAV2 -> STM32] vx=+0.000 vy=+0.000 wz=+0.000 mag=0.00    [NAV2 -> STM32] vx=+0.000 vy=+0.000 wz=+0.000 mag=0.00    [NAV2 -> STM32] vx=+0.000 vy=+0.000 wz=+0.000 mag=0.00    [NAV2 -> STM32] vx=+0.000 vy=+0.000 wz=+0.000 mag=0.00    [NAV2 -> STM32] vx=+0.000 vy=+0.000 wz=+0.000 mag=0.00    [NAV2 -> STM32] vx=+0.000 vy=+0.000 wz=+0.000 mag=0.00    [NAV2 -> STM32] vx=+0.000 vy=+0.000 wz=+0.000 mag=0.00    [NAV2 -> STM32] vx=+0.000 vy=+0.000 wz=+0.000 mag=0.00    [NAV2 -> STM32] vx=+0.000 vy=+0.000 wz=+0.000 mag=0.00    [NAV2 -> STM32] vx=+0.000 vy=+0.000 wz=+0.000 mag=0.00    [NAV2 -> STM32] vx=+0.000 vy=+0.000 wz=+0.000 mag=0.00    [NAV2 -> STM32] vx=+0.000 vy=+0.000 wz=+0.000 mag=0.00    [NAV2 -> STM32] vx=+0.000 vy=+0.000 wz=+0.000 mag=0.00    [NAV2 -> STM32] vx=+0.000 vy=+0.000 wz=+0.000 mag=0.00    [NAV2 -> STM32] vx=+0.000 vy=+0.000 wz=+0.000 mag=0.00    [NAV2 -> STM32] vx=+0.000 vy=+0.000 wz=+0.000 mag=0.00    [NAV2 -> STM32] vx=+0.000 vy=+0.000 wz=+0.000 mag=0.00    [NAV2 -> STM32] vx=+0.000 vy=+0.000 wz=+0.000 mag=0.00    [NAV2 -> STM32] vx=+0.000 vy=+0.000 wz=+0.000 mag=0.00    [NAV2 -> STM32] vx=+0.000 vy=+0.000 wz=+0.000 mag=0.00    [NAV2 -> STM32] vx=+0.000 vy=+0.000 wz=+0.000 mag=0.00    [NAV2 -> STM32] vx=+0.000 vy=+0.000 wz=+0.000 mag=0.00    [NAV2 -> STM32] vx=+0.000 vy=+0.000 wz=+0.000 mag=0.00    [NAV2 -> STM32] vx=+0.000 vy=+0.000 wz=+0.000 mag=0.00    [NAV2 -> STM32] vx=+0.000 vy=+0.000 wz=+0.000 mag=0.00    [NAV2 -> STM32] vx=+0.000 vy=+0.000 wz=+0.000 mag=0.00    [NAV2 -> STM32] vx=+0.000 vy=+0.000 wz=+0.000 mag=0.00    [NAV2 -> STM32] vx=+0.000 vy=+0.000 wz=+0.000 mag=0.00    [NAV2 -> STM32] vx=+0.000 vy=+0.000 wz=+0.000 mag=0.00    [NAV2 -> STM32] vx=+0.000 vy=+0.000 wz=+0.000 mag=0.00    [NAV2 -> STM32] vx=+0.000 vy=+0.000 wz=+0.000 mag=0.00    [NAV2 -> STM32] vx=+0.000 vy=+0.000 wz=+0.000 mag=0.00    [NAV2 -> STM32] vx=+0.000 vy=+0.000 wz=+0.000 mag=0.00    [NAV2 -> STM32] vx=+0.000 vy=+0.000 wz=+0.000 mag=0.00    [NAV2 -> STM32] vx=+0.000 vy=+0.000 wz=+0.000 mag=0.00    [NAV2 -> STM32] vx=+0.000 vy=+0.000 wz=+0.000 mag=0.00    [NAV2 -> STM32] vx=+0.000 vy=+0.000 wz=+0.000 mag=0.00    [NAV2 -> STM32] vx=+0.000 vy=+0.000 wz=+0.000 mag=0.00    [NAV2 -> STM32] vx=+0.000 vy=+0.000 wz=+0.000 mag=0.00    [NAV2 -> STM32] vx=+0.000 vy=+0.000 wz=+0.000 mag=0.00    [NAV2 -> STM32] vx=+0.000 vy=+0.000 wz=+0.000 mag=0.00    [NAV2 -> STM32] vx=+0.000 vy=+0.000 wz=+0.000 mag=0.00    [NAV2 -> STM32] vx=+0.000 vy=+0.000 wz=+0.000 mag=0.00    [NAV2 -> STM32] vx=+0.000 vy=+0.000 wz=+0.000 mag=0.00    [NAV2 -> STM32] vx=+0.000 vy=+0.000 wz=+0.000 mag=0.00    [NAV2 -> STM32] vx=+0.000 vy=+0.000 wz=+0.000 mag=0.00    [NAV2 -> STM32] vx=+0.000 vy=+0.000 wz=+0.000 mag=0.00    [NAV2 -> STM32] vx=+0.000 vy=+0.000 wz=+0.000 mag=0.00    [NAV2 -> STM32] vx=+0.000 vy=+0.000 wz=+0.000 mag=0.00    [NAV2 -> STM32] vx=+0.000 vy=+0.000 wz=+0.000 mag=0.00    [NAV2 -> STM32] vx=+0.000 vy=+0.000 wz=+0.000 mag=0.00    [NAV2 -> STM32] vx=+0.000 vy=+0.000 wz=+0.000 mag=0.00    [NAV2 -> STM32] vx=+0.000 vy=+0.000 wz=+0.000 mag=0.00    [NAV2 -> STM32] vx=+0.000 vy=+0.000 wz=+0.000 mag=0.00    [NAV2 -> STM32] vx=+0.000 vy=+0.000 wz=+0.000 mag=0.00    [NAV2 -> STM32] vx=+0.000 vy=+0.000 wz=+0.000 mag=0.00    [NAV2 -> STM32] vx=+0.000 vy=+0.000 wz=+0.000 mag=0.00    [NAV2 -> STM32] vx=+0.000 vy=+0.000 wz=+0.000 mag=0.00    [NAV2 -> STM32] vx=+0.000 vy=+0.000 wz=+0.000 mag=0.00    [NAV2 -> STM32] vx=+0.000 vy=+0.000 wz=+0.000 mag=0.00    [NAV2 -> STM32] vx=+0.000 vy=+0.000 wz=+0.000 mag=0.00    [NAV2 -> STM32] vx=+0.000 vy=+0.000 wz=+0.000 mag=0.00    [NAV2 -> STM32] vx=+0.000 vy=+0.000 wz=+0.000 mag=0.00    [NAV2 -> STM32] vx=+0.000 vy=+0.000 wz=+0.000 mag=0.00    [NAV2 -> STM32] vx=+0.000 vy=+0.000 wz=+0.000 mag=0.00    [NAV2 -> STM32] vx=+0.000 vy=+0.000 wz=+0.000 mag=0.00    [NAV2 -> STM32] vx=+0.000 vy=+0.000 wz=+0.000 mag=0.00    [NAV2 -> STM32] vx=+0.000 vy=+0.000 wz=+0.000 mag=0.00    [NAV2 -> STM32] vx=+0.000 vy=+0.000 wz=+0.000 mag=0.00    [NAV2 -> STM32] vx=+0.000 vy=+0.000 wz=+0.000 mag=0.00    [NAV2 -> STM32] vx=+0.000 vy=+0.000 wz=+0.000 mag=0.00    [NAV2 -> STM32] vx=+0.000 vy=+0.000 wz=+0.000 mag=0.00    [NAV2 -> STM32] vx=+0.000 vy=+0.000 wz=+0.000 mag=0.00    [NAV2 -> STM32] vx=+0.000 vy=+0.000 wz=+0.000 mag=0.00    [NAV2 -> STM32] vx=+0.000 vy=+0.000 wz=+0.000 mag=0.00    [NAV2 -> STM32] vx=+0.000 vy=+0.000 wz=+0.000 mag=0.00    [NAV2 -> STM32] vx=+0.000 vy=+0.000 wz=+0.000 mag=0.00    [NAV2 -> STM32] vx=+0.000 vy=+0.000 wz=+0.000 mag=0.00    [NAV2 -> STM32] vx=+0.000 vy=+0.000 wz=+0.000 mag=0.00    [NAV2 -> STM32] vx=+0.000 vy=+0.000 wz=+0.000 mag=0.00    [NAV2 -> STM32] vx=+0.000 vy=+0.000 wz=+0.000 mag=0.00    [NAV2 -> STM32] vx=+0.000 vy=+0.000 wz=+0.000 mag=0.00    [NAV2 -> STM32] vx=+0.000 vy=+0.000 wz=+0.000 mag=0.00    [NAV2 -> STM32] vx=+0.000 vy=+0.000 wz=+0.000 mag=0.00    [NAV2 -> STM32] vx=+0.000 vy=+0.000 wz=+0.000 mag=0.00    [NAV2 -> STM32] vx=+0.000 vy=+0.000 wz=+0.000 mag=0.00    [NAV2 -> STM32] vx=+0.000 vy=+0.000 wz=+0.000 mag=0.00    [NAV2 -> STM32] vx=+0.000 vy=+0.000 wz=+0.000 mag=0.00    [NAV2 -> STM32] vx=+0.000 vy=+0.000 wz=+0.000 mag=0.00    [NAV2 -> STM32] vx=+0.000 vy=+0.000 wz=+0.000 mag=0.00    [NAV2 -> STM32] vx=+0.000 vy=+0.000 wz=+0.000 mag=0.00    [NAV2 -> STM32] vx=+0.000 vy=+0.000 wz=+0.000 mag=0.00    [NAV2 -> STM32] vx=+0.000 vy=+0.000 wz=+0.000 mag=0.00    [NAV2 -> STM32] vx=+0.000 vy=+0.000 wz=+0.000 mag=0.00    [NAV2 -> STM32] vx=+0.000 vy=+0.000 wz=+0.000 mag=0.00    [NAV2 -> STM32] vx=+0.000 vy=+0.000 wz=+0.000 mag=0.00    [NAV2 -> STM32] vx=+0.000 vy=+0.000 wz=+0.000 mag=0.00    [NAV2 -> STM32] vx=+0.000 vy=+0.000 wz=+0.000 mag=0.00    [NAV2 -> STM32] vx=+0.000 vy=+0.000 wz=+0.000 mag=0.00    [NAV2 -> STM32] vx=+0.000 vy=+0.000 wz=+0.000 mag=0.00    [NAV2 -> STM32] vx=+0.000 vy=+0.000 wz=+0.000 mag=0.00    [NAV2 -> STM32] vx=+0.000 vy=+0.000 wz=+0.000 mag=0.00    [NAV2 -> STM32] vx=+0.000 vy=+0.000 wz=+0.000 mag=0.00    [NAV2 -> STM32] vx=+0.000 vy=+0.000 wz=+0.000 mag=0.00    [NAV2 -> STM32] vx=+0.000 vy=+0.000 wz=+0.000 mag=0.00    [NAV2 -> STM32] vx=+0.000 vy=+0.000 wz=+0.000 mag=0.00    [NAV2 -> STM32] vx=+0.000 vy=+0.000 wz=+0.000 mag=0.00    [NAV2 -> STM32] vx=+0.000 vy=+0.000 wz=+0.000 mag=0.00    [NAV2 -> STM32] vx=+0.000 vy=+0.000 wz=+0.000 mag=0.00    [NAV2 -> STM32] vx=+0.000 vy=+0.000 wz=+0.000 mag=0.00    [NAV2 -> STM32] vx=+0.000 vy=+0.000 wz=+0.000 mag=0.00    [NAV2 -> STM32] vx=+0.000 vy=+0.000 wz=+0.000 mag=0.00    [NAV2 -> STM32] vx=+0.000 vy=+0.000 wz=+0.000 mag=0.00    [NAV2 -> STM32] vx=+0.000 vy=+0.000 wz=+0.000 mag=0.00    [NAV2 -> STM32] vx=+0.000 vy=+0.000 wz=+0.000 mag=0.00    [NAV2 -> STM32] vx=+0.000 vy=+0.000 wz=+0.000 mag=0.00    [NAV2 -> STM32] vx=+0.000 vy=+0.000 wz=+0.000 mag=0.00    [NAV2 -> STM32] vx=+0.000 vy=+0.000 wz=+0.000 mag=0.00    [NAV2 -> STM32] vx=+0.000 vy=+0.000 wz=+0.000 mag=0.00    [NAV2 -> STM32] vx=+0.000 vy=+0.000 wz=+0.000 mag=0.00    [NAV2 -> STM32] vx=+0.000 vy=+0.000 wz=+0.000 mag=0.00    [NAV2 -> STM32] vx=+0.000 vy=+0.000 wz=+0.000 mag=0.00    [NAV2 -> STM32] vx=+0.000 vy=+0.000 wz=+0.000 mag=0.00    [NAV2 -> STM32] vx=+0.000 vy=+0.000 wz=+0.000 mag=0.00    [NAV2 -> STM32] vx=+0.000 vy=+0.000 wz=+0.000 mag=0.00    [NAV2 -> STM32] vx=+0.000 vy=+0.000 wz=+0.000 mag=0.00    [NAV2 -> STM32] vx=+0.000 vy=+0.000 wz=+0.000 mag=0.00    [NAV2 -> STM32] vx=+0.000 vy=+0.000 wz=+0.000 mag=0.00    [NAV2 -> STM32] vx=+0.000 vy=+0.000 wz=+0.000 mag=0.00    [NAV2 -> STM32] vx=+0.000 vy=+0.000 wz=+0.000 mag=0.00    [NAV2 -> STM32] vx=+0.000 vy=+0.000 wz=+0.000 mag=0.00    [NAV2 -> STM32] vx=+0.000 vy=+0.000 wz=+0.000 mag=0.00    [NAV2 -> STM32] vx=+0.000 vy=+0.000 wz=+0.000 mag=0.00    [NAV2 -> STM32] vx=+0.000 vy=+0.000 wz=+0.000 mag=0.00    [NAV2 -> STM32] vx=+0.000 vy=+0.000 wz=+0.000 mag=0.00    [NAV2 -> STM32] vx=+0.000 vy=+0.000 wz=+0.000 mag=0.00    [NAV2 -> STM32] vx=+0.000 vy=+0.000 wz=+0.000 mag=0.00    [NAV2 -> STM32] vx=+0.000 vy=+0.000 wz=+0.000 mag=0.00    [NAV2 -> STM32] vx=+0.000 vy=+0.000 wz=+0.000 mag=0.00    [NAV2 -> STM32] vx=+0.000 vy=+0.000 wz=+0.000 mag=0.00    [NAV2 -> STM32] vx=+0.000 vy=+0.000 wz=+0.000 mag=0.00    [NAV2 -> STM32] vx=+0.000 vy=+0.000 wz=+0.000 mag=0.00    [NAV2 -> STM32] vx=+0.000 vy=+0.000 wz=+0.000 mag=0.00    [NAV2 -> STM32] vx=+0.000 vy=+0.000 wz=+0.000 mag=0.00    [NAV2 -> STM32] vx=+0.000 vy=+0.000 wz=+0.000 mag=0.00    [NAV2 -> STM32] vx=+0.000 vy=+0.000 wz=+0.000 mag=0.00    [NAV2 -> STM32] vx=+0.000 vy=+0.000 wz=+0.000 mag=0.00    [NAV2 -> STM32] vx=+0.000 vy=+0.000 wz=+0.000 mag=0.00    [NAV2 -> STM32] vx=+0.000 vy=+0.000 wz=+0.000 mag=0.00    [NAV2 -> STM32] vx=+0.000 vy=+0.000 wz=+0.000 mag=0.00    [NAV2 -> STM32] vx=+0.000 vy=+0.000 wz=+0.000 mag=0.00    [NAV2 -> STM32] vx=+0.000 vy=+0.000 wz=+0.000 mag=0.00    [NAV2 -> STM32] vx=+0.000 vy=+0.000 wz=+0.000 mag=0.00    [NAV2 -> STM32] vx=+0.000 vy=+0.000 wz=+0.000 mag=0.00    [NAV2 -> STM32] vx=+0.000 vy=+0.000 wz=+0.000 mag=0.00    [NAV2 -> STM32] vx=+0.000 vy=+0.000 wz=+0.000 mag=0.00    [NAV2 -> STM32] vx=+0.000 vy=+0.000 wz=+0.000 mag=0.00    [NAV2 -> STM32] vx=+0.000 vy=+0.000 wz=+0.000 mag=0.00    [NAV2 -> STM32] vx=+0.000 vy=+0.000 wz=+0.000 mag=0.00    [NAV2 -> STM32] vx=+0.000 vy=+0.000 wz=+0.000 mag=0.00    [NAV2 -> STM32] vx=+0.000 vy=+0.000 wz=+0.000 mag=0.00    [NAV2 -> STM32] vx=+0.000 vy=+0.000 wz=+0.000 mag=0.00    [NAV2 -> STM32] vx=+0.000 vy=+0.000 wz=+0.000 mag=0.00    [NAV2 -> STM32] vx=+0.000 vy=+0.000 wz=+0.000 mag=0.00    [NAV2 -> STM32] vx=+0.000 vy=+0.000 wz=+0.000 mag=0.00    [NAV2 -> STM32] vx=+0.000 vy=+0.000 wz=+0.000 mag=0.00    [NAV2 -> STM32] vx=+0.000 vy=+0.000 wz=+0.000 mag=0.00    [NAV2 -> STM32] vx=+0.000 vy=+0.000 wz=+0.000 mag=0.00    [NAV2 -> STM32] vx=+0.000 vy=+0.000 wz=+0.000 mag=0.00    [NAV2 -> STM32] vx=+0.000 vy=+0.000 wz=+0.000 mag=0.00    [NAV2 -> STM32] vx=+0.000 vy=+0.000 wz=+0.000 mag=0.00    [NAV2 -> STM32] vx=+0.000 vy=+0.000 wz=+0.000 mag=0.00    [NAV2 -> STM32] vx=+0.000 vy=+0.000 wz=+0.000 mag=0.00    [NAV2 -> STM32] vx=+0.000 vy=+0.000 wz=+0.000 mag=0.00    [NAV2 -> STM32] vx=+0.000 vy=+0.000 wz=+0.000 mag=0.00    [NAV2 -> STM32] vx=+0.000 vy=+0.000 wz=+0.000 mag=0.00    [NAV2 -> STM32] vx=+0.000 vy=+0.000 wz=+0.000 mag=0.00    [NAV2 -> STM32] vx=+0.000 vy=+0.000 wz=+0.000 mag=0.00    [NAV2 -> STM32] vx=+0.000 vy=+0.000 wz=+0.000 mag=0.00    [NAV2 -> STM32] vx=+0.000 vy=+0.000 wz=+0.000 mag=0.00    [NAV2 -> STM32] vx=+0.000 vy=+0.000 wz=+0.000 mag=0.00    [NAV2 -> STM32] vx=+0.000 vy=+0.000 wz=+0.000 mag=0.00    [NAV2 -> STM32] vx=+0.000 vy=+0.000 wz=+0.000 mag=0.00    [NAV2 -> STM32] vx=+0.000 vy=+0.000 wz=+0.000 mag=0.00    [NAV2 -> STM32] vx=+0.000 vy=+0.000 wz=+0.000 mag=0.00    [NAV2 -> STM32] vx=+0.000 vy=+0.000 wz=+0.000 mag=0.00    [NAV2 -> STM32] vx=+0.000 vy=+0.000 wz=+0.000 mag=0.00    [NAV2 -> STM32] vx=+0.000 vy=+0.000 wz=+0.000 mag=0.00    [NAV2 -> STM32] vx=+0.000 vy=+0.000 wz=+0.000 mag=0.00    [NAV2 -> STM32] vx=+0.000 vy=+0.000 wz=+0.000 mag=0.00    [NAV2 -> STM32] vx=+0.000 vy=+0.000 wz=+0.000 mag=0.00    [NAV2 -> STM32] vx=+0.000 vy=+0.000 wz=+0.000 mag=0.00    [NAV2 -> STM32] vx=+0.000 vy=+0.000 wz=+0.000 mag=0.00    [NAV2 -> STM32] vx=+0.000 vy=+0.000 wz=+0.000 mag=0.00    [NAV2 -> STM32] vx=+0.000 vy=+0.000 wz=+0.000 mag=0.00    [NAV2 -> STM32] vx=+0.000 vy=+0.000 wz=+0.000 mag=0.00    [NAV2 -> STM32] vx=+0.000 vy=+0.000 wz=+0.000 mag=0.00    [NAV2 -> STM32] vx=+0.000 vy=+0.000 wz=+0.000 mag=0.00    [NAV2 -> STM32] vx=+0.000 vy=+0.000 wz=+0.000 mag=0.00    [NAV2 -> STM32] vx=+0.000 vy=+0.000 wz=+0.000 mag=0.00    [NAV2 -> STM32] vx=+0.000 vy=+0.000 wz=+0.000 mag=0.00    [NAV2 -> STM32] vx=+0.000 vy=+0.000 wz=+0.000 mag=0.00    [NAV2 -> STM32] vx=+0.000 vy=+0.000 wz=+0.000 mag=0.00    [NAV2 -> STM32] vx=+0.000 vy=+0.000 wz=+0.000 mag=0.00    [NAV2 -> STM32] vx=+0.000 vy=+0.000 wz=+0.000 mag=0.00    [NAV2 -> STM32] vx=+0.000 vy=+0.000 wz=+0.000 mag=0.00    [NAV2 -> STM32] vx=+0.000 vy=+0.000 wz=+0.000 mag=0.00    [NAV2 -> STM32] vx=+0.000 vy=+0.000 wz=+0.000 mag=0.00    [NAV2 -> STM32] vx=+0.000 vy=+0.000 wz=+0.000 mag=0.00    [NAV2 -> STM32] vx=+0.000 vy=+0.000 wz=+0.000 mag=0.00    [NAV2 -> STM32] vx=+0.000 vy=+0.000 wz=+0.000 mag=0.00    [NAV2 -> STM32] vx=+0.000 vy=+0.000 wz=+0.000 mag=0.00    [NAV2 -> STM32] vx=+0.000 vy=+0.000 wz=+0.000 mag=0.00    [NAV2 -> STM32] vx=+0.000 vy=+0.000 wz=+0.000 mag=0.00    [NAV2 -> STM32] vx=+0.000 vy=+0.000 wz=+0.000 mag=0.00    [NAV2 -> STM32] vx=+0.000 vy=+0.000 wz=+0.000 mag=0.00    [NAV2 -> STM32] vx=+0.000 vy=+0.000 wz=+0.000 mag=0.00    [NAV2 -> STM32] vx=+0.000 vy=+0.000 wz=+0.000 mag=0.00    [NAV2 -> STM32] vx=+0.000 vy=+0.000 wz=+0.000 mag=0.00    [NAV2 -> STM32] vx=+0.000 vy=+0.000 wz=+0.000 mag=0.00    [NAV2 -> STM32] vx=+0.000 vy=+0.000 wz=+0.000 mag=0.00    [NAV2 -> STM32] vx=+0.000 vy=+0.000 wz=+0.000 mag=0.00    [NAV2 -> STM32] vx=+0.000 vy=+0.000 wz=+0.000 mag=0.00    [NAV2 -> STM32] vx=+0.000 vy=+0.000 wz=+0.000 mag=0.00    [NAV2 -> STM32] vx=+0.000 vy=+0.000 wz=+0.000 mag=0.00    [NAV2 -> STM32] vx=+0.000 vy=+0.000 wz=+0.000 mag=0.00    [NAV2 -> STM32] vx=+0.000 vy=+0.000 wz=+0.000 mag=0.00    [NAV2 -> STM32] vx=+0.000 vy=+0.000 wz=+0.000 mag=0.00    [NAV2 -> STM32] vx=+0.000 vy=+0.000 wz=+0.000 mag=0.00    [NAV2 -> STM32] vx=+0.000 vy=+0.000 wz=+0.000 mag=0.00    [NAV2 -> STM32] vx=+0.000 vy=+0.000 wz=+0.000 mag=0.00    [NAV2 -> STM32] vx=+0.000 vy=+0.000 wz=+0.000 mag=0.00    [NAV2 -> STM32] vx=+0.000 vy=+0.000 wz=+0.000 mag=0.00    [NAV2 -> STM32] vx=+0.000 vy=+0.000 wz=+0.000 mag=0.00    [NAV2 -> STM32] vx=+0.000 vy=+0.000 wz=+0.000 mag=0.00    [NAV2 -> STM32] vx=+0.000 vy=+0.000 wz=+0.000 mag=0.00    [NAV2 -> STM32] vx=+0.000 vy=+0.000 wz=+0.000 mag=0.00    [NAV2 -> STM32] vx=+0.000 vy=+0.000 wz=+0.000 mag=0.00    [NAV2 -> STM32] vx=+0.000 vy=+0.000 wz=+0.000 mag=0.00    [NAV2 -> STM32] vx=+0.000 vy=+0.000 wz=+0.000 mag=0.00    [NAV2 -> STM32] vx=+0.000 vy=+0.000 wz=+0.000 mag=0.00    [NAV2 -> STM32] vx=+0.000 vy=+0.000 wz=+0.000 mag=0.00    [NAV2 -> STM32] vx=+0.000 vy=+0.000 wz=+0.000 mag=0.00    [NAV2 -> STM32] vx=+0.000 vy=+0.000 wz=+0.000 mag=0.00    [NAV2 -> STM32] vx=+0.000 vy=+0.000 wz=+0.000 mag=0.00    [NAV2 -> STM32] vx=+0.000 vy=+0.000 wz=+0.000 mag=0.00    [NAV2 -> STM32] vx=+0.000 vy=+0.000 wz=+0.000 mag=0.00    [NAV2 -> STM32] vx=+0.000 vy=+0.000 wz=+0.000 mag=0.00    [NAV2 -> STM32] vx=+0.000 vy=+0.000 wz=+0.000 mag=0.00    [NAV2 -> STM32] vx=+0.000 vy=+0.000 wz=+0.000 mag=0.00    [NAV2 -> STM32] vx=+0.000 vy=+0.000 wz=+0.000 mag=0.00    [NAV2 -> STM32] vx=+0.000 vy=+0.000 wz=+0.000 mag=0.00    [NAV2 -> STM32] vx=+0.000 vy=+0.000 wz=+0.000 mag=0.00    [NAV2 -> STM32] vx=+0.000 vy=+0.000 wz=+0.000 mag=0.00    [NAV2 -> STM32] vx=+0.000 vy=+0.000 wz=+0.000 mag=0.00    [NAV2 -> STM32] vx=+0.000 vy=+0.000 wz=+0.000 mag=0.00    [NAV2 -> STM32] vx=+0.000 vy=+0.000 wz=+0.000 mag=0.00    [NAV2 -> STM32] vx=+0.000 vy=+0.000 wz=+0.000 mag=0.00    [NAV2 -> STM32] vx=+0.000 vy=+0.000 wz=+0.000 mag=0.00    [NAV2 -> STM32] vx=+0.000 vy=+0.000 wz=+0.000 mag=0.00    [NAV2 -> STM32] vx=+0.000 vy=+0.000 wz=+0.000 mag=0.00    [NAV2 -> STM32] vx=+0.000 vy=+0.000 wz=+0.000 mag=0.00    [NAV2 -> STM32] vx=+0.000 vy=+0.000 wz=+0.000 mag=0.00    [NAV2 -> STM32] vx=+0.000 vy=+0.000 wz=+0.000 mag=0.00    [NAV2 -> STM32] vx=+0.000 vy=+0.000 wz=+0.000 mag=0.00    [NAV2 -> STM32] vx=+0.000 vy=+0.000 wz=+0.000 mag=0.00    [NAV2 -> STM32] vx=+0.000 vy=+0.000 wz=+0.000 mag=0.00    [NAV2 -> STM32] vx=+0.000 vy=+0.000 wz=+0.000 mag=0.00    [NAV2 -> STM32] vx=+0.000 vy=+0.000 wz=+0.000 mag=0.00    [NAV2 -> STM32] vx=+0.000 vy=+0.000 wz=+0.000 mag=0.00    [NAV2 -> STM32] vx=+0.000 vy=+0.000 wz=+0.000 mag=0.00    [NAV2 -> STM32] vx=+0.000 vy=+0.000 wz=+0.000 mag=0.00    [NAV2 -> STM32] vx=+0.000 vy=+0.000 wz=+0.000 mag=0.00    [NAV2 -> STM32] vx=+0.000 vy=+0.000 wz=+0.000 mag=0.00    [NAV2 -> STM32] vx=+0.000 vy=+0.000 wz=+0.000 mag=0.00    [NAV2 -> STM32] vx=+0.000 vy=+0.000 wz=+0.000 mag=0.00    [NAV2 -> STM32] vx=+0.000 vy=+0.000 wz=+0.000 mag=0.00    [NAV2 -> STM32] vx=+0.000 vy=+0.000 wz=+0.000 mag=0.00    [NAV2 -> STM32] vx=+0.000 vy=+0.000 wz=+0.000 mag=0.00    [NAV2 -> STM32] vx=+0.000 vy=+0.000 wz=+0.000 mag=0.00    [NAV2 -> STM32] vx=+0.000 vy=+0.000 wz=+0.000 mag=0.00    [NAV2 -> STM32] vx=+0.000 vy=+0.000 wz=+0.000 mag=0.00    [NAV2 -> STM32] vx=+0.000 vy=+0.000 wz=+0.000 mag=0.00    [NAV2 -> STM32] vx=+0.000 vy=+0.000 wz=+0.000 mag=0.00    [NAV2 -> STM32] vx=+0.000 vy=+0.000 wz=+0.000 mag=0.00    [NAV2 -> STM32] vx=+0.000 vy=+0.000 wz=+0.000 mag=0.00    [NAV2 -> STM32] vx=+0.000 vy=+0.000 wz=+0.000 mag=0.00    [NAV2 -> STM32] vx=+0.000 vy=+0.000 wz=+0.000 mag=0.00    [NAV2 -> STM32] vx=+0.000 vy=+0.000 wz=+0.000 mag=0.00    [NAV2 -> STM32] vx=+0.000 vy=+0.000 wz=+0.000 mag=0.00    [NAV2 -> STM32] vx=+0.000 vy=+0.000 wz=+0.000 mag=0.00    [NAV2 -> STM32] vx=+0.000 vy=+0.000 wz=+0.000 mag=0.00    [NAV2 -> STM32] vx=+0.000 vy=+0.000 wz=+0.000 mag=0.00    [NAV2 -> STM32] vx=+0.000 vy=+0.000 wz=+0.000 mag=0.00    [NAV2 -> STM32] vx=+0.000 vy=+0.000 wz=+0.000 mag=0.00    [NAV2 -> STM32] vx=+0.000 vy=+0.000 wz=+0.000 mag=0.00    [NAV2 -> STM32] vx=+0.000 vy=+0.000 wz=+0.000 mag=0.00    [NAV2 -> STM32] vx=+0.000 vy=+0.000 wz=+0.000 mag=0.00    [NAV2 -> STM32] vx=+0.000 vy=+0.000 wz=+0.000 mag=0.00    [NAV2 -> STM32] vx=+0.000 vy=+0.000 wz=+0.000 mag=0.00    [NAV2 -> STM32] vx=+0.000 vy=+0.000 wz=+0.000 mag=0.00    [NAV2 -> STM32] vx=+0.000 vy=+0.000 wz=+0.000 mag=0.00    [NAV2 -> STM32] vx=+0.000 vy=+0.000 wz=+0.000 mag=0.00    [NAV2 -> STM32] vx=+0.000 vy=+0.000 wz=+0.000 mag=0.00    [NAV2 -> STM32] vx=+0.000 vy=+0.000 wz=+0.000 mag=0.00    [NAV2 -> STM32] vx=+0.000 vy=+0.000 wz=+0.000 mag=0.00    [NAV2 -> STM32] vx=+0.000 vy=+0.000 wz=+0.000 mag=0.00    [NAV2 -> STM32] vx=+0.000 vy=+0.000 wz=+0.000 mag=0.00    [NAV2 -> STM32] vx=+0.000 vy=+0.000 wz=+0.000 mag=0.00    [NAV2 -> STM32] vx=+0.000 vy=+0.000 wz=+0.000 mag=0.00    [NAV2 -> STM32] vx=+0.000 vy=+0.000 wz=+0.000 mag=0.00    [NAV2 -> STM32] vx=+0.000 vy=+0.000 wz=+0.000 mag=0.00    [NAV2 -> STM32] vx=+0.000 vy=+0.000 wz=+0.000 mag=0.00    [NAV2 -> STM32] vx=+0.000 vy=+0.000 wz=+0.000 mag=0.00    [NAV2 -> STM32] vx=+0.000 vy=+0.000 wz=+0.000 mag=0.00    [NAV2 -> STM32] vx=+0.000 vy=+0.000 wz=+0.000 mag=0.00    [NAV2 -> STM32] vx=+0.000 vy=+0.000 wz=+0.000 mag=0.00    [NAV2 -> STM32] vx=+0.000 vy=+0.000 wz=+0.000 mag=0.00    [NAV2 -> STM32] vx=+0.000 vy=+0.000 wz=+0.000 mag=0.00    [NAV2 -> STM32] vx=+0.000 vy=+0.000 wz=+0.000 mag=0.00    [NAV2 -> STM32] vx=+0.000 vy=+0.000 wz=+0.000 mag=0.00    [NAV2 -> STM32] vx=+0.000 vy=+0.000 wz=+0.000 mag=0.00    [NAV2 -> STM32] vx=+0.000 vy=+0.000 wz=+0.000 mag=0.00    [NAV2 -> STM32] vx=+0.000 vy=+0.000 wz=+0.000 mag=0.00    [NAV2 -> STM32] vx=+0.000 vy=+0.000 wz=+0.000 mag=0.00    [NAV2 -> STM32] vx=+0.000 vy=+0.000 wz=+0.000 mag=0.00    [NAV2 -> STM32] vx=+0.000 vy=+0.000 wz=+0.000 mag=0.00    [NAV2 -> STM32] vx=+0.000 vy=+0.000 wz=+0.000 mag=0.00    [NAV2 -> STM32] vx=+0.000 vy=+0.000 wz=+0.000 mag=0.00    [NAV2 -> STM32] vx=+0.000 vy=+0.000 wz=+0.000 mag=0.00    [NAV2 -> STM32] vx=+0.000 vy=+0.000 wz=+0.000 mag=0.00    [NAV2 -> STM32] vx=+0.000 vy=+0.000 wz=+0.000 mag=0.00    [NAV2 -> STM32] vx=+0.000 vy=+0.000 wz=+0.000 mag=0.00    [NAV2 -> STM32] vx=+0.000 vy=+0.000 wz=+0.000 mag=0.00    [NAV2 -> STM32] vx=+0.000 vy=+0.000 wz=+0.000 mag=0.00    [NAV2 -> STM32] vx=+0.000 vy=+0.000 wz=+0.000 mag=0.00    [NAV2 -> STM32] vx=+0.000 vy=+0.000 wz=+0.000 mag=0.00    [NAV2 -> STM32] vx=+0.000 vy=+0.000 wz=+0.000 mag=0.00    [NAV2 -> STM32] vx=+0.000 vy=+0.000 wz=+0.000 mag=0.00    [NAV2 -> STM32] vx=+0.000 vy=+0.000 wz=+0.000 mag=0.00    [NAV2 -> STM32] vx=+0.000 vy=+0.000 wz=+0.000 mag=0.00    [NAV2 -> STM32] vx=+0.000 vy=+0.000 wz=+0.000 mag=0.00    [NAV2 -> STM32] vx=+0.000 vy=+0.000 wz=+0.000 mag=0.00    [NAV2 -> STM32] vx=+0.000 vy=+0.000 wz=+0.000 mag=0.00    [NAV2 -> STM32] vx=+0.000 vy=+0.000 wz=+0.000 mag=0.00    [NAV2 -> STM32] vx=+0.000 vy=+0.000 wz=+0.000 mag=0.00    [NAV2 -> STM32] vx=+0.000 vy=+0.000 wz=+0.000 mag=0.00    [NAV2 -> STM32] vx=+0.000 vy=+0.000 wz=+0.000 mag=0.00    [NAV2 -> STM32] vx=+0.000 vy=+0.000 wz=+0.000 mag=0.00    [NAV2 -> STM32] vx=+0.000 vy=+0.000 wz=+0.000 mag=0.00    [NAV2 -> STM32] vx=+0.000 vy=+0.000 wz=+0.000 mag=0.00    [NAV2 -> STM32] vx=+0.000 vy=+0.000 wz=+0.000 mag=0.00    [NAV2 -> STM32] vx=+0.000 vy=+0.000 wz=+0.000 mag=0.00    [NAV2 -> STM32] vx=+0.000 vy=+0.000 wz=+0.000 mag=0.00    [NAV2 -> STM32] vx=+0.000 vy=+0.000 wz=+0.000 mag=0.00    [NAV2 -> STM32] vx=+0.000 vy=+0.000 wz=+0.000 mag=0.00    [NAV2 -> STM32] vx=+0.000 vy=+0.000 wz=+0.000 mag=0.00    [NAV2 -> STM32] vx=+0.000 vy=+0.000 wz=+0.000 mag=0.00    [NAV2 -> STM32] vx=+0.000 vy=+0.000 wz=+0.000 mag=0.00    [NAV2 -> STM32] vx=+0.000 vy=+0.000 wz=+0.000 mag=0.00    [NAV2 -> STM32] vx=+0.000 vy=+0.000 wz=+0.000 mag=0.00    [NAV2 -> STM32] vx=+0.000 vy=+0.000 wz=+0.000 mag=0.00    [NAV2 -> STM32] vx=+0.000 vy=+0.000 wz=+0.000 mag=0.00    [NAV2 -> STM32] vx=+0.000 vy=+0.000 wz=+0.000 mag=0.00    [NAV2 -> STM32] vx=+0.000 vy=+0.000 wz=+0.000 mag=0.00    [NAV2 -> STM32] vx=+0.000 vy=+0.000 wz=+0.000 mag=0.00    [NAV2 -> STM32] vx=+0.000 vy=+0.000 wz=+0.000 mag=0.00    [NAV2 -> STM32] vx=+0.000 vy=+0.000 wz=+0.000 mag=0.00    [NAV2 -> STM32] vx=+0.000 vy=+0.000 wz=+0.000 mag=0.00    [NAV2 -> STM32] vx=+0.000 vy=+0.000 wz=+0.000 mag=0.00    [NAV2 -> STM32] vx=+0.000 vy=+0.000 wz=+0.000 mag=0.00    [NAV2 -> STM32] vx=+0.000 vy=+0.000 wz=+0.000 mag=0.00    [NAV2 -> STM32] vx=+0.000 vy=+0.000 wz=+0.000 mag=0.00    [NAV2 -> STM32] vx=+0.000 vy=+0.000 wz=+0.000 mag=0.00    [NAV2 -> STM32] vx=+0.000 vy=+0.000 wz=+0.000 mag=0.00    [NAV2 -> STM32] vx=+0.000 vy=+0.000 wz=+0.000 mag=0.00    [NAV2 -> STM32] vx=+0.000 vy=+0.000 wz=+0.000 mag=0.00    [NAV2 -> STM32] vx=+0.000 vy=+0.000 wz=+0.000 mag=0.00    [NAV2 -> STM32] vx=+0.000 vy=+0.000 wz=+0.000 mag=0.00    [NAV2 -> STM32] vx=+0.000 vy=+0.000 wz=+0.000 mag=0.00    [NAV2 -> STM32] vx=+0.000 vy=+0.000 wz=+0.000 mag=0.00    [NAV2 -> STM32] vx=+0.000 vy=+0.000 wz=+0.000 mag=0.00    [NAV2 -> STM32] vx=+0.000 vy=+0.000 wz=+0.000 mag=0.00    [NAV2 -> STM32] vx=+0.000 vy=+0.000 wz=+0.000 mag=0.00    [NAV2 -> STM32] vx=+0.000 vy=+0.000 wz=+0.000 mag=0.00    [NAV2 -> STM32] vx=+0.000 vy=+0.000 wz=+0.000 mag=0.00    [NAV2 -> STM32] vx=+0.000 vy=+0.000 wz=+0.000 mag=0.00    [NAV2 -> STM32] vx=+0.000 vy=+0.000 wz=+0.000 mag=0.00    [NAV2 -> STM32] vx=+0.000 vy=+0.000 wz=+0.000 mag=0.00    [NAV2 -> STM32] vx=+0.000 vy=+0.000 wz=+0.000 mag=0.00    [NAV2 -> STM32] vx=+0.000 vy=+0.000 wz=+0.000 mag=0.00    [NAV2 -> STM32] vx=+0.000 vy=+0.000 wz=+0.000 mag=0.00    [NAV2 -> STM32] vx=+0.000 vy=+0.000 wz=+0.000 mag=0.00    [NAV2 -> STM32] vx=+0.000 vy=+0.000 wz=+0.000 mag=0.00    [NAV2 -> STM32] vx=+0.000 vy=+0.000 wz=+0.000 mag=0.00    [NAV2 -> STM32] vx=+0.000 vy=+0.000 wz=+0.000 mag=0.00    [NAV2 -> STM32] vx=+0.000 vy=+0.000 wz=+0.000 mag=0.00    [NAV2 -> STM32] vx=+0.000 vy=+0.000 wz=+0.000 mag=0.00    [NAV2 -> STM32] vx=+0.000 vy=+0.000 wz=+0.000 mag=0.00    [NAV2 -> STM32] vx=+0.000 vy=+0.000 wz=+0.000 mag=0.00    [NAV2 -> STM32] vx=+0.000 vy=+0.000 wz=+0.000 mag=0.00    [NAV2 -> STM32] vx=+0.000 vy=+0.000 wz=+0.000 mag=0.00    [NAV2 -> STM32] vx=+0.000 vy=+0.000 wz=+0.000 mag=0.00    [NAV2 -> STM32] vx=+0.000 vy=+0.000 wz=+0.000 mag=0.00    [NAV2 -> STM32] vx=+0.000 vy=+0.000 wz=+0.000 mag=0.00    [NAV2 -> STM32] vx=+0.000 vy=+0.000 wz=+0.000 mag=0.00    [NAV2 -> STM32] vx=+0.000 vy=+0.000 wz=+0.000 mag=0.00    [NAV2 -> STM32] vx=+0.000 vy=+0.000 wz=+0.000 mag=0.00    [NAV2 -> STM32] vx=+0.000 vy=+0.000 wz=+0.000 mag=0.00    [NAV2 -> STM32] vx=+0.000 vy=+0.000 wz=+0.000 mag=0.00    [NAV2 -> STM32] vx=+0.000 vy=+0.000 wz=+0.000 mag=0.00    [NAV2 -> STM32] vx=+0.000 vy=+0.000 wz=+0.000 mag=0.00    [NAV2 -> STM32] vx=+0.000 vy=+0.000 wz=+0.000 mag=0.00    [NAV2 -> STM32] vx=+0.000 vy=+0.000 wz=+0.000 mag=0.00    [NAV2 -> STM32] vx=+0.000 vy=+0.000 wz=+0.000 mag=0.00    [NAV2 -> STM32] vx=+0.000 vy=+0.000 wz=+0.000 mag=0.00    [NAV2 -> STM32] vx=+0.000 vy=+0.000 wz=+0.000 mag=0.00    [NAV2 -> STM32] vx=+0.000 vy=+0.000 wz=+0.000 mag=0.00    [NAV2 -> STM32] vx=+0.000 vy=+0.000 wz=+0.000 mag=0.00    [NAV2 -> STM32] vx=+0.000 vy=+0.000 wz=+0.000 mag=0.00    [NAV2 -> STM32] vx=+0.000 vy=+0.000 wz=+0.000 mag=0.00    [NAV2 -> STM32] vx=+0.000 vy=+0.000 wz=+0.000 mag=0.00    [NAV2 -> STM32] vx=+0.000 vy=+0.000 wz=+0.000 mag=0.00    [NAV2 -> STM32] vx=+0.000 vy=+0.000 wz=+0.000 mag=0.00    [NAV2 -> STM32] vx=+0.000 vy=+0.000 wz=+0.000 mag=0.00    [NAV2 -> STM32] vx=+0.000 vy=+0.000 wz=+0.000 mag=0.00    [NAV2 -> STM32] vx=+0.000 vy=+0.000 wz=+0.000 mag=0.00    [NAV2 -> STM32] vx=+0.000 vy=+0.000 wz=+0.000 mag=0.00    [NAV2 -> STM32] vx=+0.000 vy=+0.000 wz=+0.000 mag=0.00    [NAV2 -> STM32] vx=+0.000 vy=+0.000 wz=+0.000 mag=0.00    [NAV2 -> STM32] vx=+0.000 vy=+0.000 wz=+0.000 mag=0.00    [NAV2 -> STM32] vx=+0.000 vy=+0.000 wz=+0.000 mag=0.00    [NAV2 -> STM32] vx=+0.000 vy=+0.000 wz=+0.000 mag=0.00    [NAV2 -> STM32] vx=+0.000 vy=+0.000 wz=+0.000 mag=0.00    [NAV2 -> STM32] vx=+0.000 vy=+0.000 wz=+0.000 mag=0.00    [NAV2 -> STM32] vx=+0.000 vy=+0.000 wz=+0.000 mag=0.00    [NAV2 -> STM32] vx=+0.000 vy=+0.000 wz=+0.000 mag=0.00    [NAV2 -> STM32] vx=+0.000 vy=+0.000 wz=+0.000 mag=0.00    [NAV2 -> STM32] vx=+0.000 vy=+0.000 wz=+0.000 mag=0.00    [NAV2 -> STM32] vx=+0.000 vy=+0.000 wz=+0.000 mag=0.00    [NAV2 -> STM32] vx=+0.000 vy=+0.000 wz=+0.000 mag=0.00    [NAV2 -> STM32] vx=+0.000 vy=+0.000 wz=+0.000 mag=0.00    [NAV2 -> STM32] vx=+0.000 vy=+0.000 wz=+0.000 mag=0.00    [NAV2 -> STM32] vx=+0.000 vy=+0.000 wz=+0.000 mag=0.00    [NAV2 -> STM32] vx=+0.000 vy=+0.000 wz=+0.000 mag=0.00    [NAV2 -> STM32] vx=+0.000 vy=+0.000 wz=+0.000 mag=0.00    [NAV2 -> STM32] vx=+0.000 vy=+0.000 wz=+0.000 mag=0.00    [NAV2 -> STM32] vx=+0.000 vy=+0.000 wz=+0.000 mag=0.00    [NAV2 -> STM32] vx=+0.000 vy=+0.000 wz=+0.000 mag=0.00    [NAV2 -> STM32] vx=+0.000 vy=+0.000 wz=+0.000 mag=0.00    [NAV2 -> STM32] vx=+0.000 vy=+0.000 wz=+0.000 mag=0.00    [NAV2 -> STM32] vx=+0.000 vy=+0.000 wz=+0.000 mag=0.00    [NAV2 -> STM32] vx=+0.000 vy=+0.000 wz=+0.000 mag=0.00    [NAV2 -> STM32] vx=+0.000 vy=+0.000 wz=+0.000 mag=0.00    [NAV2 -> STM32] vx=+0.000 vy=+0.000 wz=+0.000 mag=0.00    [NAV2 -> STM32] vx=+0.000 vy=+0.000 wz=+0.000 mag=0.00    [NAV2 -> STM32] vx=+0.000 vy=+0.000 wz=+0.000 mag=0.00    [NAV2 -> STM32] vx=+0.000 vy=+0.000 wz=+0.000 mag=0.00    [NAV2 -> STM32] vx=+0.000 vy=+0.000 wz=+0.000 mag=0.00    [NAV2 -> STM32] vx=+0.000 vy=+0.000 wz=+0.000 mag=0.00    [NAV2 -> STM32] vx=+0.000 vy=+0.000 wz=+0.000 mag=0.00    [NAV2 -> STM32] vx=+0.000 vy=+0.000 wz=+0.000 mag=0.00    [NAV2 -> STM32] vx=+0.000 vy=+0.000 wz=+0.000 mag=0.00    [NAV2 -> STM32] vx=+0.000 vy=+0.000 wz=+0.000 mag=0.00    [NAV2 -> STM32] vx=+0.000 vy=+0.000 wz=+0.000 mag=0.00    [NAV2 -> STM32] vx=+0.000 vy=+0.000 wz=+0.000 mag=0.00    [NAV2 -> STM32] vx=+0.000 vy=+0.000 wz=+0.000 mag=0.00    [NAV2 -> STM32] vx=+0.000 vy=+0.000 wz=+0.000 mag=0.00    [NAV2 -> STM32] vx=+0.000 vy=+0.000 wz=+0.000 mag=0.00    [NAV2 -> STM32] vx=+0.000 vy=+0.000 wz=+0.000 mag=0.00    [NAV2 -> STM32] vx=+0.000 vy=+0.000 wz=+0.000 mag=0.00    [NAV2 -> STM32] vx=+0.000 vy=+0.000 wz=+0.000 mag=0.00    [NAV2 -> STM32] vx=+0.000 vy=+0.000 wz=+0.000 mag=0.00    [NAV2 -> STM32] vx=+0.000 vy=+0.000 wz=+0.000 mag=0.00    [NAV2 -> STM32] vx=+0.000 vy=+0.000 wz=+0.000 mag=0.00    [NAV2 -> STM32] vx=+0.000 vy=+0.000 wz=+0.000 mag=0.00    [NAV2 -> STM32] vx=+0.000 vy=+0.000 wz=+0.000 mag=0.00    [NAV2 -> STM32] vx=+0.000 vy=+0.000 wz=+0.000 mag=0.00    [NAV2 -> STM32] vx=+0.000 vy=+0.000 wz=+0.000 mag=0.00    [NAV2 -> STM32] vx=+0.000 vy=+0.000 wz=+0.000 mag=0.00    [NAV2 -> STM32] vx=+0.000 vy=+0.000 wz=+0.000 mag=0.00    [NAV2 -> STM32] vx=+0.000 vy=+0.000 wz=+0.000 mag=0.00    [NAV2 -> STM32] vx=+0.000 vy=+0.000 wz=+0.000 mag=0.00    [NAV2 -> STM32] vx=+0.000 vy=+0.000 wz=+0.000 mag=0.00    [NAV2 -> STM32] vx=+0.000 vy=+0.000 wz=+0.000 mag=0.00    [NAV2 -> STM32] vx=+0.000 vy=+0.000 wz=+0.000 mag=0.00    [NAV2 -> STM32] vx=+0.000 vy=+0.000 wz=+0.000 mag=0.00    [NAV2 -> STM32] vx=+0.000 vy=+0.000 wz=+0.000 mag=0.00    [NAV2 -> STM32] vx=+0.000 vy=+0.000 wz=+0.000 mag=0.00    [NAV2 -> STM32] vx=+0.000 vy=+0.000 wz=+0.000 mag=0.00    [NAV2 -> STM32] vx=+0.000 vy=+0.000 wz=+0.000 mag=0.00    [NAV2 -> STM32] vx=+0.000 vy=+0.000 wz=+0.000 mag=0.00    [NAV2 -> STM32] vx=+0.000 vy=+0.000 wz=+0.000 mag=0.00    [NAV2 -> STM32] vx=+0.000 vy=+0.000 wz=+0.000 mag=0.00    [NAV2 -> STM32] vx=+0.000 vy=+0.000 wz=+0.000 mag=0.00    [NAV2 -> STM32] vx=+0.000 vy=+0.000 wz=+0.000 mag=0.00    [NAV2 -> STM32] vx=+0.000 vy=+0.000 wz=+0.000 mag=0.00    [NAV2 -> STM32] vx=+0.000 vy=+0.000 wz=+0.000 mag=0.00    [NAV2 -> STM32] vx=+0.000 vy=+0.000 wz=+0.000 mag=0.00    [NAV2 -> STM32] vx=+0.000 vy=+0.000 wz=+0.000 mag=0.00    [NAV2 -> STM32] vx=+0.000 vy=+0.000 wz=+0.000 mag=0.00    [NAV2 -> STM32] vx=+0.000 vy=+0.000 wz=+0.000 mag=0.00    [NAV2 -> STM32] vx=+0.000 vy=+0.000 wz=+0.000 mag=0.00    [NAV2 -> STM32] vx=+0.000 vy=+0.000 wz=+0.000 mag=0.00    [NAV2 -> STM32] vx=+0.000 vy=+0.000 wz=+0.000 mag=0.00    [NAV2 -> STM32] vx=+0.000 vy=+0.000 wz=+0.000 mag=0.00    [NAV2 -> STM32] vx=+0.000 vy=+0.000 wz=+0.000 mag=0.00    [NAV2 -> STM32] vx=+0.000 vy=+0.000 wz=+0.000 mag=0.00    [NAV2 -> STM32] vx=+0.000 vy=+0.000 wz=+0.000 mag=0.00    [NAV2 -> STM32] vx=+0.000 vy=+0.000 wz=+0.000 mag=0.00    [NAV2 -> STM32] vx=+0.000 vy=+0.000 wz=+0.000 mag=0.00    [NAV2 -> STM32] vx=+0.000 vy=+0.000 wz=+0.000 mag=0.00    [NAV2 -> STM32] vx=+0.000 vy=+0.000 wz=+0.000 mag=0.00    [NAV2 -> STM32] vx=+0.000 vy=+0.000 wz=+0.000 mag=0.00    [NAV2 -> STM32] vx=+0.000 vy=+0.000 wz=+0.000 mag=0.00    [NAV2 -> STM32] vx=+0.000 vy=+0.000 wz=+0.000 mag=0.00    [NAV2 -> STM32] vx=+0.000 vy=+0.000 wz=+0.000 mag=0.00    [NAV2 -> STM32] vx=+0.000 vy=+0.000 wz=+0.000 mag=0.00    [NAV2 -> STM32] vx=+0.000 vy=+0.000 wz=+0.000 mag=0.00    [NAV2 -> STM32] vx=+0.000 vy=+0.000 wz=+0.000 mag=0.00    [NAV2 -> STM32] vx=+0.000 vy=+0.000 wz=+0.000 mag=0.00    [NAV2 -> STM32] vx=+0.000 vy=+0.000 wz=+0.000 mag=0.00    [NAV2 -> STM32] vx=+0.000 vy=+0.000 wz=+0.000 mag=0.00    [NAV2 -> STM32] vx=+0.000 vy=+0.000 wz=+0.000 mag=0.00    [NAV2 -> STM32] vx=+0.000 vy=+0.000 wz=+0.000 mag=0.00    [NAV2 -> STM32] vx=+0.000 vy=+0.000 wz=+0.000 mag=0.00    [NAV2 -> STM32] vx=+0.000 vy=+0.000 wz=+0.000 mag=0.00    [NAV2 -> STM32] vx=+0.000 vy=+0.000 wz=+0.000 mag=0.00    [NAV2 -> STM32] vx=+0.000 vy=+0.000 wz=+0.000 mag=0.00    [NAV2 -> STM32] vx=+0.000 vy=+0.000 wz=+0.000 mag=0.00    [NAV2 -> STM32] vx=+0.000 vy=+0.000 wz=+0.000 mag=0.00    [NAV2 -> STM32] vx=+0.000 vy=+0.000 wz=+0.000 mag=0.00    [NAV2 -> STM32] vx=+0.000 vy=+0.000 wz=+0.000 mag=0.00    [NAV2 -> STM32] vx=+0.000 vy=+0.000 wz=+0.000 mag=0.00    [NAV2 -> STM32] vx=+0.000 vy=+0.000 wz=+0.000 mag=0.00    [NAV2 -> STM32] vx=+0.000 vy=+0.000 wz=+0.000 mag=0.00    [NAV2 -> STM32] vx=+0.000 vy=+0.000 wz=+0.000 mag=0.00    [NAV2 -> STM32] vx=+0.000 vy=+0.000 wz=+0.000 mag=0.00    [NAV2 -> STM32] vx=+0.000 vy=+0.000 wz=+0.000 mag=0.00    [NAV2 -> STM32] vx=+0.000 vy=+0.000 wz=+0.000 mag=0.00    [NAV2 -> STM32] vx=+0.000 vy=+0.000 wz=+0.000 mag=0.00    [NAV2 -> STM32] vx=+0.000 vy=+0.000 wz=+0.000 mag=0.00    [NAV2 -> STM32] vx=+0.000 vy=+0.000 wz=+0.000 mag=0.00    [NAV2 -> STM32] vx=+0.000 vy=+0.000 wz=+0.000 mag=0.00    [NAV2 -> STM32] vx=+0.000 vy=+0.000 wz=+0.000 mag=0.00    [NAV2 -> STM32] vx=+0.000 vy=+0.000 wz=+0.000 mag=0.00    [NAV2 -> STM32] vx=+0.000 vy=+0.000 wz=+0.000 mag=0.00    [NAV2 -> STM32] vx=+0.000 vy=+0.000 wz=+0.000 mag=0.00    [NAV2 -> STM32] vx=+0.000 vy=+0.000 wz=+0.000 mag=0.00    [NAV2 -> STM32] vx=+0.000 vy=+0.000 wz=+0.000 mag=0.00    [NAV2 -> STM32] vx=+0.000 vy=+0.000 wz=+0.000 mag=0.00    [NAV2 -> STM32] vx=+0.000 vy=+0.000 wz=+0.000 mag=0.00    [NAV2 -> STM32] vx=+0.000 vy=+0.000 wz=+0.000 mag=0.00    [NAV2 -> STM32] vx=+0.000 vy=+0.000 wz=+0.000 mag=0.00    [NAV2 -> STM32] vx=+0.000 vy=+0.000 wz=+0.000 mag=0.00    [NAV2 -> STM32] vx=+0.000 vy=+0.000 wz=+0.000 mag=0.00    [NAV2 -> STM32] vx=+0.000 vy=+0.000 wz=+0.000 mag=0.00    [NAV2 -> STM32] vx=+0.000 vy=+0.000 wz=+0.000 mag=0.00    [NAV2 -> STM32] vx=+0.000 vy=+0.000 wz=+0.000 mag=0.00    [NAV2 -> STM32] vx=+0.000 vy=+0.000 wz=+0.000 mag=0.00    [NAV2 -> STM32] vx=+0.000 vy=+0.000 wz=+0.000 mag=0.00    [NAV2 -> STM32] vx=+0.000 vy=+0.000 wz=+0.000 mag=0.00    [NAV2 -> STM32] vx=+0.000 vy=+0.000 wz=+0.000 mag=0.00    [NAV2 -> STM32] vx=+0.000 vy=+0.000 wz=+0.000 mag=0.00    [NAV2 -> STM32] vx=+0.000 vy=+0.000 wz=+0.000 mag=0.00    [NAV2 -> STM32] vx=+0.000 vy=+0.000 wz=+0.000 mag=0.00    [NAV2 -> STM32] vx=+0.000 vy=+0.000 wz=+0.000 mag=0.00    [NAV2 -> STM32] vx=+0.000 vy=+0.000 wz=+0.000 mag=0.00    [NAV2 -> STM32] vx=+0.000 vy=+0.000 wz=+0.000 mag=0.00    [NAV2 -> STM32] vx=+0.000 vy=+0.000 wz=+0.000 mag=0.00    [NAV2 -> STM32] vx=+0.000 vy=+0.000 wz=+0.000 mag=0.00    [NAV2 -> STM32] vx=+0.000 vy=+0.000 wz=+0.000 mag=0.00    [NAV2 -> STM32] vx=+0.000 vy=+0.000 wz=+0.000 mag=0.00    [NAV2 -> STM32] vx=+0.000 vy=+0.000 wz=+0.000 mag=0.00    [NAV2 -> STM32] vx=+0.000 vy=+0.000 wz=+0.000 mag=0.00    [NAV2 -> STM32] vx=+0.000 vy=+0.000 wz=+0.000 mag=0.00    [NAV2 -> STM32] vx=+0.000 vy=+0.000 wz=+0.000 mag=0.00    [NAV2 -> STM32] vx=+0.000 vy=+0.000 wz=+0.000 mag=0.00    [NAV2 -> STM32] vx=+0.000 vy=+0.000 wz=+0.000 mag=0.00    [NAV2 -> STM32] vx=+0.000 vy=+0.000 wz=+0.000 mag=0.00    [NAV2 -> STM32] vx=+0.000 vy=+0.000 wz=+0.000 mag=0.00    [NAV2 -> STM32] vx=+0.000 vy=+0.000 wz=+0.000 mag=0.00    [NAV2 -> STM32] vx=+0.000 vy=+0.000 wz=+0.000 mag=0.00    [NAV2 -> STM32] vx=+0.000 vy=+0.000 wz=+0.000 mag=0.00    [NAV2 -> STM32] vx=+0.000 vy=+0.000 wz=+0.000 mag=0.00    [NAV2 -> STM32] vx=+0.000 vy=+0.000 wz=+0.000 mag=0.00    [NAV2 -> STM32] vx=+0.000 vy=+0.000 wz=+0.000 mag=0.00    [NAV2 -> STM32] vx=+0.000 vy=+0.000 wz=+0.000 mag=0.00    [NAV2 -> STM32] vx=+0.000 vy=+0.000 wz=+0.000 mag=0.00    [NAV2 -> STM32] vx=+0.000 vy=+0.000 wz=+0.000 mag=0.00    [NAV2 -> STM32] vx=+0.000 vy=+0.000 wz=+0.000 mag=0.00    [NAV2 -> STM32] vx=+0.000 vy=+0.000 wz=+0.000 mag=0.00    [NAV2 -> STM32] vx=+0.000 vy=+0.000 wz=+0.000 mag=0.00    [NAV2 -> STM32] vx=+0.000 vy=+0.000 wz=+0.000 mag=0.00    [NAV2 -> STM32] vx=+0.000 vy=+0.000 wz=+0.000 mag=0.00    [NAV2 -> STM32] vx=+0.000 vy=+0.000 wz=+0.000 mag=0.00    [NAV2 -> STM32] vx=+0.000 vy=+0.000 wz=+0.000 mag=0.00    [NAV2 -> STM32] vx=+0.000 vy=+0.000 wz=+0.000 mag=0.00    [NAV2 -> STM32] vx=+0.000 vy=+0.000 wz=+0.000 mag=0.00    [NAV2 -> STM32] vx=+0.000 vy=+0.000 wz=+0.000 mag=0.00    [NAV2 -> STM32] vx=+0.000 vy=+0.000 wz=+0.000 mag=0.00    [NAV2 -> STM32] vx=+0.000 vy=+0.000 wz=+0.000 mag=0.00    [NAV2 -> STM32] vx=+0.000 vy=+0.000 wz=+0.000 mag=0.00    [NAV2 -> STM32] vx=+0.000 vy=+0.000 wz=+0.000 mag=0.00    [NAV2 -> STM32] vx=+0.000 vy=+0.000 wz=+0.000 mag=0.00    [NAV2 -> STM32] vx=+0.000 vy=+0.000 wz=+0.000 mag=0.00    [NAV2 -> STM32] vx=+0.000 vy=+0.000 wz=+0.000 mag=0.00    [NAV2 -> STM32] vx=+0.000 vy=+0.000 wz=+0.000 mag=0.00    [NAV2 -> STM32] vx=+0.000 vy=+0.000 wz=+0.000 mag=0.00    [NAV2 -> STM32] vx=+0.000 vy=+0.000 wz=+0.000 mag=0.00    [NAV2 -> STM32] vx=+0.000 vy=+0.000 wz=+0.000 mag=0.00    [NAV2 -> STM32] vx=+0.000 vy=+0.000 wz=+0.000 mag=0.00    [NAV2 -> STM32] vx=+0.000 vy=+0.000 wz=+0.000 mag=0.00    [NAV2 -> STM32] vx=+0.000 vy=+0.000 wz=+0.000 mag=0.00    [NAV2 -> STM32] vx=+0.000 vy=+0.000 wz=+0.000 mag=0.00    [NAV2 -> STM32] vx=+0.000 vy=+0.000 wz=+0.000 mag=0.00    [NAV2 -> STM32] vx=+0.000 vy=+0.000 wz=+0.000 mag=0.00    [NAV2 -> STM32] vx=+0.000 vy=+0.000 wz=+0.000 mag=0.00    [NAV2 -> STM32] vx=+0.000 vy=+0.000 wz=+0.000 mag=0.00    [NAV2 -> STM32] vx=+0.000 vy=+0.000 wz=+0.000 mag=0.00    [NAV2 -> STM32] vx=+0.000 vy=+0.000 wz=+0.000 mag=0.00    [NAV2 -> STM32] vx=+0.000 vy=+0.000 wz=+0.000 mag=0.00    [NAV2 -> STM32] vx=+0.000 vy=+0.000 wz=+0.000 mag=0.00    [NAV2 -> STM32] vx=+0.000 vy=+0.000 wz=+0.000 mag=0.00    [NAV2 -> STM32] vx=+0.000 vy=+0.000 wz=+0.000 mag=0.00    [NAV2 -> STM32] vx=+0.000 vy=+0.000 wz=+0.000 mag=0.00    [NAV2 -> STM32] vx=+0.000 vy=+0.000 wz=+0.000 mag=0.00    [NAV2 -> STM32] vx=+0.000 vy=+0.000 wz=+0.000 mag=0.00    [NAV2 -> STM32] vx=+0.000 vy=+0.000 wz=+0.000 mag=0.00    [NAV2 -> STM32] vx=+0.000 vy=+0.000 wz=+0.000 mag=0.00    [NAV2 -> STM32] vx=+0.000 vy=+0.000 wz=+0.000 mag=0.00    [NAV2 -> STM32] vx=+0.000 vy=+0.000 wz=+0.000 mag=0.00    [NAV2 -> STM32] vx=+0.000 vy=+0.000 wz=+0.000 mag=0.00    [NAV2 -> STM32] vx=+0.000 vy=+0.000 wz=+0.000 mag=0.00    [NAV2 -> STM32] vx=+0.000 vy=+0.000 wz=+0.000 mag=0.00    [NAV2 -> STM32] vx=+0.000 vy=+0.000 wz=+0.000 mag=0.00    [NAV2 -> STM32] vx=+0.000 vy=+0.000 wz=+0.000 mag=0.00    [NAV2 -> STM32] vx=+0.000 vy=+0.000 wz=+0.000 mag=0.00    [NAV2 -> STM32] vx=+0.000 vy=+0.000 wz=+0.000 mag=0.00    [NAV2 -> STM32] vx=+0.000 vy=+0.000 wz=+0.000 mag=0.00    [NAV2 -> STM32] vx=+0.000 vy=+0.000 wz=+0.000 mag=0.00    [NAV2 -> STM32] vx=+0.000 vy=+0.000 wz=+0.000 mag=0.00    [NAV2 -> STM32] vx=+0.000 vy=+0.000 wz=+0.000 mag=0.00    [NAV2 -> STM32] vx=+0.000 vy=+0.000 wz=+0.000 mag=0.00    [NAV2 -> STM32] vx=+0.000 vy=+0.000 wz=+0.000 mag=0.00    [NAV2 -> STM32] vx=+0.000 vy=+0.000 wz=+0.000 mag=0.00    [NAV2 -> STM32] vx=+0.000 vy=+0.000 wz=+0.000 mag=0.00    [NAV2 -> STM32] vx=+0.000 vy=+0.000 wz=+0.000 mag=0.00    [NAV2 -> STM32] vx=+0.000 vy=+0.000 wz=+0.000 mag=0.00    [NAV2 -> STM32] vx=+0.000 vy=+0.000 wz=+0.000 mag=0.00    [NAV2 -> STM32] vx=+0.000 vy=+0.000 wz=+0.000 mag=0.00    [NAV2 -> STM32] vx=+0.000 vy=+0.000 wz=+0.000 mag=0.00    [NAV2 -> STM32] vx=+0.000 vy=+0.000 wz=+0.000 mag=0.00    [NAV2 -> STM32] vx=+0.000 vy=+0.000 wz=+0.000 mag=0.00    [NAV2 -> STM32] vx=+0.000 vy=+0.000 wz=+0.000 mag=0.00    [NAV2 -> STM32] vx=+0.000 vy=+0.000 wz=+0.000 mag=0.00    [NAV2 -> STM32] vx=+0.000 vy=+0.000 wz=+0.000 mag=0.00    [NAV2 -> STM32] vx=+0.000 vy=+0.000 wz=+0.000 mag=0.00    [NAV2 -> STM32] vx=+0.000 vy=+0.000 wz=+0.000 mag=0.00    [NAV2 -> STM32] vx=+0.000 vy=+0.000 wz=+0.000 mag=0.00    [NAV2 -> STM32] vx=+0.000 vy=+0.000 wz=+0.000 mag=0.00    [NAV2 -> STM32] vx=+0.000 vy=+0.000 wz=+0.000 mag=0.00    [NAV2 -> STM32] vx=+0.000 vy=+0.000 wz=+0.000 mag=0.00    [NAV2 -> STM32] vx=+0.000 vy=+0.000 wz=+0.000 mag=0.00    [NAV2 -> STM32] vx=+0.000 vy=+0.000 wz=+0.000 mag=0.00    [NAV2 -> STM32] vx=+0.000 vy=+0.000 wz=+0.000 mag=0.00    [NAV2 -> STM32] vx=+0.000 vy=+0.000 wz=+0.000 mag=0.00    [NAV2 -> STM32] vx=+0.000 vy=+0.000 wz=+0.000 mag=0.00    [NAV2 -> STM32] vx=+0.000 vy=+0.000 wz=+0.000 mag=0.00    [NAV2 -> STM32] vx=+0.000 vy=+0.000 wz=+0.000 mag=0.00    [NAV2 -> STM32] vx=+0.000 vy=+0.000 wz=+0.000 mag=0.00    [NAV2 -> STM32] vx=+0.000 vy=+0.000 wz=+0.000 mag=0.00    [NAV2 -> STM32] vx=+0.000 vy=+0.000 wz=+0.000 mag=0.00    [NAV2 -> STM32] vx=+0.000 vy=+0.000 wz=+0.000 mag=0.00    [NAV2 -> STM32] vx=+0.000 vy=+0.000 wz=+0.000 mag=0.00    [NAV2 -> STM32] vx=+0.000 vy=+0.000 wz=+0.000 mag=0.00    [NAV2 -> STM32] vx=+0.000 vy=+0.000 wz=+0.000 mag=0.00    [NAV2 -> STM32] vx=+0.000 vy=+0.000 wz=+0.000 mag=0.00    [NAV2 -> STM32] vx=+0.000 vy=+0.000 wz=+0.000 mag=0.00    [NAV2 -> STM32] vx=+0.000 vy=+0.000 wz=+0.000 mag=0.00    [NAV2 -> STM32] vx=+0.000 vy=+0.000 wz=+0.000 mag=0.00    [NAV2 -> STM32] vx=+0.000 vy=+0.000 wz=+0.000 mag=0.00    [NAV2 -> STM32] vx=+0.000 vy=+0.000 wz=+0.000 mag=0.00    [NAV2 -> STM32] vx=+0.000 vy=+0.000 wz=+0.000 mag=0.00    [NAV2 -> STM32] vx=+0.000 vy=+0.000 wz=+0.000 mag=0.00    [NAV2 -> STM32] vx=+0.000 vy=+0.000 wz=+0.000 mag=0.00    [NAV2 -> STM32] vx=+0.000 vy=+0.000 wz=+0.000 mag=0.00    [NAV2 -> STM32] vx=+0.000 vy=+0.000 wz=+0.000 mag=0.00    [NAV2 -> STM32] vx=+0.000 vy=+0.000 wz=+0.000 mag=0.00    [NAV2 -> STM32] vx=+0.000 vy=+0.000 wz=+0.000 mag=0.00    [NAV2 -> STM32] vx=+0.000 vy=+0.000 wz=+0.000 mag=0.00    [NAV2 -> STM32] vx=+0.000 vy=+0.000 wz=+0.000 mag=0.00    [NAV2 -> STM32] vx=+0.000 vy=+0.000 wz=+0.000 mag=0.00    [NAV2 -> STM32] vx=+0.000 vy=+0.000 wz=+0.000 mag=0.00    [NAV2 -> STM32] vx=+0.000 vy=+0.000 wz=+0.000 mag=0.00    [NAV2 -> STM32] vx=+0.000 vy=+0.000 wz=+0.000 mag=0.00    [NAV2 -> STM32] vx=+0.000 vy=+0.000 wz=+0.000 mag=0.00    [NAV2 -> STM32] vx=+0.000 vy=+0.000 wz=+0.000 mag=0.00    [NAV2 -> STM32] vx=+0.000 vy=+0.000 wz=+0.000 mag=0.00    [NAV2 -> STM32] vx=+0.000 vy=+0.000 wz=+0.000 mag=0.00    [NAV2 -> STM32] vx=+0.000 vy=+0.000 wz=+0.000 mag=0.00    [NAV2 -> STM32] vx=+0.000 vy=+0.000 wz=+0.000 mag=0.00    [NAV2 -> STM32] vx=+0.000 vy=+0.000 wz=+0.000 mag=0.00    [NAV2 -> STM32] vx=+0.000 vy=+0.000 wz=+0.000 mag=0.00    [NAV2 -> STM32] vx=+0.000 vy=+0.000 wz=+0.000 mag=0.00    [NAV2 -> STM32] vx=+0.000 vy=+0.000 wz=+0.000 mag=0.00    [NAV2 -> STM32] vx=+0.000 vy=+0.000 wz=+0.000 mag=0.00    [NAV2 -> STM32] vx=+0.000 vy=+0.000 wz=+0.000 mag=0.00    [NAV2 -> STM32] vx=+0.000 vy=+0.000 wz=+0.000 mag=0.00    [NAV2 -> STM32] vx=+0.000 vy=+0.000 wz=+0.000 mag=0.00    [NAV2 -> STM32] vx=+0.000 vy=+0.000 wz=+0.000 mag=0.00    [NAV2 -> STM32] vx=+0.000 vy=+0.000 wz=+0.000 mag=0.00    [NAV2 -> STM32] vx=+0.000 vy=+0.000 wz=+0.000 mag=0.00    [NAV2 -> STM32] vx=+0.000 vy=+0.000 wz=+0.000 mag=0.00    [NAV2 -> STM32] vx=+0.000 vy=+0.000 wz=+0.000 mag=0.00    [NAV2 -> STM32] vx=+0.000 vy=+0.000 wz=+0.000 mag=0.00    [NAV2 -> STM32] vx=+0.000 vy=+0.000 wz=+0.000 mag=0.00    [NAV2 -> STM32] vx=+0.000 vy=+0.000 wz=+0.000 mag=0.00    [NAV2 -> STM32] vx=+0.000 vy=+0.000 wz=+0.000 mag=0.00    [NAV2 -> STM32] vx=+0.000 vy=+0.000 wz=+0.000 mag=0.00    [NAV2 -> STM32] vx=+0.000 vy=+0.000 wz=+0.000 mag=0.00    [NAV2 -> STM32] vx=+0.000 vy=+0.000 wz=+0.000 mag=0.00    [NAV2 -> STM32] vx=+0.000 vy=+0.000 wz=+0.000 mag=0.00    [NAV2 -> STM32] vx=+0.000 vy=+0.000 wz=+0.000 mag=0.00    [NAV2 -> STM32] vx=+0.000 vy=+0.000 wz=+0.000 mag=0.00    [NAV2 -> STM32] vx=+0.000 vy=+0.000 wz=+0.000 mag=0.00    [NAV2 -> STM32] vx=+0.000 vy=+0.000 wz=+0.000 mag=0.00    [NAV2 -> STM32] vx=+0.000 vy=+0.000 wz=+0.000 mag=0.00    [NAV2 -> STM32] vx=+0.000 vy=+0.000 wz=+0.000 mag=0.00    [NAV2 -> STM32] vx=+0.000 vy=+0.000 wz=+0.000 mag=0.00    [NAV2 -> STM32] vx=+0.000 vy=+0.000 wz=+0.000 mag=0.00    [NAV2 -> STM32] vx=+0.000 vy=+0.000 wz=+0.000 mag=0.00    [NAV2 -> STM32] vx=+0.000 vy=+0.000 wz=+0.000 mag=0.00    [NAV2 -> STM32] vx=+0.000 vy=+0.000 wz=+0.000 mag=0.00    [NAV2 -> STM32] vx=+0.000 vy=+0.000 wz=+0.000 mag=0.00    [NAV2 -> STM32] vx=+0.000 vy=+0.000 wz=+0.000 mag=0.00    [NAV2 -> STM32] vx=+0.000 vy=+0.000 wz=+0.000 mag=0.00    [NAV2 -> STM32] vx=+0.000 vy=+0.000 wz=+0.000 mag=0.00    [NAV2 -> STM32] vx=+0.000 vy=+0.000 wz=+0.000 mag=0.00    [NAV2 -> STM32] vx=+0.000 vy=+0.000 wz=+0.000 mag=0.00    [NAV2 -> STM32] vx=+0.000 vy=+0.000 wz=+0.000 mag=0.00    [NAV2 -> STM32] vx=+0.000 vy=+0.000 wz=+0.000 mag=0.00    [NAV2 -> STM32] vx=+0.000 vy=+0.000 wz=+0.000 mag=0.00    [NAV2 -> STM32] vx=+0.000 vy=+0.000 wz=+0.000 mag=0.00    [NAV2 -> STM32] vx=+0.000 vy=+0.000 wz=+0.000 mag=0.00    [NAV2 -> STM32] vx=+0.000 vy=+0.000 wz=+0.000 mag=0.00    [NAV2 -> STM32] vx=+0.000 vy=+0.000 wz=+0.000 mag=0.00    [NAV2 -> STM32] vx=+0.000 vy=+0.000 wz=+0.000 mag=0.00    [NAV2 -> STM32] vx=+0.000 vy=+0.000 wz=+0.000 mag=0.00    [NAV2 -> STM32] vx=+0.000 vy=+0.000 wz=+0.000 mag=0.00    [NAV2 -> STM32] vx=+0.000 vy=+0.000 wz=+0.000 mag=0.00    [NAV2 -> STM32] vx=+0.000 vy=+0.000 wz=+0.000 mag=0.00    [NAV2 -> STM32] vx=+0.000 vy=+0.000 wz=+0.000 mag=0.00    [NAV2 -> STM32] vx=+0.000 vy=+0.000 wz=+0.000 mag=0.00    [NAV2 -> STM32] vx=+0.000 vy=+0.000 wz=+0.000 mag=0.00    [NAV2 -> STM32] vx=+0.000 vy=+0.000 wz=+0.000 mag=0.00    [NAV2 -> STM32] vx=+0.000 vy=+0.000 wz=+0.000 mag=0.00    [NAV2 -> STM32] vx=+0.000 vy=+0.000 wz=+0.000 mag=0.00    [NAV2 -> STM32] vx=+0.000 vy=+0.000 wz=+0.000 mag=0.00    [NAV2 -> STM32] vx=+0.000 vy=+0.000 wz=+0.000 mag=0.00    [NAV2 -> STM32] vx=+0.000 vy=+0.000 wz=+0.000 mag=0.00    [NAV2 -> STM32] vx=+0.000 vy=+0.000 wz=+0.000 mag=0.00    [NAV2 -> STM32] vx=+0.000 vy=+0.000 wz=+0.000 mag=0.00    [NAV2 -> STM32] vx=+0.000 vy=+0.000 wz=+0.000 mag=0.00    [NAV2 -> STM32] vx=+0.000 vy=+0.000 wz=+0.000 mag=0.00    [NAV2 -> STM32] vx=+0.000 vy=+0.000 wz=+0.000 mag=0.00    [NAV2 -> STM32] vx=+0.000 vy=+0.000 wz=+0.000 mag=0.00    [NAV2 -> STM32] vx=+0.000 vy=+0.000 wz=+0.000 mag=0.00    [NAV2 -> STM32] vx=+0.000 vy=+0.000 wz=+0.000 mag=0.00    [NAV2 -> STM32] vx=+0.000 vy=+0.000 wz=+0.000 mag=0.00    [NAV2 -> STM32] vx=+0.000 vy=+0.000 wz=+0.000 mag=0.00    [NAV2 -> STM32] vx=+0.000 vy=+0.000 wz=+0.000 mag=0.00    [NAV2 -> STM32] vx=+0.000 vy=+0.000 wz=+0.000 mag=0.00    [NAV2 -> STM32] vx=+0.000 vy=+0.000 wz=+0.000 mag=0.00    [NAV2 -> STM32] vx=+0.000 vy=+0.000 wz=+0.000 mag=0.00    [NAV2 -> STM32] vx=+0.000 vy=+0.000 wz=+0.000 mag=0.00    [NAV2 -> STM32] vx=+0.000 vy=+0.000 wz=+0.000 mag=0.00    [NAV2 -> STM32] vx=+0.000 vy=+0.000 wz=+0.000 mag=0.00    [NAV2 -> STM32] vx=+0.000 vy=+0.000 wz=+0.000 mag=0.00    [NAV2 -> STM32] vx=+0.000 vy=+0.000 wz=+0.000 mag=0.00    [NAV2 -> STM32] vx=+0.000 vy=+0.000 wz=+0.000 mag=0.00    [NAV2 -> STM32] vx=+0.000 vy=+0.000 wz=+0.000 mag=0.00    [NAV2 -> STM32] vx=+0.000 vy=+0.000 wz=+0.000 mag=0.00    [NAV2 -> STM32] vx=+0.000 vy=+0.000 wz=+0.000 mag=0.00    [NAV2 -> STM32] vx=+0.000 vy=+0.000 wz=+0.000 mag=0.00    [NAV2 -> STM32] vx=+0.000 vy=+0.000 wz=+0.000 mag=0.00    [NAV2 -> STM32] vx=+0.000 vy=+0.000 wz=+0.000 mag=0.00    [NAV2 -> STM32] vx=+0.000 vy=+0.000 wz=+0.000 mag=0.00    [NAV2 -> STM32] vx=+0.000 vy=+0.000 wz=+0.000 mag=0.00    [NAV2 -> STM32] vx=+0.000 vy=+0.000 wz=+0.000 mag=0.00    [NAV2 -> STM32] vx=+0.000 vy=+0.000 wz=+0.000 mag=0.00    [NAV2 -> STM32] vx=+0.000 vy=+0.000 wz=+0.000 mag=0.00    [NAV2 -> STM32] vx=+0.000 vy=+0.000 wz=+0.000 mag=0.00    [NAV2 -> STM32] vx=+0.000 vy=+0.000 wz=+0.000 mag=0.00    [NAV2 -> STM32] vx=+0.000 vy=+0.000 wz=+0.000 mag=0.00    [NAV2 -> STM32] vx=+0.000 vy=+0.000 wz=+0.000 mag=0.00    [NAV2 -> STM32] vx=+0.000 vy=+0.000 wz=+0.000 mag=0.00    [NAV2 -> STM32] vx=+0.000 vy=+0.000 wz=+0.000 mag=0.00    [NAV2 -> STM32] vx=+0.000 vy=+0.000 wz=+0.000 mag=0.00    [NAV2 -> STM32] vx=+0.000 vy=+0.000 wz=+0.000 mag=0.00    [NAV2 -> STM32] vx=+0.000 vy=+0.000 wz=+0.000 mag=0.00    [NAV2 -> STM32] vx=+0.000 vy=+0.000 wz=+0.000 mag=0.00    [NAV2 -> STM32] vx=+0.000 vy=+0.000 wz=+0.000 mag=0.00    [NAV2 -> STM32] vx=+0.000 vy=+0.000 wz=+0.000 mag=0.00    [NAV2 -> STM32] vx=+0.000 vy=+0.000 wz=+0.000 mag=0.00    [NAV2 -> STM32] vx=+0.000 vy=+0.000 wz=+0.000 mag=0.00    [NAV2 -> STM32] vx=+0.000 vy=+0.000 wz=+0.000 mag=0.00    [NAV2 -> STM32] vx=+0.000 vy=+0.000 wz=+0.000 mag=0.00    [NAV2 -> STM32] vx=+0.000 vy=+0.000 wz=+0.000 mag=0.00    [NAV2 -> STM32] vx=+0.000 vy=+0.000 wz=+0.000 mag=0.00    [NAV2 -> STM32] vx=+0.000 vy=+0.000 wz=+0.000 mag=0.00    [NAV2 -> STM32] vx=+0.000 vy=+0.000 wz=+0.000 mag=0.00    [NAV2 -> STM32] vx=+0.000 vy=+0.000 wz=+0.000 mag=0.00    [NAV2 -> STM32] vx=+0.000 vy=+0.000 wz=+0.000 mag=0.00    [NAV2 -> STM32] vx=+0.000 vy=+0.000 wz=+0.000 mag=0.00    [NAV2 -> STM32] vx=+0.000 vy=+0.000 wz=+0.000 mag=0.00    [NAV2 -> STM32] vx=+0.000 vy=+0.000 wz=+0.000 mag=0.00    [NAV2 -> STM32] vx=+0.000 vy=+0.000 wz=+0.000 mag=0.00    [NAV2 -> STM32] vx=+0.000 vy=+0.000 wz=+0.000 mag=0.00    [NAV2 -> STM32] vx=+0.000 vy=+0.000 wz=+0.000 mag=0.00    [NAV2 -> STM32] vx=+0.000 vy=+0.000 wz=+0.000 mag=0.00    [NAV2 -> STM32] vx=+0.000 vy=+0.000 wz=+0.000 mag=0.00    [NAV2 -> STM32] vx=+0.000 vy=+0.000 wz=+0.000 mag=0.00    [NAV2 -> STM32] vx=+0.000 vy=+0.000 wz=+0.000 mag=0.00    [NAV2 -> STM32] vx=+0.000 vy=+0.000 wz=+0.000 mag=0.00    [NAV2 -> STM32] vx=+0.000 vy=+0.000 wz=+0.000 mag=0.00    [NAV2 -> STM32] vx=+0.000 vy=+0.000 wz=+0.000 mag=0.00    [NAV2 -> STM32] vx=+0.000 vy=+0.000 wz=+0.000 mag=0.00    [NAV2 -> STM32] vx=+0.000 vy=+0.000 wz=+0.000 mag=0.00    [NAV2 -> STM32] vx=+0.000 vy=+0.000 wz=+0.000 mag=0.00    [NAV2 -> STM32] vx=+0.000 vy=+0.000 wz=+0.000 mag=0.00    [NAV2 -> STM32] vx=+0.000 vy=+0.000 wz=+0.000 mag=0.00    [NAV2 -> STM32] vx=+0.000 vy=+0.000 wz=+0.000 mag=0.00    [NAV2 -> STM32] vx=+0.000 vy=+0.000 wz=+0.000 mag=0.00    [NAV2 -> STM32] vx=+0.000 vy=+0.000 wz=+0.000 mag=0.00    [NAV2 -> STM32] vx=+0.000 vy=+0.000 wz=+0.000 mag=0.00    [NAV2 -> STM32] vx=+0.000 vy=+0.000 wz=+0.000 mag=0.00    [NAV2 -> STM32] vx=+0.000 vy=+0.000 wz=+0.000 mag=0.00    [NAV2 -> STM32] vx=+0.000 vy=+0.000 wz=+0.000 mag=0.00    [NAV2 -> STM32] vx=+0.000 vy=+0.000 wz=+0.000 mag=0.00    [NAV2 -> STM32] vx=+0.000 vy=+0.000 wz=+0.000 mag=0.00    [NAV2 -> STM32] vx=+0.000 vy=+0.000 wz=+0.000 mag=0.00    [NAV2 -> STM32] vx=+0.000 vy=+0.000 wz=+0.000 mag=0.00    [NAV2 -> STM32] vx=+0.000 vy=+0.000 wz=+0.000 mag=0.00    [NAV2 -> STM32] vx=+0.000 vy=+0.000 wz=+0.000 mag=0.00    [NAV2 -> STM32] vx=+0.000 vy=+0.000 wz=+0.000 mag=0.00    [NAV2 -> STM32] vx=+0.000 vy=+0.000 wz=+0.000 mag=0.00    [NAV2 -> STM32] vx=+0.000 vy=+0.000 wz=+0.000 mag=0.00    [NAV2 -> STM32] vx=+0.000 vy=+0.000 wz=+0.000 mag=0.00    [NAV2 -> STM32] vx=+0.000 vy=+0.000 wz=+0.000 mag=0.00    [NAV2 -> STM32] vx=+0.000 vy=+0.000 wz=+0.000 mag=0.00    [NAV2 -> STM32] vx=+0.000 vy=+0.000 wz=+0.000 mag=0.00    [NAV2 -> STM32] vx=+0.000 vy=+0.000 wz=+0.000 mag=0.00    [NAV2 -> STM32] vx=+0.000 vy=+0.000 wz=+0.000 mag=0.00    [NAV2 -> STM32] vx=+0.000 vy=+0.000 wz=+0.000 mag=0.00    [NAV2 -> STM32] vx=+0.000 vy=+0.000 wz=+0.000 mag=0.00    [NAV2 -> STM32] vx=+0.000 vy=+0.000 wz=+0.000 mag=0.00    [NAV2 -> STM32] vx=+0.000 vy=+0.000 wz=+0.000 mag=0.00    [NAV2 -> STM32] vx=+0.000 vy=+0.000 wz=+0.000 mag=0.00    [NAV2 -> STM32] vx=+0.000 vy=+0.000 wz=+0.000 mag=0.00    [NAV2 -> STM32] vx=+0.000 vy=+0.000 wz=+0.000 mag=0.00    [NAV2 -> STM32] vx=+0.000 vy=+0.000 wz=+0.000 mag=0.00    [NAV2 -> STM32] vx=+0.000 vy=+0.000 wz=+0.000 mag=0.00    [NAV2 -> STM32] vx=+0.000 vy=+0.000 wz=+0.000 mag=0.00    [NAV2 -> STM32] vx=+0.000 vy=+0.000 wz=+0.000 mag=0.00    [NAV2 -> STM32] vx=+0.000 vy=+0.000 wz=+0.000 mag=0.00    [NAV2 -> STM32] vx=+0.000 vy=+0.000 wz=+0.000 mag=0.00    [NAV2 -> STM32] vx=+0.000 vy=+0.000 wz=+0.000 mag=0.00    [NAV2 -> STM32] vx=+0.000 vy=+0.000 wz=+0.000 mag=0.00    [NAV2 -> STM32] vx=+0.000 vy=+0.000 wz=+0.000 mag=0.00    [NAV2 -> STM32] vx=+0.000 vy=+0.000 wz=+0.000 mag=0.00    [NAV2 -> STM32] vx=+0.000 vy=+0.000 wz=+0.000 mag=0.00    [NAV2 -> STM32] vx=+0.000 vy=+0.000 wz=+0.000 mag=0.00    [NAV2 -> STM32] vx=+0.000 vy=+0.000 wz=+0.000 mag=0.00    [NAV2 -> STM32] vx=+0.000 vy=+0.000 wz=+0.000 mag=0.00    [NAV2 -> STM32] vx=+0.000 vy=+0.000 wz=+0.000 mag=0.00    [NAV2 -> STM32] vx=+0.000 vy=+0.000 wz=+0.000 mag=0.00    [NAV2 -> STM32] vx=+0.000 vy=+0.000 wz=+0.000 mag=0.00    [NAV2 -> STM32] vx=+0.000 vy=+0.000 wz=+0.000 mag=0.00    [NAV2 -> STM32] vx=+0.000 vy=+0.000 wz=+0.000 mag=0.00    [NAV2 -> STM32] vx=+0.000 vy=+0.000 wz=+0.000 mag=0.00    [NAV2 -> STM32] vx=+0.000 vy=+0.000 wz=+0.000 mag=0.00    [NAV2 -> STM32] vx=+0.000 vy=+0.000 wz=+0.000 mag=0.00    [NAV2 -> STM32] vx=+0.000 vy=+0.000 wz=+0.000 mag=0.00    [NAV2 -> STM32] vx=+0.000 vy=+0.000 wz=+0.000 mag=0.00    [NAV2 -> STM32] vx=+0.000 vy=+0.000 wz=+0.000 mag=0.00    [NAV2 -> STM32] vx=+0.000 vy=+0.000 wz=+0.000 mag=0.00    [NAV2 -> STM32] vx=+0.000 vy=+0.000 wz=+0.000 mag=0.00    [NAV2 -> STM32] vx=+0.000 vy=+0.000 wz=+0.000 mag=0.00    [NAV2 -> STM32] vx=+0.000 vy=+0.000 wz=+0.000 mag=0.00    [NAV2 -> STM32] vx=+0.000 vy=+0.000 wz=+0.000 mag=0.00    [NAV2 -> STM32] vx=+0.000 vy=+0.000 wz=+0.000 mag=0.00    [NAV2 -> STM32] vx=+0.000 vy=+0.000 wz=+0.000 mag=0.00    [NAV2 -> STM32] vx=+0.000 vy=+0.000 wz=+0.000 mag=0.00    [NAV2 -> STM32] vx=+0.000 vy=+0.000 wz=+0.000 mag=0.00    [NAV2 -> STM32] vx=+0.000 vy=+0.000 wz=+0.000 mag=0.00    [NAV2 -> STM32] vx=+0.000 vy=+0.000 wz=+0.000 mag=0.00    [NAV2 -> STM32] vx=+0.000 vy=+0.000 wz=+0.000 mag=0.00    [NAV2 -> STM32] vx=+0.000 vy=+0.000 wz=+0.000 mag=0.00    [NAV2 -> STM32] vx=+0.000 vy=+0.000 wz=+0.000 mag=0.00    [NAV2 -> STM32] vx=+0.000 vy=+0.000 wz=+0.000 mag=0.00    [NAV2 -> STM32] vx=+0.000 vy=+0.000 wz=+0.000 mag=0.00    [NAV2 -> STM32] vx=+0.000 vy=+0.000 wz=+0.000 mag=0.00    [NAV2 -> STM32] vx=+0.000 vy=+0.000 wz=+0.000 mag=0.00    [NAV2 -> STM32] vx=+0.000 vy=+0.000 wz=+0.000 mag=0.00    [NAV2 -> STM32] vx=+0.000 vy=+0.000 wz=+0.000 mag=0.00    [NAV2 -> STM32] vx=+0.000 vy=+0.000 wz=+0.000 mag=0.00    [NAV2 -> STM32] vx=+0.000 vy=+0.000 wz=+0.000 mag=0.00    [NAV2 -> STM32] vx=+0.000 vy=+0.000 wz=+0.000 mag=0.00    [NAV2 -> STM32] vx=+0.000 vy=+0.000 wz=+0.000 mag=0.00    [NAV2 -> STM32] vx=+0.000 vy=+0.000 wz=+0.000 mag=0.00    [NAV2 -> STM32] vx=+0.000 vy=+0.000 wz=+0.000 mag=0.00    [NAV2 -> STM32] vx=+0.000 vy=+0.000 wz=+0.000 mag=0.00    [NAV2 -> STM32] vx=+0.000 vy=+0.000 wz=+0.000 mag=0.00    [NAV2 -> STM32] vx=+0.000 vy=+0.000 wz=+0.000 mag=0.00    [NAV2 -> STM32] vx=+0.000 vy=+0.000 wz=+0.000 mag=0.00    [NAV2 -> STM32] vx=+0.000 vy=+0.000 wz=+0.000 mag=0.00    [NAV2 -> STM32] vx=+0.000 vy=+0.000 wz=+0.000 mag=0.00    [NAV2 -> STM32] vx=+0.000 vy=+0.000 wz=+0.000 mag=0.00    [NAV2 -> STM32] vx=+0.000 vy=+0.000 wz=+0.000 mag=0.00    [NAV2 -> STM32] vx=+0.000 vy=+0.000 wz=+0.000 mag=0.00    [NAV2 -> STM32] vx=+0.000 vy=+0.000 wz=+0.000 mag=0.00    [NAV2 -> STM32] vx=+0.000 vy=+0.000 wz=+0.000 mag=0.00    [NAV2 -> STM32] vx=+0.000 vy=+0.000 wz=+0.000 mag=0.00    [NAV2 -> STM32] vx=+0.000 vy=+0.000 wz=+0.000 mag=0.00    [NAV2 -> STM32] vx=+0.000 vy=+0.000 wz=+0.000 mag=0.00    [NAV2 -> STM32] vx=+0.000 vy=+0.000 wz=+0.000 mag=0.00    [NAV2 -> STM32] vx=+0.000 vy=+0.000 wz=+0.000 mag=0.00    [NAV2 -> STM32] vx=+0.000 vy=+0.000 wz=+0.000 mag=0.00    [NAV2 -> STM32] vx=+0.000 vy=+0.000 wz=+0.000 mag=0.00    [NAV2 -> STM32] vx=+0.000 vy=+0.000 wz=+0.000 mag=0.00    [NAV2 -> STM32] vx=+0.000 vy=+0.000 wz=+0.000 mag=0.00    [NAV2 -> STM32] vx=+0.000 vy=+0.000 wz=+0.000 mag=0.00    [NAV2 -> STM32] vx=+0.000 vy=+0.000 wz=+0.000 mag=0.00    [NAV2 -> STM32] vx=+0.000 vy=+0.000 wz=+0.000 mag=0.00    [NAV2 -> STM32] vx=+0.000 vy=+0.000 wz=+0.000 mag=0.00    [NAV2 -> STM32] vx=+0.000 vy=+0.000 wz=+0.000 mag=0.00    [NAV2 -> STM32] vx=+0.000 vy=+0.000 wz=+0.000 mag=0.00    [NAV2 -> STM32] vx=+0.000 vy=+0.000 wz=+0.000 mag=0.00    [NAV2 -> STM32] vx=+0.000 vy=+0.000 wz=+0.000 mag=0.00    [NAV2 -> STM32] vx=+0.000 vy=+0.000 wz=+0.000 mag=0.00    [NAV2 -> STM32] vx=+0.000 vy=+0.000 wz=+0.000 mag=0.00    [NAV2 -> STM32] vx=+0.000 vy=+0.000 wz=+0.000 mag=0.00    [NAV2 -> STM32] vx=+0.000 vy=+0.000 wz=+0.000 mag=0.00    [NAV2 -> STM32] vx=+0.000 vy=+0.000 wz=+0.000 mag=0.00    [NAV2 -> STM32] vx=+0.000 vy=+0.000 wz=+0.000 mag=0.00    [NAV2 -> STM32] vx=+0.000 vy=+0.000 wz=+0.000 mag=0.00    [NAV2 -> STM32] vx=+0.000 vy=+0.000 wz=+0.000 mag=0.00    [NAV2 -> STM32] vx=+0.000 vy=+0.000 wz=+0.000 mag=0.00    [NAV2 -> STM32] vx=+0.000 vy=+0.000 wz=+0.000 mag=0.00    [NAV2 -> STM32] vx=+0.000 vy=+0.000 wz=+0.000 mag=0.00    [NAV2 -> STM32] vx=+0.000 vy=+0.000 wz=+0.000 mag=0.00    [NAV2 -> STM32] vx=+0.000 vy=+0.000 wz=+0.000 mag=0.00    [NAV2 -> STM32] vx=+0.000 vy=+0.000 wz=+0.000 mag=0.00    [NAV2 -> STM32] vx=+0.000 vy=+0.000 wz=+0.000 mag=0.00    [NAV2 -> STM32] vx=+0.000 vy=+0.000 wz=+0.000 mag=0.00    [NAV2 -> STM32] vx=+0.000 vy=+0.000 wz=+0.000 mag=0.00    [NAV2 -> STM32] vx=+0.000 vy=+0.000 wz=+0.000 mag=0.00    [NAV2 -> STM32] vx=+0.000 vy=+0.000 wz=+0.000 mag=0.00    [NAV2 -> STM32] vx=+0.000 vy=+0.000 wz=+0.000 mag=0.00    [NAV2 -> STM32] vx=+0.000 vy=+0.000 wz=+0.000 mag=0.00    [NAV2 -> STM32] vx=+0.000 vy=+0.000 wz=+0.000 mag=0.00    [NAV2 -> STM32] vx=+0.000 vy=+0.000 wz=+0.000 mag=0.00    [NAV2 -> STM32] vx=+0.000 vy=+0.000 wz=+0.000 mag=0.00    [NAV2 -> STM32] vx=+0.000 vy=+0.000 wz=+0.000 mag=0.00    [NAV2 -> STM32] vx=+0.000 vy=+0.000 wz=+0.000 mag=0.00    [NAV2 -> STM32] vx=+0.000 vy=+0.000 wz=+0.000 mag=0.00    [NAV2 -> STM32] vx=+0.000 vy=+0.000 wz=+0.000 mag=0.00    [NAV2 -> STM32] vx=+0.000 vy=+0.000 wz=+0.000 mag=0.00    [NAV2 -> STM32] vx=+0.000 vy=+0.000 wz=+0.000 mag=0.00    [NAV2 -> STM32] vx=+0.000 vy=+0.000 wz=+0.000 mag=0.00    [NAV2 -> STM32] vx=+0.000 vy=+0.000 wz=+0.000 mag=0.00    [NAV2 -> STM32] vx=+0.000 vy=+0.000 wz=+0.000 mag=0.00    [NAV2 -> STM32] vx=+0.000 vy=+0.000 wz=+0.000 mag=0.00    [NAV2 -> STM32] vx=+0.000 vy=+0.000 wz=+0.000 mag=0.00    [NAV2 -> STM32] vx=+0.000 vy=+0.000 wz=+0.000 mag=0.00    [NAV2 -> STM32] vx=+0.000 vy=+0.000 wz=+0.000 mag=0.00    [NAV2 -> STM32] vx=+0.000 vy=+0.000 wz=+0.000 mag=0.00    [NAV2 -> STM32] vx=+0.000 vy=+0.000 wz=+0.000 mag=0.00    [NAV2 -> STM32] vx=+0.000 vy=+0.000 wz=+0.000 mag=0.00    [NAV2 -> STM32] vx=+0.000 vy=+0.000 wz=+0.000 mag=0.00    [NAV2 -> STM32] vx=+0.000 vy=+0.000 wz=+0.000 mag=0.00    [NAV2 -> STM32] vx=+0.000 vy=+0.000 wz=+0.000 mag=0.00    [NAV2 -> STM32] vx=+0.000 vy=+0.000 wz=+0.000 mag=0.00    [NAV2 -> STM32] vx=+0.000 vy=+0.000 wz=+0.000 mag=0.00    [NAV2 -> STM32] vx=+0.000 vy=+0.000 wz=+0.000 mag=0.00    [NAV2 -> STM32] vx=+0.000 vy=+0.000 wz=+0.000 mag=0.00    [NAV2 -> STM32] vx=+0.000 vy=+0.000 wz=+0.000 mag=0.00    [NAV2 -> STM32] vx=+0.000 vy=+0.000 wz=+0.000 mag=0.00    [NAV2 -> STM32] vx=+0.000 vy=+0.000 wz=+0.000 mag=0.00    [NAV2 -> STM32] vx=+0.000 vy=+0.000 wz=+0.000 mag=0.00    [NAV2 -> STM32] vx=+0.000 vy=+0.000 wz=+0.000 mag=0.00    [NAV2 -> STM32] vx=+0.000 vy=+0.000 wz=+0.000 mag=0.00    [NAV2 -> STM32] vx=+0.000 vy=+0.000 wz=+0.000 mag=0.00    [NAV2 -> STM32] vx=+0.000 vy=+0.000 wz=+0.000 mag=0.00    [NAV2 -> STM32] vx=+0.000 vy=+0.000 wz=+0.000 mag=0.00    [NAV2 -> STM32] vx=+0.000 vy=+0.000 wz=+0.000 mag=0.00    [NAV2 -> STM32] vx=+0.000 vy=+0.000 wz=+0.000 mag=0.00    [NAV2 -> STM32] vx=+0.000 vy=+0.000 wz=+0.000 mag=0.00    [NAV2 -> STM32] vx=+0.000 vy=+0.000 wz=+0.000 mag=0.00    [NAV2 -> STM32] vx=+0.000 vy=+0.000 wz=+0.000 mag=0.00    [NAV2 -> STM32] vx=+0.000 vy=+0.000 wz=+0.000 mag=0.00    [NAV2 -> STM32] vx=+0.000 vy=+0.000 wz=+0.000 mag=0.00    [NAV2 -> STM32] vx=+0.000 vy=+0.000 wz=+0.000 mag=0.00    [NAV2 -> STM32] vx=+0.000 vy=+0.000 wz=+0.000 mag=0.00    [NAV2 -> STM32] vx=+0.000 vy=+0.000 wz=+0.000 mag=0.00    [NAV2 -> STM32] vx=+0.000 vy=+0.000 wz=+0.000 mag=0.00    [NAV2 -> STM32] vx=+0.000 vy=+0.000 wz=+0.000 mag=0.00    [NAV2 -> STM32] vx=+0.000 vy=+0.000 wz=+0.000 mag=0.00    [NAV2 -> STM32] vx=+0.000 vy=+0.000 wz=+0.000 mag=0.00    [NAV2 -> STM32] vx=+0.000 vy=+0.000 wz=+0.000 mag=0.00    [NAV2 -> STM32] vx=+0.000 vy=+0.000 wz=+0.000 mag=0.00    [NAV2 -> STM32] vx=+0.000 vy=+0.000 wz=+0.000 mag=0.00    [NAV2 -> STM32] vx=+0.000 vy=+0.000 wz=+0.000 mag=0.00    [NAV2 -> STM32] vx=+0.000 vy=+0.000 wz=+0.000 mag=0.00    [NAV2 -> STM32] vx=+0.000 vy=+0.000 wz=+0.000 mag=0.00    [NAV2 -> STM32] vx=+0.000 vy=+0.000 wz=+0.000 mag=0.00    [NAV2 -> STM32] vx=+0.000 vy=+0.000 wz=+0.000 mag=0.00    [NAV2 -> STM32] vx=+0.000 vy=+0.000 wz=+0.000 mag=0.00    [NAV2 -> STM32] vx=+0.000 vy=+0.000 wz=+0.000 mag=0.00    [NAV2 -> STM32] vx=+0.000 vy=+0.000 wz=+0.000 mag=0.00    [NAV2 -> STM32] vx=+0.000 vy=+0.000 wz=+0.000 mag=0.00    [NAV2 -> STM32] vx=+0.000 vy=+0.000 wz=+0.000 mag=0.00    [NAV2 -> STM32] vx=+0.000 vy=+0.000 wz=+0.000 mag=0.00    [NAV2 -> STM32] vx=+0.000 vy=+0.000 wz=+0.000 mag=0.00    [NAV2 -> STM32] vx=+0.000 vy=+0.000 wz=+0.000 mag=0.00    [NAV2 -> STM32] vx=+0.000 vy=+0.000 wz=+0.000 mag=0.00    [NAV2 -> STM32] vx=+0.000 vy=+0.000 wz=+0.000 mag=0.00    [NAV2 -> STM32] vx=+0.000 vy=+0.000 wz=+0.000 mag=0.00    [NAV2 -> STM32] vx=+0.000 vy=+0.000 wz=+0.000 mag=0.00    [NAV2 -> STM32] vx=+0.000 vy=+0.000 wz=+0.000 mag=0.00    [NAV2 -> STM32] vx=+0.000 vy=+0.000 wz=+0.000 mag=0.00    [NAV2 -> STM32] vx=+0.000 vy=+0.000 wz=+0.000 mag=0.00    [NAV2 -> STM32] vx=+0.000 vy=+0.000 wz=+0.000 mag=0.00    [NAV2 -> STM32] vx=+0.000 vy=+0.000 wz=+0.000 mag=0.00    [NAV2 -> STM32] vx=+0.000 vy=+0.000 wz=+0.000 mag=0.00    [NAV2 -> STM32] vx=+0.000 vy=+0.000 wz=+0.000 mag=0.00    [NAV2 -> STM32] vx=+0.000 vy=+0.000 wz=+0.000 mag=0.00    [NAV2 -> STM32] vx=+0.000 vy=+0.000 wz=+0.000 mag=0.00    [NAV2 -> STM32] vx=+0.000 vy=+0.000 wz=+0.000 mag=0.00    [NAV2 -> STM32] vx=+0.000 vy=+0.000 wz=+0.000 mag=0.00    [NAV2 -> STM32] vx=+0.000 vy=+0.000 wz=+0.000 mag=0.00    [NAV2 -> STM32] vx=+0.000 vy=+0.000 wz=+0.000 mag=0.00    [NAV2 -> STM32] vx=+0.000 vy=+0.000 wz=+0.000 mag=0.00    [NAV2 -> STM32] vx=+0.000 vy=+0.000 wz=+0.000 mag=0.00    [NAV2 -> STM32] vx=+0.000 vy=+0.000 wz=+0.000 mag=0.00    [NAV2 -> STM32] vx=+0.000 vy=+0.000 wz=+0.000 mag=0.00    [NAV2 -> STM32] vx=+0.000 vy=+0.000 wz=+0.000 mag=0.00    [NAV2 -> STM32] vx=+0.000 vy=+0.000 wz=+0.000 mag=0.00    [NAV2 -> STM32] vx=+0.000 vy=+0.000 wz=+0.000 mag=0.00    [NAV2 -> STM32] vx=+0.000 vy=+0.000 wz=+0.000 mag=0.00    [NAV2 -> STM32] vx=+0.000 vy=+0.000 wz=+0.000 mag=0.00    [NAV2 -> STM32] vx=+0.000 vy=+0.000 wz=+0.000 mag=0.00    [NAV2 -> STM32] vx=+0.000 vy=+0.000 wz=+0.000 mag=0.00    [NAV2 -> STM32] vx=+0.000 vy=+0.000 wz=+0.000 mag=0.00    [NAV2 -> STM32] vx=+0.000 vy=+0.000 wz=+0.000 mag=0.00    [NAV2 -> STM32] vx=+0.000 vy=+0.000 wz=+0.000 mag=0.00    [NAV2 -> STM32] vx=+0.000 vy=+0.000 wz=+0.000 mag=0.00    [NAV2 -> STM32] vx=+0.000 vy=+0.000 wz=+0.000 mag=0.00    [NAV2 -> STM32] vx=+0.000 vy=+0.000 wz=+0.000 mag=0.00    [NAV2 -> STM32] vx=+0.000 vy=+0.000 wz=+0.000 mag=0.00    [NAV2 -> STM32] vx=+0.000 vy=+0.000 wz=+0.000 mag=0.00    [NAV2 -> STM32] vx=+0.000 vy=+0.000 wz=+0.000 mag=0.00    [NAV2 -> STM32] vx=+0.000 vy=+0.000 wz=+0.000 mag=0.00    [NAV2 -> STM32] vx=+0.000 vy=+0.000 wz=+0.000 mag=0.00    [NAV2 -> STM32] vx=+0.000 vy=+0.000 wz=+0.000 mag=0.00    [NAV2 -> STM32] vx=+0.000 vy=+0.000 wz=+0.000 mag=0.00    [NAV2 -> STM32] vx=+0.000 vy=+0.000 wz=+0.000 mag=0.00    [NAV2 -> STM32] vx=+0.000 vy=+0.000 wz=+0.000 mag=0.00    [NAV2 -> STM32] vx=+0.000 vy=+0.000 wz=+0.000 mag=0.00    [NAV2 -> STM32] vx=+0.000 vy=+0.000 wz=+0.000 mag=0.00    [NAV2 -> STM32] vx=+0.000 vy=+0.000 wz=+0.000 mag=0.00    [NAV2 -> STM32] vx=+0.000 vy=+0.000 wz=+0.000 mag=0.00    [NAV2 -> STM32] vx=+0.000 vy=+0.000 wz=+0.000 mag=0.00    [NAV2 -> STM32] vx=+0.000 vy=+0.000 wz=+0.000 mag=0.00    [NAV2 -> STM32] vx=+0.000 vy=+0.000 wz=+0.000 mag=0.00    [NAV2 -> STM32] vx=+0.000 vy=+0.000 wz=+0.000 mag=0.00    [NAV2 -> STM32] vx=+0.000 vy=+0.000 wz=+0.000 mag=0.00    [NAV2 -> STM32] vx=+0.000 vy=+0.000 wz=+0.000 mag=0.00    [NAV2 -> STM32] vx=+0.000 vy=+0.000 wz=+0.000 mag=0.00    [NAV2 -> STM32] vx=+0.000 vy=+0.000 wz=+0.000 mag=0.00    [NAV2 -> STM32] vx=+0.000 vy=+0.000 wz=+0.000 mag=0.00    [NAV2 -> STM32] vx=+0.000 vy=+0.000 wz=+0.000 mag=0.00    [NAV2 -> STM32] vx=+0.000 vy=+0.000 wz=+0.000 mag=0.00    [NAV2 -> STM32] vx=+0.000 vy=+0.000 wz=+0.000 mag=0.00    [NAV2 -> STM32] vx=+0.000 vy=+0.000 wz=+0.000 mag=0.00    [NAV2 -> STM32] vx=+0.000 vy=+0.000 wz=+0.000 mag=0.00    [NAV2 -> STM32] vx=+0.000 vy=+0.000 wz=+0.000 mag=0.00    [NAV2 -> STM32] vx=+0.000 vy=+0.000 wz=+0.000 mag=0.00    [NAV2 -> STM32] vx=+0.000 vy=+0.000 wz=+0.000 mag=0.00    [NAV2 -> STM32] vx=+0.000 vy=+0.000 wz=+0.000 mag=0.00    [NAV2 -> STM32] vx=+0.000 vy=+0.000 wz=+0.000 mag=0.00    [NAV2 -> STM32] vx=+0.000 vy=+0.000 wz=+0.000 mag=0.00    [NAV2 -> STM32] vx=+0.000 vy=+0.000 wz=+0.000 mag=0.00    [NAV2 -> STM32] vx=+0.000 vy=+0.000 wz=+0.000 mag=0.00    [NAV2 -> STM32] vx=+0.000 vy=+0.000 wz=+0.000 mag=0.00    [NAV2 -> STM32] vx=+0.000 vy=+0.000 wz=+0.000 mag=0.00    [NAV2 -> STM32] vx=+0.000 vy=+0.000 wz=+0.000 mag=0.00    [NAV2 -> STM32] vx=+0.000 vy=+0.000 wz=+0.000 mag=0.00    [NAV2 -> STM32] vx=+0.000 vy=+0.000 wz=+0.000 mag=0.00    [NAV2 -> STM32] vx=+0.000 vy=+0.000 wz=+0.000 mag=0.00    [NAV2 -> STM32] vx=+0.000 vy=+0.000 wz=+0.000 mag=0.00    [NAV2 -> STM32] vx=+0.000 vy=+0.000 wz=+0.000 mag=0.00    [NAV2 -> STM32] vx=+0.000 vy=+0.000 wz=+0.000 mag=0.00    [NAV2 -> STM32] vx=+0.000 vy=+0.000 wz=+0.000 mag=0.00    [NAV2 -> STM32] vx=+0.000 vy=+0.000 wz=+0.000 mag=0.00    [NAV2 -> STM32] vx=+0.000 vy=+0.000 wz=+0.000 mag=0.00    [NAV2 -> STM32] vx=+0.000 vy=+0.000 wz=+0.000 mag=0.00    [NAV2 -> STM32] vx=+0.000 vy=+0.000 wz=+0.000 mag=0.00    [NAV2 -> STM32] vx=+0.000 vy=+0.000 wz=+0.000 mag=0.00    [NAV2 -> STM32] vx=+0.000 vy=+0.000 wz=+0.000 mag=0.00    [NAV2 -> STM32] vx=+0.000 vy=+0.000 wz=+0.000 mag=0.00    [NAV2 -> STM32] vx=+0.000 vy=+0.000 wz=+0.000 mag=0.00    [NAV2 -> STM32] vx=+0.000 vy=+0.000 wz=+0.000 mag=0.00    [NAV2 -> STM32] vx=+0.000 vy=+0.000 wz=+0.000 mag=0.00    [NAV2 -> STM32] vx=+0.000 vy=+0.000 wz=+0.000 mag=0.00    [NAV2 -> STM32] vx=+0.000 vy=+0.000 wz=+0.000 mag=0.00    [NAV2 -> STM32] vx=+0.000 vy=+0.000 wz=+0.000 mag=0.00    [NAV2 -> STM32] vx=+0.000 vy=+0.000 wz=+0.000 mag=0.00    [NAV2 -> STM32] vx=+0.000 vy=+0.000 wz=+0.000 mag=0.00    [NAV2 -> STM32] vx=+0.000 vy=+0.000 wz=+0.000 mag=0.00    [NAV2 -> STM32] vx=+0.000 vy=+0.000 wz=+0.000 mag=0.00    [NAV2 -> STM32] vx=+0.000 vy=+0.000 wz=+0.000 mag=0.00    [NAV2 -> STM32] vx=+0.000 vy=+0.000 wz=+0.000 mag=0.00    [NAV2 -> STM32] vx=+0.000 vy=+0.000 wz=+0.000 mag=0.00    [NAV2 -> STM32] vx=+0.000 vy=+0.000 wz=+0.000 mag=0.00    [NAV2 -> STM32] vx=+0.000 vy=+0.000 wz=+0.000 mag=0.00    [NAV2 -> STM32] vx=+0.000 vy=+0.000 wz=+0.000 mag=0.00    [NAV2 -> STM32] vx=+0.000 vy=+0.000 wz=+0.000 mag=0.00    [NAV2 -> STM32] vx=+0.000 vy=+0.000 wz=+0.000 mag=0.00    [NAV2 -> STM32] vx=+0.000 vy=+0.000 wz=+0.000 mag=0.00    [NAV2 -> STM32] vx=+0.000 vy=+0.000 wz=+0.000 mag=0.00    [NAV2 -> STM32] vx=+0.000 vy=+0.000 wz=+0.000 mag=0.00    [NAV2 -> STM32] vx=+0.000 vy=+0.000 wz=+0.000 mag=0.00    [NAV2 -> STM32] vx=+0.000 vy=+0.000 wz=+0.000 mag=0.00    [NAV2 -> STM32] vx=+0.000 vy=+0.000 wz=+0.000 mag=0.00    [NAV2 -> STM32] vx=+0.000 vy=+0.000 wz=+0.000 mag=0.00    [NAV2 -> STM32] vx=+0.000 vy=+0.000 wz=+0.000 mag=0.00    [NAV2 -> STM32] vx=+0.000 vy=+0.000 wz=+0.000 mag=0.00    [NAV2 -> STM32] vx=+0.000 vy=+0.000 wz=+0.000 mag=0.00    [NAV2 -> STM32] vx=+0.000 vy=+0.000 wz=+0.000 mag=0.00    [NAV2 -> STM32] vx=+0.000 vy=+0.000 wz=+0.000 mag=0.00    [NAV2 -> STM32] vx=+0.000 vy=+0.000 wz=+0.000 mag=0.00    [NAV2 -> STM32] vx=+0.000 vy=+0.000 wz=+0.000 mag=0.00    [NAV2 -> STM32] vx=+0.000 vy=+0.000 wz=+0.000 mag=0.00    [NAV2 -> STM32] vx=+0.000 vy=+0.000 wz=+0.000 mag=0.00    [NAV2 -> STM32] vx=+0.000 vy=+0.000 wz=+0.000 mag=0.00    [NAV2 -> STM32] vx=+0.000 vy=+0.000 wz=+0.000 mag=0.00    [NAV2 -> STM32] vx=+0.000 vy=+0.000 wz=+0.000 mag=0.00    [NAV2 -> STM32] vx=+0.000 vy=+0.000 wz=+0.000 mag=0.00    [NAV2 -> STM32] vx=+0.000 vy=+0.000 wz=+0.000 mag=0.00    [NAV2 -> STM32] vx=+0.000 vy=+0.000 wz=+0.000 mag=0.00    [NAV2 -> STM32] vx=+0.000 vy=+0.000 wz=+0.000 mag=0.00    [NAV2 -> STM32] vx=+0.000 vy=+0.000 wz=+0.000 mag=0.00    [NAV2 -> STM32] vx=+0.000 vy=+0.000 wz=+0.000 mag=0.00    [NAV2 -> STM32] vx=+0.000 vy=+0.000 wz=+0.000 mag=0.00    [NAV2 -> STM32] vx=+0.000 vy=+0.000 wz=+0.000 mag=0.00    [NAV2 -> STM32] vx=+0.000 vy=+0.000 wz=+0.000 mag=0.00    [NAV2 -> STM32] vx=+0.000 vy=+0.000 wz=+0.000 mag=0.00    [NAV2 -> STM32] vx=+0.000 vy=+0.000 wz=+0.000 mag=0.00    [NAV2 -> STM32] vx=+0.000 vy=+0.000 wz=+0.000 mag=0.00    [NAV2 -> STM32] vx=+0.000 vy=+0.000 wz=+0.000 mag=0.00    [NAV2 -> STM32] vx=+0.000 vy=+0.000 wz=+0.000 mag=0.00    [NAV2 -> STM32] vx=+0.000 vy=+0.000 wz=+0.000 mag=0.00    [NAV2 -> STM32] vx=+0.000 vy=+0.000 wz=+0.000 mag=0.00    [NAV2 -> STM32] vx=+0.000 vy=+0.000 wz=+0.000 mag=0.00    [NAV2 -> STM32] vx=+0.000 vy=+0.000 wz=+0.000 mag=0.00    [NAV2 -> STM32] vx=+0.000 vy=+0.000 wz=+0.000 mag=0.00    [NAV2 -> STM32] vx=+0.000 vy=+0.000 wz=+0.000 mag=0.00    [NAV2 -> STM32] vx=+0.000 vy=+0.000 wz=+0.000 mag=0.00    [NAV2 -> STM32] vx=+0.000 vy=+0.000 wz=+0.000 mag=0.00    [NAV2 -> STM32] vx=+0.000 vy=+0.000 wz=+0.000 mag=0.00    [NAV2 -> STM32] vx=+0.000 vy=+0.000 wz=+0.000 mag=0.00    [NAV2 -> STM32] vx=+0.000 vy=+0.000 wz=+0.000 mag=0.00    [NAV2 -> STM32] vx=+0.000 vy=+0.000 wz=+0.000 mag=0.00    [NAV2 -> STM32] vx=+0.000 vy=+0.000 wz=+0.000 mag=0.00    [NAV2 -> STM32] vx=+0.000 vy=+0.000 wz=+0.000 mag=0.00    [NAV2 -> STM32] vx=+0.000 vy=+0.000 wz=+0.000 mag=0.00    [NAV2 -> STM32] vx=+0.000 vy=+0.000 wz=+0.000 mag=0.00    [NAV2 -> STM32] vx=+0.000 vy=+0.000 wz=+0.000 mag=0.00    [NAV2 -> STM32] vx=+0.000 vy=+0.000 wz=+0.000 mag=0.00    [NAV2 -> STM32] vx=+0.000 vy=+0.000 wz=+0.000 mag=0.00    [NAV2 -> STM32] vx=+0.000 vy=+0.000 wz=+0.000 mag=0.00    [NAV2 -> STM32] vx=+0.000 vy=+0.000 wz=+0.000 mag=0.00    [NAV2 -> STM32] vx=+0.000 vy=+0.000 wz=+0.000 mag=0.00    [NAV2 -> STM32] vx=+0.000 vy=+0.000 wz=+0.000 mag=0.00    [NAV2 -> STM32] vx=+0.000 vy=+0.000 wz=+0.000 mag=0.00    [NAV2 -> STM32] vx=+0.000 vy=+0.000 wz=+0.000 mag=0.00    [NAV2 -> STM32] vx=+0.000 vy=+0.000 wz=+0.000 mag=0.00    [NAV2 -> STM32] vx=+0.000 vy=+0.000 wz=+0.000 mag=0.00    [NAV2 -> STM32] vx=+0.000 vy=+0.000 wz=+0.000 mag=0.00    [NAV2 -> STM32] vx=+0.000 vy=+0.000 wz=+0.000 mag=0.00    [NAV2 -> STM32] vx=+0.000 vy=+0.000 wz=+0.000 mag=0.00    [NAV2 -> STM32] vx=+0.000 vy=+0.000 wz=+0.000 mag=0.00    [NAV2 -> STM32] vx=+0.000 vy=+0.000 wz=+0.000 mag=0.00    [NAV2 -> STM32] vx=+0.000 vy=+0.000 wz=+0.000 mag=0.00    [NAV2 -> STM32] vx=+0.000 vy=+0.000 wz=+0.000 mag=0.00    [NAV2 -> STM32] vx=+0.000 vy=+0.000 wz=+0.000 mag=0.00    [NAV2 -> STM32] vx=+0.000 vy=+0.000 wz=+0.000 mag=0.00    [NAV2 -> STM32] vx=+0.000 vy=+0.000 wz=+0.000 mag=0.00    [NAV2 -> STM32] vx=+0.000 vy=+0.000 wz=+0.000 mag=0.00    [NAV2 -> STM32] vx=+0.000 vy=+0.000 wz=+0.000 mag=0.00    [NAV2 -> STM32] vx=+0.000 vy=+0.000 wz=+0.000 mag=0.00    [NAV2 -> STM32] vx=+0.000 vy=+0.000 wz=+0.000 mag=0.00    [NAV2 -> STM32] vx=+0.000 vy=+0.000 wz=+0.000 mag=0.00    [NAV2 -> STM32] vx=+0.000 vy=+0.000 wz=+0.000 mag=0.00    [NAV2 -> STM32] vx=+0.000 vy=+0.000 wz=+0.000 mag=0.00    [NAV2 -> STM32] vx=+0.000 vy=+0.000 wz=+0.000 mag=0.00    [NAV2 -> STM32] vx=+0.000 vy=+0.000 wz=+0.000 mag=0.00    [NAV2 -> STM32] vx=+0.000 vy=+0.000 wz=+0.000 mag=0.00    [NAV2 -> STM32] vx=+0.000 vy=+0.000 wz=+0.000 mag=0.00    [NAV2 -> STM32] vx=+0.000 vy=+0.000 wz=+0.000 mag=0.00    [NAV2 -> STM32] vx=+0.000 vy=+0.000 wz=+0.000 mag=0.00    [NAV2 -> STM32] vx=+0.000 vy=+0.000 wz=+0.000 mag=0.00    [NAV2 -> STM32] vx=+0.000 vy=+0.000 wz=+0.000 mag=0.00    [NAV2 -> STM32] vx=+0.000 vy=+0.000 wz=+0.000 mag=0.00    [NAV2 -> STM32] vx=+0.000 vy=+0.000 wz=+0.000 mag=0.00    [NAV2 -> STM32] vx=+0.000 vy=+0.000 wz=+0.000 mag=0.00    [NAV2 -> STM32] vx=+0.000 vy=+0.000 wz=+0.000 mag=0.00    [NAV2 -> STM32] vx=+0.000 vy=+0.000 wz=+0.000 mag=0.00    [NAV2 -> STM32] vx=+0.000 vy=+0.000 wz=+0.000 mag=0.00    [NAV2 -> STM32] vx=+0.000 vy=+0.000 wz=+0.000 mag=0.00    [NAV2 -> STM32] vx=+0.000 vy=+0.000 wz=+0.000 mag=0.00    [NAV2 -> STM32] vx=+0.000 vy=+0.000 wz=+0.000 mag=0.00    [NAV2 -> STM32] vx=+0.000 vy=+0.000 wz=+0.000 mag=0.00    [NAV2 -> STM32] vx=+0.000 vy=+0.000 wz=+0.000 mag=0.00    [NAV2 -> STM32] vx=+0.000 vy=+0.000 wz=+0.000 mag=0.00    [NAV2 -> STM32] vx=+0.000 vy=+0.000 wz=+0.000 mag=0.00    [NAV2 -> STM32] vx=+0.000 vy=+0.000 wz=+0.000 mag=0.00    [NAV2 -> STM32] vx=+0.000 vy=+0.000 wz=+0.000 mag=0.00    [NAV2 -> STM32] vx=+0.000 vy=+0.000 wz=+0.000 mag=0.00    [NAV2 -> STM32] vx=+0.000 vy=+0.000 wz=+0.000 mag=0.00    [NAV2 -> STM32] vx=+0.000 vy=+0.000 wz=+0.000 mag=0.00    [NAV2 -> STM32] vx=+0.000 vy=+0.000 wz=+0.000 mag=0.00    [NAV2 -> STM32] vx=+0.000 vy=+0.000 wz=+0.000 mag=0.00    [NAV2 -> STM32] vx=+0.000 vy=+0.000 wz=+0.000 mag=0.00    [NAV2 -> STM32] vx=+0.000 vy=+0.000 wz=+0.000 mag=0.00    [NAV2 -> STM32] vx=+0.000 vy=+0.000 wz=+0.000 mag=0.00    [NAV2 -> STM32] vx=+0.000 vy=+0.000 wz=+0.000 mag=0.00    [NAV2 -> STM32] vx=+0.000 vy=+0.000 wz=+0.000 mag=0.00    [NAV2 -> STM32] vx=+0.000 vy=+0.000 wz=+0.000 mag=0.00    [NAV2 -> STM32] vx=+0.000 vy=+0.000 wz=+0.000 mag=0.00    [NAV2 -> STM32] vx=+0.000 vy=+0.000 wz=+0.000 mag=0.00    [NAV2 -> STM32] vx=+0.000 vy=+0.000 wz=+0.000 mag=0.00    [NAV2 -> STM32] vx=+0.000 vy=+0.000 wz=+0.000 mag=0.00    [NAV2 -> STM32] vx=+0.000 vy=+0.000 wz=+0.000 mag=0.00    [NAV2 -> STM32] vx=+0.000 vy=+0.000 wz=+0.000 mag=0.00    [NAV2 -> STM32] vx=+0.000 vy=+0.000 wz=+0.000 mag=0.00    [NAV2 -> STM32] vx=+0.000 vy=+0.000 wz=+0.000 mag=0.00    [NAV2 -> STM32] vx=+0.000 vy=+0.000 wz=+0.000 mag=0.00    [NAV2 -> STM32] vx=+0.000 vy=+0.000 wz=+0.000 mag=0.00    [NAV2 -> STM32] vx=+0.000 vy=+0.000 wz=+0.000 mag=0.00    [NAV2 -> STM32] vx=+0.000 vy=+0.000 wz=+0.000 mag=0.00    [NAV2 -> STM32] vx=+0.000 vy=+0.000 wz=+0.000 mag=0.00    [NAV2 -> STM32] vx=+0.000 vy=+0.000 wz=+0.000 mag=0.00    [NAV2 -> STM32] vx=+0.000 vy=+0.000 wz=+0.000 mag=0.00    [NAV2 -> STM32] vx=+0.000 vy=+0.000 wz=+0.000 mag=0.00    [NAV2 -> STM32] vx=+0.000 vy=+0.000 wz=+0.000 mag=0.00    [NAV2 -> STM32] vx=+0.000 vy=+0.000 wz=+0.000 mag=0.00    [NAV2 -> STM32] vx=+0.000 vy=+0.000 wz=+0.000 mag=0.00    [NAV2 -> STM32] vx=+0.000 vy=+0.000 wz=+0.000 mag=0.00    [NAV2 -> STM32] vx=+0.000 vy=+0.000 wz=+0.000 mag=0.00    [NAV2 -> STM32] vx=+0.000 vy=+0.000 wz=+0.000 mag=0.00    [NAV2 -> STM32] vx=+0.000 vy=+0.000 wz=+0.000 mag=0.00    [NAV2 -> STM32] vx=+0.000 vy=+0.000 wz=+0.000 mag=0.00    [NAV2 -> STM32] vx=+0.000 vy=+0.000 wz=+0.000 mag=0.00    [NAV2 -> STM32] vx=+0.000 vy=+0.000 wz=+0.000 mag=0.00    [NAV2 -> STM32] vx=+0.000 vy=+0.000 wz=+0.000 mag=0.00    [NAV2 -> STM32] vx=+0.000 vy=+0.000 wz=+0.000 mag=0.00    [NAV2 -> STM32] vx=+0.000 vy=+0.000 wz=+0.000 mag=0.00    [NAV2 -> STM32] vx=+0.000 vy=+0.000 wz=+0.000 mag=0.00    [NAV2 -> STM32] vx=+0.000 vy=+0.000 wz=+0.000 mag=0.00    [NAV2 -> STM32] vx=+0.000 vy=+0.000 wz=+0.000 mag=0.00    [NAV2 -> STM32] vx=+0.000 vy=+0.000 wz=+0.000 mag=0.00    [NAV2 -> STM32] vx=+0.000 vy=+0.000 wz=+0.000 mag=0.00    [NAV2 -> STM32] vx=+0.000 vy=+0.000 wz=+0.000 mag=0.00    [NAV2 -> STM32] vx=+0.000 vy=+0.000 wz=+0.000 mag=0.00    [NAV2 -> STM32] vx=+0.000 vy=+0.000 wz=+0.000 mag=0.00    [NAV2 -> STM32] vx=+0.000 vy=+0.000 wz=+0.000 mag=0.00    [NAV2 -> STM32] vx=+0.000 vy=+0.000 wz=+0.000 mag=0.00    [NAV2 -> STM32] vx=+0.000 vy=+0.000 wz=+0.000 mag=0.00    [NAV2 -> STM32] vx=+0.000 vy=+0.000 wz=+0.000 mag=0.00    [NAV2 -> STM32] vx=+0.000 vy=+0.000 wz=+0.000 mag=0.00    [NAV2 -> STM32] vx=+0.000 vy=+0.000 wz=+0.000 mag=0.00    [NAV2 -> STM32] vx=+0.000 vy=+0.000 wz=+0.000 mag=0.00    [NAV2 -> STM32] vx=+0.000 vy=+0.000 wz=+0.000 mag=0.00    [NAV2 -> STM32] vx=+0.000 vy=+0.000 wz=+0.000 mag=0.00    [NAV2 -> STM32] vx=+0.000 vy=+0.000 wz=+0.000 mag=0.00    [NAV2 -> STM32] vx=+0.000 vy=+0.000 wz=+0.000 mag=0.00    [NAV2 -> STM32] vx=+0.000 vy=+0.000 wz=+0.000 mag=0.00    [NAV2 -> STM32] vx=+0.000 vy=+0.000 wz=+0.000 mag=0.00    [NAV2 -> STM32] vx=+0.000 vy=+0.000 wz=+0.000 mag=0.00    [NAV2 -> STM32] vx=+0.000 vy=+0.000 wz=+0.000 mag=0.00    [NAV2 -> STM32] vx=+0.000 vy=+0.000 wz=+0.000 mag=0.00    [NAV2 -> STM32] vx=+0.000 vy=+0.000 wz=+0.000 mag=0.00    [NAV2 -> STM32] vx=+0.000 vy=+0.000 wz=+0.000 mag=0.00    [NAV2 -> STM32] vx=+0.000 vy=+0.000 wz=+0.000 mag=0.00    [NAV2 -> STM32] vx=+0.000 vy=+0.000 wz=+0.000 mag=0.00    [NAV2 -> STM32] vx=+0.000 vy=+0.000 wz=+0.000 mag=0.00    [NAV2 -> STM32] vx=+0.000 vy=+0.000 wz=+0.000 mag=0.00    [NAV2 -> STM32] vx=+0.000 vy=+0.000 wz=+0.000 mag=0.00    [NAV2 -> STM32] vx=+0.000 vy=+0.000 wz=+0.000 mag=0.00    [NAV2 -> STM32] vx=+0.000 vy=+0.000 wz=+0.000 mag=0.00    [NAV2 -> STM32] vx=+0.000 vy=+0.000 wz=+0.000 mag=0.00    [NAV2 -> STM32] vx=+0.000 vy=+0.000 wz=+0.000 mag=0.00    [NAV2 -> STM32] vx=+0.000 vy=+0.000 wz=+0.000 mag=0.00    [NAV2 -> STM32] vx=+0.000 vy=+0.000 wz=+0.000 mag=0.00    [NAV2 -> STM32] vx=+0.000 vy=+0.000 wz=+0.000 mag=0.00    [NAV2 -> STM32] vx=+0.000 vy=+0.000 wz=+0.000 mag=0.00    [NAV2 -> STM32] vx=+0.000 vy=+0.000 wz=+0.000 mag=0.00    [NAV2 -> STM32] vx=+0.000 vy=+0.000 wz=+0.000 mag=0.00    [NAV2 -> STM32] vx=+0.000 vy=+0.000 wz=+0.000 mag=0.00    [NAV2 -> STM32] vx=+0.000 vy=+0.000 wz=+0.000 mag=0.00    [NAV2 -> STM32] vx=+0.000 vy=+0.000 wz=+0.000 mag=0.00    [NAV2 -> STM32] vx=+0.000 vy=+0.000 wz=+0.000 mag=0.00    [NAV2 -> STM32] vx=+0.000 vy=+0.000 wz=+0.000 mag=0.00    [NAV2 -> STM32] vx=+0.000 vy=+0.000 wz=+0.000 mag=0.00    [NAV2 -> STM32] vx=+0.000 vy=+0.000 wz=+0.000 mag=0.00    [NAV2 -> STM32] vx=+0.000 vy=+0.000 wz=+0.000 mag=0.00    [NAV2 -> STM32] vx=+0.000 vy=+0.000 wz=+0.000 mag=0.00    [NAV2 -> STM32] vx=+0.000 vy=+0.000 wz=+0.000 mag=0.00    [NAV2 -> STM32] vx=+0.000 vy=+0.000 wz=+0.000 mag=0.00    [NAV2 -> STM32] vx=+0.000 vy=+0.000 wz=+0.000 mag=0.00    [NAV2 -> STM32] vx=+0.000 vy=+0.000 wz=+0.000 mag=0.00    [NAV2 -> STM32] vx=+0.000 vy=+0.000 wz=+0.000 mag=0.00    [NAV2 -> STM32] vx=+0.000 vy=+0.000 wz=+0.000 mag=0.00    [NAV2 -> STM32] vx=+0.000 vy=+0.000 wz=+0.000 mag=0.00    [NAV2 -> STM32] vx=+0.000 vy=+0.000 wz=+0.000 mag=0.00    [NAV2 -> STM32] vx=+0.000 vy=+0.000 wz=+0.000 mag=0.00    [NAV2 -> STM32] vx=+0.000 vy=+0.000 wz=+0.000 mag=0.00    [NAV2 -> STM32] vx=+0.000 vy=+0.000 wz=+0.000 mag=0.00    [NAV2 -> STM32] vx=+0.000 vy=+0.000 wz=+0.000 mag=0.00    [NAV2 -> STM32] vx=+0.000 vy=+0.000 wz=+0.000 mag=0.00    [NAV2 -> STM32] vx=+0.000 vy=+0.000 wz=+0.000 mag=0.00    [NAV2 -> STM32] vx=+0.000 vy=+0.000 wz=+0.000 mag=0.00    [NAV2 -> STM32] vx=+0.000 vy=+0.000 wz=+0.000 mag=0.00    [NAV2 -> STM32] vx=+0.000 vy=+0.000 wz=+0.000 mag=0.00    [NAV2 -> STM32] vx=+0.000 vy=+0.000 wz=+0.000 mag=0.00    [NAV2 -> STM32] vx=+0.000 vy=+0.000 wz=+0.000 mag=0.00    [NAV2 -> STM32] vx=+0.000 vy=+0.000 wz=+0.000 mag=0.00    [NAV2 -> STM32] vx=+0.000 vy=+0.000 wz=+0.000 mag=0.00    [NAV2 -> STM32] vx=+0.000 vy=+0.000 wz=+0.000 mag=0.00    [NAV2 -> STM32] vx=+0.000 vy=+0.000 wz=+0.000 mag=0.00    [NAV2 -> STM32] vx=+0.000 vy=+0.000 wz=+0.000 mag=0.00    [NAV2 -> STM32] vx=+0.000 vy=+0.000 wz=+0.000 mag=0.00    [NAV2 -> STM32] vx=+0.000 vy=+0.000 wz=+0.000 mag=0.00    [NAV2 -> STM32] vx=+0.000 vy=+0.000 wz=+0.000 mag=0.00    [NAV2 -> STM32] vx=+0.000 vy=+0.000 wz=+0.000 mag=0.00    [NAV2 -> STM32] vx=+0.000 vy=+0.000 wz=+0.000 mag=0.00    [NAV2 -> STM32] vx=+0.000 vy=+0.000 wz=+0.000 mag=0.00    [NAV2 -> STM32] vx=+0.000 vy=+0.000 wz=+0.000 mag=0.00    [NAV2 -> STM32] vx=+0.000 vy=+0.000 wz=+0.000 mag=0.00    [NAV2 -> STM32] vx=+0.000 vy=+0.000 wz=+0.000 mag=0.00    [NAV2 -> STM32] vx=+0.000 vy=+0.000 wz=+0.000 mag=0.00    [NAV2 -> STM32] vx=+0.000 vy=+0.000 wz=+0.000 mag=0.00    [NAV2 -> STM32] vx=+0.000 vy=+0.000 wz=+0.000 mag=0.00    [NAV2 -> STM32] vx=+0.000 vy=+0.000 wz=+0.000 mag=0.00    [NAV2 -> STM32] vx=+0.000 vy=+0.000 wz=+0.000 mag=0.00    [NAV2 -> STM32] vx=+0.000 vy=+0.000 wz=+0.000 mag=0.00    [NAV2 -> STM32] vx=+0.000 vy=+0.000 wz=+0.000 mag=0.00    [NAV2 -> STM32] vx=+0.000 vy=+0.000 wz=+0.000 mag=0.00    [NAV2 -> STM32] vx=+0.000 vy=+0.000 wz=+0.000 mag=0.00    [NAV2 -> STM32] vx=+0.000 vy=+0.000 wz=+0.000 mag=0.00    [NAV2 -> STM32] vx=+0.000 vy=+0.000 wz=+0.000 mag=0.00    [NAV2 -> STM32] vx=+0.000 vy=+0.000 wz=+0.000 mag=0.00    [NAV2 -> STM32] vx=+0.000 vy=+0.000 wz=+0.000 mag=0.00    [NAV2 -> STM32] vx=+0.000 vy=+0.000 wz=+0.000 mag=0.00    [NAV2 -> STM32] vx=+0.000 vy=+0.000 wz=+0.000 mag=0.00    [NAV2 -> STM32] vx=+0.000 vy=+0.000 wz=+0.000 mag=0.00    [NAV2 -> STM32] vx=+0.000 vy=+0.000 wz=+0.000 mag=0.00    [NAV2 -> STM32] vx=+0.000 vy=+0.000 wz=+0.000 mag=0.00    [NAV2 -> STM32] vx=+0.000 vy=+0.000 wz=+0.000 mag=0.00    [NAV2 -> STM32] vx=+0.000 vy=+0.000 wz=+0.000 mag=0.00    [NAV2 -> STM32] vx=+0.000 vy=+0.000 wz=+0.000 mag=0.00    [NAV2 -> STM32] vx=+0.000 vy=+0.000 wz=+0.000 mag=0.00    [NAV2 -> STM32] vx=+0.000 vy=+0.000 wz=+0.000 mag=0.00    [NAV2 -> STM32] vx=+0.000 vy=+0.000 wz=+0.000 mag=0.00    [NAV2 -> STM32] vx=+0.000 vy=+0.000 wz=+0.000 mag=0.00    [NAV2 -> STM32] vx=+0.000 vy=+0.000 wz=+0.000 mag=0.00    [NAV2 -> STM32] vx=+0.000 vy=+0.000 wz=+0.000 mag=0.00    [NAV2 -> STM32] vx=+0.000 vy=+0.000 wz=+0.000 mag=0.00    [NAV2 -> STM32] vx=+0.000 vy=+0.000 wz=+0.000 mag=0.00    [NAV2 -> STM32] vx=+0.000 vy=+0.000 wz=+0.000 mag=0.00    [NAV2 -> STM32] vx=+0.000 vy=+0.000 wz=+0.000 mag=0.00    [NAV2 -> STM32] vx=+0.000 vy=+0.000 wz=+0.000 mag=0.00    [NAV2 -> STM32] vx=+0.000 vy=+0.000 wz=+0.000 mag=0.00    [NAV2 -> STM32] vx=+0.000 vy=+0.000 wz=+0.000 mag=0.00    [NAV2 -> STM32] vx=+0.000 vy=+0.000 wz=+0.000 mag=0.00    [NAV2 -> STM32] vx=+0.000 vy=+0.000 wz=+0.000 mag=0.00    [NAV2 -> STM32] vx=+0.000 vy=+0.000 wz=+0.000 mag=0.00    [NAV2 -> STM32] vx=+0.000 vy=+0.000 wz=+0.000 mag=0.00    [NAV2 -> STM32] vx=+0.000 vy=+0.000 wz=+0.000 mag=0.00    [NAV2 -> STM32] vx=+0.000 vy=+0.000 wz=+0.000 mag=0.00    [NAV2 -> STM32] vx=+0.000 vy=+0.000 wz=+0.000 mag=0.00    [NAV2 -> STM32] vx=+0.000 vy=+0.000 wz=+0.000 mag=0.00    [NAV2 -> STM32] vx=+0.000 vy=+0.000 wz=+0.000 mag=0.00    [NAV2 -> STM32] vx=+0.000 vy=+0.000 wz=+0.000 mag=0.00    [NAV2 -> STM32] vx=+0.000 vy=+0.000 wz=+0.000 mag=0.00    [NAV2 -> STM32] vx=+0.000 vy=+0.000 wz=+0.000 mag=0.00    [NAV2 -> STM32] vx=+0.000 vy=+0.000 wz=+0.000 mag=0.00    [NAV2 -> STM32] vx=+0.000 vy=+0.000 wz=+0.000 mag=0.00    [NAV2 -> STM32] vx=+0.000 vy=+0.000 wz=+0.000 mag=0.00    [NAV2 -> STM32] vx=+0.000 vy=+0.000 wz=+0.000 mag=0.00    [NAV2 -> STM32] vx=+0.000 vy=+0.000 wz=+0.000 mag=0.00    [NAV2 -> STM32] vx=+0.000 vy=+0.000 wz=+0.000 mag=0.00    [NAV2 -> STM32] vx=+0.000 vy=+0.000 wz=+0.000 mag=0.00    [NAV2 -> STM32] vx=+0.000 vy=+0.000 wz=+0.000 mag=0.00    [NAV2 -> STM32] vx=+0.000 vy=+0.000 wz=+0.000 mag=0.00    [NAV2 -> STM32] vx=+0.000 vy=+0.000 wz=+0.000 mag=0.00    [NAV2 -> STM32] vx=+0.000 vy=+0.000 wz=+0.000 mag=0.00    [NAV2 -> STM32] vx=+0.000 vy=+0.000 wz=+0.000 mag=0.00    [NAV2 -> STM32] vx=+0.000 vy=+0.000 wz=+0.000 mag=0.00    [NAV2 -> STM32] vx=+0.000 vy=+0.000 wz=+0.000 mag=0.00    [NAV2 -> STM32] vx=+0.000 vy=+0.000 wz=+0.000 mag=0.00    [NAV2 -> STM32] vx=+0.000 vy=+0.000 wz=+0.000 mag=0.00    [NAV2 -> STM32] vx=+0.000 vy=+0.000 wz=+0.000 mag=0.00    [NAV2 -> STM32] vx=+0.000 vy=+0.000 wz=+0.000 mag=0.00    [NAV2 -> STM32] vx=+0.000 vy=+0.000 wz=+0.000 mag=0.00    [NAV2 -> STM32] vx=+0.000 vy=+0.000 wz=+0.000 mag=0.00    [NAV2 -> STM32] vx=+0.000 vy=+0.000 wz=+0.000 mag=0.00    [NAV2 -> STM32] vx=+0.000 vy=+0.000 wz=+0.000 mag=0.00    [NAV2 -> STM32] vx=+0.000 vy=+0.000 wz=+0.000 mag=0.00    [NAV2 -> STM32] vx=+0.000 vy=+0.000 wz=+0.000 mag=0.00    [NAV2 -> STM32] vx=+0.000 vy=+0.000 wz=+0.000 mag=0.00    [NAV2 -> STM32] vx=+0.000 vy=+0.000 wz=+0.000 mag=0.00    [NAV2 -> STM32] vx=+0.000 vy=+0.000 wz=+0.000 mag=0.00    [NAV2 -> STM32] vx=+0.000 vy=+0.000 wz=+0.000 mag=0.00    [NAV2 -> STM32] vx=+0.000 vy=+0.000 wz=+0.000 mag=0.00    [NAV2 -> STM32] vx=+0.000 vy=+0.000 wz=+0.000 mag=0.00    [NAV2 -> STM32] vx=+0.000 vy=+0.000 wz=+0.000 mag=0.00    [NAV2 -> STM32] vx=+0.000 vy=+0.000 wz=+0.000 mag=0.00    [NAV2 -> STM32] vx=+0.000 vy=+0.000 wz=+0.000 mag=0.00    [NAV2 -> STM32] vx=+0.000 vy=+0.000 wz=+0.000 mag=0.00    [NAV2 -> STM32] vx=+0.000 vy=+0.000 wz=+0.000 mag=0.00    [NAV2 -> STM32] vx=+0.000 vy=+0.000 wz=+0.000 mag=0.00    [NAV2 -> STM32] vx=+0.000 vy=+0.000 wz=+0.000 mag=0.00    [NAV2 -> STM32] vx=+0.000 vy=+0.000 wz=+0.000 mag=0.00    [NAV2 -> STM32] vx=+0.000 vy=+0.000 wz=+0.000 mag=0.00    [NAV2 -> STM32] vx=+0.000 vy=+0.000 wz=+0.000 mag=0.00    [NAV2 -> STM32] vx=+0.000 vy=+0.000 wz=+0.000 mag=0.00    [NAV2 -> STM32] vx=+0.000 vy=+0.000 wz=+0.000 mag=0.00    [NAV2 -> STM32] vx=+0.000 vy=+0.000 wz=+0.000 mag=0.00    [NAV2 -> STM32] vx=+0.000 vy=+0.000 wz=+0.000 mag=0.00    [NAV2 -> STM32] vx=+0.000 vy=+0.000 wz=+0.000 mag=0.00    [NAV2 -> STM32] vx=+0.000 vy=+0.000 wz=+0.000 mag=0.00    [NAV2 -> STM32] vx=+0.000 vy=+0.000 wz=+0.000 mag=0.00    [NAV2 -> STM32] vx=+0.000 vy=+0.000 wz=+0.000 mag=0.00    [NAV2 -> STM32] vx=+0.000 vy=+0.000 wz=+0.000 mag=0.00    [NAV2 -> STM32] vx=+0.000 vy=+0.000 wz=+0.000 mag=0.00    [NAV2 -> STM32] vx=+0.000 vy=+0.000 wz=+0.000 mag=0.00    [NAV2 -> STM32] vx=+0.000 vy=+0.000 wz=+0.000 mag=0.00    [NAV2 -> STM32] vx=+0.000 vy=+0.000 wz=+0.000 mag=0.00    [NAV2 -> STM32] vx=+0.000 vy=+0.000 wz=+0.000 mag=0.00    [NAV2 -> STM32] vx=+0.000 vy=+0.000 wz=+0.000 mag=0.00    [NAV2 -> STM32] vx=+0.000 vy=+0.000 wz=+0.000 mag=0.00    [NAV2 -> STM32] vx=+0.000 vy=+0.000 wz=+0.000 mag=0.00    [NAV2 -> STM32] vx=+0.000 vy=+0.000 wz=+0.000 mag=0.00    [NAV2 -> STM32] vx=+0.000 vy=+0.000 wz=+0.000 mag=0.00    [NAV2 -> STM32] vx=+0.000 vy=+0.000 wz=+0.000 mag=0.00    [NAV2 -> STM32] vx=+0.000 vy=+0.000 wz=+0.000 mag=0.00    [NAV2 -> STM32] vx=+0.000 vy=+0.000 wz=+0.000 mag=0.00    [NAV2 -> STM32] vx=+0.000 vy=+0.000 wz=+0.000 mag=0.00    [NAV2 -> STM32] vx=+0.000 vy=+0.000 wz=+0.000 mag=0.00    [NAV2 -> STM32] vx=+0.000 vy=+0.000 wz=+0.000 mag=0.00    [NAV2 -> STM32] vx=+0.000 vy=+0.000 wz=+0.000 mag=0.00    [NAV2 -> STM32] vx=+0.000 vy=+0.000 wz=+0.000 mag=0.00    [NAV2 -> STM32] vx=+0.000 vy=+0.000 wz=+0.000 mag=0.00    [NAV2 -> STM32] vx=+0.000 vy=+0.000 wz=+0.000 mag=0.00    [NAV2 -> STM32] vx=+0.000 vy=+0.000 wz=+0.000 mag=0.00    [NAV2 -> STM32] vx=+0.000 vy=+0.000 wz=+0.000 mag=0.00    [NAV2 -> STM32] vx=+0.000 vy=+0.000 wz=+0.000 mag=0.00    [NAV2 -> STM32] vx=+0.000 vy=+0.000 wz=+0.000 mag=0.00    [NAV2 -> STM32] vx=+0.000 vy=+0.000 wz=+0.000 mag=0.00    [NAV2 -> STM32] vx=+0.000 vy=+0.000 wz=+0.000 mag=0.00    [NAV2 -> STM32] vx=+0.000 vy=+0.000 wz=+0.000 mag=0.00    [NAV2 -> STM32] vx=+0.000 vy=+0.000 wz=+0.000 mag=0.00    [NAV2 -> STM32] vx=+0.000 vy=+0.000 wz=+0.000 mag=0.00    [NAV2 -> STM32] vx=+0.000 vy=+0.000 wz=+0.000 mag=0.00    [NAV2 -> STM32] vx=+0.000 vy=+0.000 wz=+0.000 mag=0.00    [NAV2 -> STM32] vx=+0.000 vy=+0.000 wz=+0.000 mag=0.00    [NAV2 -> STM32] vx=+0.000 vy=+0.000 wz=+0.000 mag=0.00    [NAV2 -> STM32] vx=+0.000 vy=+0.000 wz=+0.000 mag=0.00    [NAV2 -> STM32] vx=+0.000 vy=+0.000 wz=+0.000 mag=0.00    [NAV2 -> STM32] vx=+0.000 vy=+0.000 wz=+0.000 mag=0.00    [NAV2 -> STM32] vx=+0.000 vy=+0.000 wz=+0.000 mag=0.00    [NAV2 -> STM32] vx=+0.000 vy=+0.000 wz=+0.000 mag=0.00    [NAV2 -> STM32] vx=+0.000 vy=+0.000 wz=+0.000 mag=0.00    [NAV2 -> STM32] vx=+0.000 vy=+0.000 wz=+0.000 mag=0.00    [NAV2 -> STM32] vx=+0.000 vy=+0.000 wz=+0.000 mag=0.00    [NAV2 -> STM32] vx=+0.000 vy=+0.000 wz=+0.000 mag=0.00    [NAV2 -> STM32] vx=+0.000 vy=+0.000 wz=+0.000 mag=0.00    [NAV2 -> STM32] vx=+0.000 vy=+0.000 wz=+0.000 mag=0.00    [NAV2 -> STM32] vx=+0.000 vy=+0.000 wz=+0.000 mag=0.00    [NAV2 -> STM32] vx=+0.000 vy=+0.000 wz=+0.000 mag=0.00    [NAV2 -> STM32] vx=+0.000 vy=+0.000 wz=+0.000 mag=0.00    [NAV2 -> STM32] vx=+0.000 vy=+0.000 wz=+0.000 mag=0.00    [NAV2 -> STM32] vx=+0.000 vy=+0.000 wz=+0.000 mag=0.00    [NAV2 -> STM32] vx=+0.000 vy=+0.000 wz=+0.000 mag=0.00    [NAV2 -> STM32] vx=+0.000 vy=+0.000 wz=+0.000 mag=0.00    [NAV2 -> STM32] vx=+0.000 vy=+0.000 wz=+0.000 mag=0.00    [NAV2 -> STM32] vx=+0.000 vy=+0.000 wz=+0.000 mag=0.00    [NAV2 -> STM32] vx=+0.000 vy=+0.000 wz=+0.000 mag=0.00    [NAV2 -> STM32] vx=+0.000 vy=+0.000 wz=+0.000 mag=0.00    [NAV2 -> STM32] vx=+0.000 vy=+0.000 wz=+0.000 mag=0.00    [NAV2 -> STM32] vx=+0.000 vy=+0.000 wz=+0.000 mag=0.00    [NAV2 -> STM32] vx=+0.000 vy=+0.000 wz=+0.000 mag=0.00    [NAV2 -> STM32] vx=+0.000 vy=+0.000 wz=+0.000 mag=0.00    [NAV2 -> STM32] vx=+0.000 vy=+0.000 wz=+0.000 mag=0.00    [NAV2 -> STM32] vx=+0.000 vy=+0.000 wz=+0.000 mag=0.00    [NAV2 -> STM32] vx=+0.000 vy=+0.000 wz=+0.000 mag=0.00    [NAV2 -> STM32] vx=+0.000 vy=+0.000 wz=+0.000 mag=0.00    [NAV2 -> STM32] vx=+0.000 vy=+0.000 wz=+0.000 mag=0.00    [NAV2 -> STM32] vx=+0.000 vy=+0.000 wz=+0.000 mag=0.00    [NAV2 -> STM32] vx=+0.000 vy=+0.000 wz=+0.000 mag=0.00    [NAV2 -> STM32] vx=+0.000 vy=+0.000 wz=+0.000 mag=0.00    [NAV2 -> STM32] vx=+0.000 vy=+0.000 wz=+0.000 mag=0.00    [NAV2 -> STM32] vx=+0.000 vy=+0.000 wz=+0.000 mag=0.00    [NAV2 -> STM32] vx=+0.000 vy=+0.000 wz=+0.000 mag=0.00    [NAV2 -> STM32] vx=+0.000 vy=+0.000 wz=+0.000 mag=0.00    [NAV2 -> STM32] vx=+0.000 vy=+0.000 wz=+0.000 mag=0.00    [NAV2 -> STM32] vx=+0.000 vy=+0.000 wz=+0.000 mag=0.00    [NAV2 -> STM32] vx=+0.000 vy=+0.000 wz=+0.000 mag=0.00    [NAV2 -> STM32] vx=+0.000 vy=+0.000 wz=+0.000 mag=0.00    [NAV2 -> STM32] vx=+0.000 vy=+0.000 wz=+0.000 mag=0.00    [NAV2 -> STM32] vx=+0.000 vy=+0.000 wz=+0.000 mag=0.00    [NAV2 -> STM32] vx=+0.000 vy=+0.000 wz=+0.000 mag=0.00    [NAV2 -> STM32] vx=+0.000 vy=+0.000 wz=+0.000 mag=0.00    [NAV2 -> STM32] vx=+0.000 vy=+0.000 wz=+0.000 mag=0.00    [NAV2 -> STM32] vx=+0.000 vy=+0.000 wz=+0.000 mag=0.00    [NAV2 -> STM32] vx=+0.000 vy=+0.000 wz=+0.000 mag=0.00    [NAV2 -> STM32] vx=+0.000 vy=+0.000 wz=+0.000 mag=0.00    [NAV2 -> STM32] vx=+0.000 vy=+0.000 wz=+0.000 mag=0.00    [NAV2 -> STM32] vx=+0.000 vy=+0.000 wz=+0.000 mag=0.00    [NAV2 -> STM32] vx=+0.000 vy=+0.000 wz=+0.000 mag=0.00    [NAV2 -> STM32] vx=+0.000 vy=+0.000 wz=+0.000 mag=0.00    [NAV2 -> STM32] vx=+0.000 vy=+0.000 wz=+0.000 mag=0.00    [NAV2 -> STM32] vx=+0.000 vy=+0.000 wz=+0.000 mag=0.00    [NAV2 -> STM32] vx=+0.000 vy=+0.000 wz=+0.000 mag=0.00    [NAV2 -> STM32] vx=+0.000 vy=+0.000 wz=+0.000 mag=0.00    [NAV2 -> STM32] vx=+0.000 vy=+0.000 wz=+0.000 mag=0.00    [NAV2 -> STM32] vx=+0.000 vy=+0.000 wz=+0.000 mag=0.00    [NAV2 -> STM32] vx=+0.000 vy=+0.000 wz=+0.000 mag=0.00    [NAV2 -> STM32] vx=+0.000 vy=+0.000 wz=+0.000 mag=0.00    [NAV2 -> STM32] vx=+0.000 vy=+0.000 wz=+0.000 mag=0.00    [NAV2 -> STM32] vx=+0.000 vy=+0.000 wz=+0.000 mag=0.00    [NAV2 -> STM32] vx=+0.000 vy=+0.000 wz=+0.000 mag=0.00    [NAV2 -> STM32] vx=+0.000 vy=+0.000 wz=+0.000 mag=0.00    [NAV2 -> STM32] vx=+0.000 vy=+0.000 wz=+0.000 mag=0.00    [NAV2 -> STM32] vx=+0.000 vy=+0.000 wz=+0.000 mag=0.00    [NAV2 -> STM32] vx=+0.000 vy=+0.000 wz=+0.000 mag=0.00    [NAV2 -> STM32] vx=+0.000 vy=+0.000 wz=+0.000 mag=0.00    [NAV2 -> STM32] vx=+0.000 vy=+0.000 wz=+0.000 mag=0.00    [NAV2 -> STM32] vx=+0.000 vy=+0.000 wz=+0.000 mag=0.00    [NAV2 -> STM32] vx=+0.000 vy=+0.000 wz=+0.000 mag=0.00    [NAV2 -> STM32] vx=+0.000 vy=+0.000 wz=+0.000 mag=0.00    [NAV2 -> STM32] vx=+0.000 vy=+0.000 wz=+0.000 mag=0.00    [NAV2 -> STM32] vx=+0.000 vy=+0.000 wz=+0.000 mag=0.00    [NAV2 -> STM32] vx=+0.000 vy=+0.000 wz=+0.000 mag=0.00    [NAV2 -> STM32] vx=+0.000 vy=+0.000 wz=+0.000 mag=0.00    [NAV2 -> STM32] vx=+0.000 vy=+0.000 wz=+0.000 mag=0.00    [NAV2 -> STM32] vx=+0.000 vy=+0.000 wz=+0.000 mag=0.00    [NAV2 -> STM32] vx=+0.000 vy=+0.000 wz=+0.000 mag=0.00    [NAV2 -> STM32] vx=+0.000 vy=+0.000 wz=+0.000 mag=0.00    [NAV2 -> STM32] vx=+0.000 vy=+0.000 wz=+0.000 mag=0.00    [NAV2 -> STM32] vx=+0.000 vy=+0.000 wz=+0.000 mag=0.00    [NAV2 -> STM32] vx=+0.000 vy=+0.000 wz=+0.000 mag=0.00    [NAV2 -> STM32] vx=+0.000 vy=+0.000 wz=+0.000 mag=0.00    [NAV2 -> STM32] vx=+0.000 vy=+0.000 wz=+0.000 mag=0.00    [NAV2 -> STM32] vx=+0.000 vy=+0.000 wz=+0.000 mag=0.00    [NAV2 -> STM32] vx=+0.000 vy=+0.000 wz=+0.000 mag=0.00    [NAV2 -> STM32] vx=+0.000 vy=+0.000 wz=+0.000 mag=0.00    [NAV2 -> STM32] vx=+0.000 vy=+0.000 wz=+0.000 mag=0.00    [NAV2 -> STM32] vx=+0.000 vy=+0.000 wz=+0.000 mag=0.00    [NAV2 -> STM32] vx=+0.000 vy=+0.000 wz=+0.000 mag=0.00    [NAV2 -> STM32] vx=+0.000 vy=+0.000 wz=+0.000 mag=0.00    [NAV2 -> STM32] vx=+0.000 vy=+0.000 wz=+0.000 mag=0.00    [NAV2 -> STM32] vx=+0.000 vy=+0.000 wz=+0.000 mag=0.00    [NAV2 -> STM32] vx=+0.000 vy=+0.000 wz=+0.000 mag=0.00    [NAV2 -> STM32] vx=+0.000 vy=+0.000 wz=+0.000 mag=0.00    [NAV2 -> STM32] vx=+0.000 vy=+0.000 wz=+0.000 mag=0.00    [NAV2 -> STM32] vx=+0.000 vy=+0.000 wz=+0.000 mag=0.00    [NAV2 -> STM32] vx=+0.000 vy=+0.000 wz=+0.000 mag=0.00    [NAV2 -> STM32] vx=+0.000 vy=+0.000 wz=+0.000 mag=0.00    [NAV2 -> STM32] vx=+0.000 vy=+0.000 wz=+0.000 mag=0.00    [NAV2 -> STM32] vx=+0.000 vy=+0.000 wz=+0.000 mag=0.00    [NAV2 -> STM32] vx=+0.000 vy=+0.000 wz=+0.000 mag=0.00    [NAV2 -> STM32] vx=+0.000 vy=+0.000 wz=+0.000 mag=0.00    [NAV2 -> STM32] vx=+0.000 vy=+0.000 wz=+0.000 mag=0.00    [NAV2 -> STM32] vx=+0.000 vy=+0.000 wz=+0.000 mag=0.00    [NAV2 -> STM32] vx=+0.000 vy=+0.000 wz=+0.000 mag=0.00    [NAV2 -> STM32] vx=+0.000 vy=+0.000 wz=+0.000 mag=0.00    [NAV2 -> STM32] vx=+0.000 vy=+0.000 wz=+0.000 mag=0.00    [NAV2 -> STM32] vx=+0.000 vy=+0.000 wz=+0.000 mag=0.00    [NAV2 -> STM32] vx=+0.000 vy=+0.000 wz=+0.000 mag=0.00    [NAV2 -> STM32] vx=+0.000 vy=+0.000 wz=+0.000 mag=0.00    [NAV2 -> STM32] vx=+0.000 vy=+0.000 wz=+0.000 mag=0.00    [NAV2 -> STM32] vx=+0.000 vy=+0.000 wz=+0.000 mag=0.00    [NAV2 -> STM32] vx=+0.000 vy=+0.000 wz=+0.000 mag=0.00    [NAV2 -> STM32] vx=+0.000 vy=+0.000 wz=+0.000 mag=0.00    [NAV2 -> STM32] vx=+0.000 vy=+0.000 wz=+0.000 mag=0.00    [NAV2 -> STM32] vx=+0.000 vy=+0.000 wz=+0.000 mag=0.00    [NAV2 -> STM32] vx=+0.000 vy=+0.000 wz=+0.000 mag=0.00    [NAV2 -> STM32] vx=+0.000 vy=+0.000 wz=+0.000 mag=0.00    [NAV2 -> STM32] vx=+0.000 vy=+0.000 wz=+0.000 mag=0.00    [NAV2 -> STM32] vx=+0.000 vy=+0.000 wz=+0.000 mag=0.00    [NAV2 -> STM32] vx=+0.000 vy=+0.000 wz=+0.000 mag=0.00    [NAV2 -> STM32] vx=+0.000 vy=+0.000 wz=+0.000 mag=0.00    [NAV2 -> STM32] vx=+0.000 vy=+0.000 wz=+0.000 mag=0.00    [NAV2 -> STM32] vx=+0.000 vy=+0.000 wz=+0.000 mag=0.00    [NAV2 -> STM32] vx=+0.000 vy=+0.000 wz=+0.000 mag=0.00    [NAV2 -> STM32] vx=+0.000 vy=+0.000 wz=+0.000 mag=0.00    [NAV2 -> STM32] vx=+0.000 vy=+0.000 wz=+0.000 mag=0.00    [NAV2 -> STM32] vx=+0.000 vy=+0.000 wz=+0.000 mag=0.00    [NAV2 -> STM32] vx=+0.000 vy=+0.000 wz=+0.000 mag=0.00    [NAV2 -> STM32] vx=+0.000 vy=+0.000 wz=+0.000 mag=0.00    [NAV2 -> STM32] vx=+0.000 vy=+0.000 wz=+0.000 mag=0.00    [NAV2 -> STM32] vx=+0.000 vy=+0.000 wz=+0.000 mag=0.00    [NAV2 -> STM32] vx=+0.000 vy=+0.000 wz=+0.000 mag=0.00    [NAV2 -> STM32] vx=+0.000 vy=+0.000 wz=+0.000 mag=0.00    [NAV2 -> STM32] vx=+0.000 vy=+0.000 wz=+0.000 mag=0.00    [NAV2 -> STM32] vx=+0.000 vy=+0.000 wz=+0.000 mag=0.00    [NAV2 -> STM32] vx=+0.000 vy=+0.000 wz=+0.000 mag=0.00    [NAV2 -> STM32] vx=+0.000 vy=+0.000 wz=+0.000 mag=0.00    [NAV2 -> STM32] vx=+0.000 vy=+0.000 wz=+0.000 mag=0.00    [NAV2 -> STM32] vx=+0.000 vy=+0.000 wz=+0.000 mag=0.00    [NAV2 -> STM32] vx=+0.000 vy=+0.000 wz=+0.000 mag=0.00    [NAV2 -> STM32] vx=+0.000 vy=+0.000 wz=+0.000 mag=0.00    [NAV2 -> STM32] vx=+0.000 vy=+0.000 wz=+0.000 mag=0.00    [NAV2 -> STM32] vx=+0.000 vy=+0.000 wz=+0.000 mag=0.00    [NAV2 -> STM32] vx=+0.000 vy=+0.000 wz=+0.000 mag=0.00    [NAV2 -> STM32] vx=+0.000 vy=+0.000 wz=+0.000 mag=0.00    [NAV2 -> STM32] vx=+0.000 vy=+0.000 wz=+0.000 mag=0.00    [NAV2 -> STM32] vx=+0.000 vy=+0.000 wz=+0.000 mag=0.00    [NAV2 -> STM32] vx=+0.000 vy=+0.000 wz=+0.000 mag=0.00    [NAV2 -> STM32] vx=+0.000 vy=+0.000 wz=+0.000 mag=0.00    [NAV2 -> STM32] vx=+0.000 vy=+0.000 wz=+0.000 mag=0.00    [NAV2 -> STM32] vx=+0.000 vy=+0.000 wz=+0.000 mag=0.00    [NAV2 -> STM32] vx=+0.000 vy=+0.000 wz=+0.000 mag=0.00    [NAV2 -> STM32] vx=+0.000 vy=+0.000 wz=+0.000 mag=0.00    [NAV2 -> STM32] vx=+0.000 vy=+0.000 wz=+0.000 mag=0.00    [NAV2 -> STM32] vx=+0.000 vy=+0.000 wz=+0.000 mag=0.00    [NAV2 -> STM32] vx=+0.000 vy=+0.000 wz=+0.000 mag=0.00    [NAV2 -> STM32] vx=+0.000 vy=+0.000 wz=+0.000 mag=0.00    [NAV2 -> STM32] vx=+0.000 vy=+0.000 wz=+0.000 mag=0.00    [NAV2 -> STM32] vx=+0.000 vy=+0.000 wz=+0.000 mag=0.00    [NAV2 -> STM32] vx=+0.000 vy=+0.000 wz=+0.000 mag=0.00    [NAV2 -> STM32] vx=+0.000 vy=+0.000 wz=+0.000 mag=0.00    [NAV2 -> STM32] vx=+0.000 vy=+0.000 wz=+0.000 mag=0.00    [NAV2 -> STM32] vx=+0.000 vy=+0.000 wz=+0.000 mag=0.00    [NAV2 -> STM32] vx=+0.000 vy=+0.000 wz=+0.000 mag=0.00    [NAV2 -> STM32] vx=+0.000 vy=+0.000 wz=+0.000 mag=0.00    [NAV2 -> STM32] vx=+0.000 vy=+0.000 wz=+0.000 mag=0.00    [NAV2 -> STM32] vx=+0.000 vy=+0.000 wz=+0.000 mag=0.00    [NAV2 -> STM32] vx=+0.000 vy=+0.000 wz=+0.000 mag=0.00    [NAV2 -> STM32] vx=+0.000 vy=+0.000 wz=+0.000 mag=0.00    [NAV2 -> STM32] vx=+0.000 vy=+0.000 wz=+0.000 mag=0.00    [NAV2 -> STM32] vx=+0.000 vy=+0.000 wz=+0.000 mag=0.00    [NAV2 -> STM32] vx=+0.000 vy=+0.000 wz=+0.000 mag=0.00    [NAV2 -> STM32] vx=+0.000 vy=+0.000 wz=+0.000 mag=0.00    [NAV2 -> STM32] vx=+0.000 vy=+0.000 wz=+0.000 mag=0.00    [NAV2 -> STM32] vx=+0.000 vy=+0.000 wz=+0.000 mag=0.00    [NAV2 -> STM32] vx=+0.000 vy=+0.000 wz=+0.000 mag=0.00    [NAV2 -> STM32] vx=+0.000 vy=+0.000 wz=+0.000 mag=0.00    [NAV2 -> STM32] vx=+0.000 vy=+0.000 wz=+0.000 mag=0.00    [NAV2 -> STM32] vx=+0.000 vy=+0.000 wz=+0.000 mag=0.00    [NAV2 -> STM32] vx=+0.000 vy=+0.000 wz=+0.000 mag=0.00    [NAV2 -> STM32] vx=+0.000 vy=+0.000 wz=+0.000 mag=0.00    [NAV2 -> STM32] vx=+0.000 vy=+0.000 wz=+0.000 mag=0.00    [NAV2 -> STM32] vx=+0.000 vy=+0.000 wz=+0.000 mag=0.00    [NAV2 -> STM32] vx=+0.000 vy=+0.000 wz=+0.000 mag=0.00    [NAV2 -> STM32] vx=+0.000 vy=+0.000 wz=+0.000 mag=0.00    [NAV2 -> STM32] vx=+0.000 vy=+0.000 wz=+0.000 mag=0.00    [NAV2 -> STM32] vx=+0.000 vy=+0.000 wz=+0.000 mag=0.00    [NAV2 -> STM32] vx=+0.000 vy=+0.000 wz=+0.000 mag=0.00    [NAV2 -> STM32] vx=+0.000 vy=+0.000 wz=+0.000 mag=0.00    [NAV2 -> STM32] vx=+0.000 vy=+0.000 wz=+0.000 mag=0.00    [NAV2 -> STM32] vx=+0.000 vy=+0.000 wz=+0.000 mag=0.00    [NAV2 -> STM32] vx=+0.000 vy=+0.000 wz=+0.000 mag=0.00    [NAV2 -> STM32] vx=+0.000 vy=+0.000 wz=+0.000 mag=0.00    [NAV2 -> STM32] vx=+0.000 vy=+0.000 wz=+0.000 mag=0.00    [NAV2 -> STM32] vx=+0.000 vy=+0.000 wz=+0.000 mag=0.00    [NAV2 -> STM32] vx=+0.000 vy=+0.000 wz=+0.000 mag=0.00    [NAV2 -> STM32] vx=+0.000 vy=+0.000 wz=+0.000 mag=0.00    [NAV2 -> STM32] vx=+0.000 vy=+0.000 wz=+0.000 mag=0.00    [NAV2 -> STM32] vx=+0.000 vy=+0.000 wz=+0.000 mag=0.00    [NAV2 -> STM32] vx=+0.000 vy=+0.000 wz=+0.000 mag=0.00    [NAV2 -> STM32] vx=+0.000 vy=+0.000 wz=+0.000 mag=0.00    [NAV2 -> STM32] vx=+0.000 vy=+0.000 wz=+0.000 mag=0.00    [NAV2 -> STM32] vx=+0.000 vy=+0.000 wz=+0.000 mag=0.00    [NAV2 -> STM32] vx=+0.000 vy=+0.000 wz=+0.000 mag=0.00    [NAV2 -> STM32] vx=+0.000 vy=+0.000 wz=+0.000 mag=0.00    [NAV2 -> STM32] vx=+0.000 vy=+0.000 wz=+0.000 mag=0.00    [NAV2 -> STM32] vx=+0.000 vy=+0.000 wz=+0.000 mag=0.00    [NAV2 -> STM32] vx=+0.000 vy=+0.000 wz=+0.000 mag=0.00    [NAV2 -> STM32] vx=+0.000 vy=+0.000 wz=+0.000 mag=0.00    [NAV2 -> STM32] vx=+0.000 vy=+0.000 wz=+0.000 mag=0.00    [NAV2 -> STM32] vx=+0.000 vy=+0.000 wz=+0.000 mag=0.00    [NAV2 -> STM32] vx=+0.000 vy=+0.000 wz=+0.000 mag=0.00    [NAV2 -> STM32] vx=+0.000 vy=+0.000 wz=+0.000 mag=0.00    [NAV2 -> STM32] vx=+0.000 vy=+0.000 wz=+0.000 mag=0.00    [NAV2 -> STM32] vx=+0.000 vy=+0.000 wz=+0.000 mag=0.00    [NAV2 -> STM32] vx=+0.000 vy=+0.000 wz=+0.000 mag=0.00    [NAV2 -> STM32] vx=+0.000 vy=+0.000 wz=+0.000 mag=0.00    [NAV2 -> STM32] vx=+0.000 vy=+0.000 wz=+0.000 mag=0.00    [NAV2 -> STM32] vx=+0.000 vy=+0.000 wz=+0.000 mag=0.00    [NAV2 -> STM32] vx=+0.000 vy=+0.000 wz=+0.000 mag=0.00    [NAV2 -> STM32] vx=+0.000 vy=+0.000 wz=+0.000 mag=0.00    [NAV2 -> STM32] vx=+0.000 vy=+0.000 wz=+0.000 mag=0.00    [NAV2 -> STM32] vx=+0.000 vy=+0.000 wz=+0.000 mag=0.00    [NAV2 -> STM32] vx=+0.000 vy=+0.000 wz=+0.000 mag=0.00    [NAV2 -> STM32] vx=+0.000 vy=+0.000 wz=+0.000 mag=0.00    [NAV2 -> STM32] vx=+0.000 vy=+0.000 wz=+0.000 mag=0.00    [NAV2 -> STM32] vx=+0.000 vy=+0.000 wz=+0.000 mag=0.00    [NAV2 -> STM32] vx=+0.000 vy=+0.000 wz=+0.000 mag=0.00    [NAV2 -> STM32] vx=+0.000 vy=+0.000 wz=+0.000 mag=0.00    [NAV2 -> STM32] vx=+0.000 vy=+0.000 wz=+0.000 mag=0.00    [NAV2 -> STM32] vx=+0.000 vy=+0.000 wz=+0.000 mag=0.00    [NAV2 -> STM32] vx=+0.000 vy=+0.000 wz=+0.000 mag=0.00    [NAV2 -> STM32] vx=+0.000 vy=+0.000 wz=+0.000 mag=0.00    [NAV2 -> STM32] vx=+0.000 vy=+0.000 wz=+0.000 mag=0.00    [NAV2 -> STM32] vx=+0.000 vy=+0.000 wz=+0.000 mag=0.00    [NAV2 -> STM32] vx=+0.000 vy=+0.000 wz=+0.000 mag=0.00    [NAV2 -> STM32] vx=+0.000 vy=+0.000 wz=+0.000 mag=0.00    [NAV2 -> STM32] vx=+0.000 vy=+0.000 wz=+0.000 mag=0.00    [NAV2 -> STM32] vx=+0.000 vy=+0.000 wz=+0.000 mag=0.00    [NAV2 -> STM32] vx=+0.000 vy=+0.000 wz=+0.000 mag=0.00    [NAV2 -> STM32] vx=+0.000 vy=+0.000 wz=+0.000 mag=0.00    [NAV2 -> STM32] vx=+0.000 vy=+0.000 wz=+0.000 mag=0.00    [NAV2 -> STM32] vx=+0.000 vy=+0.000 wz=+0.000 mag=0.00    [NAV2 -> STM32] vx=+0.000 vy=+0.000 wz=+0.000 mag=0.00    [NAV2 -> STM32] vx=+0.000 vy=+0.000 wz=+0.000 mag=0.00    [NAV2 -> STM32] vx=+0.000 vy=+0.000 wz=+0.000 mag=0.00    [NAV2 -> STM32] vx=+0.000 vy=+0.000 wz=+0.000 mag=0.00    [NAV2 -> STM32] vx=+0.000 vy=+0.000 wz=+0.000 mag=0.00    [NAV2 -> STM32] vx=+0.000 vy=+0.000 wz=+0.000 mag=0.00    [NAV2 -> STM32] vx=+0.000 vy=+0.000 wz=+0.000 mag=0.00    [NAV2 -> STM32] vx=+0.000 vy=+0.000 wz=+0.000 mag=0.00    [NAV2 -> STM32] vx=+0.000 vy=+0.000 wz=+0.000 mag=0.00    [NAV2 -> STM32] vx=+0.000 vy=+0.000 wz=+0.000 mag=0.00    [NAV2 -> STM32] vx=+0.000 vy=+0.000 wz=+0.000 mag=0.00    [NAV2 -> STM32] vx=+0.000 vy=+0.000 wz=+0.000 mag=0.00    [NAV2 -> STM32] vx=+0.000 vy=+0.000 wz=+0.000 mag=0.00    [NAV2 -> STM32] vx=+0.000 vy=+0.000 wz=+0.000 mag=0.00    [NAV2 -> STM32] vx=+0.000 vy=+0.000 wz=+0.000 mag=0.00    [NAV2 -> STM32] vx=+0.000 vy=+0.000 wz=+0.000 mag=0.00    [NAV2 -> STM32] vx=+0.000 vy=+0.000 wz=+0.000 mag=0.00    [NAV2 -> STM32] vx=+0.000 vy=+0.000 wz=+0.000 mag=0.00    [NAV2 -> STM32] vx=+0.000 vy=+0.000 wz=+0.000 mag=0.00    [NAV2 -> STM32] vx=+0.000 vy=+0.000 wz=+0.000 mag=0.00    [NAV2 -> STM32] vx=+0.000 vy=+0.000 wz=+0.000 mag=0.00    [NAV2 -> STM32] vx=+0.000 vy=+0.000 wz=+0.000 mag=0.00    [NAV2 -> STM32] vx=+0.000 vy=+0.000 wz=+0.000 mag=0.00    [NAV2 -> STM32] vx=+0.000 vy=+0.000 wz=+0.000 mag=0.00    [NAV2 -> STM32] vx=+0.000 vy=+0.000 wz=+0.000 mag=0.00    [NAV2 -> STM32] vx=+0.000 vy=+0.000 wz=+0.000 mag=0.00    [NAV2 -> STM32] vx=+0.000 vy=+0.000 wz=+0.000 mag=0.00    [NAV2 -> STM32] vx=+0.000 vy=+0.000 wz=+0.000 mag=0.00    [NAV2 -> STM32] vx=+0.000 vy=+0.000 wz=+0.000 mag=0.00    [NAV2 -> STM32] vx=+0.000 vy=+0.000 wz=+0.000 mag=0.00    [NAV2 -> STM32] vx=+0.000 vy=+0.000 wz=+0.000 mag=0.00    [NAV2 -> STM32] vx=+0.000 vy=+0.000 wz=+0.000 mag=0.00    [NAV2 -> STM32] vx=+0.000 vy=+0.000 wz=+0.000 mag=0.00    [NAV2 -> STM32] vx=+0.000 vy=+0.000 wz=+0.000 mag=0.00    [NAV2 -> STM32] vx=+0.000 vy=+0.000 wz=+0.000 mag=0.00    [NAV2 -> STM32] vx=+0.000 vy=+0.000 wz=+0.000 mag=0.00    [NAV2 -> STM32] vx=+0.000 vy=+0.000 wz=+0.000 mag=0.00    [NAV2 -> STM32] vx=+0.000 vy=+0.000 wz=+0.000 mag=0.00    [NAV2 -> STM32] vx=+0.000 vy=+0.000 wz=+0.000 mag=0.00    [NAV2 -> STM32] vx=+0.000 vy=+0.000 wz=+0.000 mag=0.00    [NAV2 -> STM32] vx=+0.000 vy=+0.000 wz=+0.000 mag=0.00    [NAV2 -> STM32] vx=+0.000 vy=+0.000 wz=+0.000 mag=0.00    [NAV2 -> STM32] vx=+0.000 vy=+0.000 wz=+0.000 mag=0.00    [NAV2 -> STM32] vx=+0.000 vy=+0.000 wz=+0.000 mag=0.00    [NAV2 -> STM32] vx=+0.000 vy=+0.000 wz=+0.000 mag=0.00    [NAV2 -> STM32] vx=+0.000 vy=+0.000 wz=+0.000 mag=0.00    [NAV2 -> STM32] vx=+0.000 vy=+0.000 wz=+0.000 mag=0.00    [NAV2 -> STM32] vx=+0.000 vy=+0.000 wz=+0.000 mag=0.00    [NAV2 -> STM32] vx=+0.000 vy=+0.000 wz=+0.000 mag=0.00    [NAV2 -> STM32] vx=+0.000 vy=+0.000 wz=+0.000 mag=0.00    [NAV2 -> STM32] vx=+0.000 vy=+0.000 wz=+0.000 mag=0.00    [NAV2 -> STM32] vx=+0.000 vy=+0.000 wz=+0.000 mag=0.00    [NAV2 -> STM32] vx=+0.000 vy=+0.000 wz=+0.000 mag=0.00    [NAV2 -> STM32] vx=+0.000 vy=+0.000 wz=+0.000 mag=0.00    [NAV2 -> STM32] vx=+0.000 vy=+0.000 wz=+0.000 mag=0.00    [NAV2 -> STM32] vx=+0.000 vy=+0.000 wz=+0.000 mag=0.00    [NAV2 -> STM32] vx=+0.000 vy=+0.000 wz=+0.000 mag=0.00    [NAV2 -> STM32] vx=+0.000 vy=+0.000 wz=+0.000 mag=0.00    [NAV2 -> STM32] vx=+0.000 vy=+0.000 wz=+0.000 mag=0.00    [NAV2 -> STM32] vx=+0.000 vy=+0.000 wz=+0.000 mag=0.00    [NAV2 -> STM32] vx=+0.000 vy=+0.000 wz=+0.000 mag=0.00    [NAV2 -> STM32] vx=+0.000 vy=+0.000 wz=+0.000 mag=0.00    [NAV2 -> STM32] vx=+0.000 vy=+0.000 wz=+0.000 mag=0.00    [NAV2 -> STM32] vx=+0.000 vy=+0.000 wz=+0.000 mag=0.00    [NAV2 -> STM32] vx=+0.000 vy=+0.000 wz=+0.000 mag=0.00    [NAV2 -> STM32] vx=+0.000 vy=+0.000 wz=+0.000 mag=0.00    [NAV2 -> STM32] vx=+0.000 vy=+0.000 wz=+0.000 mag=0.00    [NAV2 -> STM32] vx=+0.000 vy=+0.000 wz=+0.000 mag=0.00    [NAV2 -> STM32] vx=+0.000 vy=+0.000 wz=+0.000 mag=0.00    [NAV2 -> STM32] vx=+0.000 vy=+0.000 wz=+0.000 mag=0.00    [NAV2 -> STM32] vx=+0.000 vy=+0.000 wz=+0.000 mag=0.00    [NAV2 -> STM32] vx=+0.000 vy=+0.000 wz=+0.000 mag=0.00    [NAV2 -> STM32] vx=+0.000 vy=+0.000 wz=+0.000 mag=0.00    [NAV2 -> STM32] vx=+0.000 vy=+0.000 wz=+0.000 mag=0.00    [NAV2 -> STM32] vx=+0.000 vy=+0.000 wz=+0.000 mag=0.00    [NAV2 -> STM32] vx=+0.000 vy=+0.000 wz=+0.000 mag=0.00    [NAV2 -> STM32] vx=+0.000 vy=+0.000 wz=+0.000 mag=0.00    [NAV2 -> STM32] vx=+0.000 vy=+0.000 wz=+0.000 mag=0.00    [NAV2 -> STM32] vx=+0.000 vy=+0.000 wz=+0.000 mag=0.00    [NAV2 -> STM32] vx=+0.000 vy=+0.000 wz=+0.000 mag=0.00    [NAV2 -> STM32] vx=+0.000 vy=+0.000 wz=+0.000 mag=0.00    [NAV2 -> STM32] vx=+0.000 vy=+0.000 wz=+0.000 mag=0.00    [NAV2 -> STM32] vx=+0.000 vy=+0.000 wz=+0.000 mag=0.00    [NAV2 -> STM32] vx=+0.000 vy=+0.000 wz=+0.000 mag=0.00    [NAV2 -> STM32] vx=+0.000 vy=+0.000 wz=+0.000 mag=0.00    [NAV2 -> STM32] vx=+0.000 vy=+0.000 wz=+0.000 mag=0.00    [NAV2 -> STM32] vx=+0.000 vy=+0.000 wz=+0.000 mag=0.00    [NAV2 -> STM32] vx=+0.000 vy=+0.000 wz=+0.000 mag=0.00    [NAV2 -> STM32] vx=+0.000 vy=+0.000 wz=+0.000 mag=0.00    [NAV2 -> STM32] vx=+0.000 vy=+0.000 wz=+0.000 mag=0.00    [NAV2 -> STM32] vx=+0.000 vy=+0.000 wz=+0.000 mag=0.00    [NAV2 -> STM32] vx=+0.000 vy=+0.000 wz=+0.000 mag=0.00    [NAV2 -> STM32] vx=+0.000 vy=+0.000 wz=+0.000 mag=0.00    [NAV2 -> STM32] vx=+0.000 vy=+0.000 wz=+0.000 mag=0.00    [NAV2 -> STM32] vx=+0.000 vy=+0.000 wz=+0.000 mag=0.00    [NAV2 -> STM32] vx=+0.000 vy=+0.000 wz=+0.000 mag=0.00    [NAV2 -> STM32] vx=+0.000 vy=+0.000 wz=+0.000 mag=0.00    [NAV2 -> STM32] vx=+0.000 vy=+0.000 wz=+0.000 mag=0.00    [NAV2 -> STM32] vx=+0.000 vy=+0.000 wz=+0.000 mag=0.00    [NAV2 -> STM32] vx=+0.000 vy=+0.000 wz=+0.000 mag=0.00    [NAV2 -> STM32] vx=+0.000 vy=+0.000 wz=+0.000 mag=0.00    [NAV2 -> STM32] vx=+0.000 vy=+0.000 wz=+0.000 mag=0.00    [NAV2 -> STM32] vx=+0.000 vy=+0.000 wz=+0.000 mag=0.00    [NAV2 -> STM32] vx=+0.000 vy=+0.000 wz=+0.000 mag=0.00    [NAV2 -> STM32] vx=+0.000 vy=+0.000 wz=+0.000 mag=0.00    [NAV2 -> STM32] vx=+0.000 vy=+0.000 wz=+0.000 mag=0.00    [NAV2 -> STM32] vx=+0.000 vy=+0.000 wz=+0.000 mag=0.00    [NAV2 -> STM32] vx=+0.000 vy=+0.000 wz=+0.000 mag=0.00    [NAV2 -> STM32] vx=+0.000 vy=+0.000 wz=+0.000 mag=0.00    [NAV2 -> STM32] vx=+0.000 vy=+0.000 wz=+0.000 mag=0.00    [NAV2 -> STM32] vx=+0.000 vy=+0.000 wz=+0.000 mag=0.00    [NAV2 -> STM32] vx=+0.000 vy=+0.000 wz=+0.000 mag=0.00    [NAV2 -> STM32] vx=+0.000 vy=+0.000 wz=+0.000 mag=0.00    [NAV2 -> STM32] vx=+0.000 vy=+0.000 wz=+0.000 mag=0.00    [NAV2 -> STM32] vx=+0.000 vy=+0.000 wz=+0.000 mag=0.00    [NAV2 -> STM32] vx=+0.000 vy=+0.000 wz=+0.000 mag=0.00    [NAV2 -> STM32] vx=+0.000 vy=+0.000 wz=+0.000 mag=0.00    [NAV2 -> STM32] vx=+0.000 vy=+0.000 wz=+0.000 mag=0.00    [NAV2 -> STM32] vx=+0.000 vy=+0.000 wz=+0.000 mag=0.00    [NAV2 -> STM32] vx=+0.000 vy=+0.000 wz=+0.000 mag=0.00    [NAV2 -> STM32] vx=+0.000 vy=+0.000 wz=+0.000 mag=0.00    [NAV2 -> STM32] vx=+0.000 vy=+0.000 wz=+0.000 mag=0.00    [NAV2 -> STM32] vx=+0.000 vy=+0.000 wz=+0.000 mag=0.00    [NAV2 -> STM32] vx=+0.000 vy=+0.000 wz=+0.000 mag=0.00    [NAV2 -> STM32] vx=+0.000 vy=+0.000 wz=+0.000 mag=0.00    [NAV2 -> STM32] vx=+0.000 vy=+0.000 wz=+0.000 mag=0.00    [NAV2 -> STM32] vx=+0.000 vy=+0.000 wz=+0.000 mag=0.00    [NAV2 -> STM32] vx=+0.000 vy=+0.000 wz=+0.000 mag=0.00    [NAV2 -> STM32] vx=+0.000 vy=+0.000 wz=+0.000 mag=0.00    [NAV2 -> STM32] vx=+0.000 vy=+0.000 wz=+0.000 mag=0.00    [NAV2 -> STM32] vx=+0.000 vy=+0.000 wz=+0.000 mag=0.00    [NAV2 -> STM32] vx=+0.000 vy=+0.000 wz=+0.000 mag=0.00    [NAV2 -> STM32] vx=+0.000 vy=+0.000 wz=+0.000 mag=0.00    [NAV2 -> STM32] vx=+0.000 vy=+0.000 wz=+0.000 mag=0.00    [NAV2 -> STM32] vx=+0.000 vy=+0.000 wz=+0.000 mag=0.00    [NAV2 -> STM32] vx=+0.000 vy=+0.000 wz=+0.000 mag=0.00    [NAV2 -> STM32] vx=+0.000 vy=+0.000 wz=+0.000 mag=0.00    [NAV2 -> STM32] vx=+0.000 vy=+0.000 wz=+0.000 mag=0.00    [NAV2 -> STM32] vx=+0.000 vy=+0.000 wz=+0.000 mag=0.00    [NAV2 -> STM32] vx=+0.000 vy=+0.000 wz=+0.000 mag=0.00    [NAV2 -> STM32] vx=+0.000 vy=+0.000 wz=+0.000 mag=0.00    [NAV2 -> STM32] vx=+0.000 vy=+0.000 wz=+0.000 mag=0.00    [NAV2 -> STM32] vx=+0.000 vy=+0.000 wz=+0.000 mag=0.00    [NAV2 -> STM32] vx=+0.000 vy=+0.000 wz=+0.000 mag=0.00    [NAV2 -> STM32] vx=+0.000 vy=+0.000 wz=+0.000 mag=0.00    [NAV2 -> STM32] vx=+0.000 vy=+0.000 wz=+0.000 mag=0.00    [NAV2 -> STM32] vx=+0.000 vy=+0.000 wz=+0.000 mag=0.00    [NAV2 -> STM32] vx=+0.000 vy=+0.000 wz=+0.000 mag=0.00    [NAV2 -> STM32] vx=+0.000 vy=+0.000 wz=+0.000 mag=0.00    [NAV2 -> STM32] vx=+0.000 vy=+0.000 wz=+0.000 mag=0.00    [NAV2 -> STM32] vx=+0.000 vy=+0.000 wz=+0.000 mag=0.00    [NAV2 -> STM32] vx=+0.000 vy=+0.000 wz=+0.000 mag=0.00    [NAV2 -> STM32] vx=+0.000 vy=+0.000 wz=+0.000 mag=0.00    [NAV2 -> STM32] vx=+0.000 vy=+0.000 wz=+0.000 mag=0.00    [NAV2 -> STM32] vx=+0.000 vy=+0.000 wz=+0.000 mag=0.00    [NAV2 -> STM32] vx=+0.000 vy=+0.000 wz=+0.000 mag=0.00    [NAV2 -> STM32] vx=+0.000 vy=+0.000 wz=+0.000 mag=0.00    [NAV2 -> STM32] vx=+0.000 vy=+0.000 wz=+0.000 mag=0.00    [NAV2 -> STM32] vx=+0.000 vy=+0.000 wz=+0.000 mag=0.00    [NAV2 -> STM32] vx=+0.000 vy=+0.000 wz=+0.000 mag=0.00    [NAV2 -> STM32] vx=+0.000 vy=+0.000 wz=+0.000 mag=0.00    [NAV2 -> STM32] vx=+0.000 vy=+0.000 wz=+0.000 mag=0.00    [NAV2 -> STM32] vx=+0.000 vy=+0.000 wz=+0.000 mag=0.00    [NAV2 -> STM32] vx=+0.000 vy=+0.000 wz=+0.000 mag=0.00    [NAV2 -> STM32] vx=+0.000 vy=+0.000 wz=+0.000 mag=0.00    [NAV2 -> STM32] vx=+0.000 vy=+0.000 wz=+0.000 mag=0.00    [NAV2 -> STM32] vx=+0.000 vy=+0.000 wz=+0.000 mag=0.00    [NAV2 -> STM32] vx=+0.000 vy=+0.000 wz=+0.000 mag=0.00    [NAV2 -> STM32] vx=+0.000 vy=+0.000 wz=+0.000 mag=0.00    [NAV2 -> STM32] vx=+0.000 vy=+0.000 wz=+0.000 mag=0.00    [NAV2 -> STM32] vx=+0.000 vy=+0.000 wz=+0.000 mag=0.00    [NAV2 -> STM32] vx=+0.000 vy=+0.000 wz=+0.000 mag=0.00    [NAV2 -> STM32] vx=+0.000 vy=+0.000 wz=+0.000 mag=0.00    [NAV2 -> STM32] vx=+0.000 vy=+0.000 wz=+0.000 mag=0.00    [NAV2 -> STM32] vx=+0.000 vy=+0.000 wz=+0.000 mag=0.00    [NAV2 -> STM32] vx=+0.000 vy=+0.000 wz=+0.000 mag=0.00    [NAV2 -> STM32] vx=+0.000 vy=+0.000 wz=+0.000 mag=0.00    [NAV2 -> STM32] vx=+0.000 vy=+0.000 wz=+0.000 mag=0.00    [NAV2 -> STM32] vx=+0.000 vy=+0.000 wz=+0.000 mag=0.00    [NAV2 -> STM32] vx=+0.000 vy=+0.000 wz=+0.000 mag=0.00    [NAV2 -> STM32] vx=+0.000 vy=+0.000 wz=+0.000 mag=0.00    [NAV2 -> STM32] vx=+0.000 vy=+0.000 wz=+0.000 mag=0.00    [NAV2 -> STM32] vx=+0.000 vy=+0.000 wz=+0.000 mag=0.00    [NAV2 -> STM32] vx=+0.000 vy=+0.000 wz=+0.000 mag=0.00    [NAV2 -> STM32] vx=+0.000 vy=+0.000 wz=+0.000 mag=0.00    [NAV2 -> STM32] vx=+0.000 vy=+0.000 wz=+0.000 mag=0.00    [NAV2 -> STM32] vx=+0.000 vy=+0.000 wz=+0.000 mag=0.00    [NAV2 -> STM32] vx=+0.000 vy=+0.000 wz=+0.000 mag=0.00    [NAV2 -> STM32] vx=+0.000 vy=+0.000 wz=+0.000 mag=0.00    [NAV2 -> STM32] vx=+0.000 vy=+0.000 wz=+0.000 mag=0.00    [NAV2 -> STM32] vx=+0.000 vy=+0.000 wz=+0.000 mag=0.00    [NAV2 -> STM32] vx=+0.000 vy=+0.000 wz=+0.000 mag=0.00    [NAV2 -> STM32] vx=+0.000 vy=+0.000 wz=+0.000 mag=0.00    [NAV2 -> STM32] vx=+0.000 vy=+0.000 wz=+0.000 mag=0.00    [NAV2 -> STM32] vx=+0.000 vy=+0.000 wz=+0.000 mag=0.00    [NAV2 -> STM32] vx=+0.000 vy=+0.000 wz=+0.000 mag=0.00    [NAV2 -> STM32] vx=+0.000 vy=+0.000 wz=+0.000 mag=0.00    [NAV2 -> STM32] vx=+0.000 vy=+0.000 wz=+0.000 mag=0.00    [NAV2 -> STM32] vx=+0.000 vy=+0.000 wz=+0.000 mag=0.00    [NAV2 -> STM32] vx=+0.000 vy=+0.000 wz=+0.000 mag=0.00    [NAV2 -> STM32] vx=+0.000 vy=+0.000 wz=+0.000 mag=0.00    [NAV2 -> STM32] vx=+0.000 vy=+0.000 wz=+0.000 mag=0.00    [NAV2 -> STM32] vx=+0.000 vy=+0.000 wz=+0.000 mag=0.00    [NAV2 -> STM32] vx=+0.000 vy=+0.000 wz=+0.000 mag=0.00    [NAV2 -> STM32] vx=+0.000 vy=+0.000 wz=+0.000 mag=0.00    [NAV2 -> STM32] vx=+0.000 vy=+0.000 wz=+0.000 mag=0.00    [NAV2 -> STM32] vx=+0.000 vy=+0.000 wz=+0.000 mag=0.00    [NAV2 -> STM32] vx=+0.000 vy=+0.000 wz=+0.000 mag=0.00    [NAV2 -> STM32] vx=+0.000 vy=+0.000 wz=+0.000 mag=0.00    [NAV2 -> STM32] vx=+0.000 vy=+0.000 wz=+0.000 mag=0.00    [NAV2 -> STM32] vx=+0.000 vy=+0.000 wz=+0.000 mag=0.00    [NAV2 -> STM32] vx=+0.000 vy=+0.000 wz=+0.000 mag=0.00    [NAV2 -> STM32] vx=+0.000 vy=+0.000 wz=+0.000 mag=0.00    [NAV2 -> STM32] vx=+0.000 vy=+0.000 wz=+0.000 mag=0.00    [NAV2 -> STM32] vx=+0.000 vy=+0.000 wz=+0.000 mag=0.00    [NAV2 -> STM32] vx=+0.000 vy=+0.000 wz=+0.000 mag=0.00    [NAV2 -> STM32] vx=+0.000 vy=+0.000 wz=+0.000 mag=0.00    [NAV2 -> STM32] vx=+0.000 vy=+0.000 wz=+0.000 mag=0.00    [NAV2 -> STM32] vx=+0.000 vy=+0.000 wz=+0.000 mag=0.00    [NAV2 -> STM32] vx=+0.000 vy=+0.000 wz=+0.000 mag=0.00    [NAV2 -> STM32] vx=+0.000 vy=+0.000 wz=+0.000 mag=0.00    [NAV2 -> STM32] vx=+0.000 vy=+0.000 wz=+0.000 mag=0.00    [NAV2 -> STM32] vx=+0.000 vy=+0.000 wz=+0.000 mag=0.00    [NAV2 -> STM32] vx=+0.000 vy=+0.000 wz=+0.000 mag=0.00    [NAV2 -> STM32] vx=+0.000 vy=+0.000 wz=+0.000 mag=0.00    [NAV2 -> STM32] vx=+0.000 vy=+0.000 wz=+0.000 mag=0.00    [NAV2 -> STM32] vx=+0.000 vy=+0.000 wz=+0.000 mag=0.00    [NAV2 -> STM32] vx=+0.000 vy=+0.000 wz=+0.000 mag=0.00    [NAV2 -> STM32] vx=+0.000 vy=+0.000 wz=+0.000 mag=0.00    [NAV2 -> STM32] vx=+0.000 vy=+0.000 wz=+0.000 mag=0.00    [NAV2 -> STM32] vx=+0.000 vy=+0.000 wz=+0.000 mag=0.00    [NAV2 -> STM32] vx=+0.000 vy=+0.000 wz=+0.000 mag=0.00    [NAV2 -> STM32] vx=+0.000 vy=+0.000 wz=+0.000 mag=0.00    [NAV2 -> STM32] vx=+0.000 vy=+0.000 wz=+0.000 mag=0.00    [NAV2 -> STM32] vx=+0.000 vy=+0.000 wz=+0.000 mag=0.00    [NAV2 -> STM32] vx=+0.000 vy=+0.000 wz=+0.000 mag=0.00    [NAV2 -> STM32] vx=+0.000 vy=+0.000 wz=+0.000 mag=0.00    [NAV2 -> STM32] vx=+0.000 vy=+0.000 wz=+0.000 mag=0.00    [NAV2 -> STM32] vx=+0.000 vy=+0.000 wz=+0.000 mag=0.00    [NAV2 -> STM32] vx=+0.000 vy=+0.000 wz=+0.000 mag=0.00    [NAV2 -> STM32] vx=+0.000 vy=+0.000 wz=+0.000 mag=0.00    [NAV2 -> STM32] vx=+0.000 vy=+0.000 wz=+0.000 mag=0.00    [NAV2 -> STM32] vx=+0.000 vy=+0.000 wz=+0.000 mag=0.00    [NAV2 -> STM32] vx=+0.000 vy=+0.000 wz=+0.000 mag=0.00    [NAV2 -> STM32] vx=+0.000 vy=+0.000 wz=+0.000 mag=0.00    [NAV2 -> STM32] vx=+0.000 vy=+0.000 wz=+0.000 mag=0.00    [NAV2 -> STM32] vx=+0.000 vy=+0.000 wz=+0.000 mag=0.00    [NAV2 -> STM32] vx=+0.000 vy=+0.000 wz=+0.000 mag=0.00    [NAV2 -> STM32] vx=+0.000 vy=+0.000 wz=+0.000 mag=0.00    [NAV2 -> STM32] vx=+0.000 vy=+0.000 wz=+0.000 mag=0.00    [NAV2 -> STM32] vx=+0.000 vy=+0.000 wz=+0.000 mag=0.00    [NAV2 -> STM32] vx=+0.000 vy=+0.000 wz=+0.000 mag=0.00    [NAV2 -> STM32] vx=+0.000 vy=+0.000 wz=+0.000 mag=0.00    [NAV2 -> STM32] vx=+0.000 vy=+0.000 wz=+0.000 mag=0.00    [NAV2 -> STM32] vx=+0.000 vy=+0.000 wz=+0.000 mag=0.00    [NAV2 -> STM32] vx=+0.000 vy=+0.000 wz=+0.000 mag=0.00    [NAV2 -> STM32] vx=+0.000 vy=+0.000 wz=+0.000 mag=0.00    [NAV2 -> STM32] vx=+0.000 vy=+0.000 wz=+0.000 mag=0.00    [NAV2 -> STM32] vx=+0.000 vy=+0.000 wz=+0.000 mag=0.00    [NAV2 -> STM32] vx=+0.000 vy=+0.000 wz=+0.000 mag=0.00    [NAV2 -> STM32] vx=+0.000 vy=+0.000 wz=+0.000 mag=0.00    [NAV2 -> STM32] vx=+0.000 vy=+0.000 wz=+0.000 mag=0.00    [NAV2 -> STM32] vx=+0.000 vy=+0.000 wz=+0.000 mag=0.00    [NAV2 -> STM32] vx=+0.000 vy=+0.000 wz=+0.000 mag=0.00    [NAV2 -> STM32] vx=+0.000 vy=+0.000 wz=+0.000 mag=0.00    [NAV2 -> STM32] vx=+0.000 vy=+0.000 wz=+0.000 mag=0.00    [NAV2 -> STM32] vx=+0.000 vy=+0.000 wz=+0.000 mag=0.00    [NAV2 -> STM32] vx=+0.000 vy=+0.000 wz=+0.000 mag=0.00    [NAV2 -> STM32] vx=+0.000 vy=+0.000 wz=+0.000 mag=0.00    [NAV2 -> STM32] vx=+0.000 vy=+0.000 wz=+0.000 mag=0.00    [NAV2 -> STM32] vx=+0.000 vy=+0.000 wz=+0.000 mag=0.00    [NAV2 -> STM32] vx=+0.000 vy=+0.000 wz=+0.000 mag=0.00    [NAV2 -> STM32] vx=+0.000 vy=+0.000 wz=+0.000 mag=0.00    [NAV2 -> STM32] vx=+0.000 vy=+0.000 wz=+0.000 mag=0.00    [NAV2 -> STM32] vx=+0.000 vy=+0.000 wz=+0.000 mag=0.00    [NAV2 -> STM32] vx=+0.000 vy=+0.000 wz=+0.000 mag=0.00    [NAV2 -> STM32] vx=+0.000 vy=+0.000 wz=+0.000 mag=0.00    [NAV2 -> STM32] vx=+0.000 vy=+0.000 wz=+0.000 mag=0.00    [NAV2 -> STM32] vx=+0.000 vy=+0.000 wz=+0.000 mag=0.00    [NAV2 -> STM32] vx=+0.000 vy=+0.000 wz=+0.000 mag=0.00    [NAV2 -> STM32] vx=+0.000 vy=+0.000 wz=+0.000 mag=0.00    [NAV2 -> STM32] vx=+0.000 vy=+0.000 wz=+0.000 mag=0.00    [NAV2 -> STM32] vx=+0.000 vy=+0.000 wz=+0.000 mag=0.00    [NAV2 -> STM32] vx=+0.000 vy=+0.000 wz=+0.000 mag=0.00    [NAV2 -> STM32] vx=+0.000 vy=+0.000 wz=+0.000 mag=0.00    [NAV2 -> STM32] vx=+0.000 vy=+0.000 wz=+0.000 mag=0.00    [NAV2 -> STM32] vx=+0.000 vy=+0.000 wz=+0.000 mag=0.00    [NAV2 -> STM32] vx=+0.000 vy=+0.000 wz=+0.000 mag=0.00    [NAV2 -> STM32] vx=+0.000 vy=+0.000 wz=+0.000 mag=0.00    [NAV2 -> STM32] vx=+0.000 vy=+0.000 wz=+0.000 mag=0.00    [NAV2 -> STM32] vx=+0.000 vy=+0.000 wz=+0.000 mag=0.00    [NAV2 -> STM32] vx=+0.000 vy=+0.000 wz=+0.000 mag=0.00    [NAV2 -> STM32] vx=+0.000 vy=+0.000 wz=+0.000 mag=0.00    [NAV2 -> STM32] vx=+0.000 vy=+0.000 wz=+0.000 mag=0.00    [NAV2 -> STM32] vx=+0.000 vy=+0.000 wz=+0.000 mag=0.00    [NAV2 -> STM32] vx=+0.000 vy=+0.000 wz=+0.000 mag=0.00    [NAV2 -> STM32] vx=+0.000 vy=+0.000 wz=+0.000 mag=0.00    [NAV2 -> STM32] vx=+0.000 vy=+0.000 wz=+0.000 mag=0.00    [NAV2 -> STM32] vx=+0.000 vy=+0.000 wz=+0.000 mag=0.00    [NAV2 -> STM32] vx=+0.000 vy=+0.000 wz=+0.000 mag=0.00    [NAV2 -> STM32] vx=+0.000 vy=+0.000 wz=+0.000 mag=0.00    [NAV2 -> STM32] vx=+0.000 vy=+0.000 wz=+0.000 mag=0.00    [NAV2 -> STM32] vx=+0.000 vy=+0.000 wz=+0.000 mag=0.00    [NAV2 -> STM32] vx=+0.000 vy=+0.000 wz=+0.000 mag=0.00    [NAV2 -> STM32] vx=+0.000 vy=+0.000 wz=+0.000 mag=0.00    [NAV2 -> STM32] vx=+0.000 vy=+0.000 wz=+0.000 mag=0.00    [NAV2 -> STM32] vx=+0.000 vy=+0.000 wz=+0.000 mag=0.00    [NAV2 -> STM32] vx=+0.000 vy=+0.000 wz=+0.000 mag=0.00    [NAV2 -> STM32] vx=+0.000 vy=+0.000 wz=+0.000 mag=0.00    [NAV2 -> STM32] vx=+0.000 vy=+0.000 wz=+0.000 mag=0.00    [NAV2 -> STM32] vx=+0.000 vy=+0.000 wz=+0.000 mag=0.00    [NAV2 -> STM32] vx=+0.000 vy=+0.000 wz=+0.000 mag=0.00    [NAV2 -> STM32] vx=+0.000 vy=+0.000 wz=+0.000 mag=0.00    [NAV2 -> STM32] vx=+0.000 vy=+0.000 wz=+0.000 mag=0.00    [NAV2 -> STM32] vx=+0.000 vy=+0.000 wz=+0.000 mag=0.00    [NAV2 -> STM32] vx=+0.000 vy=+0.000 wz=+0.000 mag=0.00    [NAV2 -> STM32] vx=+0.000 vy=+0.000 wz=+0.000 mag=0.00    [NAV2 -> STM32] vx=+0.000 vy=+0.000 wz=+0.000 mag=0.00    [NAV2 -> STM32] vx=+0.000 vy=+0.000 wz=+0.000 mag=0.00    [NAV2 -> STM32] vx=+0.000 vy=+0.000 wz=+0.000 mag=0.00    [NAV2 -> STM32] vx=+0.000 vy=+0.000 wz=+0.000 mag=0.00    [NAV2 -> STM32] vx=+0.000 vy=+0.000 wz=+0.000 mag=0.00    [NAV2 -> STM32] vx=+0.000 vy=+0.000 wz=+0.000 mag=0.00    [NAV2 -> STM32] vx=+0.000 vy=+0.000 wz=+0.000 mag=0.00    [NAV2 -> STM32] vx=+0.000 vy=+0.000 wz=+0.000 mag=0.00    [NAV2 -> STM32] vx=+0.000 vy=+0.000 wz=+0.000 mag=0.00    [NAV2 -> STM32] vx=+0.000 vy=+0.000 wz=+0.000 mag=0.00    [NAV2 -> STM32] vx=+0.000 vy=+0.000 wz=+0.000 mag=0.00    [NAV2 -> STM32] vx=+0.000 vy=+0.000 wz=+0.000 mag=0.00    [NAV2 -> STM32] vx=+0.000 vy=+0.000 wz=+0.000 mag=0.00    [NAV2 -> STM32] vx=+0.000 vy=+0.000 wz=+0.000 mag=0.00    [NAV2 -> STM32] vx=+0.000 vy=+0.000 wz=+0.000 mag=0.00    [NAV2 -> STM32] vx=+0.000 vy=+0.000 wz=+0.000 mag=0.00    [NAV2 -> STM32] vx=+0.000 vy=+0.000 wz=+0.000 mag=0.00    [NAV2 -> STM32] vx=+0.000 vy=+0.000 wz=+0.000 mag=0.00    [NAV2 -> STM32] vx=+0.000 vy=+0.000 wz=+0.000 mag=0.00    [NAV2 -> STM32] vx=+0.000 vy=+0.000 wz=+0.000 mag=0.00    [NAV2 -> STM32] vx=+0.000 vy=+0.000 wz=+0.000 mag=0.00    [NAV2 -> STM32] vx=+0.000 vy=+0.000 wz=+0.000 mag=0.00    [NAV2 -> STM32] vx=+0.000 vy=+0.000 wz=+0.000 mag=0.00    [NAV2 -> STM32] vx=+0.000 vy=+0.000 wz=+0.000 mag=0.00    [NAV2 -> STM32] vx=+0.000 vy=+0.000 wz=+0.000 mag=0.00    [NAV2 -> STM32] vx=+0.000 vy=+0.000 wz=+0.000 mag=0.00    [NAV2 -> STM32] vx=+0.000 vy=+0.000 wz=+0.000 mag=0.00    [NAV2 -> STM32] vx=+0.000 vy=+0.000 wz=+0.000 mag=0.00    [NAV2 -> STM32] vx=+0.000 vy=+0.000 wz=+0.000 mag=0.00    [NAV2 -> STM32] vx=+0.000 vy=+0.000 wz=+0.000 mag=0.00    [NAV2 -> STM32] vx=+0.000 vy=+0.000 wz=+0.000 mag=0.00    [NAV2 -> STM32] vx=+0.000 vy=+0.000 wz=+0.000 mag=0.00    [NAV2 -> STM32] vx=+0.000 vy=+0.000 wz=+0.000 mag=0.00    [NAV2 -> STM32] vx=+0.000 vy=+0.000 wz=+0.000 mag=0.00    [NAV2 -> STM32] vx=+0.000 vy=+0.000 wz=+0.000 mag=0.00    [NAV2 -> STM32] vx=+0.000 vy=+0.000 wz=+0.000 mag=0.00    [NAV2 -> STM32] vx=+0.000 vy=+0.000 wz=+0.000 mag=0.00    [NAV2 -> STM32] vx=+0.000 vy=+0.000 wz=+0.000 mag=0.00    [NAV2 -> STM32] vx=+0.000 vy=+0.000 wz=+0.000 mag=0.00    [NAV2 -> STM32] vx=+0.000 vy=+0.000 wz=+0.000 mag=0.00    [NAV2 -> STM32] vx=+0.000 vy=+0.000 wz=+0.000 mag=0.00    [NAV2 -> STM32] vx=+0.000 vy=+0.000 wz=+0.000 mag=0.00    [NAV2 -> STM32] vx=+0.000 vy=+0.000 wz=+0.000 mag=0.00    [NAV2 -> STM32] vx=+0.000 vy=+0.000 wz=+0.000 mag=0.00    [NAV2 -> STM32] vx=+0.000 vy=+0.000 wz=+0.000 mag=0.00    [NAV2 -> STM32] vx=+0.000 vy=+0.000 wz=+0.000 mag=0.00    [NAV2 -> STM32] vx=+0.000 vy=+0.000 wz=+0.000 mag=0.00    [NAV2 -> STM32] vx=+0.000 vy=+0.000 wz=+0.000 mag=0.00    [NAV2 -> STM32] vx=+0.000 vy=+0.000 wz=+0.000 mag=0.00    [NAV2 -> STM32] vx=+0.000 vy=+0.000 wz=+0.000 mag=0.00    [NAV2 -> STM32] vx=+0.000 vy=+0.000 wz=+0.000 mag=0.00    [NAV2 -> STM32] vx=+0.000 vy=+0.000 wz=+0.000 mag=0.00    [NAV2 -> STM32] vx=+0.000 vy=+0.000 wz=+0.000 mag=0.00    [NAV2 -> STM32] vx=+0.000 vy=+0.000 wz=+0.000 mag=0.00    [NAV2 -> STM32] vx=+0.000 vy=+0.000 wz=+0.000 mag=0.00    [NAV2 -> STM32] vx=+0.000 vy=+0.000 wz=+0.000 mag=0.00    [NAV2 -> STM32] vx=+0.000 vy=+0.000 wz=+0.000 mag=0.00    [NAV2 -> STM32] vx=+0.000 vy=+0.000 wz=+0.000 mag=0.00    [NAV2 -> STM32] vx=+0.000 vy=+0.000 wz=+0.000 mag=0.00    [NAV2 -> STM32] vx=+0.000 vy=+0.000 wz=+0.000 mag=0.00    [NAV2 -> STM32] vx=+0.000 vy=+0.000 wz=+0.000 mag=0.00    [NAV2 -> STM32] vx=+0.000 vy=+0.000 wz=+0.000 mag=0.00    [NAV2 -> STM32] vx=+0.000 vy=+0.000 wz=+0.000 mag=0.00    [NAV2 -> STM32] vx=+0.000 vy=+0.000 wz=+0.000 mag=0.00    [NAV2 -> STM32] vx=+0.000 vy=+0.000 wz=+0.000 mag=0.00    [NAV2 -> STM32] vx=+0.000 vy=+0.000 wz=+0.000 mag=0.00    [NAV2 -> STM32] vx=+0.000 vy=+0.000 wz=+0.000 mag=0.00    [NAV2 -> STM32] vx=+0.000 vy=+0.000 wz=+0.000 mag=0.00    [NAV2 -> STM32] vx=+0.000 vy=+0.000 wz=+0.000 mag=0.00    [NAV2 -> STM32] vx=+0.000 vy=+0.000 wz=+0.000 mag=0.00    [NAV2 -> STM32] vx=+0.000 vy=+0.000 wz=+0.000 mag=0.00    [NAV2 -> STM32] vx=+0.000 vy=+0.000 wz=+0.000 mag=0.00    [NAV2 -> STM32] vx=+0.000 vy=+0.000 wz=+0.000 mag=0.00    [NAV2 -> STM32] vx=+0.000 vy=+0.000 wz=+0.000 mag=0.00    [NAV2 -> STM32] vx=+0.000 vy=+0.000 wz=+0.000 mag=0.00    [NAV2 -> STM32] vx=+0.000 vy=+0.000 wz=+0.000 mag=0.00    [NAV2 -> STM32] vx=+0.000 vy=+0.000 wz=+0.000 mag=0.00    [NAV2 -> STM32] vx=+0.000 vy=+0.000 wz=+0.000 mag=0.00    [NAV2 -> STM32] vx=+0.000 vy=+0.000 wz=+0.000 mag=0.00    [NAV2 -> STM32] vx=+0.000 vy=+0.000 wz=+0.000 mag=0.00    [NAV2 -> STM32] vx=+0.000 vy=+0.000 wz=+0.000 mag=0.00    [NAV2 -> STM32] vx=+0.000 vy=+0.000 wz=+0.000 mag=0.00    [NAV2 -> STM32] vx=+0.000 vy=+0.000 wz=+0.000 mag=0.00    [NAV2 -> STM32] vx=+0.000 vy=+0.000 wz=+0.000 mag=0.00    [NAV2 -> STM32] vx=+0.000 vy=+0.000 wz=+0.000 mag=0.00    [NAV2 -> STM32] vx=+0.000 vy=+0.000 wz=+0.000 mag=0.00    [NAV2 -> STM32] vx=+0.000 vy=+0.000 wz=+0.000 mag=0.00    [NAV2 -> STM32] vx=+0.000 vy=+0.000 wz=+0.000 mag=0.00    [NAV2 -> STM32] vx=+0.000 vy=+0.000 wz=+0.000 mag=0.00    [NAV2 -> STM32] vx=+0.000 vy=+0.000 wz=+0.000 mag=0.00    [NAV2 -> STM32] vx=+0.000 vy=+0.000 wz=+0.000 mag=0.00    [NAV2 -> STM32] vx=+0.000 vy=+0.000 wz=+0.000 mag=0.00    [NAV2 -> STM32] vx=+0.000 vy=+0.000 wz=+0.000 mag=0.00    [NAV2 -> STM32] vx=+0.000 vy=+0.000 wz=+0.000 mag=0.00    [NAV2 -> STM32] vx=+0.000 vy=+0.000 wz=+0.000 mag=0.00    [NAV2 -> STM32] vx=+0.000 vy=+0.000 wz=+0.000 mag=0.00    [NAV2 -> STM32] vx=+0.000 vy=+0.000 wz=+0.000 mag=0.00    [NAV2 -> STM32] vx=+0.000 vy=+0.000 wz=+0.000 mag=0.00    [NAV2 -> STM32] vx=+0.000 vy=+0.000 wz=+0.000 mag=0.00    [NAV2 -> STM32] vx=+0.000 vy=+0.000 wz=+0.000 mag=0.00    [NAV2 -> STM32] vx=+0.000 vy=+0.000 wz=+0.000 mag=0.00    [NAV2 -> STM32] vx=+0.000 vy=+0.000 wz=+0.000 mag=0.00    [NAV2 -> STM32] vx=+0.000 vy=+0.000 wz=+0.000 mag=0.00    [NAV2 -> STM32] vx=+0.000 vy=+0.000 wz=+0.000 mag=0.00    [NAV2 -> STM32] vx=+0.000 vy=+0.000 wz=+0.000 mag=0.00    [NAV2 -> STM32] vx=+0.000 vy=+0.000 wz=+0.000 mag=0.00    [NAV2 -> STM32] vx=+0.000 vy=+0.000 wz=+0.000 mag=0.00    [NAV2 -> STM32] vx=+0.000 vy=+0.000 wz=+0.000 mag=0.00    [NAV2 -> STM32] vx=+0.000 vy=+0.000 wz=+0.000 mag=0.00    [NAV2 -> STM32] vx=+0.000 vy=+0.000 wz=+0.000 mag=0.00    [NAV2 -> STM32] vx=+0.000 vy=+0.000 wz=+0.000 mag=0.00    [NAV2 -> STM32] vx=+0.000 vy=+0.000 wz=+0.000 mag=0.00    [NAV2 -> STM32] vx=+0.000 vy=+0.000 wz=+0.000 mag=0.00    [NAV2 -> STM32] vx=+0.000 vy=+0.000 wz=+0.000 mag=0.00    [NAV2 -> STM32] vx=+0.000 vy=+0.000 wz=+0.000 mag=0.00    [NAV2 -> STM32] vx=+0.000 vy=+0.000 wz=+0.000 mag=0.00    [NAV2 -> STM32] vx=+0.000 vy=+0.000 wz=+0.000 mag=0.00    [NAV2 -> STM32] vx=+0.000 vy=+0.000 wz=+0.000 mag=0.00    [NAV2 -> STM32] vx=+0.000 vy=+0.000 wz=+0.000 mag=0.00    [NAV2 -> STM32] vx=+0.000 vy=+0.000 wz=+0.000 mag=0.00    [NAV2 -> STM32] vx=+0.000 vy=+0.000 wz=+0.000 mag=0.00    [NAV2 -> STM32] vx=+0.000 vy=+0.000 wz=+0.000 mag=0.00    [NAV2 -> STM32] vx=+0.000 vy=+0.000 wz=+0.000 mag=0.00    [NAV2 -> STM32] vx=+0.000 vy=+0.000 wz=+0.000 mag=0.00    [NAV2 -> STM32] vx=+0.000 vy=+0.000 wz=+0.000 mag=0.00    [NAV2 -> STM32] vx=+0.000 vy=+0.000 wz=+0.000 mag=0.00    [NAV2 -> STM32] vx=+0.000 vy=+0.000 wz=+0.000 mag=0.00    [NAV2 -> STM32] vx=+0.000 vy=+0.000 wz=+0.000 mag=0.00    [NAV2 -> STM32] vx=+0.000 vy=+0.000 wz=+0.000 mag=0.00    [NAV2 -> STM32] vx=+0.000 vy=+0.000 wz=+0.000 mag=0.00    [NAV2 -> STM32] vx=+0.000 vy=+0.000 wz=+0.000 mag=0.00    [NAV2 -> STM32] vx=+0.000 vy=+0.000 wz=+0.000 mag=0.00    [NAV2 -> STM32] vx=+0.000 vy=+0.000 wz=+0.000 mag=0.00    [NAV2 -> STM32] vx=+0.000 vy=+0.000 wz=+0.000 mag=0.00    [NAV2 -> STM32] vx=+0.000 vy=+0.000 wz=+0.000 mag=0.00    [NAV2 -> STM32] vx=+0.000 vy=+0.000 wz=+0.000 mag=0.00    [NAV2 -> STM32] vx=+0.000 vy=+0.000 wz=+0.000 mag=0.00    [NAV2 -> STM32] vx=+0.000 vy=+0.000 wz=+0.000 mag=0.00    [NAV2 -> STM32] vx=+0.000 vy=+0.000 wz=+0.000 mag=0.00    [NAV2 -> STM32] vx=+0.000 vy=+0.000 wz=+0.000 mag=0.00    [NAV2 -> STM32] vx=+0.000 vy=+0.000 wz=+0.000 mag=0.00    [NAV2 -> STM32] vx=+0.000 vy=+0.000 wz=+0.000 mag=0.00    [NAV2 -> STM32] vx=+0.000 vy=+0.000 wz=+0.000 mag=0.00    [NAV2 -> STM32] vx=+0.000 vy=+0.000 wz=+0.000 mag=0.00    [NAV2 -> STM32] vx=+0.000 vy=+0.000 wz=+0.000 mag=0.00    [NAV2 -> STM32] vx=+0.000 vy=+0.000 wz=+0.000 mag=0.00    [NAV2 -> STM32] vx=+0.000 vy=+0.000 wz=+0.000 mag=0.00    [NAV2 -> STM32] vx=+0.000 vy=+0.000 wz=+0.000 mag=0.00    [NAV2 -> STM32] vx=+0.000 vy=+0.000 wz=+0.000 mag=0.00    [NAV2 -> STM32] vx=+0.000 vy=+0.000 wz=+0.000 mag=0.00    [NAV2 -> STM32] vx=+0.000 vy=+0.000 wz=+0.000 mag=0.00    [NAV2 -> STM32] vx=+0.000 vy=+0.000 wz=+0.000 mag=0.00    [NAV2 -> STM32] vx=+0.000 vy=+0.000 wz=+0.000 mag=0.00    [NAV2 -> STM32] vx=+0.000 vy=+0.000 wz=+0.000 mag=0.00    [NAV2 -> STM32] vx=+0.000 vy=+0.000 wz=+0.000 mag=0.00    [NAV2 -> STM32] vx=+0.000 vy=+0.000 wz=+0.000 mag=0.00    [NAV2 -> STM32] vx=+0.000 vy=+0.000 wz=+0.000 mag=0.00    [NAV2 -> STM32] vx=+0.000 vy=+0.000 wz=+0.000 mag=0.00    [NAV2 -> STM32] vx=+0.000 vy=+0.000 wz=+0.000 mag=0.00    [NAV2 -> STM32] vx=+0.000 vy=+0.000 wz=+0.000 mag=0.00    [NAV2 -> STM32] vx=+0.000 vy=+0.000 wz=+0.000 mag=0.00    [NAV2 -> STM32] vx=+0.000 vy=+0.000 wz=+0.000 mag=0.00    [NAV2 -> STM32] vx=+0.000 vy=+0.000 wz=+0.000 mag=0.00    [NAV2 -> STM32] vx=+0.000 vy=+0.000 wz=+0.000 mag=0.00    [NAV2 -> STM32] vx=+0.000 vy=+0.000 wz=+0.000 mag=0.00    [NAV2 -> STM32] vx=+0.000 vy=+0.000 wz=+0.000 mag=0.00    [NAV2 -> STM32] vx=+0.000 vy=+0.000 wz=+0.000 mag=0.00    [NAV2 -> STM32] vx=+0.000 vy=+0.000 wz=+0.000 mag=0.00    [NAV2 -> STM32] vx=+0.000 vy=+0.000 wz=+0.000 mag=0.00    [NAV2 -> STM32] vx=+0.000 vy=+0.000 wz=+0.000 mag=0.00    [NAV2 -> STM32] vx=+0.000 vy=+0.000 wz=+0.000 mag=0.00    [NAV2 -> STM32] vx=+0.000 vy=+0.000 wz=+0.000 mag=0.00    [NAV2 -> STM32] vx=+0.000 vy=+0.000 wz=+0.000 mag=0.00    [NAV2 -> STM32] vx=+0.000 vy=+0.000 wz=+0.000 mag=0.00    [NAV2 -> STM32] vx=+0.000 vy=+0.000 wz=+0.000 mag=0.00    [NAV2 -> STM32] vx=+0.000 vy=+0.000 wz=+0.000 mag=0.00    [NAV2 -> STM32] vx=+0.000 vy=+0.000 wz=+0.000 mag=0.00    [NAV2 -> STM32] vx=+0.000 vy=+0.000 wz=+0.000 mag=0.00    [NAV2 -> STM32] vx=+0.000 vy=+0.000 wz=+0.000 mag=0.00    [NAV2 -> STM32] vx=+0.000 vy=+0.000 wz=+0.000 mag=0.00    [NAV2 -> STM32] vx=+0.000 vy=+0.000 wz=+0.000 mag=0.00    [NAV2 -> STM32] vx=+0.000 vy=+0.000 wz=+0.000 mag=0.00    [NAV2 -> STM32] vx=+0.000 vy=+0.000 wz=+0.000 mag=0.00    [NAV2 -> STM32] vx=+0.000 vy=+0.000 wz=+0.000 mag=0.00    [NAV2 -> STM32] vx=+0.000 vy=+0.000 wz=+0.000 mag=0.00    [NAV2 -> STM32] vx=+0.000 vy=+0.000 wz=+0.000 mag=0.00    [NAV2 -> STM32] vx=+0.000 vy=+0.000 wz=+0.000 mag=0.00    [NAV2 -> STM32] vx=+0.000 vy=+0.000 wz=+0.000 mag=0.00    [NAV2 -> STM32] vx=+0.000 vy=+0.000 wz=+0.000 mag=0.00    [NAV2 -> STM32] vx=+0.000 vy=+0.000 wz=+0.000 mag=0.00    [NAV2 -> STM32] vx=+0.000 vy=+0.000 wz=+0.000 mag=0.00    [NAV2 -> STM32] vx=+0.000 vy=+0.000 wz=+0.000 mag=0.00    [NAV2 -> STM32] vx=+0.000 vy=+0.000 wz=+0.000 mag=0.00    [NAV2 -> STM32] vx=+0.000 vy=+0.000 wz=+0.000 mag=0.00    [NAV2 -> STM32] vx=+0.000 vy=+0.000 wz=+0.000 mag=0.00    [NAV2 -> STM32] vx=+0.000 vy=+0.000 wz=+0.000 mag=0.00    [NAV2 -> STM32] vx=+0.000 vy=+0.000 wz=+0.000 mag=0.00    [NAV2 -> STM32] vx=+0.000 vy=+0.000 wz=+0.000 mag=0.00    [NAV2 -> STM32] vx=+0.000 vy=+0.000 wz=+0.000 mag=0.00    [NAV2 -> STM32] vx=+0.000 vy=+0.000 wz=+0.000 mag=0.00    [NAV2 -> STM32] vx=+0.000 vy=+0.000 wz=+0.000 mag=0.00    [NAV2 -> STM32] vx=+0.000 vy=+0.000 wz=+0.000 mag=0.00    [NAV2 -> STM32] vx=+0.000 vy=+0.000 wz=+0.000 mag=0.00    [NAV2 -> STM32] vx=+0.000 vy=+0.000 wz=+0.000 mag=0.00    [NAV2 -> STM32] vx=+0.000 vy=+0.000 wz=+0.000 mag=0.00    [NAV2 -> STM32] vx=+0.000 vy=+0.000 wz=+0.000 mag=0.00    [NAV2 -> STM32] vx=+0.000 vy=+0.000 wz=+0.000 mag=0.00    [NAV2 -> STM32] vx=+0.000 vy=+0.000 wz=+0.000 mag=0.00    [NAV2 -> STM32] vx=+0.000 vy=+0.000 wz=+0.000 mag=0.00    [NAV2 -> STM32] vx=+0.000 vy=+0.000 wz=+0.000 mag=0.00    [NAV2 -> STM32] vx=+0.000 vy=+0.000 wz=+0.000 mag=0.00    [NAV2 -> STM32] vx=+0.000 vy=+0.000 wz=+0.000 mag=0.00    [NAV2 -> STM32] vx=+0.000 vy=+0.000 wz=+0.000 mag=0.00    [NAV2 -> STM32] vx=+0.000 vy=+0.000 wz=+0.000 mag=0.00    [ERROR] RobotControl write failed: write failed: [Errno 5] Input/output error
[ERROR] Failed to open serial port: [Errno 2] could not open port /tmp/nyush-rm-sentry-radar: [Errno 2] No such file or directory: '/tmp/nyush-rm-sentry-radar'
[NAV2 -> STM32] vx=+0.000 vy=+0.000 wz=+0.000 mag=0.00    [NAV2 -> STM32] vx=+0.000 vy=+0.000 wz=+0.000 mag=0.00    [NAV2 -> STM32] vx=+0.000 vy=+0.000 wz=+0.000 mag=0.00    [NAV2 -> STM32] vx=+0.000 vy=+0.000 wz=+0.000 mag=0.00    [NAV2 -> STM32] vx=+0.000 vy=+0.000 wz=+0.000 mag=0.00    [NAV2 -> STM32] vx=+0.000 vy=+0.000 wz=+0.000 mag=0.00    [NAV2 -> STM32] vx=+0.000 vy=+0.000 wz=+0.000 mag=0.00    [NAV2 -> STM32] vx=+0.000 vy=+0.000 wz=+0.000 mag=0.00    [NAV2 -> STM32] vx=+0.000 vy=+0.000 wz=+0.000 mag=0.00    [NAV2 -> STM32] vx=+0.000 vy=+0.000 wz=+0.000 mag=0.00    [NAV2 -> STM32] vx=+0.000 vy=+0.000 wz=+0.000 mag=0.00    [NAV2 -> STM32] vx=+0.000 vy=+0.000 wz=+0.000 mag=0.00    [NAV2 -> STM32] vx=+0.000 vy=+0.000 wz=+0.000 mag=0.00    [NAV2 -> STM32] vx=+0.000 vy=+0.000 wz=+0.000 mag=0.00    [NAV2 -> STM32] vx=+0.000 vy=+0.000 wz=+0.000 mag=0.00    [NAV2 -> STM32] vx=+0.000 vy=+0.000 wz=+0.000 mag=0.00    [NAV2 -> STM32] vx=+0.000 vy=+0.000 wz=+0.000 mag=0.00    [NAV2 -> STM32] vx=+0.000 vy=+0.000 wz=+0.000 mag=0.00    [NAV2 -> STM32] vx=+0.000 vy=+0.000 wz=+0.000 mag=0.00    [NAV2 -> STM32] vx=+0.000 vy=+0.000 wz=+0.000 mag=0.00    [NAV2 -> STM32] vx=+0.000 vy=+0.000 wz=+0.000 mag=0.00    [NAV2 -> STM32] vx=+0.000 vy=+0.000 wz=+0.000 mag=0.00    [NAV2 -> STM32] vx=+0.000 vy=+0.000 wz=+0.000 mag=0.00    [NAV2 -> STM32] vx=+0.000 vy=+0.000 wz=+0.000 mag=0.00    [NAV2 -> STM32] vx=+0.000 vy=+0.000 wz=+0.000 mag=0.00    [NAV2 -> STM32] vx=+0.000 vy=+0.000 wz=+0.000 mag=0.00    [NAV2 -> STM32] vx=+0.000 vy=+0.000 wz=+0.000 mag=0.00    [NAV2 -> STM32] vx=+0.000 vy=+0.000 wz=+0.000 mag=0.00    [NAV2 -> STM32] vx=+0.000 vy=+0.000 wz=+0.000 mag=0.00    [NAV2 -> STM32] vx=+0.000 vy=+0.000 wz=+0.000 mag=0.00    [NAV2 -> STM32] vx=+0.000 vy=+0.000 wz=+0.000 mag=0.00    [NAV2 -> STM32] vx=+0.000 vy=+0.000 wz=+0.000 mag=0.00    [NAV2 -> STM32] vx=+0.000 vy=+0.000 wz=+0.000 mag=0.00    [NAV2 -> STM32] vx=+0.000 vy=+0.000 wz=+0.000 mag=0.00    [NAV2 -> STM32] vx=+0.000 vy=+0.000 wz=+0.000 mag=0.00    [NAV2 -> STM32] vx=+0.000 vy=+0.000 wz=+0.000 mag=0.00    [NAV2 -> STM32] vx=+0.000 vy=+0.000 wz=+0.000 mag=0.00    [NAV2 -> STM32] vx=+0.000 vy=+0.000 wz=+0.000 mag=0.00    [NAV2 -> STM32] vx=+0.000 vy=+0.000 wz=+0.000 mag=0.00    [NAV2 -> STM32] vx=+0.000 vy=+0.000 wz=+0.000 mag=0.00    [NAV2 -> STM32] vx=+0.000 vy=+0.000 wz=+0.000 mag=0.00    [NAV2 -> STM32] vx=+0.000 vy=+0.000 wz=+0.000 mag=0.00    [NAV2 -> STM32] vx=+0.000 vy=+0.000 wz=+0.000 mag=0.00    [NAV2 -> STM32] vx=+0.000 vy=+0.000 wz=+0.000 mag=0.00    [NAV2 -> STM32] vx=+0.000 vy=+0.000 wz=+0.000 mag=0.00    [NAV2 -> STM32] vx=+0.000 vy=+0.000 wz=+0.000 mag=0.00    [NAV2 -> STM32] vx=+0.000 vy=+0.000 wz=+0.000 mag=0.00    [NAV2 -> STM32] vx=+0.000 vy=+0.000 wz=+0.000 mag=0.00    [NAV2 -> STM32] vx=+0.000 vy=+0.000 wz=+0.000 mag=0.00    [NAV2 -> STM32] vx=+0.000 vy=+0.000 wz=+0.000 mag=0.00    [NAV2 -> STM32] vx=+0.000 vy=+0.000 wz=+0.000 mag=0.00    [NAV2 -> STM32] vx=+0.000 vy=+0.000 wz=+0.000 mag=0.00    [NAV2 -> STM32] vx=+0.000 vy=+0.000 wz=+0.000 mag=0.00    [NAV2 -> STM32] vx=+0.000 vy=+0.000 wz=+0.000 mag=0.00    [NAV2 -> STM32] vx=+0.000 vy=+0.000 wz=+0.000 mag=0.00    [NAV2 -> STM32] vx=+0.000 vy=+0.000 wz=+0.000 mag=0.00    [NAV2 -> STM32] vx=+0.000 vy=+0.000 wz=+0.000 mag=0.00    [NAV2 -> STM32] vx=+0.000 vy=+0.000 wz=+0.000 mag=0.00    [NAV2 -> STM32] vx=+0.000 vy=+0.000 wz=+0.000 mag=0.00    [NAV2 -> STM32] vx=+0.000 vy=+0.000 wz=+0.000 mag=0.00    [ERROR] Failed to open serial port: [Errno 2] could not open port /tmp/nyush-rm-sentry-radar: [Errno 2] No such file or directory: '/tmp/nyush-rm-sentry-radar'
[NAV2 -> STM32] vx=+0.000 vy=+0.000 wz=+0.000 mag=0.00    [NAV2 -> STM32] vx=+0.000 vy=+0.000 wz=+0.000 mag=0.00    [NAV2 -> STM32] vx=+0.000 vy=+0.000 wz=+0.000 mag=0.00    [NAV2 -> STM32] vx=+0.000 vy=+0.000 wz=+0.000 mag=0.00    [NAV2 -> STM32] vx=+0.000 vy=+0.000 wz=+0.000 mag=0.00    [NAV2 -> STM32] vx=+0.000 vy=+0.000 wz=+0.000 mag=0.00    [NAV2 -> STM32] vx=+0.000 vy=+0.000 wz=+0.000 mag=0.00    [NAV2 -> STM32] vx=+0.000 vy=+0.000 wz=+0.000 mag=0.00    [NAV2 -> STM32] vx=+0.000 vy=+0.000 wz=+0.000 mag=0.00    [NAV2 -> STM32] vx=+0.000 vy=+0.000 wz=+0.000 mag=0.00    [NAV2 -> STM32] vx=+0.000 vy=+0.000 wz=+0.000 mag=0.00    [NAV2 -> STM32] vx=+0.000 vy=+0.000 wz=+0.000 mag=0.00    [NAV2 -> STM32] vx=+0.000 vy=+0.000 wz=+0.000 mag=0.00    [NAV2 -> STM32] vx=+0.000 vy=+0.000 wz=+0.000 mag=0.00    [NAV2 -> STM32] vx=+0.000 vy=+0.000 wz=+0.000 mag=0.00    [NAV2 -> STM32] vx=+0.000 vy=+0.000 wz=+0.000 mag=0.00    [NAV2 -> STM32] vx=+0.000 vy=+0.000 wz=+0.000 mag=0.00    [NAV2 -> STM32] vx=+0.000 vy=+0.000 wz=+0.000 mag=0.00    [NAV2 -> STM32] vx=+0.000 vy=+0.000 wz=+0.000 mag=0.00    [NAV2 -> STM32] vx=+0.000 vy=+0.000 wz=+0.000 mag=0.00    [NAV2 -> STM32] vx=+0.000 vy=+0.000 wz=+0.000 mag=0.00    [NAV2 -> STM32] vx=+0.000 vy=+0.000 wz=+0.000 mag=0.00    [NAV2 -> STM32] vx=+0.000 vy=+0.000 wz=+0.000 mag=0.00    [NAV2 -> STM32] vx=+0.000 vy=+0.000 wz=+0.000 mag=0.00    [NAV2 -> STM32] vx=+0.000 vy=+0.000 wz=+0.000 mag=0.00    [NAV2 -> STM32] vx=+0.000 vy=+0.000 wz=+0.000 mag=0.00    [NAV2 -> STM32] vx=+0.000 vy=+0.000 wz=+0.000 mag=0.00    [NAV2 -> STM32] vx=+0.000 vy=+0.000 wz=+0.000 mag=0.00    [NAV2 -> STM32] vx=+0.000 vy=+0.000 wz=+0.000 mag=0.00    [NAV2 -> STM32] vx=+0.000 vy=+0.000 wz=+0.000 mag=0.00    [NAV2 -> STM32] vx=+0.000 vy=+0.000 wz=+0.000 mag=0.00    [NAV2 -> STM32] vx=+0.000 vy=+0.000 wz=+0.000 mag=0.00    [NAV2 -> STM32] vx=+0.000 vy=+0.000 wz=+0.000 mag=0.00    [NAV2 -> STM32] vx=+0.000 vy=+0.000 wz=+0.000 mag=0.00    [NAV2 -> STM32] vx=+0.000 vy=+0.000 wz=+0.000 mag=0.00    [NAV2 -> STM32] vx=+0.000 vy=+0.000 wz=+0.000 mag=0.00    [NAV2 -> STM32] vx=+0.000 vy=+0.000 wz=+0.000 mag=0.00    [NAV2 -> STM32] vx=+0.000 vy=+0.000 wz=+0.000 mag=0.00    [NAV2 -> STM32] vx=+0.000 vy=+0.000 wz=+0.000 mag=0.00    [NAV2 -> STM32] vx=+0.000 vy=+0.000 wz=+0.000 mag=0.00    [NAV2 -> STM32] vx=+0.000 vy=+0.000 wz=+0.000 mag=0.00    [NAV2 -> STM32] vx=+0.000 vy=+0.000 wz=+0.000 mag=0.00    [NAV2 -> STM32] vx=+0.000 vy=+0.000 wz=+0.000 mag=0.00    [NAV2 -> STM32] vx=+0.000 vy=+0.000 wz=+0.000 mag=0.00    [NAV2 -> STM32] vx=+0.000 vy=+0.000 wz=+0.000 mag=0.00    [NAV2 -> STM32] vx=+0.000 vy=+0.000 wz=+0.000 mag=0.00    [NAV2 -> STM32] vx=+0.000 vy=+0.000 wz=+0.000 mag=0.00    [NAV2 -> STM32] vx=+0.000 vy=+0.000 wz=+0.000 mag=0.00    [NAV2 -> STM32] vx=+0.000 vy=+0.000 wz=+0.000 mag=0.00    [NAV2 -> STM32] vx=+0.000 vy=+0.000 wz=+0.000 mag=0.00    [NAV2 -> STM32] vx=+0.000 vy=+0.000 wz=+0.000 mag=0.00    [NAV2 -> STM32] vx=+0.000 vy=+0.000 wz=+0.000 mag=0.00    [NAV2 -> STM32] vx=+0.000 vy=+0.000 wz=+0.000 mag=0.00    [NAV2 -> STM32] vx=+0.000 vy=+0.000 wz=+0.000 mag=0.00    [NAV2 -> STM32] vx=+0.000 vy=+0.000 wz=+0.000 mag=0.00    [NAV2 -> STM32] vx=+0.000 vy=+0.000 wz=+0.000 mag=0.00    [NAV2 -> STM32] vx=+0.000 vy=+0.000 wz=+0.000 mag=0.00    [NAV2 -> STM32] vx=+0.000 vy=+0.000 wz=+0.000 mag=0.00    [NAV2 -> STM32] vx=+0.000 vy=+0.000 wz=+0.000 mag=0.00    [NAV2 -> STM32] vx=+0.000 vy=+0.000 wz=+0.000 mag=0.00    [ERROR] Failed to open serial port: [Errno 2] could not open port /tmp/nyush-rm-sentry-radar: [Errno 2] No such file or directory: '/tmp/nyush-rm-sentry-radar'
[NAV2 -> STM32] vx=+0.000 vy=+0.000 wz=+0.000 mag=0.00    [NAV2 -> STM32] vx=+0.000 vy=+0.000 wz=+0.000 mag=0.00    [NAV2 -> STM32] vx=+0.000 vy=+0.000 wz=+0.000 mag=0.00    [NAV2 -> STM32] vx=+0.000 vy=+0.000 wz=+0.000 mag=0.00    [NAV2 -> STM32] vx=+0.000 vy=+0.000 wz=+0.000 mag=0.00    [NAV2 -> STM32] vx=+0.000 vy=+0.000 wz=+0.000 mag=0.00    [NAV2 -> STM32] vx=+0.000 vy=+0.000 wz=+0.000 mag=0.00    [NAV2 -> STM32] vx=+0.000 vy=+0.000 wz=+0.000 mag=0.00    [NAV2 -> STM32] vx=+0.000 vy=+0.000 wz=+0.000 mag=0.00    [NAV2 -> STM32] vx=+0.000 vy=+0.000 wz=+0.000 mag=0.00    [NAV2 -> STM32] vx=+0.000 vy=+0.000 wz=+0.000 mag=0.00    [NAV2 -> STM32] vx=+0.000 vy=+0.000 wz=+0.000 mag=0.00    [NAV2 -> STM32] vx=+0.000 vy=+0.000 wz=+0.000 mag=0.00    [NAV2 -> STM32] vx=+0.000 vy=+0.000 wz=+0.000 mag=0.00    [NAV2 -> STM32] vx=+0.000 vy=+0.000 wz=+0.000 mag=0.00    [NAV2 -> STM32] vx=+0.000 vy=+0.000 wz=+0.000 mag=0.00    [NAV2 -> STM32] vx=+0.000 vy=+0.000 wz=+0.000 mag=0.00    [NAV2 -> STM32] vx=+0.000 vy=+0.000 wz=+0.000 mag=0.00    [NAV2 -> STM32] vx=+0.000 vy=+0.000 wz=+0.000 mag=0.00    [NAV2 -> STM32] vx=+0.000 vy=+0.000 wz=+0.000 mag=0.00    [NAV2 -> STM32] vx=+0.000 vy=+0.000 wz=+0.000 mag=0.00    [NAV2 -> STM32] vx=+0.000 vy=+0.000 wz=+0.000 mag=0.00    [NAV2 -> STM32] vx=+0.000 vy=+0.000 wz=+0.000 mag=0.00    [NAV2 -> STM32] vx=+0.000 vy=+0.000 wz=+0.000 mag=0.00    [NAV2 -> STM32] vx=+0.000 vy=+0.000 wz=+0.000 mag=0.00    [NAV2 -> STM32] vx=+0.000 vy=+0.000 wz=+0.000 mag=0.00    [NAV2 -> STM32] vx=+0.000 vy=+0.000 wz=+0.000 mag=0.00    [NAV2 -> STM32] vx=+0.000 vy=+0.000 wz=+0.000 mag=0.00    [NAV2 -> STM32] vx=+0.000 vy=+0.000 wz=+0.000 mag=0.00    [NAV2 -> STM32] vx=+0.000 vy=+0.000 wz=+0.000 mag=0.00    [NAV2 -> STM32] vx=+0.000 vy=+0.000 wz=+0.000 mag=0.00    [NAV2 -> STM32] vx=+0.000 vy=+0.000 wz=+0.000 mag=0.00    [NAV2 -> STM32] vx=+0.000 vy=+0.000 wz=+0.000 mag=0.00    [NAV2 -> STM32] vx=+0.000 vy=+0.000 wz=+0.000 mag=0.00    [NAV2 -> STM32] vx=+0.000 vy=+0.000 wz=+0.000 mag=0.00    [NAV2 -> STM32] vx=+0.000 vy=+0.000 wz=+0.000 mag=0.00    [NAV2 -> STM32] vx=+0.000 vy=+0.000 wz=+0.000 mag=0.00    [NAV2 -> STM32] vx=+0.000 vy=+0.000 wz=+0.000 mag=0.00    [NAV2 -> STM32] vx=+0.000 vy=+0.000 wz=+0.000 mag=0.00    [NAV2 -> STM32] vx=+0.000 vy=+0.000 wz=+0.000 mag=0.00    [NAV2 -> STM32] vx=+0.000 vy=+0.000 wz=+0.000 mag=0.00    [NAV2 -> STM32] vx=+0.000 vy=+0.000 wz=+0.000 mag=0.00    [NAV2 -> STM32] vx=+0.000 vy=+0.000 wz=+0.000 mag=0.00    [NAV2 -> STM32] vx=+0.000 vy=+0.000 wz=+0.000 mag=0.00    [NAV2 -> STM32] vx=+0.000 vy=+0.000 wz=+0.000 mag=0.00    [NAV2 -> STM32] vx=+0.000 vy=+0.000 wz=+0.000 mag=0.00    [NAV2 -> STM32] vx=+0.000 vy=+0.000 wz=+0.000 mag=0.00    [NAV2 -> STM32] vx=+0.000 vy=+0.000 wz=+0.000 mag=0.00    [NAV2 -> STM32] vx=+0.000 vy=+0.000 wz=+0.000 mag=0.00    [NAV2 -> STM32] vx=+0.000 vy=+0.000 wz=+0.000 mag=0.00    [ERROR] [fastlio_mapping-1]: process has died [pid 5216, exit code -9, cmd '/home/nyu/nav_ws/install/fast_lio/lib/fast_lio/fastlio_mapping --ros-args --params-file /home/nyu/nav_ws/install/fast_lio/share/fast_lio/config/mid360_single.yaml --params-file /tmp/launch_params_qs8p1dz_'].
[component_container_isolated-1] [INFO] [1774646589.718710797] [local_costmap.local_costmap]: Message Filter dropping message: frame 'base_link' at time 1774646586.842 for reason 'the timestamp on the message is earlier than all the data in the transform cache'
[component_container_isolated-1] [INFO] [1774646589.718745326] [global_costmap.global_costmap]: Message Filter dropping message: frame 'base_link' at time 1774646586.842 for reason 'the timestamp on the message is earlier than all the data in the transform cache'
[NAV2 -> STM32] vx=+0.000 vy=+0.000 wz=+0.000 mag=0.00    [NAV2 -> STM32] vx=+0.000 vy=+0.000 wz=+0.000 mag=0.00    [NAV2 -> STM32] vx=+0.000 vy=+0.000 wz=+0.000 mag=0.00    [NAV2 -> STM32] vx=+0.000 vy=+0.000 wz=+0.000 mag=0.00    [NAV2 -> STM32] vx=+0.000 vy=+0.000 wz=+0.000 mag=0.00    [NAV2 -> STM32] vx=+0.000 vy=+0.000 wz=+0.000 mag=0.00    [NAV2 -> STM32] vx=+0.000 vy=+0.000 wz=+0.000 mag=0.00    [NAV2 -> STM32] vx=+0.000 vy=+0.000 wz=+0.000 mag=0.00    [NAV2 -> STM32] vx=+0.000 vy=+0.000 wz=+0.000 mag=0.00    [NAV2 -> STM32] vx=+0.000 vy=+0.000 wz=+0.000 mag=0.00    [ERROR] Failed to open serial port: [Errno 2] could not open port /tmp/nyush-rm-sentry-radar: [Errno 2] No such file or directory: '/tmp/nyush-rm-sentry-radar'
[NAV2 -> STM32] vx=+0.000 vy=+0.000 wz=+0.000 mag=0.00    [NAV2 -> STM32] vx=+0.000 vy=+0.000 wz=+0.000 mag=0.00    [NAV2 -> STM32] vx=+0.000 vy=+0.000 wz=+0.000 mag=0.00    [NAV2 -> STM32] vx=+0.000 vy=+0.000 wz=+0.000 mag=0.00    [NAV2 -> STM32] vx=+0.000 vy=+0.000 wz=+0.000 mag=0.00    [NAV2 -> STM32] vx=+0.000 vy=+0.000 wz=+0.000 mag=0.00    [NAV2 -> STM32] vx=+0.000 vy=+0.000 wz=+0.000 mag=0.00    [NAV2 -> STM32] vx=+0.000 vy=+0.000 wz=+0.000 mag=0.00    [NAV2 -> STM32] vx=+0.000 vy=+0.000 wz=+0.000 mag=0.00    [NAV2 -> STM32] vx=+0.000 vy=+0.000 wz=+0.000 mag=0.00    [NAV2 -> STM32] vx=+0.000 vy=+0.000 wz=+0.000 mag=0.00    [NAV2 -> STM32] vx=+0.000 vy=+0.000 wz=+0.000 mag=0.00    [NAV2 -> STM32] vx=+0.000 vy=+0.000 wz=+0.000 mag=0.00    [NAV2 -> STM32] vx=+0.000 vy=+0.000 wz=+0.000 mag=0.00    [NAV2 -> STM32] vx=+0.000 vy=+0.000 wz=+0.000 mag=0.00    [NAV2 -> STM32] vx=+0.000 vy=+0.000 wz=+0.000 mag=0.00    [NAV2 -> STM32] vx=+0.000 vy=+0.000 wz=+0.000 mag=0.00    [NAV2 -> STM32] vx=+0.000 vy=+0.000 wz=+0.000 mag=0.00    [NAV2 -> STM32] vx=+0.000 vy=+0.000 wz=+0.000 mag=0.00    [NAV2 -> STM32] vx=+0.000 vy=+0.000 wz=+0.000 mag=0.00    [NAV2 -> STM32] vx=+0.000 vy=+0.000 wz=+0.000 mag=0.00    [NAV2 -> STM32] vx=+0.000 vy=+0.000 wz=+0.000 mag=0.00    [NAV2 -> STM32] vx=+0.000 vy=+0.000 wz=+0.000 mag=0.00    [NAV2 -> STM32] vx=+0.000 vy=+0.000 wz=+0.000 mag=0.00    [NAV2 -> STM32] vx=+0.000 vy=+0.000 wz=+0.000 mag=0.00    [NAV2 -> STM32] vx=+0.000 vy=+0.000 wz=+0.000 mag=0.00    [NAV2 -> STM32] vx=+0.000 vy=+0.000 wz=+0.000 mag=0.00    [NAV2 -> STM32] vx=+0.000 vy=+0.000 wz=+0.000 mag=0.00    [NAV2 -> STM32] vx=+0.000 vy=+0.000 wz=+0.000 mag=0.00    [NAV2 -> STM32] vx=+0.000 vy=+0.000 wz=+0.000 mag=0.00    [NAV2 -> STM32] vx=+0.000 vy=+0.000 wz=+0.000 mag=0.00    [NAV2 -> STM32] vx=+0.000 vy=+0.000 wz=+0.000 mag=0.00    [NAV2 -> STM32] vx=+0.000 vy=+0.000 wz=+0.000 mag=0.00    [NAV2 -> STM32] vx=+0.000 vy=+0.000 wz=+0.000 mag=0.00    [NAV2 -> STM32] vx=+0.000 vy=+0.000 wz=+0.000 mag=0.00    [NAV2 -> STM32] vx=+0.000 vy=+0.000 wz=+0.000 mag=0.00    [NAV2 -> STM32] vx=+0.000 vy=+0.000 wz=+0.000 mag=0.00    [NAV2 -> STM32] vx=+0.000 vy=+0.000 wz=+0.000 mag=0.00    [NAV2 -> STM32] vx=+0.000 vy=+0.000 wz=+0.000 mag=0.00    [NAV2 -> STM32] vx=+0.000 vy=+0.000 wz=+0.000 mag=0.00    [NAV2 -> STM32] vx=+0.000 vy=+0.000 wz=+0.000 mag=0.00    [NAV2 -> STM32] vx=+0.000 vy=+0.000 wz=+0.000 mag=0.00    [NAV2 -> STM32] vx=+0.000 vy=+0.000 wz=+0.000 mag=0.00    [NAV2 -> STM32] vx=+0.000 vy=+0.000 wz=+0.000 mag=0.00    [NAV2 -> STM32] vx=+0.000 vy=+0.000 wz=+0.000 mag=0.00    [NAV2 -> STM32] vx=+0.000 vy=+0.000 wz=+0.000 mag=0.00    [NAV2 -> STM32] vx=+0.000 vy=+0.000 wz=+0.000 mag=0.00    [NAV2 -> STM32] vx=+0.000 vy=+0.000 wz=+0.000 mag=0.00    [NAV2 -> STM32] vx=+0.000 vy=+0.000 wz=+0.000 mag=0.00    [NAV2 -> STM32] vx=+0.000 vy=+0.000 wz=+0.000 mag=0.00    [NAV2 -> STM32] vx=+0.000 vy=+0.000 wz=+0.000 mag=0.00    [NAV2 -> STM32] vx=+0.000 vy=+0.000 wz=+0.000 mag=0.00    [NAV2 -> STM32] vx=+0.000 vy=+0.000 wz=+0.000 mag=0.00    [NAV2 -> STM32] vx=+0.000 vy=+0.000 wz=+0.000 mag=0.00    [NAV2 -> STM32] vx=+0.000 vy=+0.000 wz=+0.000 mag=0.00    [NAV2 -> STM32] vx=+0.000 vy=+0.000 wz=+0.000 mag=0.00    [NAV2 -> STM32] vx=+0.000 vy=+0.000 wz=+0.000 mag=0.00    [NAV2 -> STM32] vx=+0.000 vy=+0.000 wz=+0.000 mag=0.00    [NAV2 -> STM32] vx=+0.000 vy=+0.000 wz=+0.000 mag=0.00    [NAV2 -> STM32] vx=+0.000 vy=+0.000 wz=+0.000 mag=0.00    [ERROR] Failed to open serial port: [Errno 2] could not open port /tmp/nyush-rm-sentry-radar: [Errno 2] No such file or directory: '/tmp/nyush-rm-sentry-radar'
[NAV2 -> STM32] vx=+0.000 vy=+0.000 wz=+0.000 mag=0.00    [NAV2 -> STM32] vx=+0.000 vy=+0.000 wz=+0.000 mag=0.00    [NAV2 -> STM32] vx=+0.000 vy=+0.000 wz=+0.000 mag=0.00    [NAV2 -> STM32] vx=+0.000 vy=+0.000 wz=+0.000 mag=0.00    [NAV2 -> STM32] vx=+0.000 vy=+0.000 wz=+0.000 mag=0.00    [NAV2 -> STM32] vx=+0.000 vy=+0.000 wz=+0.000 mag=0.00    [NAV2 -> STM32] vx=+0.000 vy=+0.000 wz=+0.000 mag=0.00    [NAV2 -> STM32] vx=+0.000 vy=+0.000 wz=+0.000 mag=0.00    [NAV2 -> STM32] vx=+0.000 vy=+0.000 wz=+0.000 mag=0.00    [NAV2 -> STM32] vx=+0.000 vy=+0.000 wz=+0.000 mag=0.00    [NAV2 -> STM32] vx=+0.000 vy=+0.000 wz=+0.000 mag=0.00    [NAV2 -> STM32] vx=+0.000 vy=+0.000 wz=+0.000 mag=0.00    [NAV2 -> STM32] vx=+0.000 vy=+0.000 wz=+0.000 mag=0.00    [NAV2 -> STM32] vx=+0.000 vy=+0.000 wz=+0.000 mag=0.00    [NAV2 -> STM32] vx=+0.000 vy=+0.000 wz=+0.000 mag=0.00    [NAV2 -> STM32] vx=+0.000 vy=+0.000 wz=+0.000 mag=0.00    [NAV2 -> STM32] vx=+0.000 vy=+0.000 wz=+0.000 mag=0.00    [NAV2 -> STM32] vx=+0.000 vy=+0.000 wz=+0.000 mag=0.00    [NAV2 -> STM32] vx=+0.000 vy=+0.000 wz=+0.000 mag=0.00    [NAV2 -> STM32] vx=+0.000 vy=+0.000 wz=+0.000 mag=0.00    [NAV2 -> STM32] vx=+0.000 vy=+0.000 wz=+0.000 mag=0.00    [NAV2 -> STM32] vx=+0.000 vy=+0.000 wz=+0.000 mag=0.00    [NAV2 -> STM32] vx=+0.000 vy=+0.000 wz=+0.000 mag=0.00    [NAV2 -> STM32] vx=+0.000 vy=+0.000 wz=+0.000 mag=0.00    [NAV2 -> STM32] vx=+0.000 vy=+0.000 wz=+0.000 mag=0.00    [NAV2 -> STM32] vx=+0.000 vy=+0.000 wz=+0.000 mag=0.00    [NAV2 -> STM32] vx=+0.000 vy=+0.000 wz=+0.000 mag=0.00    [NAV2 -> STM32] vx=+0.000 vy=+0.000 wz=+0.000 mag=0.00    [NAV2 -> STM32] vx=+0.000 vy=+0.000 wz=+0.000 mag=0.00    [NAV2 -> STM32] vx=+0.000 vy=+0.000 wz=+0.000 mag=0.00    [NAV2 -> STM32] vx=+0.000 vy=+0.000 wz=+0.000 mag=0.00    [NAV2 -> STM32] vx=+0.000 vy=+0.000 wz=+0.000 mag=0.00    [NAV2 -> STM32] vx=+0.000 vy=+0.000 wz=+0.000 mag=0.00    [NAV2 -> STM32] vx=+0.000 vy=+0.000 wz=+0.000 mag=0.00    [NAV2 -> STM32] vx=+0.000 vy=+0.000 wz=+0.000 mag=0.00    [NAV2 -> STM32] vx=+0.000 vy=+0.000 wz=+0.000 mag=0.00    [NAV2 -> STM32] vx=+0.000 vy=+0.000 wz=+0.000 mag=0.00    [NAV2 -> STM32] vx=+0.000 vy=+0.000 wz=+0.000 mag=0.00    [NAV2 -> STM32] vx=+0.000 vy=+0.000 wz=+0.000 mag=0.00    [NAV2 -> STM32] vx=+0.000 vy=+0.000 wz=+0.000 mag=0.00    [NAV2 -> STM32] vx=+0.000 vy=+0.000 wz=+0.000 mag=0.00    [NAV2 -> STM32] vx=+0.000 vy=+0.000 wz=+0.000 mag=0.00    [NAV2 -> STM32] vx=+0.000 vy=+0.000 wz=+0.000 mag=0.00    [NAV2 -> STM32] vx=+0.000 vy=+0.000 wz=+0.000 mag=0.00    [NAV2 -> STM32] vx=+0.000 vy=+0.000 wz=+0.000 mag=0.00    [NAV2 -> STM32] vx=+0.000 vy=+0.000 wz=+0.000 mag=0.00    [NAV2 -> STM32] vx=+0.000 vy=+0.000 wz=+0.000 mag=0.00    [NAV2 -> STM32] vx=+0.000 vy=+0.000 wz=+0.000 mag=0.00    [NAV2 -> STM32] vx=+0.000 vy=+0.000 wz=+0.000 mag=0.00    [NAV2 -> STM32] vx=+0.000 vy=+0.000 wz=+0.000 mag=0.00    [NAV2 -> STM32] vx=+0.000 vy=+0.000 wz=+0.000 mag=0.00    [NAV2 -> STM32] vx=+0.000 vy=+0.000 wz=+0.000 mag=0.00    [NAV2 -> STM32] vx=+0.000 vy=+0.000 wz=+0.000 mag=0.00    [NAV2 -> STM32] vx=+0.000 vy=+0.000 wz=+0.000 mag=0.00    [NAV2 -> STM32] vx=+0.000 vy=+0.000 wz=+0.000 mag=0.00    [NAV2 -> STM32] vx=+0.000 vy=+0.000 wz=+0.000 mag=0.00    [NAV2 -> STM32] vx=+0.000 vy=+0.000 wz=+0.000 mag=0.00    [NAV2 -> STM32] vx=+0.000 vy=+0.000 wz=+0.000 mag=0.00    [NAV2 -> STM32] vx=+0.000 vy=+0.000 wz=+0.000 mag=0.00    [NAV2 -> STM32] vx=+0.000 vy=+0.000 wz=+0.000 mag=0.00    [ERROR] Failed to open serial port: [Errno 2] could not open port /tmp/nyush-rm-sentry-radar: [Errno 2] No such file or directory: '/tmp/nyush-rm-sentry-radar'
[NAV2 -> STM32] vx=+0.000 vy=+0.000 wz=+0.000 mag=0.00    [NAV2 -> STM32] vx=+0.000 vy=+0.000 wz=+0.000 mag=0.00    [NAV2 -> STM32] vx=+0.000 vy=+0.000 wz=+0.000 mag=0.00    [NAV2 -> STM32] vx=+0.000 vy=+0.000 wz=+0.000 mag=0.00    [NAV2 -> STM32] vx=+0.000 vy=+0.000 wz=+0.000 mag=0.00    [NAV2 -> STM32] vx=+0.000 vy=+0.000 wz=+0.000 mag=0.00    [NAV2 -> STM32] vx=+0.000 vy=+0.000 wz=+0.000 mag=0.00    [NAV2 -> STM32] vx=+0.000 vy=+0.000 wz=+0.000 mag=0.00    [NAV2 -> STM32] vx=+0.000 vy=+0.000 wz=+0.000 mag=0.00    [NAV2 -> STM32] vx=+0.000 vy=+0.000 wz=+0.000 mag=0.00    [NAV2 -> STM32] vx=+0.000 vy=+0.000 wz=+0.000 mag=0.00    [NAV2 -> STM32] vx=+0.000 vy=+0.000 wz=+0.000 mag=0.00    [NAV2 -> STM32] vx=+0.000 vy=+0.000 wz=+0.000 mag=0.00    [NAV2 -> STM32] vx=+0.000 vy=+0.000 wz=+0.000 mag=0.00    [NAV2 -> STM32] vx=+0.000 vy=+0.000 wz=+0.000 mag=0.00    [NAV2 -> STM32] vx=+0.000 vy=+0.000 wz=+0.000 mag=0.00    [NAV2 -> STM32] vx=+0.000 vy=+0.000 wz=+0.000 mag=0.00    [NAV2 -> STM32] vx=+0.000 vy=+0.000 wz=+0.000 mag=0.00    [NAV2 -> STM32] vx=+0.000 vy=+0.000 wz=+0.000 mag=0.00    [NAV2 -> STM32] vx=+0.000 vy=+0.000 wz=+0.000 mag=0.00    [NAV2 -> STM32] vx=+0.000 vy=+0.000 wz=+0.000 mag=0.00    [NAV2 -> STM32] vx=+0.000 vy=+0.000 wz=+0.000 mag=0.00    [NAV2 -> STM32] vx=+0.000 vy=+0.000 wz=+0.000 mag=0.00    [NAV2 -> STM32] vx=+0.000 vy=+0.000 wz=+0.000 mag=0.00    [NAV2 -> STM32] vx=+0.000 vy=+0.000 wz=+0.000 mag=0.00    [NAV2 -> STM32] vx=+0.000 vy=+0.000 wz=+0.000 mag=0.00    [NAV2 -> STM32] vx=+0.000 vy=+0.000 wz=+0.000 mag=0.00    [NAV2 -> STM32] vx=+0.000 vy=+0.000 wz=+0.000 mag=0.00    [NAV2 -> STM32] vx=+0.000 vy=+0.000 wz=+0.000 mag=0.00    [NAV2 -> STM32] vx=+0.000 vy=+0.000 wz=+0.000 mag=0.00    [NAV2 -> STM32] vx=+0.000 vy=+0.000 wz=+0.000 mag=0.00    [NAV2 -> STM32] vx=+0.000 vy=+0.000 wz=+0.000 mag=0.00    [NAV2 -> STM32] vx=+0.000 vy=+0.000 wz=+0.000 mag=0.00    [NAV2 -> STM32] vx=+0.000 vy=+0.000 wz=+0.000 mag=0.00    [NAV2 -> STM32] vx=+0.000 vy=+0.000 wz=+0.000 mag=0.00    [NAV2 -> STM32] vx=+0.000 vy=+0.000 wz=+0.000 mag=0.00    [NAV2 -> STM32] vx=+0.000 vy=+0.000 wz=+0.000 mag=0.00    [NAV2 -> STM32] vx=+0.000 vy=+0.000 wz=+0.000 mag=0.00    [NAV2 -> STM32] vx=+0.000 vy=+0.000 wz=+0.000 mag=0.00    [NAV2 -> STM32] vx=+0.000 vy=+0.000 wz=+0.000 mag=0.00    [NAV2 -> STM32] vx=+0.000 vy=+0.000 wz=+0.000 mag=0.00    [NAV2 -> STM32] vx=+0.000 vy=+0.000 wz=+0.000 mag=0.00    [NAV2 -> STM32] vx=+0.000 vy=+0.000 wz=+0.000 mag=0.00    [NAV2 -> STM32] vx=+0.000 vy=+0.000 wz=+0.000 mag=0.00    [NAV2 -> STM32] vx=+0.000 vy=+0.000 wz=+0.000 mag=0.00    [NAV2 -> STM32] vx=+0.000 vy=+0.000 wz=+0.000 mag=0.00    [NAV2 -> STM32] vx=+0.000 vy=+0.000 wz=+0.000 mag=0.00    [NAV2 -> STM32] vx=+0.000 vy=+0.000 wz=+0.000 mag=0.00    [NAV2 -> STM32] vx=+0.000 vy=+0.000 wz=+0.000 mag=0.00    [NAV2 -> STM32] vx=+0.000 vy=+0.000 wz=+0.000 mag=0.00    [NAV2 -> STM32] vx=+0.000 vy=+0.000 wz=+0.000 mag=0.00    [NAV2 -> STM32] vx=+0.000 vy=+0.000 wz=+0.000 mag=0.00    [NAV2 -> STM32] vx=+0.000 vy=+0.000 wz=+0.000 mag=0.00    [NAV2 -> STM32] vx=+0.000 vy=+0.000 wz=+0.000 mag=0.00    [NAV2 -> STM32] vx=+0.000 vy=+0.000 wz=+0.000 mag=0.00    [NAV2 -> STM32] vx=+0.000 vy=+0.000 wz=+0.000 mag=0.00    [NAV2 -> STM32] vx=+0.000 vy=+0.000 wz=+0.000 mag=0.00    [NAV2 -> STM32] vx=+0.000 vy=+0.000 wz=+0.000 mag=0.00    [NAV2 -> STM32] vx=+0.000 vy=+0.000 wz=+0.000 mag=0.00    [NAV2 -> STM32] vx=+0.000 vy=+0.000 wz=+0.000 mag=0.00    [ERROR] Failed to open serial port: [Errno 2] could not open port /tmp/nyush-rm-sentry-radar: [Errno 2] No such file or directory: '/tmp/nyush-rm-sentry-radar'
[NAV2 -> STM32] vx=+0.000 vy=+0.000 wz=+0.000 mag=0.00    [NAV2 -> STM32] vx=+0.000 vy=+0.000 wz=+0.000 mag=0.00    [NAV2 -> STM32] vx=+0.000 vy=+0.000 wz=+0.000 mag=0.00    [NAV2 -> STM32] vx=+0.000 vy=+0.000 wz=+0.000 mag=0.00    [NAV2 -> STM32] vx=+0.000 vy=+0.000 wz=+0.000 mag=0.00    [NAV2 -> STM32] vx=+0.000 vy=+0.000 wz=+0.000 mag=0.00    [NAV2 -> STM32] vx=+0.000 vy=+0.000 wz=+0.000 mag=0.00    [NAV2 -> STM32] vx=+0.000 vy=+0.000 wz=+0.000 mag=0.00    [NAV2 -> STM32] vx=+0.000 vy=+0.000 wz=+0.000 mag=0.00    [NAV2 -> STM32] vx=+0.000 vy=+0.000 wz=+0.000 mag=0.00    [NAV2 -> STM32] vx=+0.000 vy=+0.000 wz=+0.000 mag=0.00    [NAV2 -> STM32] vx=+0.000 vy=+0.000 wz=+0.000 mag=0.00    [NAV2 -> STM32] vx=+0.000 vy=+0.000 wz=+0.000 mag=0.00    [NAV2 -> STM32] vx=+0.000 vy=+0.000 wz=+0.000 mag=0.00    [NAV2 -> STM32] vx=+0.000 vy=+0.000 wz=+0.000 mag=0.00    [NAV2 -> STM32] vx=+0.000 vy=+0.000 wz=+0.000 mag=0.00    [NAV2 -> STM32] vx=+0.000 vy=+0.000 wz=+0.000 mag=0.00    [NAV2 -> STM32] vx=+0.000 vy=+0.000 wz=+0.000 mag=0.00    [NAV2 -> STM32] vx=+0.000 vy=+0.000 wz=+0.000 mag=0.00    [NAV2 -> STM32] vx=+0.000 vy=+0.000 wz=+0.000 mag=0.00    [NAV2 -> STM32] vx=+0.000 vy=+0.000 wz=+0.000 mag=0.00    [NAV2 -> STM32] vx=+0.000 vy=+0.000 wz=+0.000 mag=0.00    [NAV2 -> STM32] vx=+0.000 vy=+0.000 wz=+0.000 mag=0.00    [NAV2 -> STM32] vx=+0.000 vy=+0.000 wz=+0.000 mag=0.00    [NAV2 -> STM32] vx=+0.000 vy=+0.000 wz=+0.000 mag=0.00    [NAV2 -> STM32] vx=+0.000 vy=+0.000 wz=+0.000 mag=0.00    [NAV2 -> STM32] vx=+0.000 vy=+0.000 wz=+0.000 mag=0.00    [NAV2 -> STM32] vx=+0.000 vy=+0.000 wz=+0.000 mag=0.00    [NAV2 -> STM32] vx=+0.000 vy=+0.000 wz=+0.000 mag=0.00    [NAV2 -> STM32] vx=+0.000 vy=+0.000 wz=+0.000 mag=0.00    [NAV2 -> STM32] vx=+0.000 vy=+0.000 wz=+0.000 mag=0.00    [NAV2 -> STM32] vx=+0.000 vy=+0.000 wz=+0.000 mag=0.00    [NAV2 -> STM32] vx=+0.000 vy=+0.000 wz=+0.000 mag=0.00    [NAV2 -> STM32] vx=+0.000 vy=+0.000 wz=+0.000 mag=0.00    [NAV2 -> STM32] vx=+0.000 vy=+0.000 wz=+0.000 mag=0.00    [NAV2 -> STM32] vx=+0.000 vy=+0.000 wz=+0.000 mag=0.00    [NAV2 -> STM32] vx=+0.000 vy=+0.000 wz=+0.000 mag=0.00    [NAV2 -> STM32] vx=+0.000 vy=+0.000 wz=+0.000 mag=0.00    [NAV2 -> STM32] vx=+0.000 vy=+0.000 wz=+0.000 mag=0.00    [NAV2 -> STM32] vx=+0.000 vy=+0.000 wz=+0.000 mag=0.00    [NAV2 -> STM32] vx=+0.000 vy=+0.000 wz=+0.000 mag=0.00    [NAV2 -> STM32] vx=+0.000 vy=+0.000 wz=+0.000 mag=0.00    [NAV2 -> STM32] vx=+0.000 vy=+0.000 wz=+0.000 mag=0.00    [NAV2 -> STM32] vx=+0.000 vy=+0.000 wz=+0.000 mag=0.00    [NAV2 -> STM32] vx=+0.000 vy=+0.000 wz=+0.000 mag=0.00    [NAV2 -> STM32] vx=+0.000 vy=+0.000 wz=+0.000 mag=0.00    [NAV2 -> STM32] vx=+0.000 vy=+0.000 wz=+0.000 mag=0.00    [NAV2 -> STM32] vx=+0.000 vy=+0.000 wz=+0.000 mag=0.00    [NAV2 -> STM32] vx=+0.000 vy=+0.000 wz=+0.000 mag=0.00    [NAV2 -> STM32] vx=+0.000 vy=+0.000 wz=+0.000 mag=0.00    [NAV2 -> STM32] vx=+0.000 vy=+0.000 wz=+0.000 mag=0.00    [NAV2 -> STM32] vx=+0.000 vy=+0.000 wz=+0.000 mag=0.00    [NAV2 -> STM32] vx=+0.000 vy=+0.000 wz=+0.000 mag=0.00    [NAV2 -> STM32] vx=+0.000 vy=+0.000 wz=+0.000 mag=0.00    [NAV2 -> STM32] vx=+0.000 vy=+0.000 wz=+0.000 mag=0.00    [NAV2 -> STM32] vx=+0.000 vy=+0.000 wz=+0.000 mag=0.00    [NAV2 -> STM32] vx=+0.000 vy=+0.000 wz=+0.000 mag=0.00    [NAV2 -> STM32] vx=+0.000 vy=+0.000 wz=+0.000 mag=0.00    [NAV2 -> STM32] vx=+0.000 vy=+0.000 wz=+0.000 mag=0.00    [NAV2 -> STM32] vx=+0.000 vy=+0.000 wz=+0.000 mag=0.00    [ERROR] Failed to open serial port: [Errno 2] could not open port /tmp/nyush-rm-sentry-radar: [Errno 2] No such file or directory: '/tmp/nyush-rm-sentry-radar'
[NAV2 -> STM32] vx=+0.000 vy=+0.000 wz=+0.000 mag=0.00    [NAV2 -> STM32] vx=+0.000 vy=+0.000 wz=+0.000 mag=0.00    [NAV2 -> STM32] vx=+0.000 vy=+0.000 wz=+0.000 mag=0.00    [NAV2 -> STM32] vx=+0.000 vy=+0.000 wz=+0.000 mag=0.00    [NAV2 -> STM32] vx=+0.000 vy=+0.000 wz=+0.000 mag=0.00    [NAV2 -> STM32] vx=+0.000 vy=+0.000 wz=+0.000 mag=0.00    [NAV2 -> STM32] vx=+0.000 vy=+0.000 wz=+0.000 mag=0.00    [NAV2 -> STM32] vx=+0.000 vy=+0.000 wz=+0.000 mag=0.00    [NAV2 -> STM32] vx=+0.000 vy=+0.000 wz=+0.000 mag=0.00    [NAV2 -> STM32] vx=+0.000 vy=+0.000 wz=+0.000 mag=0.00    [NAV2 -> STM32] vx=+0.000 vy=+0.000 wz=+0.000 mag=0.00    [NAV2 -> STM32] vx=+0.000 vy=+0.000 wz=+0.000 mag=0.00    [NAV2 -> STM32] vx=+0.000 vy=+0.000 wz=+0.000 mag=0.00    [NAV2 -> STM32] vx=+0.000 vy=+0.000 wz=+0.000 mag=0.00    [NAV2 -> STM32] vx=+0.000 vy=+0.000 wz=+0.000 mag=0.00    [NAV2 -> STM32] vx=+0.000 vy=+0.000 wz=+0.000 mag=0.00    [NAV2 -> STM32] vx=+0.000 vy=+0.000 wz=+0.000 mag=0.00    [NAV2 -> STM32] vx=+0.000 vy=+0.000 wz=+0.000 mag=0.00    [NAV2 -> STM32] vx=+0.000 vy=+0.000 wz=+0.000 mag=0.00    [NAV2 -> STM32] vx=+0.000 vy=+0.000 wz=+0.000 mag=0.00    [NAV2 -> STM32] vx=+0.000 vy=+0.000 wz=+0.000 mag=0.00    [NAV2 -> STM32] vx=+0.000 vy=+0.000 wz=+0.000 mag=0.00    [NAV2 -> STM32] vx=+0.000 vy=+0.000 wz=+0.000 mag=0.00    [NAV2 -> STM32] vx=+0.000 vy=+0.000 wz=+0.000 mag=0.00    [NAV2 -> STM32] vx=+0.000 vy=+0.000 wz=+0.000 mag=0.00    [NAV2 -> STM32] vx=+0.000 vy=+0.000 wz=+0.000 mag=0.00    [NAV2 -> STM32] vx=+0.000 vy=+0.000 wz=+0.000 mag=0.00    [NAV2 -> STM32] vx=+0.000 vy=+0.000 wz=+0.000 mag=0.00    [NAV2 -> STM32] vx=+0.000 vy=+0.000 wz=+0.000 mag=0.00    [NAV2 -> STM32] vx=+0.000 vy=+0.000 wz=+0.000 mag=0.00    [NAV2 -> STM32] vx=+0.000 vy=+0.000 wz=+0.000 mag=0.00    [NAV2 -> STM32] vx=+0.000 vy=+0.000 wz=+0.000 mag=0.00    [NAV2 -> STM32] vx=+0.000 vy=+0.000 wz=+0.000 mag=0.00    [NAV2 -> STM32] vx=+0.000 vy=+0.000 wz=+0.000 mag=0.00    [NAV2 -> STM32] vx=+0.000 vy=+0.000 wz=+0.000 mag=0.00    [NAV2 -> STM32] vx=+0.000 vy=+0.000 wz=+0.000 mag=0.00    [NAV2 -> STM32] vx=+0.000 vy=+0.000 wz=+0.000 mag=0.00    [NAV2 -> STM32] vx=+0.000 vy=+0.000 wz=+0.000 mag=0.00    [NAV2 -> STM32] vx=+0.000 vy=+0.000 wz=+0.000 mag=0.00    [NAV2 -> STM32] vx=+0.000 vy=+0.000 wz=+0.000 mag=0.00    [NAV2 -> STM32] vx=+0.000 vy=+0.000 wz=+0.000 mag=0.00    [NAV2 -> STM32] vx=+0.000 vy=+0.000 wz=+0.000 mag=0.00    [NAV2 -> STM32] vx=+0.000 vy=+0.000 wz=+0.000 mag=0.00    [NAV2 -> STM32] vx=+0.000 vy=+0.000 wz=+0.000 mag=0.00    [NAV2 -> STM32] vx=+0.000 vy=+0.000 wz=+0.000 mag=0.00    [NAV2 -> STM32] vx=+0.000 vy=+0.000 wz=+0.000 mag=0.00    [NAV2 -> STM32] vx=+0.000 vy=+0.000 wz=+0.000 mag=0.00    [NAV2 -> STM32] vx=+0.000 vy=+0.000 wz=+0.000 mag=0.00    [NAV2 -> STM32] vx=+0.000 vy=+0.000 wz=+0.000 mag=0.00    [NAV2 -> STM32] vx=+0.000 vy=+0.000 wz=+0.000 mag=0.00    [NAV2 -> STM32] vx=+0.000 vy=+0.000 wz=+0.000 mag=0.00    [NAV2 -> STM32] vx=+0.000 vy=+0.000 wz=+0.000 mag=0.00    [NAV2 -> STM32] vx=+0.000 vy=+0.000 wz=+0.000 mag=0.00    [NAV2 -> STM32] vx=+0.000 vy=+0.000 wz=+0.000 mag=0.00    [NAV2 -> STM32] vx=+0.000 vy=+0.000 wz=+0.000 mag=0.00    [NAV2 -> STM32] vx=+0.000 vy=+0.000 wz=+0.000 mag=0.00    [NAV2 -> STM32] vx=+0.000 vy=+0.000 wz=+0.000 mag=0.00    [NAV2 -> STM32] vx=+0.000 vy=+0.000 wz=+0.000 mag=0.00    [NAV2 -> STM32] vx=+0.000 vy=+0.000 wz=+0.000 mag=0.00    [NAV2 -> STM32] vx=+0.000 vy=+0.000 wz=+0.000 mag=0.00    [INFO] Serial port /tmp/nyush-rm-sentry-radar opened at 115200 baud.
[NAV2 -> STM32] vx=+0.000 vy=+0.000 wz=+0.000 mag=0.00    [NAV2 -> STM32] vx=+0.000 vy=+0.000 wz=+0.000 mag=0.00    [NAV2 -> STM32] vx=+0.000 vy=+0.000 wz=+0.000 mag=0.00    [NAV2 -> STM32] vx=+0.000 vy=+0.000 wz=+0.000 mag=0.00    [NAV2 -> STM32] vx=+0.000 vy=+0.000 wz=+0.000 mag=0.00    [NAV2 -> STM32] vx=+0.000 vy=+0.000 wz=+0.000 mag=0.00    [NAV2 -> STM32] vx=+0.000 vy=+0.000 wz=+0.000 mag=0.00    [NAV2 -> STM32] vx=+0.000 vy=+0.000 wz=+0.000 mag=0.00    [NAV2 -> STM32] vx=+0.000 vy=+0.000 wz=+0.000 mag=0.00    [NAV2 -> STM32] vx=+0.000 vy=+0.000 wz=+0.000 mag=0.00    [NAV2 -> STM32] vx=+0.000 vy=+0.000 wz=+0.000 mag=0.00    [NAV2 -> STM32] vx=+0.000 vy=+0.000 wz=+0.000 mag=0.00    [NAV2 -> STM32] vx=+0.000 vy=+0.000 wz=+0.000 mag=0.00    [NAV2 -> STM32] vx=+0.000 vy=+0.000 wz=+0.000 mag=0.00    [NAV2 -> STM32] vx=+0.000 vy=+0.000 wz=+0.000 mag=0.00    [NAV2 -> STM32] vx=+0.000 vy=+0.000 wz=+0.000 mag=0.00    [NAV2 -> STM32] vx=+0.000 vy=+0.000 wz=+0.000 mag=0.00    [NAV2 -> STM32] vx=+0.000 vy=+0.000 wz=+0.000 mag=0.00    [NAV2 -> STM32] vx=+0.000 vy=+0.000 wz=+0.000 mag=0.00    [NAV2 -> STM32] vx=+0.000 vy=+0.000 wz=+0.000 mag=0.00    [NAV2 -> STM32] vx=+0.000 vy=+0.000 wz=+0.000 mag=0.00    [NAV2 -> STM32] vx=+0.000 vy=+0.000 wz=+0.000 mag=0.00    [NAV2 -> STM32] vx=+0.000 vy=+0.000 wz=+0.000 mag=0.00    [NAV2 -> STM32] vx=+0.000 vy=+0.000 wz=+0.000 mag=0.00    [NAV2 -> STM32] vx=+0.000 vy=+0.000 wz=+0.000 mag=0.00    [NAV2 -> STM32] vx=+0.000 vy=+0.000 wz=+0.000 mag=0.00    [NAV2 -> STM32] vx=+0.000 vy=+0.000 wz=+0.000 mag=0.00    [NAV2 -> STM32] vx=+0.000 vy=+0.000 wz=+0.000 mag=0.00    [NAV2 -> STM32] vx=+0.000 vy=+0.000 wz=+0.000 mag=0.00    [NAV2 -> STM32] vx=+0.000 vy=+0.000 wz=+0.000 mag=0.00    [NAV2 -> STM32] vx=+0.000 vy=+0.000 wz=+0.000 mag=0.00    [NAV2 -> STM32] vx=+0.000 vy=+0.000 wz=+0.000 mag=0.00    [NAV2 -> STM32] vx=+0.000 vy=+0.000 wz=+0.000 mag=0.00    [NAV2 -> STM32] vx=+0.000 vy=+0.000 wz=+0.000 mag=0.00    [NAV2 -> STM32] vx=+0.000 vy=+0.000 wz=+0.000 mag=0.00    [NAV2 -> STM32] vx=+0.000 vy=+0.000 wz=+0.000 mag=0.00    [NAV2 -> STM32] vx=+0.000 vy=+0.000 wz=+0.000 mag=0.00    [NAV2 -> STM32] vx=+0.000 vy=+0.000 wz=+0.000 mag=0.00    [NAV2 -> STM32] vx=+0.000 vy=+0.000 wz=+0.000 mag=0.00    [NAV2 -> STM32] vx=+0.000 vy=+0.000 wz=+0.000 mag=0.00    [NAV2 -> STM32] vx=+0.000 vy=+0.000 wz=+0.000 mag=0.00    [NAV2 -> STM32] vx=+0.000 vy=+0.000 wz=+0.000 mag=0.00    [NAV2 -> STM32] vx=+0.000 vy=+0.000 wz=+0.000 mag=0.00    [NAV2 -> STM32] vx=+0.000 vy=+0.000 wz=+0.000 mag=0.00    [NAV2 -> STM32] vx=+0.000 vy=+0.000 wz=+0.000 mag=0.00    [NAV2 -> STM32] vx=+0.000 vy=+0.000 wz=+0.000 mag=0.00    [NAV2 -> STM32] vx=+0.000 vy=+0.000 wz=+0.000 mag=0.00    [NAV2 -> STM32] vx=+0.000 vy=+0.000 wz=+0.000 mag=0.00    [NAV2 -> STM32] vx=+0.000 vy=+0.000 wz=+0.000 mag=0.00    [NAV2 -> STM32] vx=+0.000 vy=+0.000 wz=+0.000 mag=0.00    [NAV2 -> STM32] vx=+0.000 vy=+0.000 wz=+0.000 mag=0.00    [NAV2 -> STM32] vx=+0.000 vy=+0.000 wz=+0.000 mag=0.00    [NAV2 -> STM32] vx=+0.000 vy=+0.000 wz=+0.000 mag=0.00    [NAV2 -> STM32] vx=+0.000 vy=+0.000 wz=+0.000 mag=0.00    [NAV2 -> STM32] vx=+0.000 vy=+0.000 wz=+0.000 mag=0.00    [NAV2 -> STM32] vx=+0.000 vy=+0.000 wz=+0.000 mag=0.00    [NAV2 -> STM32] vx=+0.000 vy=+0.000 wz=+0.000 mag=0.00    [NAV2 -> STM32] vx=+0.000 vy=+0.000 wz=+0.000 mag=0.00    [NAV2 -> STM32] vx=+0.000 vy=+0.000 wz=+0.000 mag=0.00    [NAV2 -> STM32] vx=+0.000 vy=+0.000 wz=+0.000 mag=0.00    [NAV2 -> STM32] vx=+0.000 vy=+0.000 wz=+0.000 mag=0.00    [NAV2 -> STM32] vx=+0.000 vy=+0.000 wz=+0.000 mag=0.00    [NAV2 -> STM32] vx=+0.000 vy=+0.000 wz=+0.000 mag=0.00    [NAV2 -> STM32] vx=+0.000 vy=+0.000 wz=+0.000 mag=0.00    [NAV2 -> STM32] vx=+0.000 vy=+0.000 wz=+0.000 mag=0.00    [NAV2 -> STM32] vx=+0.000 vy=+0.000 wz=+0.000 mag=0.00    [NAV2 -> STM32] vx=+0.000 vy=+0.000 wz=+0.000 mag=0.00    [NAV2 -> STM32] vx=+0.000 vy=+0.000 wz=+0.000 mag=0.00    [NAV2 -> STM32] vx=+0.000 vy=+0.000 wz=+0.000 mag=0.00    [NAV2 -> STM32] vx=+0.000 vy=+0.000 wz=+0.000 mag=0.00    [NAV2 -> STM32] vx=+0.000 vy=+0.000 wz=+0.000 mag=0.00    [NAV2 -> STM32] vx=+0.000 vy=+0.000 wz=+0.000 mag=0.00    [NAV2 -> STM32] vx=+0.000 vy=+0.000 wz=+0.000 mag=0.00    [NAV2 -> STM32] vx=+0.000 vy=+0.000 wz=+0.000 mag=0.00    [NAV2 -> STM32] vx=+0.000 vy=+0.000 wz=+0.000 mag=0.00    [NAV2 -> STM32] vx=+0.000 vy=+0.000 wz=+0.000 mag=0.00    [NAV2 -> STM32] vx=+0.000 vy=+0.000 wz=+0.000 mag=0.00    [NAV2 -> STM32] vx=+0.000 vy=+0.000 wz=+0.000 mag=0.00    [NAV2 -> STM32] vx=+0.000 vy=+0.000 wz=+0.000 mag=0.00    [NAV2 -> STM32] vx=+0.000 vy=+0.000 wz=+0.000 mag=0.00    [NAV2 -> STM32] vx=+0.000 vy=+0.000 wz=+0.000 mag=0.00    [NAV2 -> STM32] vx=+0.000 vy=+0.000 wz=+0.000 mag=0.00    [NAV2 -> STM32] vx=+0.000 vy=+0.000 wz=+0.000 mag=0.00    [NAV2 -> STM32] vx=+0.000 vy=+0.000 wz=+0.000 mag=0.00    [NAV2 -> STM32] vx=+0.000 vy=+0.000 wz=+0.000 mag=0.00    [NAV2 -> STM32] vx=+0.000 vy=+0.000 wz=+0.000 mag=0.00    [NAV2 -> STM32] vx=+0.000 vy=+0.000 wz=+0.000 mag=0.00    [NAV2 -> STM32] vx=+0.000 vy=+0.000 wz=+0.000 mag=0.00    [NAV2 -> STM32] vx=+0.000 vy=+0.000 wz=+0.000 mag=0.00    [NAV2 -> STM32] vx=+0.000 vy=+0.000 wz=+0.000 mag=0.00    [NAV2 -> STM32] vx=+0.000 vy=+0.000 wz=+0.000 mag=0.00    [NAV2 -> STM32] vx=+0.000 vy=+0.000 wz=+0.000 mag=0.00    [NAV2 -> STM32] vx=+0.000 vy=+0.000 wz=+0.000 mag=0.00    [NAV2 -> STM32] vx=+0.000 vy=+0.000 wz=+0.000 mag=0.00    [NAV2 -> STM32] vx=+0.000 vy=+0.000 wz=+0.000 mag=0.00    [NAV2 -> STM32] vx=+0.000 vy=+0.000 wz=+0.000 mag=0.00    [NAV2 -> STM32] vx=+0.000 vy=+0.000 wz=+0.000 mag=0.00    [NAV2 -> STM32] vx=+0.000 vy=+0.000 wz=+0.000 mag=0.00    [NAV2 -> STM32] vx=+0.000 vy=+0.000 wz=+0.000 mag=0.00    [NAV2 -> STM32] vx=+0.000 vy=+0.000 wz=+0.000 mag=0.00    [NAV2 -> STM32] vx=+0.000 vy=+0.000 wz=+0.000 mag=0.00    [NAV2 -> STM32] vx=+0.000 vy=+0.000 wz=+0.000 mag=0.00    [NAV2 -> STM32] vx=+0.000 vy=+0.000 wz=+0.000 mag=0.00    [NAV2 -> STM32] vx=+0.000 vy=+0.000 wz=+0.000 mag=0.00    [NAV2 -> STM32] vx=+0.000 vy=+0.000 wz=+0.000 mag=0.00    [NAV2 -> STM32] vx=+0.000 vy=+0.000 wz=+0.000 mag=0.00    [NAV2 -> STM32] vx=+0.000 vy=+0.000 wz=+0.000 mag=0.00    [NAV2 -> STM32] vx=+0.000 vy=+0.000 wz=+0.000 mag=0.00    [NAV2 -> STM32] vx=+0.000 vy=+0.000 wz=+0.000 mag=0.00    [NAV2 -> STM32] vx=+0.000 vy=+0.000 wz=+0.000 mag=0.00    [NAV2 -> STM32] vx=+0.000 vy=+0.000 wz=+0.000 mag=0.00    [NAV2 -> STM32] vx=+0.000 vy=+0.000 wz=+0.000 mag=0.00    [NAV2 -> STM32] vx=+0.000 vy=+0.000 wz=+0.000 mag=0.00    [NAV2 -> STM32] vx=+0.000 vy=+0.000 wz=+0.000 mag=0.00    [NAV2 -> STM32] vx=+0.000 vy=+0.000 wz=+0.000 mag=0.00    [NAV2 -> STM32] vx=+0.000 vy=+0.000 wz=+0.000 mag=0.00    [NAV2 -> STM32] vx=+0.000 vy=+0.000 wz=+0.000 mag=0.00    [NAV2 -> STM32] vx=+0.000 vy=+0.000 wz=+0.000 mag=0.00    [NAV2 -> STM32] vx=+0.000 vy=+0.000 wz=+0.000 mag=0.00    [NAV2 -> STM32] vx=+0.000 vy=+0.000 wz=+0.000 mag=0.00    [NAV2 -> STM32] vx=+0.000 vy=+0.000 wz=+0.000 mag=0.00    [NAV2 -> STM32] vx=+0.000 vy=+0.000 wz=+0.000 mag=0.00    [NAV2 -> STM32] vx=+0.000 vy=+0.000 wz=+0.000 mag=0.00    [NAV2 -> STM32] vx=+0.000 vy=+0.000 wz=+0.000 mag=0.00    [NAV2 -> STM32] vx=+0.000 vy=+0.000 wz=+0.000 mag=0.00    [NAV2 -> STM32] vx=+0.000 vy=+0.000 wz=+0.000 mag=0.00    [NAV2 -> STM32] vx=+0.000 vy=+0.000 wz=+0.000 mag=0.00    [NAV2 -> STM32] vx=+0.000 vy=+0.000 wz=+0.000 mag=0.00    [NAV2 -> STM32] vx=+0.000 vy=+0.000 wz=+0.000 mag=0.00    [NAV2 -> STM32] vx=+0.000 vy=+0.000 wz=+0.000 mag=0.00    [NAV2 -> STM32] vx=+0.000 vy=+0.000 wz=+0.000 mag=0.00    [NAV2 -> STM32] vx=+0.000 vy=+0.000 wz=+0.000 mag=0.00    [NAV2 -> STM32] vx=+0.000 vy=+0.000 wz=+0.000 mag=0.00    [NAV2 -> STM32] vx=+0.000 vy=+0.000 wz=+0.000 mag=0.00    [NAV2 -> STM32] vx=+0.000 vy=+0.000 wz=+0.000 mag=0.00    [NAV2 -> STM32] vx=+0.000 vy=+0.000 wz=+0.000 mag=0.00    [NAV2 -> STM32] vx=+0.000 vy=+0.000 wz=+0.000 mag=0.00    [NAV2 -> STM32] vx=+0.000 vy=+0.000 wz=+0.000 mag=0.00    [NAV2 -> STM32] vx=+0.000 vy=+0.000 wz=+0.000 mag=0.00    [NAV2 -> STM32] vx=+0.000 vy=+0.000 wz=+0.000 mag=0.00    [NAV2 -> STM32] vx=+0.000 vy=+0.000 wz=+0.000 mag=0.00    [NAV2 -> STM32] vx=+0.000 vy=+0.000 wz=+0.000 mag=0.00    [NAV2 -> STM32] vx=+0.000 vy=+0.000 wz=+0.000 mag=0.00    [NAV2 -> STM32] vx=+0.000 vy=+0.000 wz=+0.000 mag=0.00    [NAV2 -> STM32] vx=+0.000 vy=+0.000 wz=+0.000 mag=0.00    [NAV2 -> STM32] vx=+0.000 vy=+0.000 wz=+0.000 mag=0.00    [NAV2 -> STM32] vx=+0.000 vy=+0.000 wz=+0.000 mag=0.00    [NAV2 -> STM32] vx=+0.000 vy=+0.000 wz=+0.000 mag=0.00    [NAV2 -> STM32] vx=+0.000 vy=+0.000 wz=+0.000 mag=0.00    [NAV2 -> STM32] vx=+0.000 vy=+0.000 wz=+0.000 mag=0.00    [NAV2 -> STM32] vx=+0.000 vy=+0.000 wz=+0.000 mag=0.00    [NAV2 -> STM32] vx=+0.000 vy=+0.000 wz=+0.000 mag=0.00    [NAV2 -> STM32] vx=+0.000 vy=+0.000 wz=+0.000 mag=0.00    [NAV2 -> STM32] vx=+0.000 vy=+0.000 wz=+0.000 mag=0.00    [NAV2 -> STM32] vx=+0.000 vy=+0.000 wz=+0.000 mag=0.00    [NAV2 -> STM32] vx=+0.000 vy=+0.000 wz=+0.000 mag=0.00    [NAV2 -> STM32] vx=+0.000 vy=+0.000 wz=+0.000 mag=0.00    [NAV2 -> STM32] vx=+0.000 vy=+0.000 wz=+0.000 mag=0.00    [NAV2 -> STM32] vx=+0.000 vy=+0.000 wz=+0.000 mag=0.00    [NAV2 -> STM32] vx=+0.000 vy=+0.000 wz=+0.000 mag=0.00    [NAV2 -> STM32] vx=+0.000 vy=+0.000 wz=+0.000 mag=0.00    [NAV2 -> STM32] vx=+0.000 vy=+0.000 wz=+0.000 mag=0.00    [NAV2 -> STM32] vx=+0.000 vy=+0.000 wz=+0.000 mag=0.00    [NAV2 -> STM32] vx=+0.000 vy=+0.000 wz=+0.000 mag=0.00    [NAV2 -> STM32] vx=+0.000 vy=+0.000 wz=+0.000 mag=0.00    [NAV2 -> STM32] vx=+0.000 vy=+0.000 wz=+0.000 mag=0.00    [NAV2 -> STM32] vx=+0.000 vy=+0.000 wz=+0.000 mag=0.00    [NAV2 -> STM32] vx=+0.000 vy=+0.000 wz=+0.000 mag=0.00    [NAV2 -> STM32] vx=+0.000 vy=+0.000 wz=+0.000 mag=0.00    [NAV2 -> STM32] vx=+0.000 vy=+0.000 wz=+0.000 mag=0.00    [NAV2 -> STM32] vx=+0.000 vy=+0.000 wz=+0.000 mag=0.00    [NAV2 -> STM32] vx=+0.000 vy=+0.000 wz=+0.000 mag=0.00    [NAV2 -> STM32] vx=+0.000 vy=+0.000 wz=+0.000 mag=0.00    [NAV2 -> STM32] vx=+0.000 vy=+0.000 wz=+0.000 mag=0.00    [NAV2 -> STM32] vx=+0.000 vy=+0.000 wz=+0.000 mag=0.00    [NAV2 -> STM32] vx=+0.000 vy=+0.000 wz=+0.000 mag=0.00    [NAV2 -> STM32] vx=+0.000 vy=+0.000 wz=+0.000 mag=0.00    [NAV2 -> STM32] vx=+0.000 vy=+0.000 wz=+0.000 mag=0.00    [NAV2 -> STM32] vx=+0.000 vy=+0.000 wz=+0.000 mag=0.00    [NAV2 -> STM32] vx=+0.000 vy=+0.000 wz=+0.000 mag=0.00    [NAV2 -> STM32] vx=+0.000 vy=+0.000 wz=+0.000 mag=0.00    [NAV2 -> STM32] vx=+0.000 vy=+0.000 wz=+0.000 mag=0.00    [NAV2 -> STM32] vx=+0.000 vy=+0.000 wz=+0.000 mag=0.00    [NAV2 -> STM32] vx=+0.000 vy=+0.000 wz=+0.000 mag=0.00    [NAV2 -> STM32] vx=+0.000 vy=+0.000 wz=+0.000 mag=0.00    [NAV2 -> STM32] vx=+0.000 vy=+0.000 wz=+0.000 mag=0.00    [NAV2 -> STM32] vx=+0.000 vy=+0.000 wz=+0.000 mag=0.00    [NAV2 -> STM32] vx=+0.000 vy=+0.000 wz=+0.000 mag=0.00    [NAV2 -> STM32] vx=+0.000 vy=+0.000 wz=+0.000 mag=0.00    [NAV2 -> STM32] vx=+0.000 vy=+0.000 wz=+0.000 mag=0.00    [NAV2 -> STM32] vx=+0.000 vy=+0.000 wz=+0.000 mag=0.00    [NAV2 -> STM32] vx=+0.000 vy=+0.000 wz=+0.000 mag=0.00    [NAV2 -> STM32] vx=+0.000 vy=+0.000 wz=+0.000 mag=0.00    [NAV2 -> STM32] vx=+0.000 vy=+0.000 wz=+0.000 mag=0.00    [NAV2 -> STM32] vx=+0.000 vy=+0.000 wz=+0.000 mag=0.00    [NAV2 -> STM32] vx=+0.000 vy=+0.000 wz=+0.000 mag=0.00    [NAV2 -> STM32] vx=+0.000 vy=+0.000 wz=+0.000 mag=0.00    [NAV2 -> STM32] vx=+0.000 vy=+0.000 wz=+0.000 mag=0.00    [NAV2 -> STM32] vx=+0.000 vy=+0.000 wz=+0.000 mag=0.00    [NAV2 -> STM32] vx=+0.000 vy=+0.000 wz=+0.000 mag=0.00    [NAV2 -> STM32] vx=+0.000 vy=+0.000 wz=+0.000 mag=0.00    [NAV2 -> STM32] vx=+0.000 vy=+0.000 wz=+0.000 mag=0.00    [NAV2 -> STM32] vx=+0.000 vy=+0.000 wz=+0.000 mag=0.00    [NAV2 -> STM32] vx=+0.000 vy=+0.000 wz=+0.000 mag=0.00    [NAV2 -> STM32] vx=+0.000 vy=+0.000 wz=+0.000 mag=0.00    [NAV2 -> STM32] vx=+0.000 vy=+0.000 wz=+0.000 mag=0.00    [NAV2 -> STM32] vx=+0.000 vy=+0.000 wz=+0.000 mag=0.00    [NAV2 -> STM32] vx=+0.000 vy=+0.000 wz=+0.000 mag=0.00    [NAV2 -> STM32] vx=+0.000 vy=+0.000 wz=+0.000 mag=0.00    [NAV2 -> STM32] vx=+0.000 vy=+0.000 wz=+0.000 mag=0.00    [NAV2 -> STM32] vx=+0.000 vy=+0.000 wz=+0.000 mag=0.00    [NAV2 -> STM32] vx=+0.000 vy=+0.000 wz=+0.000 mag=0.00    [NAV2 -> STM32] vx=+0.000 vy=+0.000 wz=+0.000 mag=0.00    [NAV2 -> STM32] vx=+0.000 vy=+0.000 wz=+0.000 mag=0.00    [NAV2 -> STM32] vx=+0.000 vy=+0.000 wz=+0.000 mag=0.00    [NAV2 -> STM32] vx=+0.000 vy=+0.000 wz=+0.000 mag=0.00    [NAV2 -> STM32] vx=+0.000 vy=+0.000 wz=+0.000 mag=0.00    [NAV2 -> STM32] vx=+0.000 vy=+0.000 wz=+0.000 mag=0.00    [NAV2 -> STM32] vx=+0.000 vy=+0.000 wz=+0.000 mag=0.00    [NAV2 -> STM32] vx=+0.000 vy=+0.000 wz=+0.000 mag=0.00    [NAV2 -> STM32] vx=+0.000 vy=+0.000 wz=+0.000 mag=0.00    [NAV2 -> STM32] vx=+0.000 vy=+0.000 wz=+0.000 mag=0.00    [NAV2 -> STM32] vx=+0.000 vy=+0.000 wz=+0.000 mag=0.00    [NAV2 -> STM32] vx=+0.000 vy=+0.000 wz=+0.000 mag=0.00    [NAV2 -> STM32] vx=+0.000 vy=+0.000 wz=+0.000 mag=0.00    [NAV2 -> STM32] vx=+0.000 vy=+0.000 wz=+0.000 mag=0.00    [NAV2 -> STM32] vx=+0.000 vy=+0.000 wz=+0.000 mag=0.00    [NAV2 -> STM32] vx=+0.000 vy=+0.000 wz=+0.000 mag=0.00    [NAV2 -> STM32] vx=+0.000 vy=+0.000 wz=+0.000 mag=0.00    [NAV2 -> STM32] vx=+0.000 vy=+0.000 wz=+0.000 mag=0.00    [NAV2 -> STM32] vx=+0.000 vy=+0.000 wz=+0.000 mag=0.00    [NAV2 -> STM32] vx=+0.000 vy=+0.000 wz=+0.000 mag=0.00    [NAV2 -> STM32] vx=+0.000 vy=+0.000 wz=+0.000 mag=0.00    [NAV2 -> STM32] vx=+0.000 vy=+0.000 wz=+0.000 mag=0.00    [NAV2 -> STM32] vx=+0.000 vy=+0.000 wz=+0.000 mag=0.00    [NAV2 -> STM32] vx=+0.000 vy=+0.000 wz=+0.000 mag=0.00    [NAV2 -> STM32] vx=+0.000 vy=+0.000 wz=+0.000 mag=0.00    [NAV2 -> STM32] vx=+0.000 vy=+0.000 wz=+0.000 mag=0.00    [NAV2 -> STM32] vx=+0.000 vy=+0.000 wz=+0.000 mag=0.00    [NAV2 -> STM32] vx=+0.000 vy=+0.000 wz=+0.000 mag=0.00    [NAV2 -> STM32] vx=+0.000 vy=+0.000 wz=+0.000 mag=0.00    [NAV2 -> STM32] vx=+0.000 vy=+0.000 wz=+0.000 mag=0.00    [NAV2 -> STM32] vx=+0.000 vy=+0.000 wz=+0.000 mag=0.00    [NAV2 -> STM32] vx=+0.000 vy=+0.000 wz=+0.000 mag=0.00    [NAV2 -> STM32] vx=+0.000 vy=+0.000 wz=+0.000 mag=0.00    [NAV2 -> STM32] vx=+0.000 vy=+0.000 wz=+0.000 mag=0.00    [NAV2 -> STM32] vx=+0.000 vy=+0.000 wz=+0.000 mag=0.00    [NAV2 -> STM32] vx=+0.000 vy=+0.000 wz=+0.000 mag=0.00    [NAV2 -> STM32] vx=+0.000 vy=+0.000 wz=+0.000 mag=0.00    [NAV2 -> STM32] vx=+0.000 vy=+0.000 wz=+0.000 mag=0.00    [NAV2 -> STM32] vx=+0.000 vy=+0.000 wz=+0.000 mag=0.00    [NAV2 -> STM32] vx=+0.000 vy=+0.000 wz=+0.000 mag=0.00    [NAV2 -> STM32] vx=+0.000 vy=+0.000 wz=+0.000 mag=0.00    [NAV2 -> STM32] vx=+0.000 vy=+0.000 wz=+0.000 mag=0.00    [NAV2 -> STM32] vx=+0.000 vy=+0.000 wz=+0.000 mag=0.00    [NAV2 -> STM32] vx=+0.000 vy=+0.000 wz=+0.000 mag=0.00    [NAV2 -> STM32] vx=+0.000 vy=+0.000 wz=+0.000 mag=0.00    [NAV2 -> STM32] vx=+0.000 vy=+0.000 wz=+0.000 mag=0.00    [NAV2 -> STM32] vx=+0.000 vy=+0.000 wz=+0.000 mag=0.00    [NAV2 -> STM32] vx=+0.000 vy=+0.000 wz=+0.000 mag=0.00    [NAV2 -> STM32] vx=+0.000 vy=+0.000 wz=+0.000 mag=0.00    [NAV2 -> STM32] vx=+0.000 vy=+0.000 wz=+0.000 mag=0.00    [NAV2 -> STM32] vx=+0.000 vy=+0.000 wz=+0.000 mag=0.00    [NAV2 -> STM32] vx=+0.000 vy=+0.000 wz=+0.000 mag=0.00    [NAV2 -> STM32] vx=+0.000 vy=+0.000 wz=+0.000 mag=0.00    [NAV2 -> STM32] vx=+0.000 vy=+0.000 wz=+0.000 mag=0.00    [NAV2 -> STM32] vx=+0.000 vy=+0.000 wz=+0.000 mag=0.00    [NAV2 -> STM32] vx=+0.000 vy=+0.000 wz=+0.000 mag=0.00    [NAV2 -> STM32] vx=+0.000 vy=+0.000 wz=+0.000 mag=0.00    [NAV2 -> STM32] vx=+0.000 vy=+0.000 wz=+0.000 mag=0.00    [NAV2 -> STM32] vx=+0.000 vy=+0.000 wz=+0.000 mag=0.00    [NAV2 -> STM32] vx=+0.000 vy=+0.000 wz=+0.000 mag=0.00    [NAV2 -> STM32] vx=+0.000 vy=+0.000 wz=+0.000 mag=0.00    [NAV2 -> STM32] vx=+0.000 vy=+0.000 wz=+0.000 mag=0.00    [NAV2 -> STM32] vx=+0.000 vy=+0.000 wz=+0.000 mag=0.00    [NAV2 -> STM32] vx=+0.000 vy=+0.000 wz=+0.000 mag=0.00    [NAV2 -> STM32] vx=+0.000 vy=+0.000 wz=+0.000 mag=0.00    [NAV2 -> STM32] vx=+0.000 vy=+0.000 wz=+0.000 mag=0.00    [NAV2 -> STM32] vx=+0.000 vy=+0.000 wz=+0.000 mag=0.00    [NAV2 -> STM32] vx=+0.000 vy=+0.000 wz=+0.000 mag=0.00    [NAV2 -> STM32] vx=+0.000 vy=+0.000 wz=+0.000 mag=0.00    [NAV2 -> STM32] vx=+0.000 vy=+0.000 wz=+0.000 mag=0.00    [NAV2 -> STM32] vx=+0.000 vy=+0.000 wz=+0.000 mag=0.00    [NAV2 -> STM32] vx=+0.000 vy=+0.000 wz=+0.000 mag=0.00    [NAV2 -> STM32] vx=+0.000 vy=+0.000 wz=+0.000 mag=0.00    [NAV2 -> STM32] vx=+0.000 vy=+0.000 wz=+0.000 mag=0.00    [NAV2 -> STM32] vx=+0.000 vy=+0.000 wz=+0.000 mag=0.00    [NAV2 -> STM32] vx=+0.000 vy=+0.000 wz=+0.000 mag=0.00    [NAV2 -> STM32] vx=+0.000 vy=+0.000 wz=+0.000 mag=0.00    [NAV2 -> STM32] vx=+0.000 vy=+0.000 wz=+0.000 mag=0.00    [NAV2 -> STM32] vx=+0.000 vy=+0.000 wz=+0.000 mag=0.00    [NAV2 -> STM32] vx=+0.000 vy=+0.000 wz=+0.000 mag=0.00    [NAV2 -> STM32] vx=+0.000 vy=+0.000 wz=+0.000 mag=0.00    [NAV2 -> STM32] vx=+0.000 vy=+0.000 wz=+0.000 mag=0.00    [NAV2 -> STM32] vx=+0.000 vy=+0.000 wz=+0.000 mag=0.00    [NAV2 -> STM32] vx=+0.000 vy=+0.000 wz=+0.000 mag=0.00    [NAV2 -> STM32] vx=+0.000 vy=+0.000 wz=+0.000 mag=0.00    [NAV2 -> STM32] vx=+0.000 vy=+0.000 wz=+0.000 mag=0.00    [NAV2 -> STM32] vx=+0.000 vy=+0.000 wz=+0.000 mag=0.00    [NAV2 -> STM32] vx=+0.000 vy=+0.000 wz=+0.000 mag=0.00    [NAV2 -> STM32] vx=+0.000 vy=+0.000 wz=+0.000 mag=0.00    [NAV2 -> STM32] vx=+0.000 vy=+0.000 wz=+0.000 mag=0.00    [NAV2 -> STM32] vx=+0.000 vy=+0.000 wz=+0.000 mag=0.00    [NAV2 -> STM32] vx=+0.000 vy=+0.000 wz=+0.000 mag=0.00    [NAV2 -> STM32] vx=+0.000 vy=+0.000 wz=+0.000 mag=0.00    [NAV2 -> STM32] vx=+0.000 vy=+0.000 wz=+0.000 mag=0.00    [NAV2 -> STM32] vx=+0.000 vy=+0.000 wz=+0.000 mag=0.00    [NAV2 -> STM32] vx=+0.000 vy=+0.000 wz=+0.000 mag=0.00    [NAV2 -> STM32] vx=+0.000 vy=+0.000 wz=+0.000 mag=0.00    [NAV2 -> STM32] vx=+0.000 vy=+0.000 wz=+0.000 mag=0.00    [NAV2 -> STM32] vx=+0.000 vy=+0.000 wz=+0.000 mag=0.00    [NAV2 -> STM32] vx=+0.000 vy=+0.000 wz=+0.000 mag=0.00    [NAV2 -> STM32] vx=+0.000 vy=+0.000 wz=+0.000 mag=0.00    [NAV2 -> STM32] vx=+0.000 vy=+0.000 wz=+0.000 mag=0.00    [NAV2 -> STM32] vx=+0.000 vy=+0.000 wz=+0.000 mag=0.00    [NAV2 -> STM32] vx=+0.000 vy=+0.000 wz=+0.000 mag=0.00    [NAV2 -> STM32] vx=+0.000 vy=+0.000 wz=+0.000 mag=0.00    [NAV2 -> STM32] vx=+0.000 vy=+0.000 wz=+0.000 mag=0.00    [NAV2 -> STM32] vx=+0.000 vy=+0.000 wz=+0.000 mag=0.00    [NAV2 -> STM32] vx=+0.000 vy=+0.000 wz=+0.000 mag=0.00    [NAV2 -> STM32] vx=+0.000 vy=+0.000 wz=+0.000 mag=0.00    [NAV2 -> STM32] vx=+0.000 vy=+0.000 wz=+0.000 mag=0.00    [NAV2 -> STM32] vx=+0.000 vy=+0.000 wz=+0.000 mag=0.00    [NAV2 -> STM32] vx=+0.000 vy=+0.000 wz=+0.000 mag=0.00    [NAV2 -> STM32] vx=+0.000 vy=+0.000 wz=+0.000 mag=0.00    [NAV2 -> STM32] vx=+0.000 vy=+0.000 wz=+0.000 mag=0.00    [NAV2 -> STM32] vx=+0.000 vy=+0.000 wz=+0.000 mag=0.00    [NAV2 -> STM32] vx=+0.000 vy=+0.000 wz=+0.000 mag=0.00    [NAV2 -> STM32] vx=+0.000 vy=+0.000 wz=+0.000 mag=0.00    [NAV2 -> STM32] vx=+0.000 vy=+0.000 wz=+0.000 mag=0.00    [NAV2 -> STM32] vx=+0.000 vy=+0.000 wz=+0.000 mag=0.00    [NAV2 -> STM32] vx=+0.000 vy=+0.000 wz=+0.000 mag=0.00    [NAV2 -> STM32] vx=+0.000 vy=+0.000 wz=+0.000 mag=0.00    [NAV2 -> STM32] vx=+0.000 vy=+0.000 wz=+0.000 mag=0.00    [NAV2 -> STM32] vx=+0.000 vy=+0.000 wz=+0.000 mag=0.00    [NAV2 -> STM32] vx=+0.000 vy=+0.000 wz=+0.000 mag=0.00    [NAV2 -> STM32] vx=+0.000 vy=+0.000 wz=+0.000 mag=0.00    [NAV2 -> STM32] vx=+0.000 vy=+0.000 wz=+0.000 mag=0.00    [NAV2 -> STM32] vx=+0.000 vy=+0.000 wz=+0.000 mag=0.00    [NAV2 -> STM32] vx=+0.000 vy=+0.000 wz=+0.000 mag=0.00    [NAV2 -> STM32] vx=+0.000 vy=+0.000 wz=+0.000 mag=0.00    [NAV2 -> STM32] vx=+0.000 vy=+0.000 wz=+0.000 mag=0.00    [NAV2 -> STM32] vx=+0.000 vy=+0.000 wz=+0.000 mag=0.00    [NAV2 -> STM32] vx=+0.000 vy=+0.000 wz=+0.000 mag=0.00    [NAV2 -> STM32] vx=+0.000 vy=+0.000 wz=+0.000 mag=0.00    [NAV2 -> STM32] vx=+0.000 vy=+0.000 wz=+0.000 mag=0.00    [NAV2 -> STM32] vx=+0.000 vy=+0.000 wz=+0.000 mag=0.00    [NAV2 -> STM32] vx=+0.000 vy=+0.000 wz=+0.000 mag=0.00    [NAV2 -> STM32] vx=+0.000 vy=+0.000 wz=+0.000 mag=0.00    [NAV2 -> STM32] vx=+0.000 vy=+0.000 wz=+0.000 mag=0.00    [NAV2 -> STM32] vx=+0.000 vy=+0.000 wz=+0.000 mag=0.00    [NAV2 -> STM32] vx=+0.000 vy=+0.000 wz=+0.000 mag=0.00    [NAV2 -> STM32] vx=+0.000 vy=+0.000 wz=+0.000 mag=0.00    [NAV2 -> STM32] vx=+0.000 vy=+0.000 wz=+0.000 mag=0.00    [NAV2 -> STM32] vx=+0.000 vy=+0.000 wz=+0.000 mag=0.00    [NAV2 -> STM32] vx=+0.000 vy=+0.000 wz=+0.000 mag=0.00    [NAV2 -> STM32] vx=+0.000 vy=+0.000 wz=+0.000 mag=0.00    [NAV2 -> STM32] vx=+0.000 vy=+0.000 wz=+0.000 mag=0.00    [NAV2 -> STM32] vx=+0.000 vy=+0.000 wz=+0.000 mag=0.00    [NAV2 -> STM32] vx=+0.000 vy=+0.000 wz=+0.000 mag=0.00    [NAV2 -> STM32] vx=+0.000 vy=+0.000 wz=+0.000 mag=0.00    [NAV2 -> STM32] vx=+0.000 vy=+0.000 wz=+0.000 mag=0.00    [NAV2 -> STM32] vx=+0.000 vy=+0.000 wz=+0.000 mag=0.00    [NAV2 -> STM32] vx=+0.000 vy=+0.000 wz=+0.000 mag=0.00    [NAV2 -> STM32] vx=+0.000 vy=+0.000 wz=+0.000 mag=0.00    [NAV2 -> STM32] vx=+0.000 vy=+0.000 wz=+0.000 mag=0.00    [NAV2 -> STM32] vx=+0.000 vy=+0.000 wz=+0.000 mag=0.00    [NAV2 -> STM32] vx=+0.000 vy=+0.000 wz=+0.000 mag=0.00    [NAV2 -> STM32] vx=+0.000 vy=+0.000 wz=+0.000 mag=0.00    [NAV2 -> STM32] vx=+0.000 vy=+0.000 wz=+0.000 mag=0.00    [NAV2 -> STM32] vx=+0.000 vy=+0.000 wz=+0.000 mag=0.00    [NAV2 -> STM32] vx=+0.000 vy=+0.000 wz=+0.000 mag=0.00    [NAV2 -> STM32] vx=+0.000 vy=+0.000 wz=+0.000 mag=0.00    [NAV2 -> STM32] vx=+0.000 vy=+0.000 wz=+0.000 mag=0.00    [NAV2 -> STM32] vx=+0.000 vy=+0.000 wz=+0.000 mag=0.00    [NAV2 -> STM32] vx=+0.000 vy=+0.000 wz=+0.000 mag=0.00    [NAV2 -> STM32] vx=+0.000 vy=+0.000 wz=+0.000 mag=0.00    [NAV2 -> STM32] vx=+0.000 vy=+0.000 wz=+0.000 mag=0.00    [NAV2 -> STM32] vx=+0.000 vy=+0.000 wz=+0.000 mag=0.00    [NAV2 -> STM32] vx=+0.000 vy=+0.000 wz=+0.000 mag=0.00    [NAV2 -> STM32] vx=+0.000 vy=+0.000 wz=+0.000 mag=0.00    [NAV2 -> STM32] vx=+0.000 vy=+0.000 wz=+0.000 mag=0.00    [NAV2 -> STM32] vx=+0.000 vy=+0.000 wz=+0.000 mag=0.00    [NAV2 -> STM32] vx=+0.000 vy=+0.000 wz=+0.000 mag=0.00    [NAV2 -> STM32] vx=+0.000 vy=+0.000 wz=+0.000 mag=0.00    [NAV2 -> STM32] vx=+0.000 vy=+0.000 wz=+0.000 mag=0.00    [NAV2 -> STM32] vx=+0.000 vy=+0.000 wz=+0.000 mag=0.00    [NAV2 -> STM32] vx=+0.000 vy=+0.000 wz=+0.000 mag=0.00    [NAV2 -> STM32] vx=+0.000 vy=+0.000 wz=+0.000 mag=0.00    [NAV2 -> STM32] vx=+0.000 vy=+0.000 wz=+0.000 mag=0.00    [NAV2 -> STM32] vx=+0.000 vy=+0.000 wz=+0.000 mag=0.00    [NAV2 -> STM32] vx=+0.000 vy=+0.000 wz=+0.000 mag=0.00    [NAV2 -> STM32] vx=+0.000 vy=+0.000 wz=+0.000 mag=0.00    [NAV2 -> STM32] vx=+0.000 vy=+0.000 wz=+0.000 mag=0.00    [NAV2 -> STM32] vx=+0.000 vy=+0.000 wz=+0.000 mag=0.00    [NAV2 -> STM32] vx=+0.000 vy=+0.000 wz=+0.000 mag=0.00    [NAV2 -> STM32] vx=+0.000 vy=+0.000 wz=+0.000 mag=0.00    [NAV2 -> STM32] vx=+0.000 vy=+0.000 wz=+0.000 mag=0.00    [NAV2 -> STM32] vx=+0.000 vy=+0.000 wz=+0.000 mag=0.00    [NAV2 -> STM32] vx=+0.000 vy=+0.000 wz=+0.000 mag=0.00    [NAV2 -> STM32] vx=+0.000 vy=+0.000 wz=+0.000 mag=0.00    [NAV2 -> STM32] vx=+0.000 vy=+0.000 wz=+0.000 mag=0.00    [NAV2 -> STM32] vx=+0.000 vy=+0.000 wz=+0.000 mag=0.00    [NAV2 -> STM32] vx=+0.000 vy=+0.000 wz=+0.000 mag=0.00    [NAV2 -> STM32] vx=+0.000 vy=+0.000 wz=+0.000 mag=0.00    [NAV2 -> STM32] vx=+0.000 vy=+0.000 wz=+0.000 mag=0.00    [NAV2 -> STM32] vx=+0.000 vy=+0.000 wz=+0.000 mag=0.00    [NAV2 -> STM32] vx=+0.000 vy=+0.000 wz=+0.000 mag=0.00    [NAV2 -> STM32] vx=+0.000 vy=+0.000 wz=+0.000 mag=0.00    [NAV2 -> STM32] vx=+0.000 vy=+0.000 wz=+0.000 mag=0.00    [NAV2 -> STM32] vx=+0.000 vy=+0.000 wz=+0.000 mag=0.00    [NAV2 -> STM32] vx=+0.000 vy=+0.000 wz=+0.000 mag=0.00    [NAV2 -> STM32] vx=+0.000 vy=+0.000 wz=+0.000 mag=0.00    [NAV2 -> STM32] vx=+0.000 vy=+0.000 wz=+0.000 mag=0.00    [NAV2 -> STM32] vx=+0.000 vy=+0.000 wz=+0.000 mag=0.00    [NAV2 -> STM32] vx=+0.000 vy=+0.000 wz=+0.000 mag=0.00    [NAV2 -> STM32] vx=+0.000 vy=+0.000 wz=+0.000 mag=0.00    [NAV2 -> STM32] vx=+0.000 vy=+0.000 wz=+0.000 mag=0.00    [NAV2 -> STM32] vx=+0.000 vy=+0.000 wz=+0.000 mag=0.00    [NAV2 -> STM32] vx=+0.000 vy=+0.000 wz=+0.000 mag=0.00    [NAV2 -> STM32] vx=+0.000 vy=+0.000 wz=+0.000 mag=0.00    [NAV2 -> STM32] vx=+0.000 vy=+0.000 wz=+0.000 mag=0.00    [NAV2 -> STM32] vx=+0.000 vy=+0.000 wz=+0.000 mag=0.00    [NAV2 -> STM32] vx=+0.000 vy=+0.000 wz=+0.000 mag=0.00    [NAV2 -> STM32] vx=+0.000 vy=+0.000 wz=+0.000 mag=0.00    [NAV2 -> STM32] vx=+0.000 vy=+0.000 wz=+0.000 mag=0.00    [NAV2 -> STM32] vx=+0.000 vy=+0.000 wz=+0.000 mag=0.00    [NAV2 -> STM32] vx=+0.000 vy=+0.000 wz=+0.000 mag=0.00    [NAV2 -> STM32] vx=+0.000 vy=+0.000 wz=+0.000 mag=0.00    [NAV2 -> STM32] vx=+0.000 vy=+0.000 wz=+0.000 mag=0.00    [NAV2 -> STM32] vx=+0.000 vy=+0.000 wz=+0.000 mag=0.00    [NAV2 -> STM32] vx=+0.000 vy=+0.000 wz=+0.000 mag=0.00    [NAV2 -> STM32] vx=+0.000 vy=+0.000 wz=+0.000 mag=0.00    [NAV2 -> STM32] vx=+0.000 vy=+0.000 wz=+0.000 mag=0.00    [NAV2 -> STM32] vx=+0.000 vy=+0.000 wz=+0.000 mag=0.00    [NAV2 -> STM32] vx=+0.000 vy=+0.000 wz=+0.000 mag=0.00    [NAV2 -> STM32] vx=+0.000 vy=+0.000 wz=+0.000 mag=0.00    [NAV2 -> STM32] vx=+0.000 vy=+0.000 wz=+0.000 mag=0.00    [NAV2 -> STM32] vx=+0.000 vy=+0.000 wz=+0.000 mag=0.00    [NAV2 -> STM32] vx=+0.000 vy=+0.000 wz=+0.000 mag=0.00    [NAV2 -> STM32] vx=+0.000 vy=+0.000 wz=+0.000 mag=0.00    [NAV2 -> STM32] vx=+0.000 vy=+0.000 wz=+0.000 mag=0.00    [NAV2 -> STM32] vx=+0.000 vy=+0.000 wz=+0.000 mag=0.00    [NAV2 -> STM32] vx=+0.000 vy=+0.000 wz=+0.000 mag=0.00    [NAV2 -> STM32] vx=+0.000 vy=+0.000 wz=+0.000 mag=0.00    [NAV2 -> STM32] vx=+0.000 vy=+0.000 wz=+0.000 mag=0.00    [NAV2 -> STM32] vx=+0.000 vy=+0.000 wz=+0.000 mag=0.00    [NAV2 -> STM32] vx=+0.000 vy=+0.000 wz=+0.000 mag=0.00    [NAV2 -> STM32] vx=+0.000 vy=+0.000 wz=+0.000 mag=0.00    [NAV2 -> STM32] vx=+0.000 vy=+0.000 wz=+0.000 mag=0.00    [NAV2 -> STM32] vx=+0.000 vy=+0.000 wz=+0.000 mag=0.00    [NAV2 -> STM32] vx=+0.000 vy=+0.000 wz=+0.000 mag=0.00    [NAV2 -> STM32] vx=+0.000 vy=+0.000 wz=+0.000 mag=0.00    [NAV2 -> STM32] vx=+0.000 vy=+0.000 wz=+0.000 mag=0.00    [NAV2 -> STM32] vx=+0.000 vy=+0.000 wz=+0.000 mag=0.00    [NAV2 -> STM32] vx=+0.000 vy=+0.000 wz=+0.000 mag=0.00    [NAV2 -> STM32] vx=+0.000 vy=+0.000 wz=+0.000 mag=0.00    [NAV2 -> STM32] vx=+0.000 vy=+0.000 wz=+0.000 mag=0.00    [NAV2 -> STM32] vx=+0.000 vy=+0.000 wz=+0.000 mag=0.00    [NAV2 -> STM32] vx=+0.000 vy=+0.000 wz=+0.000 mag=0.00    [NAV2 -> STM32] vx=+0.000 vy=+0.000 wz=+0.000 mag=0.00    [NAV2 -> STM32] vx=+0.000 vy=+0.000 wz=+0.000 mag=0.00    [NAV2 -> STM32] vx=+0.000 vy=+0.000 wz=+0.000 mag=0.00    [NAV2 -> STM32] vx=+0.000 vy=+0.000 wz=+0.000 mag=0.00    [NAV2 -> STM32] vx=+0.000 vy=+0.000 wz=+0.000 mag=0.00    [NAV2 -> STM32] vx=+0.000 vy=+0.000 wz=+0.000 mag=0.00    [NAV2 -> STM32] vx=+0.000 vy=+0.000 wz=+0.000 mag=0.00    [NAV2 -> STM32] vx=+0.000 vy=+0.000 wz=+0.000 mag=0.00    [NAV2 -> STM32] vx=+0.000 vy=+0.000 wz=+0.000 mag=0.00    [NAV2 -> STM32] vx=+0.000 vy=+0.000 wz=+0.000 mag=0.00    [NAV2 -> STM32] vx=+0.000 vy=+0.000 wz=+0.000 mag=0.00    [NAV2 -> STM32] vx=+0.000 vy=+0.000 wz=+0.000 mag=0.00    [NAV2 -> STM32] vx=+0.000 vy=+0.000 wz=+0.000 mag=0.00    [NAV2 -> STM32] vx=+0.000 vy=+0.000 wz=+0.000 mag=0.00    [NAV2 -> STM32] vx=+0.000 vy=+0.000 wz=+0.000 mag=0.00    [NAV2 -> STM32] vx=+0.000 vy=+0.000 wz=+0.000 mag=0.00    [NAV2 -> STM32] vx=+0.000 vy=+0.000 wz=+0.000 mag=0.00    [NAV2 -> STM32] vx=+0.000 vy=+0.000 wz=+0.000 mag=0.00    [NAV2 -> STM32] vx=+0.000 vy=+0.000 wz=+0.000 mag=0.00    [NAV2 -> STM32] vx=+0.000 vy=+0.000 wz=+0.000 mag=0.00    [NAV2 -> STM32] vx=+0.000 vy=+0.000 wz=+0.000 mag=0.00    [NAV2 -> STM32] vx=+0.000 vy=+0.000 wz=+0.000 mag=0.00    [NAV2 -> STM32] vx=+0.000 vy=+0.000 wz=+0.000 mag=0.00    [NAV2 -> STM32] vx=+0.000 vy=+0.000 wz=+0.000 mag=0.00    [NAV2 -> STM32] vx=+0.000 vy=+0.000 wz=+0.000 mag=0.00    [NAV2 -> STM32] vx=+0.000 vy=+0.000 wz=+0.000 mag=0.00    [NAV2 -> STM32] vx=+0.000 vy=+0.000 wz=+0.000 mag=0.00    [NAV2 -> STM32] vx=+0.000 vy=+0.000 wz=+0.000 mag=0.00    [NAV2 -> STM32] vx=+0.000 vy=+0.000 wz=+0.000 mag=0.00    [NAV2 -> STM32] vx=+0.000 vy=+0.000 wz=+0.000 mag=0.00    [NAV2 -> STM32] vx=+0.000 vy=+0.000 wz=+0.000 mag=0.00    [NAV2 -> STM32] vx=+0.000 vy=+0.000 wz=+0.000 mag=0.00    [NAV2 -> STM32] vx=+0.000 vy=+0.000 wz=+0.000 mag=0.00    [NAV2 -> STM32] vx=+0.000 vy=+0.000 wz=+0.000 mag=0.00    [NAV2 -> STM32] vx=+0.000 vy=+0.000 wz=+0.000 mag=0.00    [NAV2 -> STM32] vx=+0.000 vy=+0.000 wz=+0.000 mag=0.00    [NAV2 -> STM32] vx=+0.000 vy=+0.000 wz=+0.000 mag=0.00    [NAV2 -> STM32] vx=+0.000 vy=+0.000 wz=+0.000 mag=0.00    [NAV2 -> STM32] vx=+0.000 vy=+0.000 wz=+0.000 mag=0.00    [NAV2 -> STM32] vx=+0.000 vy=+0.000 wz=+0.000 mag=0.00    [NAV2 -> STM32] vx=+0.000 vy=+0.000 wz=+0.000 mag=0.00    [NAV2 -> STM32] vx=+0.000 vy=+0.000 wz=+0.000 mag=0.00    [NAV2 -> STM32] vx=+0.000 vy=+0.000 wz=+0.000 mag=0.00    [NAV2 -> STM32] vx=+0.000 vy=+0.000 wz=+0.000 mag=0.00    [NAV2 -> STM32] vx=+0.000 vy=+0.000 wz=+0.000 mag=0.00    [NAV2 -> STM32] vx=+0.000 vy=+0.000 wz=+0.000 mag=0.00    [NAV2 -> STM32] vx=+0.000 vy=+0.000 wz=+0.000 mag=0.00    [NAV2 -> STM32] vx=+0.000 vy=+0.000 wz=+0.000 mag=0.00    [NAV2 -> STM32] vx=+0.000 vy=+0.000 wz=+0.000 mag=0.00    [NAV2 -> STM32] vx=+0.000 vy=+0.000 wz=+0.000 mag=0.00    [NAV2 -> STM32] vx=+0.000 vy=+0.000 wz=+0.000 mag=0.00    [NAV2 -> STM32] vx=+0.000 vy=+0.000 wz=+0.000 mag=0.00    [NAV2 -> STM32] vx=+0.000 vy=+0.000 wz=+0.000 mag=0.00    [NAV2 -> STM32] vx=+0.000 vy=+0.000 wz=+0.000 mag=0.00    [NAV2 -> STM32] vx=+0.000 vy=+0.000 wz=+0.000 mag=0.00    [NAV2 -> STM32] vx=+0.000 vy=+0.000 wz=+0.000 mag=0.00    [NAV2 -> STM32] vx=+0.000 vy=+0.000 wz=+0.000 mag=0.00    [NAV2 -> STM32] vx=+0.000 vy=+0.000 wz=+0.000 mag=0.00    [NAV2 -> STM32] vx=+0.000 vy=+0.000 wz=+0.000 mag=0.00    [NAV2 -> STM32] vx=+0.000 vy=+0.000 wz=+0.000 mag=0.00    [NAV2 -> STM32] vx=+0.000 vy=+0.000 wz=+0.000 mag=0.00    [NAV2 -> STM32] vx=+0.000 vy=+0.000 wz=+0.000 mag=0.00    [NAV2 -> STM32] vx=+0.000 vy=+0.000 wz=+0.000 mag=0.00    [NAV2 -> STM32] vx=+0.000 vy=+0.000 wz=+0.000 mag=0.00    [NAV2 -> STM32] vx=+0.000 vy=+0.000 wz=+0.000 mag=0.00    [NAV2 -> STM32] vx=+0.000 vy=+0.000 wz=+0.000 mag=0.00    [NAV2 -> STM32] vx=+0.000 vy=+0.000 wz=+0.000 mag=0.00    [NAV2 -> STM32] vx=+0.000 vy=+0.000 wz=+0.000 mag=0.00    [NAV2 -> STM32] vx=+0.000 vy=+0.000 wz=+0.000 mag=0.00    [NAV2 -> STM32] vx=+0.000 vy=+0.000 wz=+0.000 mag=0.00    [NAV2 -> STM32] vx=+0.000 vy=+0.000 wz=+0.000 mag=0.00    [NAV2 -> STM32] vx=+0.000 vy=+0.000 wz=+0.000 mag=0.00    [NAV2 -> STM32] vx=+0.000 vy=+0.000 wz=+0.000 mag=0.00    [NAV2 -> STM32] vx=+0.000 vy=+0.000 wz=+0.000 mag=0.00    [NAV2 -> STM32] vx=+0.000 vy=+0.000 wz=+0.000 mag=0.00    [NAV2 -> STM32] vx=+0.000 vy=+0.000 wz=+0.000 mag=0.00    [NAV2 -> STM32] vx=+0.000 vy=+0.000 wz=+0.000 mag=0.00    [NAV2 -> STM32] vx=+0.000 vy=+0.000 wz=+0.000 mag=0.00    [NAV2 -> STM32] vx=+0.000 vy=+0.000 wz=+0.000 mag=0.00    [NAV2 -> STM32] vx=+0.000 vy=+0.000 wz=+0.000 mag=0.00    [NAV2 -> STM32] vx=+0.000 vy=+0.000 wz=+0.000 mag=0.00    [NAV2 -> STM32] vx=+0.000 vy=+0.000 wz=+0.000 mag=0.00    [NAV2 -> STM32] vx=+0.000 vy=+0.000 wz=+0.000 mag=0.00    [NAV2 -> STM32] vx=+0.000 vy=+0.000 wz=+0.000 mag=0.00    [NAV2 -> STM32] vx=+0.000 vy=+0.000 wz=+0.000 mag=0.00    [NAV2 -> STM32] vx=+0.000 vy=+0.000 wz=+0.000 mag=0.00    [NAV2 -> STM32] vx=+0.000 vy=+0.000 wz=+0.000 mag=0.00    [NAV2 -> STM32] vx=+0.000 vy=+0.000 wz=+0.000 mag=0.00    [NAV2 -> STM32] vx=+0.000 vy=+0.000 wz=+0.000 mag=0.00    [NAV2 -> STM32] vx=+0.000 vy=+0.000 wz=+0.000 mag=0.00    [NAV2 -> STM32] vx=+0.000 vy=+0.000 wz=+0.000 mag=0.00    [NAV2 -> STM32] vx=+0.000 vy=+0.000 wz=+0.000 mag=0.00    [NAV2 -> STM32] vx=+0.000 vy=+0.000 wz=+0.000 mag=0.00    [NAV2 -> STM32] vx=+0.000 vy=+0.000 wz=+0.000 mag=0.00    [NAV2 -> STM32] vx=+0.000 vy=+0.000 wz=+0.000 mag=0.00    [NAV2 -> STM32] vx=+0.000 vy=+0.000 wz=+0.000 mag=0.00    [NAV2 -> STM32] vx=+0.000 vy=+0.000 wz=+0.000 mag=0.00    [NAV2 -> STM32] vx=+0.000 vy=+0.000 wz=+0.000 mag=0.00    [NAV2 -> STM32] vx=+0.000 vy=+0.000 wz=+0.000 mag=0.00    [NAV2 -> STM32] vx=+0.000 vy=+0.000 wz=+0.000 mag=0.00    [NAV2 -> STM32] vx=+0.000 vy=+0.000 wz=+0.000 mag=0.00    [NAV2 -> STM32] vx=+0.000 vy=+0.000 wz=+0.000 mag=0.00    [NAV2 -> STM32] vx=+0.000 vy=+0.000 wz=+0.000 mag=0.00    [NAV2 -> STM32] vx=+0.000 vy=+0.000 wz=+0.000 mag=0.00    [NAV2 -> STM32] vx=+0.000 vy=+0.000 wz=+0.000 mag=0.00    [NAV2 -> STM32] vx=+0.000 vy=+0.000 wz=+0.000 mag=0.00    [NAV2 -> STM32] vx=+0.000 vy=+0.000 wz=+0.000 mag=0.00    [NAV2 -> STM32] vx=+0.000 vy=+0.000 wz=+0.000 mag=0.00    [NAV2 -> STM32] vx=+0.000 vy=+0.000 wz=+0.000 mag=0.00    [NAV2 -> STM32] vx=+0.000 vy=+0.000 wz=+0.000 mag=0.00    [NAV2 -> STM32] vx=+0.000 vy=+0.000 wz=+0.000 mag=0.00    [NAV2 -> STM32] vx=+0.000 vy=+0.000 wz=+0.000 mag=0.00    [NAV2 -> STM32] vx=+0.000 vy=+0.000 wz=+0.000 mag=0.00    [NAV2 -> STM32] vx=+0.000 vy=+0.000 wz=+0.000 mag=0.00    [NAV2 -> STM32] vx=+0.000 vy=+0.000 wz=+0.000 mag=0.00    [NAV2 -> STM32] vx=+0.000 vy=+0.000 wz=+0.000 mag=0.00    [NAV2 -> STM32] vx=+0.000 vy=+0.000 wz=+0.000 mag=0.00    [NAV2 -> STM32] vx=+0.000 vy=+0.000 wz=+0.000 mag=0.00    [NAV2 -> STM32] vx=+0.000 vy=+0.000 wz=+0.000 mag=0.00    [NAV2 -> STM32] vx=+0.000 vy=+0.000 wz=+0.000 mag=0.00    [NAV2 -> STM32] vx=+0.000 vy=+0.000 wz=+0.000 mag=0.00    [NAV2 -> STM32] vx=+0.000 vy=+0.000 wz=+0.000 mag=0.00    [NAV2 -> STM32] vx=+0.000 vy=+0.000 wz=+0.000 mag=0.00    [NAV2 -> STM32] vx=+0.000 vy=+0.000 wz=+0.000 mag=0.00    [NAV2 -> STM32] vx=+0.000 vy=+0.000 wz=+0.000 mag=0.00    [NAV2 -> STM32] vx=+0.000 vy=+0.000 wz=+0.000 mag=0.00    [NAV2 -> STM32] vx=+0.000 vy=+0.000 wz=+0.000 mag=0.00    [NAV2 -> STM32] vx=+0.000 vy=+0.000 wz=+0.000 mag=0.00    [NAV2 -> STM32] vx=+0.000 vy=+0.000 wz=+0.000 mag=0.00    [NAV2 -> STM32] vx=+0.000 vy=+0.000 wz=+0.000 mag=0.00    [NAV2 -> STM32] vx=+0.000 vy=+0.000 wz=+0.000 mag=0.00    [NAV2 -> STM32] vx=+0.000 vy=+0.000 wz=+0.000 mag=0.00    [NAV2 -> STM32] vx=+0.000 vy=+0.000 wz=+0.000 mag=0.00    [NAV2 -> STM32] vx=+0.000 vy=+0.000 wz=+0.000 mag=0.00    [NAV2 -> STM32] vx=+0.000 vy=+0.000 wz=+0.000 mag=0.00    [NAV2 -> STM32] vx=+0.000 vy=+0.000 wz=+0.000 mag=0.00    [NAV2 -> STM32] vx=+0.000 vy=+0.000 wz=+0.000 mag=0.00    [NAV2 -> STM32] vx=+0.000 vy=+0.000 wz=+0.000 mag=0.00    [NAV2 -> STM32] vx=+0.000 vy=+0.000 wz=+0.000 mag=0.00    [NAV2 -> STM32] vx=+0.000 vy=+0.000 wz=+0.000 mag=0.00    [NAV2 -> STM32] vx=+0.000 vy=+0.000 wz=+0.000 mag=0.00    [NAV2 -> STM32] vx=+0.000 vy=+0.000 wz=+0.000 mag=0.00    [NAV2 -> STM32] vx=+0.000 vy=+0.000 wz=+0.000 mag=0.00    [NAV2 -> STM32] vx=+0.000 vy=+0.000 wz=+0.000 mag=0.00    [NAV2 -> STM32] vx=+0.000 vy=+0.000 wz=+0.000 mag=0.00    [NAV2 -> STM32] vx=+0.000 vy=+0.000 wz=+0.000 mag=0.00    [NAV2 -> STM32] vx=+0.000 vy=+0.000 wz=+0.000 mag=0.00    [NAV2 -> STM32] vx=+0.000 vy=+0.000 wz=+0.000 mag=0.00    [NAV2 -> STM32] vx=+0.000 vy=+0.000 wz=+0.000 mag=0.00    [NAV2 -> STM32] vx=+0.000 vy=+0.000 wz=+0.000 mag=0.00    [NAV2 -> STM32] vx=+0.000 vy=+0.000 wz=+0.000 mag=0.00    [NAV2 -> STM32] vx=+0.000 vy=+0.000 wz=+0.000 mag=0.00    [NAV2 -> STM32] vx=+0.000 vy=+0.000 wz=+0.000 mag=0.00    [NAV2 -> STM32] vx=+0.000 vy=+0.000 wz=+0.000 mag=0.00    [NAV2 -> STM32] vx=+0.000 vy=+0.000 wz=+0.000 mag=0.00    [NAV2 -> STM32] vx=+0.000 vy=+0.000 wz=+0.000 mag=0.00    [NAV2 -> STM32] vx=+0.000 vy=+0.000 wz=+0.000 mag=0.00    [NAV2 -> STM32] vx=+0.000 vy=+0.000 wz=+0.000 mag=0.00    [NAV2 -> STM32] vx=+0.000 vy=+0.000 wz=+0.000 mag=0.00    [NAV2 -> STM32] vx=+0.000 vy=+0.000 wz=+0.000 mag=0.00    [NAV2 -> STM32] vx=+0.000 vy=+0.000 wz=+0.000 mag=0.00    [NAV2 -> STM32] vx=+0.000 vy=+0.000 wz=+0.000 mag=0.00    [NAV2 -> STM32] vx=+0.000 vy=+0.000 wz=+0.000 mag=0.00    [NAV2 -> STM32] vx=+0.000 vy=+0.000 wz=+0.000 mag=0.00    [NAV2 -> STM32] vx=+0.000 vy=+0.000 wz=+0.000 mag=0.00    [NAV2 -> STM32] vx=+0.000 vy=+0.000 wz=+0.000 mag=0.00    [NAV2 -> STM32] vx=+0.000 vy=+0.000 wz=+0.000 mag=0.00    [NAV2 -> STM32] vx=+0.000 vy=+0.000 wz=+0.000 mag=0.00    [NAV2 -> STM32] vx=+0.000 vy=+0.000 wz=+0.000 mag=0.00    [NAV2 -> STM32] vx=+0.000 vy=+0.000 wz=+0.000 mag=0.00    [NAV2 -> STM32] vx=+0.000 vy=+0.000 wz=+0.000 mag=0.00    [NAV2 -> STM32] vx=+0.000 vy=+0.000 wz=+0.000 mag=0.00    [NAV2 -> STM32] vx=+0.000 vy=+0.000 wz=+0.000 mag=0.00    [NAV2 -> STM32] vx=+0.000 vy=+0.000 wz=+0.000 mag=0.00    [NAV2 -> STM32] vx=+0.000 vy=+0.000 wz=+0.000 mag=0.00    [NAV2 -> STM32] vx=+0.000 vy=+0.000 wz=+0.000 mag=0.00    [NAV2 -> STM32] vx=+0.000 vy=+0.000 wz=+0.000 mag=0.00    [NAV2 -> STM32] vx=+0.000 vy=+0.000 wz=+0.000 mag=0.00    [NAV2 -> STM32] vx=+0.000 vy=+0.000 wz=+0.000 mag=0.00    [NAV2 -> STM32] vx=+0.000 vy=+0.000 wz=+0.000 mag=0.00    [NAV2 -> STM32] vx=+0.000 vy=+0.000 wz=+0.000 mag=0.00    [NAV2 -> STM32] vx=+0.000 vy=+0.000 wz=+0.000 mag=0.00    [NAV2 -> STM32] vx=+0.000 vy=+0.000 wz=+0.000 mag=0.00    [NAV2 -> STM32] vx=+0.000 vy=+0.000 wz=+0.000 mag=0.00    [NAV2 -> STM32] vx=+0.000 vy=+0.000 wz=+0.000 mag=0.00    [NAV2 -> STM32] vx=+0.000 vy=+0.000 wz=+0.000 mag=0.00    [NAV2 -> STM32] vx=+0.000 vy=+0.000 wz=+0.000 mag=0.00    [NAV2 -> STM32] vx=+0.000 vy=+0.000 wz=+0.000 mag=0.00    [NAV2 -> STM32] vx=+0.000 vy=+0.000 wz=+0.000 mag=0.00    [NAV2 -> STM32] vx=+0.000 vy=+0.000 wz=+0.000 mag=0.00    [NAV2 -> STM32] vx=+0.000 vy=+0.000 wz=+0.000 mag=0.00    [NAV2 -> STM32] vx=+0.000 vy=+0.000 wz=+0.000 mag=0.00    [NAV2 -> STM32] vx=+0.000 vy=+0.000 wz=+0.000 mag=0.00    [NAV2 -> STM32] vx=+0.000 vy=+0.000 wz=+0.000 mag=0.00    [NAV2 -> STM32] vx=+0.000 vy=+0.000 wz=+0.000 mag=0.00    [NAV2 -> STM32] vx=+0.000 vy=+0.000 wz=+0.000 mag=0.00    [NAV2 -> STM32] vx=+0.000 vy=+0.000 wz=+0.000 mag=0.00    [NAV2 -> STM32] vx=+0.000 vy=+0.000 wz=+0.000 mag=0.00    [NAV2 -> STM32] vx=+0.000 vy=+0.000 wz=+0.000 mag=0.00    [NAV2 -> STM32] vx=+0.000 vy=+0.000 wz=+0.000 mag=0.00    [NAV2 -> STM32] vx=+0.000 vy=+0.000 wz=+0.000 mag=0.00    [NAV2 -> STM32] vx=+0.000 vy=+0.000 wz=+0.000 mag=0.00    [NAV2 -> STM32] vx=+0.000 vy=+0.000 wz=+0.000 mag=0.00    [NAV2 -> STM32] vx=+0.000 vy=+0.000 wz=+0.000 mag=0.00    [NAV2 -> STM32] vx=+0.000 vy=+0.000 wz=+0.000 mag=0.00    [NAV2 -> STM32] vx=+0.000 vy=+0.000 wz=+0.000 mag=0.00    [NAV2 -> STM32] vx=+0.000 vy=+0.000 wz=+0.000 mag=0.00    [NAV2 -> STM32] vx=+0.000 vy=+0.000 wz=+0.000 mag=0.00    [NAV2 -> STM32] vx=+0.000 vy=+0.000 wz=+0.000 mag=0.00    [NAV2 -> STM32] vx=+0.000 vy=+0.000 wz=+0.000 mag=0.00    [NAV2 -> STM32] vx=+0.000 vy=+0.000 wz=+0.000 mag=0.00    [NAV2 -> STM32] vx=+0.000 vy=+0.000 wz=+0.000 mag=0.00    [NAV2 -> STM32] vx=+0.000 vy=+0.000 wz=+0.000 mag=0.00    [NAV2 -> STM32] vx=+0.000 vy=+0.000 wz=+0.000 mag=0.00    [NAV2 -> STM32] vx=+0.000 vy=+0.000 wz=+0.000 mag=0.00    [NAV2 -> STM32] vx=+0.000 vy=+0.000 wz=+0.000 mag=0.00    [NAV2 -> STM32] vx=+0.000 vy=+0.000 wz=+0.000 mag=0.00    [NAV2 -> STM32] vx=+0.000 vy=+0.000 wz=+0.000 mag=0.00    [NAV2 -> STM32] vx=+0.000 vy=+0.000 wz=+0.000 mag=0.00    [NAV2 -> STM32] vx=+0.000 vy=+0.000 wz=+0.000 mag=0.00    [NAV2 -> STM32] vx=+0.000 vy=+0.000 wz=+0.000 mag=0.00    [NAV2 -> STM32] vx=+0.000 vy=+0.000 wz=+0.000 mag=0.00    [NAV2 -> STM32] vx=+0.000 vy=+0.000 wz=+0.000 mag=0.00    [NAV2 -> STM32] vx=+0.000 vy=+0.000 wz=+0.000 mag=0.00    [NAV2 -> STM32] vx=+0.000 vy=+0.000 wz=+0.000 mag=0.00    [NAV2 -> STM32] vx=+0.000 vy=+0.000 wz=+0.000 mag=0.00    [NAV2 -> STM32] vx=+0.000 vy=+0.000 wz=+0.000 mag=0.00    [NAV2 -> STM32] vx=+0.000 vy=+0.000 wz=+0.000 mag=0.00    [NAV2 -> STM32] vx=+0.000 vy=+0.000 wz=+0.000 mag=0.00    [NAV2 -> STM32] vx=+0.000 vy=+0.000 wz=+0.000 mag=0.00    [NAV2 -> STM32] vx=+0.000 vy=+0.000 wz=+0.000 mag=0.00    [NAV2 -> STM32] vx=+0.000 vy=+0.000 wz=+0.000 mag=0.00    [NAV2 -> STM32] vx=+0.000 vy=+0.000 wz=+0.000 mag=0.00    [NAV2 -> STM32] vx=+0.000 vy=+0.000 wz=+0.000 mag=0.00    [NAV2 -> STM32] vx=+0.000 vy=+0.000 wz=+0.000 mag=0.00    [NAV2 -> STM32] vx=+0.000 vy=+0.000 wz=+0.000 mag=0.00    [NAV2 -> STM32] vx=+0.000 vy=+0.000 wz=+0.000 mag=0.00    [NAV2 -> STM32] vx=+0.000 vy=+0.000 wz=+0.000 mag=0.00    [NAV2 -> STM32] vx=+0.000 vy=+0.000 wz=+0.000 mag=0.00    [NAV2 -> STM32] vx=+0.000 vy=+0.000 wz=+0.000 mag=0.00    [NAV2 -> STM32] vx=+0.000 vy=+0.000 wz=+0.000 mag=0.00    [NAV2 -> STM32] vx=+0.000 vy=+0.000 wz=+0.000 mag=0.00    [NAV2 -> STM32] vx=+0.000 vy=+0.000 wz=+0.000 mag=0.00    [NAV2 -> STM32] vx=+0.000 vy=+0.000 wz=+0.000 mag=0.00    [NAV2 -> STM32] vx=+0.000 vy=+0.000 wz=+0.000 mag=0.00    [NAV2 -> STM32] vx=+0.000 vy=+0.000 wz=+0.000 mag=0.00    [NAV2 -> STM32] vx=+0.000 vy=+0.000 wz=+0.000 mag=0.00    [NAV2 -> STM32] vx=+0.000 vy=+0.000 wz=+0.000 mag=0.00    [NAV2 -> STM32] vx=+0.000 vy=+0.000 wz=+0.000 mag=0.00    [NAV2 -> STM32] vx=+0.000 vy=+0.000 wz=+0.000 mag=0.00    [NAV2 -> STM32] vx=+0.000 vy=+0.000 wz=+0.000 mag=0.00    [NAV2 -> STM32] vx=+0.000 vy=+0.000 wz=+0.000 mag=0.00    [NAV2 -> STM32] vx=+0.000 vy=+0.000 wz=+0.000 mag=0.00    [NAV2 -> STM32] vx=+0.000 vy=+0.000 wz=+0.000 mag=0.00    [NAV2 -> STM32] vx=+0.000 vy=+0.000 wz=+0.000 mag=0.00    [NAV2 -> STM32] vx=+0.000 vy=+0.000 wz=+0.000 mag=0.00    [NAV2 -> STM32] vx=+0.000 vy=+0.000 wz=+0.000 mag=0.00    [NAV2 -> STM32] vx=+0.000 vy=+0.000 wz=+0.000 mag=0.00    [NAV2 -> STM32] vx=+0.000 vy=+0.000 wz=+0.000 mag=0.00    [NAV2 -> STM32] vx=+0.000 vy=+0.000 wz=+0.000 mag=0.00    [NAV2 -> STM32] vx=+0.000 vy=+0.000 wz=+0.000 mag=0.00    [NAV2 -> STM32] vx=+0.000 vy=+0.000 wz=+0.000 mag=0.00    [NAV2 -> STM32] vx=+0.000 vy=+0.000 wz=+0.000 mag=0.00    [NAV2 -> STM32] vx=+0.000 vy=+0.000 wz=+0.000 mag=0.00    [NAV2 -> STM32] vx=+0.000 vy=+0.000 wz=+0.000 mag=0.00    [NAV2 -> STM32] vx=+0.000 vy=+0.000 wz=+0.000 mag=0.00    [NAV2 -> STM32] vx=+0.000 vy=+0.000 wz=+0.000 mag=0.00    [NAV2 -> STM32] vx=+0.000 vy=+0.000 wz=+0.000 mag=0.00    [NAV2 -> STM32] vx=+0.000 vy=+0.000 wz=+0.000 mag=0.00    [NAV2 -> STM32] vx=+0.000 vy=+0.000 wz=+0.000 mag=0.00    [NAV2 -> STM32] vx=+0.000 vy=+0.000 wz=+0.000 mag=0.00    [NAV2 -> STM32] vx=+0.000 vy=+0.000 wz=+0.000 mag=0.00    [NAV2 -> STM32] vx=+0.000 vy=+0.000 wz=+0.000 mag=0.00    [NAV2 -> STM32] vx=+0.000 vy=+0.000 wz=+0.000 mag=0.00    [NAV2 -> STM32] vx=+0.000 vy=+0.000 wz=+0.000 mag=0.00    [NAV2 -> STM32] vx=+0.000 vy=+0.000 wz=+0.000 mag=0.00    [NAV2 -> STM32] vx=+0.000 vy=+0.000 wz=+0.000 mag=0.00    [NAV2 -> STM32] vx=+0.000 vy=+0.000 wz=+0.000 mag=0.00    [NAV2 -> STM32] vx=+0.000 vy=+0.000 wz=+0.000 mag=0.00    [NAV2 -> STM32] vx=+0.000 vy=+0.000 wz=+0.000 mag=0.00    [NAV2 -> STM32] vx=+0.000 vy=+0.000 wz=+0.000 mag=0.00    [NAV2 -> STM32] vx=+0.000 vy=+0.000 wz=+0.000 mag=0.00    [NAV2 -> STM32] vx=+0.000 vy=+0.000 wz=+0.000 mag=0.00    [NAV2 -> STM32] vx=+0.000 vy=+0.000 wz=+0.000 mag=0.00    [NAV2 -> STM32] vx=+0.000 vy=+0.000 wz=+0.000 mag=0.00    [NAV2 -> STM32] vx=+0.000 vy=+0.000 wz=+0.000 mag=0.00    [NAV2 -> STM32] vx=+0.000 vy=+0.000 wz=+0.000 mag=0.00    [NAV2 -> STM32] vx=+0.000 vy=+0.000 wz=+0.000 mag=0.00    [NAV2 -> STM32] vx=+0.000 vy=+0.000 wz=+0.000 mag=0.00    [NAV2 -> STM32] vx=+0.000 vy=+0.000 wz=+0.000 mag=0.00    [NAV2 -> STM32] vx=+0.000 vy=+0.000 wz=+0.000 mag=0.00    [NAV2 -> STM32] vx=+0.000 vy=+0.000 wz=+0.000 mag=0.00    [NAV2 -> STM32] vx=+0.000 vy=+0.000 wz=+0.000 mag=0.00    [NAV2 -> STM32] vx=+0.000 vy=+0.000 wz=+0.000 mag=0.00    [NAV2 -> STM32] vx=+0.000 vy=+0.000 wz=+0.000 mag=0.00    [NAV2 -> STM32] vx=+0.000 vy=+0.000 wz=+0.000 mag=0.00    [NAV2 -> STM32] vx=+0.000 vy=+0.000 wz=+0.000 mag=0.00    [NAV2 -> STM32] vx=+0.000 vy=+0.000 wz=+0.000 mag=0.00    [NAV2 -> STM32] vx=+0.000 vy=+0.000 wz=+0.000 mag=0.00    [NAV2 -> STM32] vx=+0.000 vy=+0.000 wz=+0.000 mag=0.00    [NAV2 -> STM32] vx=+0.000 vy=+0.000 wz=+0.000 mag=0.00    [NAV2 -> STM32] vx=+0.000 vy=+0.000 wz=+0.000 mag=0.00    [NAV2 -> STM32] vx=+0.000 vy=+0.000 wz=+0.000 mag=0.00    [NAV2 -> STM32] vx=+0.000 vy=+0.000 wz=+0.000 mag=0.00    [NAV2 -> STM32] vx=+0.000 vy=+0.000 wz=+0.000 mag=0.00    [NAV2 -> STM32] vx=+0.000 vy=+0.000 wz=+0.000 mag=0.00    [NAV2 -> STM32] vx=+0.000 vy=+0.000 wz=+0.000 mag=0.00    [NAV2 -> STM32] vx=+0.000 vy=+0.000 wz=+0.000 mag=0.00    [NAV2 -> STM32] vx=+0.000 vy=+0.000 wz=+0.000 mag=0.00    [NAV2 -> STM32] vx=+0.000 vy=+0.000 wz=+0.000 mag=0.00    [NAV2 -> STM32] vx=+0.000 vy=+0.000 wz=+0.000 mag=0.00    [NAV2 -> STM32] vx=+0.000 vy=+0.000 wz=+0.000 mag=0.00    [NAV2 -> STM32] vx=+0.000 vy=+0.000 wz=+0.000 mag=0.00    [NAV2 -> STM32] vx=+0.000 vy=+0.000 wz=+0.000 mag=0.00    [NAV2 -> STM32] vx=+0.000 vy=+0.000 wz=+0.000 mag=0.00    [NAV2 -> STM32] vx=+0.000 vy=+0.000 wz=+0.000 mag=0.00    [NAV2 -> STM32] vx=+0.000 vy=+0.000 wz=+0.000 mag=0.00    [NAV2 -> STM32] vx=+0.000 vy=+0.000 wz=+0.000 mag=0.00    [NAV2 -> STM32] vx=+0.000 vy=+0.000 wz=+0.000 mag=0.00    [NAV2 -> STM32] vx=+0.000 vy=+0.000 wz=+0.000 mag=0.00    [NAV2 -> STM32] vx=+0.000 vy=+0.000 wz=+0.000 mag=0.00    [NAV2 -> STM32] vx=+0.000 vy=+0.000 wz=+0.000 mag=0.00    [NAV2 -> STM32] vx=+0.000 vy=+0.000 wz=+0.000 mag=0.00    [NAV2 -> STM32] vx=+0.000 vy=+0.000 wz=+0.000 mag=0.00    [NAV2 -> STM32] vx=+0.000 vy=+0.000 wz=+0.000 mag=0.00    [NAV2 -> STM32] vx=+0.000 vy=+0.000 wz=+0.000 mag=0.00    [NAV2 -> STM32] vx=+0.000 vy=+0.000 wz=+0.000 mag=0.00    [NAV2 -> STM32] vx=+0.000 vy=+0.000 wz=+0.000 mag=0.00    [NAV2 -> STM32] vx=+0.000 vy=+0.000 wz=+0.000 mag=0.00    [NAV2 -> STM32] vx=+0.000 vy=+0.000 wz=+0.000 mag=0.00    [NAV2 -> STM32] vx=+0.000 vy=+0.000 wz=+0.000 mag=0.00    [NAV2 -> STM32] vx=+0.000 vy=+0.000 wz=+0.000 mag=0.00    [NAV2 -> STM32] vx=+0.000 vy=+0.000 wz=+0.000 mag=0.00    [NAV2 -> STM32] vx=+0.000 vy=+0.000 wz=+0.000 mag=0.00    [NAV2 -> STM32] vx=+0.000 vy=+0.000 wz=+0.000 mag=0.00    [NAV2 -> STM32] vx=+0.000 vy=+0.000 wz=+0.000 mag=0.00    [NAV2 -> STM32] vx=+0.000 vy=+0.000 wz=+0.000 mag=0.00    [NAV2 -> STM32] vx=+0.000 vy=+0.000 wz=+0.000 mag=0.00    [NAV2 -> STM32] vx=+0.000 vy=+0.000 wz=+0.000 mag=0.00    [NAV2 -> STM32] vx=+0.000 vy=+0.000 wz=+0.000 mag=0.00    [NAV2 -> STM32] vx=+0.000 vy=+0.000 wz=+0.000 mag=0.00    [NAV2 -> STM32] vx=+0.000 vy=+0.000 wz=+0.000 mag=0.00    [NAV2 -> STM32] vx=+0.000 vy=+0.000 wz=+0.000 mag=0.00    [NAV2 -> STM32] vx=+0.000 vy=+0.000 wz=+0.000 mag=0.00    [NAV2 -> STM32] vx=+0.000 vy=+0.000 wz=+0.000 mag=0.00    [NAV2 -> STM32] vx=+0.000 vy=+0.000 wz=+0.000 mag=0.00    [NAV2 -> STM32] vx=+0.000 vy=+0.000 wz=+0.000 mag=0.00    [NAV2 -> STM32] vx=+0.000 vy=+0.000 wz=+0.000 mag=0.00    [NAV2 -> STM32] vx=+0.000 vy=+0.000 wz=+0.000 mag=0.00    [NAV2 -> STM32] vx=+0.000 vy=+0.000 wz=+0.000 mag=0.00    [NAV2 -> STM32] vx=+0.000 vy=+0.000 wz=+0.000 mag=0.00    [NAV2 -> STM32] vx=+0.000 vy=+0.000 wz=+0.000 mag=0.00    [NAV2 -> STM32] vx=+0.000 vy=+0.000 wz=+0.000 mag=0.00    [NAV2 -> STM32] vx=+0.000 vy=+0.000 wz=+0.000 mag=0.00    [NAV2 -> STM32] vx=+0.000 vy=+0.000 wz=+0.000 mag=0.00    [NAV2 -> STM32] vx=+0.000 vy=+0.000 wz=+0.000 mag=0.00    [NAV2 -> STM32] vx=+0.000 vy=+0.000 wz=+0.000 mag=0.00    [NAV2 -> STM32] vx=+0.000 vy=+0.000 wz=+0.000 mag=0.00    [NAV2 -> STM32] vx=+0.000 vy=+0.000 wz=+0.000 mag=0.00    [NAV2 -> STM32] vx=+0.000 vy=+0.000 wz=+0.000 mag=0.00    [NAV2 -> STM32] vx=+0.000 vy=+0.000 wz=+0.000 mag=0.00    [NAV2 -> STM32] vx=+0.000 vy=+0.000 wz=+0.000 mag=0.00    [NAV2 -> STM32] vx=+0.000 vy=+0.000 wz=+0.000 mag=0.00    [NAV2 -> STM32] vx=+0.000 vy=+0.000 wz=+0.000 mag=0.00    [NAV2 -> STM32] vx=+0.000 vy=+0.000 wz=+0.000 mag=0.00    [NAV2 -> STM32] vx=+0.000 vy=+0.000 wz=+0.000 mag=0.00    [NAV2 -> STM32] vx=+0.000 vy=+0.000 wz=+0.000 mag=0.00    [NAV2 -> STM32] vx=+0.000 vy=+0.000 wz=+0.000 mag=0.00    [NAV2 -> STM32] vx=+0.000 vy=+0.000 wz=+0.000 mag=0.00    [NAV2 -> STM32] vx=+0.000 vy=+0.000 wz=+0.000 mag=0.00    [NAV2 -> STM32] vx=+0.000 vy=+0.000 wz=+0.000 mag=0.00    [NAV2 -> STM32] vx=+0.000 vy=+0.000 wz=+0.000 mag=0.00    [NAV2 -> STM32] vx=+0.000 vy=+0.000 wz=+0.000 mag=0.00    [NAV2 -> STM32] vx=+0.000 vy=+0.000 wz=+0.000 mag=0.00    [NAV2 -> STM32] vx=+0.000 vy=+0.000 wz=+0.000 mag=0.00    [NAV2 -> STM32] vx=+0.000 vy=+0.000 wz=+0.000 mag=0.00    [NAV2 -> STM32] vx=+0.000 vy=+0.000 wz=+0.000 mag=0.00    [NAV2 -> STM32] vx=+0.000 vy=+0.000 wz=+0.000 mag=0.00    [NAV2 -> STM32] vx=+0.000 vy=+0.000 wz=+0.000 mag=0.00    [NAV2 -> STM32] vx=+0.000 vy=+0.000 wz=+0.000 mag=0.00    [NAV2 -> STM32] vx=+0.000 vy=+0.000 wz=+0.000 mag=0.00    [NAV2 -> STM32] vx=+0.000 vy=+0.000 wz=+0.000 mag=0.00    [NAV2 -> STM32] vx=+0.000 vy=+0.000 wz=+0.000 mag=0.00    [NAV2 -> STM32] vx=+0.000 vy=+0.000 wz=+0.000 mag=0.00    [NAV2 -> STM32] vx=+0.000 vy=+0.000 wz=+0.000 mag=0.00    [NAV2 -> STM32] vx=+0.000 vy=+0.000 wz=+0.000 mag=0.00    [NAV2 -> STM32] vx=+0.000 vy=+0.000 wz=+0.000 mag=0.00    [NAV2 -> STM32] vx=+0.000 vy=+0.000 wz=+0.000 mag=0.00    [NAV2 -> STM32] vx=+0.000 vy=+0.000 wz=+0.000 mag=0.00    [NAV2 -> STM32] vx=+0.000 vy=+0.000 wz=+0.000 mag=0.00    [NAV2 -> STM32] vx=+0.000 vy=+0.000 wz=+0.000 mag=0.00    [NAV2 -> STM32] vx=+0.000 vy=+0.000 wz=+0.000 mag=0.00    [NAV2 -> STM32] vx=+0.000 vy=+0.000 wz=+0.000 mag=0.00    [NAV2 -> STM32] vx=+0.000 vy=+0.000 wz=+0.000 mag=0.00    [NAV2 -> STM32] vx=+0.000 vy=+0.000 wz=+0.000 mag=0.00    [NAV2 -> STM32] vx=+0.000 vy=+0.000 wz=+0.000 mag=0.00    [NAV2 -> STM32] vx=+0.000 vy=+0.000 wz=+0.000 mag=0.00    [NAV2 -> STM32] vx=+0.000 vy=+0.000 wz=+0.000 mag=0.00    [NAV2 -> STM32] vx=+0.000 vy=+0.000 wz=+0.000 mag=0.00    [NAV2 -> STM32] vx=+0.000 vy=+0.000 wz=+0.000 mag=0.00    [NAV2 -> STM32] vx=+0.000 vy=+0.000 wz=+0.000 mag=0.00    [NAV2 -> STM32] vx=+0.000 vy=+0.000 wz=+0.000 mag=0.00    [NAV2 -> STM32] vx=+0.000 vy=+0.000 wz=+0.000 mag=0.00    [NAV2 -> STM32] vx=+0.000 vy=+0.000 wz=+0.000 mag=0.00    [NAV2 -> STM32] vx=+0.000 vy=+0.000 wz=+0.000 mag=0.00    [NAV2 -> STM32] vx=+0.000 vy=+0.000 wz=+0.000 mag=0.00    [NAV2 -> STM32] vx=+0.000 vy=+0.000 wz=+0.000 mag=0.00    [NAV2 -> STM32] vx=+0.000 vy=+0.000 wz=+0.000 mag=0.00    [NAV2 -> STM32] vx=+0.000 vy=+0.000 wz=+0.000 mag=0.00    [NAV2 -> STM32] vx=+0.000 vy=+0.000 wz=+0.000 mag=0.00    [NAV2 -> STM32] vx=+0.000 vy=+0.000 wz=+0.000 mag=0.00    [NAV2 -> STM32] vx=+0.000 vy=+0.000 wz=+0.000 mag=0.00    [NAV2 -> STM32] vx=+0.000 vy=+0.000 wz=+0.000 mag=0.00    [NAV2 -> STM32] vx=+0.000 vy=+0.000 wz=+0.000 mag=0.00    [NAV2 -> STM32] vx=+0.000 vy=+0.000 wz=+0.000 mag=0.00    [NAV2 -> STM32] vx=+0.000 vy=+0.000 wz=+0.000 mag=0.00    [NAV2 -> STM32] vx=+0.000 vy=+0.000 wz=+0.000 mag=0.00    [NAV2 -> STM32] vx=+0.000 vy=+0.000 wz=+0.000 mag=0.00    [NAV2 -> STM32] vx=+0.000 vy=+0.000 wz=+0.000 mag=0.00    [NAV2 -> STM32] vx=+0.000 vy=+0.000 wz=+0.000 mag=0.00    [NAV2 -> STM32] vx=+0.000 vy=+0.000 wz=+0.000 mag=0.00    [NAV2 -> STM32] vx=+0.000 vy=+0.000 wz=+0.000 mag=0.00    [NAV2 -> STM32] vx=+0.000 vy=+0.000 wz=+0.000 mag=0.00    [NAV2 -> STM32] vx=+0.000 vy=+0.000 wz=+0.000 mag=0.00    [NAV2 -> STM32] vx=+0.000 vy=+0.000 wz=+0.000 mag=0.00    [NAV2 -> STM32] vx=+0.000 vy=+0.000 wz=+0.000 mag=0.00    [NAV2 -> STM32] vx=+0.000 vy=+0.000 wz=+0.000 mag=0.00    [NAV2 -> STM32] vx=+0.000 vy=+0.000 wz=+0.000 mag=0.00    [NAV2 -> STM32] vx=+0.000 vy=+0.000 wz=+0.000 mag=0.00    [NAV2 -> STM32] vx=+0.000 vy=+0.000 wz=+0.000 mag=0.00    [NAV2 -> STM32] vx=+0.000 vy=+0.000 wz=+0.000 mag=0.00    [NAV2 -> STM32] vx=+0.000 vy=+0.000 wz=+0.000 mag=0.00    [NAV2 -> STM32] vx=+0.000 vy=+0.000 wz=+0.000 mag=0.00    [NAV2 -> STM32] vx=+0.000 vy=+0.000 wz=+0.000 mag=0.00    [NAV2 -> STM32] vx=+0.000 vy=+0.000 wz=+0.000 mag=0.00    [NAV2 -> STM32] vx=+0.000 vy=+0.000 wz=+0.000 mag=0.00    [NAV2 -> STM32] vx=+0.000 vy=+0.000 wz=+0.000 mag=0.00    [NAV2 -> STM32] vx=+0.000 vy=+0.000 wz=+0.000 mag=0.00    [NAV2 -> STM32] vx=+0.000 vy=+0.000 wz=+0.000 mag=0.00    [NAV2 -> STM32] vx=+0.000 vy=+0.000 wz=+0.000 mag=0.00    [NAV2 -> STM32] vx=+0.000 vy=+0.000 wz=+0.000 mag=0.00    [NAV2 -> STM32] vx=+0.000 vy=+0.000 wz=+0.000 mag=0.00    [NAV2 -> STM32] vx=+0.000 vy=+0.000 wz=+0.000 mag=0.00    [NAV2 -> STM32] vx=+0.000 vy=+0.000 wz=+0.000 mag=0.00    [NAV2 -> STM32] vx=+0.000 vy=+0.000 wz=+0.000 mag=0.00    [NAV2 -> STM32] vx=+0.000 vy=+0.000 wz=+0.000 mag=0.00    [NAV2 -> STM32] vx=+0.000 vy=+0.000 wz=+0.000 mag=0.00    [NAV2 -> STM32] vx=+0.000 vy=+0.000 wz=+0.000 mag=0.00    [NAV2 -> STM32] vx=+0.000 vy=+0.000 wz=+0.000 mag=0.00    [NAV2 -> STM32] vx=+0.000 vy=+0.000 wz=+0.000 mag=0.00    [NAV2 -> STM32] vx=+0.000 vy=+0.000 wz=+0.000 mag=0.00    [NAV2 -> STM32] vx=+0.000 vy=+0.000 wz=+0.000 mag=0.00    [NAV2 -> STM32] vx=+0.000 vy=+0.000 wz=+0.000 mag=0.00    [NAV2 -> STM32] vx=+0.000 vy=+0.000 wz=+0.000 mag=0.00    [NAV2 -> STM32] vx=+0.000 vy=+0.000 wz=+0.000 mag=0.00    [NAV2 -> STM32] vx=+0.000 vy=+0.000 wz=+0.000 mag=0.00    [NAV2 -> STM32] vx=+0.000 vy=+0.000 wz=+0.000 mag=0.00    [NAV2 -> STM32] vx=+0.000 vy=+0.000 wz=+0.000 mag=0.00    [NAV2 -> STM32] vx=+0.000 vy=+0.000 wz=+0.000 mag=0.00    [NAV2 -> STM32] vx=+0.000 vy=+0.000 wz=+0.000 mag=0.00    [NAV2 -> STM32] vx=+0.000 vy=+0.000 wz=+0.000 mag=0.00    [NAV2 -> STM32] vx=+0.000 vy=+0.000 wz=+0.000 mag=0.00    [NAV2 -> STM32] vx=+0.000 vy=+0.000 wz=+0.000 mag=0.00    [NAV2 -> STM32] vx=+0.000 vy=+0.000 wz=+0.000 mag=0.00    [NAV2 -> STM32] vx=+0.000 vy=+0.000 wz=+0.000 mag=0.00    [NAV2 -> STM32] vx=+0.000 vy=+0.000 wz=+0.000 mag=0.00    [NAV2 -> STM32] vx=+0.000 vy=+0.000 wz=+0.000 mag=0.00    [NAV2 -> STM32] vx=+0.000 vy=+0.000 wz=+0.000 mag=0.00    [NAV2 -> STM32] vx=+0.000 vy=+0.000 wz=+0.000 mag=0.00    [NAV2 -> STM32] vx=+0.000 vy=+0.000 wz=+0.000 mag=0.00    [NAV2 -> STM32] vx=+0.000 vy=+0.000 wz=+0.000 mag=0.00    [NAV2 -> STM32] vx=+0.000 vy=+0.000 wz=+0.000 mag=0.00    [NAV2 -> STM32] vx=+0.000 vy=+0.000 wz=+0.000 mag=0.00    [NAV2 -> STM32] vx=+0.000 vy=+0.000 wz=+0.000 mag=0.00    [NAV2 -> STM32] vx=+0.000 vy=+0.000 wz=+0.000 mag=0.00    [NAV2 -> STM32] vx=+0.000 vy=+0.000 wz=+0.000 mag=0.00    [NAV2 -> STM32] vx=+0.000 vy=+0.000 wz=+0.000 mag=0.00    [NAV2 -> STM32] vx=+0.000 vy=+0.000 wz=+0.000 mag=0.00    [NAV2 -> STM32] vx=+0.000 vy=+0.000 wz=+0.000 mag=0.00    [NAV2 -> STM32] vx=+0.000 vy=+0.000 wz=+0.000 mag=0.00    [NAV2 -> STM32] vx=+0.000 vy=+0.000 wz=+0.000 mag=0.00    [NAV2 -> STM32] vx=+0.000 vy=+0.000 wz=+0.000 mag=0.00    [NAV2 -> STM32] vx=+0.000 vy=+0.000 wz=+0.000 mag=0.00    [NAV2 -> STM32] vx=+0.000 vy=+0.000 wz=+0.000 mag=0.00    [NAV2 -> STM32] vx=+0.000 vy=+0.000 wz=+0.000 mag=0.00    [NAV2 -> STM32] vx=+0.000 vy=+0.000 wz=+0.000 mag=0.00    [NAV2 -> STM32] vx=+0.000 vy=+0.000 wz=+0.000 mag=0.00    [NAV2 -> STM32] vx=+0.000 vy=+0.000 wz=+0.000 mag=0.00    [NAV2 -> STM32] vx=+0.000 vy=+0.000 wz=+0.000 mag=0.00    [NAV2 -> STM32] vx=+0.000 vy=+0.000 wz=+0.000 mag=0.00    [NAV2 -> STM32] vx=+0.000 vy=+0.000 wz=+0.000 mag=0.00    [NAV2 -> STM32] vx=+0.000 vy=+0.000 wz=+0.000 mag=0.00    [NAV2 -> STM32] vx=+0.000 vy=+0.000 wz=+0.000 mag=0.00    [NAV2 -> STM32] vx=+0.000 vy=+0.000 wz=+0.000 mag=0.00    [NAV2 -> STM32] vx=+0.000 vy=+0.000 wz=+0.000 mag=0.00    [NAV2 -> STM32] vx=+0.000 vy=+0.000 wz=+0.000 mag=0.00    [NAV2 -> STM32] vx=+0.000 vy=+0.000 wz=+0.000 mag=0.00    [NAV2 -> STM32] vx=+0.000 vy=+0.000 wz=+0.000 mag=0.00    [NAV2 -> STM32] vx=+0.000 vy=+0.000 wz=+0.000 mag=0.00    [NAV2 -> STM32] vx=+0.000 vy=+0.000 wz=+0.000 mag=0.00    [NAV2 -> STM32] vx=+0.000 vy=+0.000 wz=+0.000 mag=0.00    [NAV2 -> STM32] vx=+0.000 vy=+0.000 wz=+0.000 mag=0.00    [NAV2 -> STM32] vx=+0.000 vy=+0.000 wz=+0.000 mag=0.00    [NAV2 -> STM32] vx=+0.000 vy=+0.000 wz=+0.000 mag=0.00    [NAV2 -> STM32] vx=+0.000 vy=+0.000 wz=+0.000 mag=0.00    [NAV2 -> STM32] vx=+0.000 vy=+0.000 wz=+0.000 mag=0.00    [NAV2 -> STM32] vx=+0.000 vy=+0.000 wz=+0.000 mag=0.00    [NAV2 -> STM32] vx=+0.000 vy=+0.000 wz=+0.000 mag=0.00    [NAV2 -> STM32] vx=+0.000 vy=+0.000 wz=+0.000 mag=0.00    [NAV2 -> STM32] vx=+0.000 vy=+0.000 wz=+0.000 mag=0.00    [NAV2 -> STM32] vx=+0.000 vy=+0.000 wz=+0.000 mag=0.00    [NAV2 -> STM32] vx=+0.000 vy=+0.000 wz=+0.000 mag=0.00    [NAV2 -> STM32] vx=+0.000 vy=+0.000 wz=+0.000 mag=0.00    [NAV2 -> STM32] vx=+0.000 vy=+0.000 wz=+0.000 mag=0.00    [NAV2 -> STM32] vx=+0.000 vy=+0.000 wz=+0.000 mag=0.00    [NAV2 -> STM32] vx=+0.000 vy=+0.000 wz=+0.000 mag=0.00    [NAV2 -> STM32] vx=+0.000 vy=+0.000 wz=+0.000 mag=0.00    [NAV2 -> STM32] vx=+0.000 vy=+0.000 wz=+0.000 mag=0.00    [NAV2 -> STM32] vx=+0.000 vy=+0.000 wz=+0.000 mag=0.00    [NAV2 -> STM32] vx=+0.000 vy=+0.000 wz=+0.000 mag=0.00    [NAV2 -> STM32] vx=+0.000 vy=+0.000 wz=+0.000 mag=0.00    [NAV2 -> STM32] vx=+0.000 vy=+0.000 wz=+0.000 mag=0.00    [NAV2 -> STM32] vx=+0.000 vy=+0.000 wz=+0.000 mag=0.00    [NAV2 -> STM32] vx=+0.000 vy=+0.000 wz=+0.000 mag=0.00    [NAV2 -> STM32] vx=+0.000 vy=+0.000 wz=+0.000 mag=0.00    [NAV2 -> STM32] vx=+0.000 vy=+0.000 wz=+0.000 mag=0.00    [NAV2 -> STM32] vx=+0.000 vy=+0.000 wz=+0.000 mag=0.00    [NAV2 -> STM32] vx=+0.000 vy=+0.000 wz=+0.000 mag=0.00    [NAV2 -> STM32] vx=+0.000 vy=+0.000 wz=+0.000 mag=0.00    [NAV2 -> STM32] vx=+0.000 vy=+0.000 wz=+0.000 mag=0.00    [NAV2 -> STM32] vx=+0.000 vy=+0.000 wz=+0.000 mag=0.00    [NAV2 -> STM32] vx=+0.000 vy=+0.000 wz=+0.000 mag=0.00    [NAV2 -> STM32] vx=+0.000 vy=+0.000 wz=+0.000 mag=0.00    [NAV2 -> STM32] vx=+0.000 vy=+0.000 wz=+0.000 mag=0.00    [NAV2 -> STM32] vx=+0.000 vy=+0.000 wz=+0.000 mag=0.00    [NAV2 -> STM32] vx=+0.000 vy=+0.000 wz=+0.000 mag=0.00    [NAV2 -> STM32] vx=+0.000 vy=+0.000 wz=+0.000 mag=0.00    [NAV2 -> STM32] vx=+0.000 vy=+0.000 wz=+0.000 mag=0.00    [NAV2 -> STM32] vx=+0.000 vy=+0.000 wz=+0.000 mag=0.00    [NAV2 -> STM32] vx=+0.000 vy=+0.000 wz=+0.000 mag=0.00    [NAV2 -> STM32] vx=+0.000 vy=+0.000 wz=+0.000 mag=0.00    [NAV2 -> STM32] vx=+0.000 vy=+0.000 wz=+0.000 mag=0.00    [NAV2 -> STM32] vx=+0.000 vy=+0.000 wz=+0.000 mag=0.00    [NAV2 -> STM32] vx=+0.000 vy=+0.000 wz=+0.000 mag=0.00    [NAV2 -> STM32] vx=+0.000 vy=+0.000 wz=+0.000 mag=0.00    [NAV2 -> STM32] vx=+0.000 vy=+0.000 wz=+0.000 mag=0.00    [NAV2 -> STM32] vx=+0.000 vy=+0.000 wz=+0.000 mag=0.00    [NAV2 -> STM32] vx=+0.000 vy=+0.000 wz=+0.000 mag=0.00    [NAV2 -> STM32] vx=+0.000 vy=+0.000 wz=+0.000 mag=0.00    [NAV2 -> STM32] vx=+0.000 vy=+0.000 wz=+0.000 mag=0.00    [NAV2 -> STM32] vx=+0.000 vy=+0.000 wz=+0.000 mag=0.00    [NAV2 -> STM32] vx=+0.000 vy=+0.000 wz=+0.000 mag=0.00    [NAV2 -> STM32] vx=+0.000 vy=+0.000 wz=+0.000 mag=0.00    [NAV2 -> STM32] vx=+0.000 vy=+0.000 wz=+0.000 mag=0.00    [NAV2 -> STM32] vx=+0.000 vy=+0.000 wz=+0.000 mag=0.00    [NAV2 -> STM32] vx=+0.000 vy=+0.000 wz=+0.000 mag=0.00    [NAV2 -> STM32] vx=+0.000 vy=+0.000 wz=+0.000 mag=0.00    [NAV2 -> STM32] vx=+0.000 vy=+0.000 wz=+0.000 mag=0.00    [NAV2 -> STM32] vx=+0.000 vy=+0.000 wz=+0.000 mag=0.00    [NAV2 -> STM32] vx=+0.000 vy=+0.000 wz=+0.000 mag=0.00    [NAV2 -> STM32] vx=+0.000 vy=+0.000 wz=+0.000 mag=0.00    [NAV2 -> STM32] vx=+0.000 vy=+0.000 wz=+0.000 mag=0.00    [NAV2 -> STM32] vx=+0.000 vy=+0.000 wz=+0.000 mag=0.00    [NAV2 -> STM32] vx=+0.000 vy=+0.000 wz=+0.000 mag=0.00    [NAV2 -> STM32] vx=+0.000 vy=+0.000 wz=+0.000 mag=0.00    [NAV2 -> STM32] vx=+0.000 vy=+0.000 wz=+0.000 mag=0.00    [NAV2 -> STM32] vx=+0.000 vy=+0.000 wz=+0.000 mag=0.00    [NAV2 -> STM32] vx=+0.000 vy=+0.000 wz=+0.000 mag=0.00    [NAV2 -> STM32] vx=+0.000 vy=+0.000 wz=+0.000 mag=0.00    [NAV2 -> STM32] vx=+0.000 vy=+0.000 wz=+0.000 mag=0.00    [NAV2 -> STM32] vx=+0.000 vy=+0.000 wz=+0.000 mag=0.00    [NAV2 -> STM32] vx=+0.000 vy=+0.000 wz=+0.000 mag=0.00    [NAV2 -> STM32] vx=+0.000 vy=+0.000 wz=+0.000 mag=0.00    [NAV2 -> STM32] vx=+0.000 vy=+0.000 wz=+0.000 mag=0.00    [NAV2 -> STM32] vx=+0.000 vy=+0.000 wz=+0.000 mag=0.00    [NAV2 -> STM32] vx=+0.000 vy=+0.000 wz=+0.000 mag=0.00    [NAV2 -> STM32] vx=+0.000 vy=+0.000 wz=+0.000 mag=0.00    [NAV2 -> STM32] vx=+0.000 vy=+0.000 wz=+0.000 mag=0.00    [NAV2 -> STM32] vx=+0.000 vy=+0.000 wz=+0.000 mag=0.00    [NAV2 -> STM32] vx=+0.000 vy=+0.000 wz=+0.000 mag=0.00    [NAV2 -> STM32] vx=+0.000 vy=+0.000 wz=+0.000 mag=0.00    [NAV2 -> STM32] vx=+0.000 vy=+0.000 wz=+0.000 mag=0.00    [NAV2 -> STM32] vx=+0.000 vy=+0.000 wz=+0.000 mag=0.00    [NAV2 -> STM32] vx=+0.000 vy=+0.000 wz=+0.000 mag=0.00    [NAV2 -> STM32] vx=+0.000 vy=+0.000 wz=+0.000 mag=0.00    [NAV2 -> STM32] vx=+0.000 vy=+0.000 wz=+0.000 mag=0.00    [NAV2 -> STM32] vx=+0.000 vy=+0.000 wz=+0.000 mag=0.00    [NAV2 -> STM32] vx=+0.000 vy=+0.000 wz=+0.000 mag=0.00    [NAV2 -> STM32] vx=+0.000 vy=+0.000 wz=+0.000 mag=0.00    [NAV2 -> STM32] vx=+0.000 vy=+0.000 wz=+0.000 mag=0.00    [NAV2 -> STM32] vx=+0.000 vy=+0.000 wz=+0.000 mag=0.00    [NAV2 -> STM32] vx=+0.000 vy=+0.000 wz=+0.000 mag=0.00    [NAV2 -> STM32] vx=+0.000 vy=+0.000 wz=+0.000 mag=0.00    [NAV2 -> STM32] vx=+0.000 vy=+0.000 wz=+0.000 mag=0.00    [NAV2 -> STM32] vx=+0.000 vy=+0.000 wz=+0.000 mag=0.00    [NAV2 -> STM32] vx=+0.000 vy=+0.000 wz=+0.000 mag=0.00    [NAV2 -> STM32] vx=+0.000 vy=+0.000 wz=+0.000 mag=0.00    [NAV2 -> STM32] vx=+0.000 vy=+0.000 wz=+0.000 mag=0.00    [NAV2 -> STM32] vx=+0.000 vy=+0.000 wz=+0.000 mag=0.00    [NAV2 -> STM32] vx=+0.000 vy=+0.000 wz=+0.000 mag=0.00    [NAV2 -> STM32] vx=+0.000 vy=+0.000 wz=+0.000 mag=0.00    [NAV2 -> STM32] vx=+0.000 vy=+0.000 wz=+0.000 mag=0.00    [NAV2 -> STM32] vx=+0.000 vy=+0.000 wz=+0.000 mag=0.00    [NAV2 -> STM32] vx=+0.000 vy=+0.000 wz=+0.000 mag=0.00    [NAV2 -> STM32] vx=+0.000 vy=+0.000 wz=+0.000 mag=0.00    [NAV2 -> STM32] vx=+0.000 vy=+0.000 wz=+0.000 mag=0.00    [NAV2 -> STM32] vx=+0.000 vy=+0.000 wz=+0.000 mag=0.00    [NAV2 -> STM32] vx=+0.000 vy=+0.000 wz=+0.000 mag=0.00    [NAV2 -> STM32] vx=+0.000 vy=+0.000 wz=+0.000 mag=0.00    [NAV2 -> STM32] vx=+0.000 vy=+0.000 wz=+0.000 mag=0.00    [NAV2 -> STM32] vx=+0.000 vy=+0.000 wz=+0.000 mag=0.00    [NAV2 -> STM32] vx=+0.000 vy=+0.000 wz=+0.000 mag=0.00    [NAV2 -> STM32] vx=+0.000 vy=+0.000 wz=+0.000 mag=0.00    [NAV2 -> STM32] vx=+0.000 vy=+0.000 wz=+0.000 mag=0.00    [NAV2 -> STM32] vx=+0.000 vy=+0.000 wz=+0.000 mag=0.00    [NAV2 -> STM32] vx=+0.000 vy=+0.000 wz=+0.000 mag=0.00    [NAV2 -> STM32] vx=+0.000 vy=+0.000 wz=+0.000 mag=0.00    [NAV2 -> STM32] vx=+0.000 vy=+0.000 wz=+0.000 mag=0.00    [NAV2 -> STM32] vx=+0.000 vy=+0.000 wz=+0.000 mag=0.00    [NAV2 -> STM32] vx=+0.000 vy=+0.000 wz=+0.000 mag=0.00    [NAV2 -> STM32] vx=+0.000 vy=+0.000 wz=+0.000 mag=0.00    [NAV2 -> STM32] vx=+0.000 vy=+0.000 wz=+0.000 mag=0.00    [NAV2 -> STM32] vx=+0.000 vy=+0.000 wz=+0.000 mag=0.00    [NAV2 -> STM32] vx=+0.000 vy=+0.000 wz=+0.000 mag=0.00    [NAV2 -> STM32] vx=+0.000 vy=+0.000 wz=+0.000 mag=0.00    [NAV2 -> STM32] vx=+0.000 vy=+0.000 wz=+0.000 mag=0.00    [NAV2 -> STM32] vx=+0.000 vy=+0.000 wz=+0.000 mag=0.00    [NAV2 -> STM32] vx=+0.000 vy=+0.000 wz=+0.000 mag=0.00    [NAV2 -> STM32] vx=+0.000 vy=+0.000 wz=+0.000 mag=0.00    [NAV2 -> STM32] vx=+0.000 vy=+0.000 wz=+0.000 mag=0.00    [NAV2 -> STM32] vx=+0.000 vy=+0.000 wz=+0.000 mag=0.00    [NAV2 -> STM32] vx=+0.000 vy=+0.000 wz=+0.000 mag=0.00    [NAV2 -> STM32] vx=+0.000 vy=+0.000 wz=+0.000 mag=0.00    [NAV2 -> STM32] vx=+0.000 vy=+0.000 wz=+0.000 mag=0.00    [NAV2 -> STM32] vx=+0.000 vy=+0.000 wz=+0.000 mag=0.00    [NAV2 -> STM32] vx=+0.000 vy=+0.000 wz=+0.000 mag=0.00    [NAV2 -> STM32] vx=+0.000 vy=+0.000 wz=+0.000 mag=0.00    [NAV2 -> STM32] vx=+0.000 vy=+0.000 wz=+0.000 mag=0.00    [NAV2 -> STM32] vx=+0.000 vy=+0.000 wz=+0.000 mag=0.00    [NAV2 -> STM32] vx=+0.000 vy=+0.000 wz=+0.000 mag=0.00    [NAV2 -> STM32] vx=+0.000 vy=+0.000 wz=+0.000 mag=0.00    [NAV2 -> STM32] vx=+0.000 vy=+0.000 wz=+0.000 mag=0.00    [NAV2 -> STM32] vx=+0.000 vy=+0.000 wz=+0.000 mag=0.00    [NAV2 -> STM32] vx=+0.000 vy=+0.000 wz=+0.000 mag=0.00    [NAV2 -> STM32] vx=+0.000 vy=+0.000 wz=+0.000 mag=0.00    [NAV2 -> STM32] vx=+0.000 vy=+0.000 wz=+0.000 mag=0.00    [NAV2 -> STM32] vx=+0.000 vy=+0.000 wz=+0.000 mag=0.00    [NAV2 -> STM32] vx=+0.000 vy=+0.000 wz=+0.000 mag=0.00    [NAV2 -> STM32] vx=+0.000 vy=+0.000 wz=+0.000 mag=0.00    [NAV2 -> STM32] vx=+0.000 vy=+0.000 wz=+0.000 mag=0.00    [NAV2 -> STM32] vx=+0.000 vy=+0.000 wz=+0.000 mag=0.00    [NAV2 -> STM32] vx=+0.000 vy=+0.000 wz=+0.000 mag=0.00    [NAV2 -> STM32] vx=+0.000 vy=+0.000 wz=+0.000 mag=0.00    [NAV2 -> STM32] vx=+0.000 vy=+0.000 wz=+0.000 mag=0.00    [NAV2 -> STM32] vx=+0.000 vy=+0.000 wz=+0.000 mag=0.00    [NAV2 -> STM32] vx=+0.000 vy=+0.000 wz=+0.000 mag=0.00    [NAV2 -> STM32] vx=+0.000 vy=+0.000 wz=+0.000 mag=0.00    [NAV2 -> STM32] vx=+0.000 vy=+0.000 wz=+0.000 mag=0.00    [NAV2 -> STM32] vx=+0.000 vy=+0.000 wz=+0.000 mag=0.00    [NAV2 -> STM32] vx=+0.000 vy=+0.000 wz=+0.000 mag=0.00    [NAV2 -> STM32] vx=+0.000 vy=+0.000 wz=+0.000 mag=0.00    [NAV2 -> STM32] vx=+0.000 vy=+0.000 wz=+0.000 mag=0.00    [NAV2 -> STM32] vx=+0.000 vy=+0.000 wz=+0.000 mag=0.00    [NAV2 -> STM32] vx=+0.000 vy=+0.000 wz=+0.000 mag=0.00    [NAV2 -> STM32] vx=+0.000 vy=+0.000 wz=+0.000 mag=0.00    [NAV2 -> STM32] vx=+0.000 vy=+0.000 wz=+0.000 mag=0.00    [NAV2 -> STM32] vx=+0.000 vy=+0.000 wz=+0.000 mag=0.00    [NAV2 -> STM32] vx=+0.000 vy=+0.000 wz=+0.000 mag=0.00    [NAV2 -> STM32] vx=+0.000 vy=+0.000 wz=+0.000 mag=0.00    [NAV2 -> STM32] vx=+0.000 vy=+0.000 wz=+0.000 mag=0.00    [NAV2 -> STM32] vx=+0.000 vy=+0.000 wz=+0.000 mag=0.00    [NAV2 -> STM32] vx=+0.000 vy=+0.000 wz=+0.000 mag=0.00    [NAV2 -> STM32] vx=+0.000 vy=+0.000 wz=+0.000 mag=0.00    [NAV2 -> STM32] vx=+0.000 vy=+0.000 wz=+0.000 mag=0.00    [NAV2 -> STM32] vx=+0.000 vy=+0.000 wz=+0.000 mag=0.00    [NAV2 -> STM32] vx=+0.000 vy=+0.000 wz=+0.000 mag=0.00    [NAV2 -> STM32] vx=+0.000 vy=+0.000 wz=+0.000 mag=0.00    [NAV2 -> STM32] vx=+0.000 vy=+0.000 wz=+0.000 mag=0.00    [NAV2 -> STM32] vx=+0.000 vy=+0.000 wz=+0.000 mag=0.00    [NAV2 -> STM32] vx=+0.000 vy=+0.000 wz=+0.000 mag=0.00    [NAV2 -> STM32] vx=+0.000 vy=+0.000 wz=+0.000 mag=0.00    [NAV2 -> STM32] vx=+0.000 vy=+0.000 wz=+0.000 mag=0.00    [NAV2 -> STM32] vx=+0.000 vy=+0.000 wz=+0.000 mag=0.00    [NAV2 -> STM32] vx=+0.000 vy=+0.000 wz=+0.000 mag=0.00    [NAV2 -> STM32] vx=+0.000 vy=+0.000 wz=+0.000 mag=0.00    [NAV2 -> STM32] vx=+0.000 vy=+0.000 wz=+0.000 mag=0.00    [NAV2 -> STM32] vx=+0.000 vy=+0.000 wz=+0.000 mag=0.00    [NAV2 -> STM32] vx=+0.000 vy=+0.000 wz=+0.000 mag=0.00    [NAV2 -> STM32] vx=+0.000 vy=+0.000 wz=+0.000 mag=0.00    [NAV2 -> STM32] vx=+0.000 vy=+0.000 wz=+0.000 mag=0.00    [NAV2 -> STM32] vx=+0.000 vy=+0.000 wz=+0.000 mag=0.00    [NAV2 -> STM32] vx=+0.000 vy=+0.000 wz=+0.000 mag=0.00    [NAV2 -> STM32] vx=+0.000 vy=+0.000 wz=+0.000 mag=0.00    [NAV2 -> STM32] vx=+0.000 vy=+0.000 wz=+0.000 mag=0.00    [NAV2 -> STM32] vx=+0.000 vy=+0.000 wz=+0.000 mag=0.00    [NAV2 -> STM32] vx=+0.000 vy=+0.000 wz=+0.000 mag=0.00    [NAV2 -> STM32] vx=+0.000 vy=+0.000 wz=+0.000 mag=0.00    [NAV2 -> STM32] vx=+0.000 vy=+0.000 wz=+0.000 mag=0.00    [NAV2 -> STM32] vx=+0.000 vy=+0.000 wz=+0.000 mag=0.00    [NAV2 -> STM32] vx=+0.000 vy=+0.000 wz=+0.000 mag=0.00    [NAV2 -> STM32] vx=+0.000 vy=+0.000 wz=+0.000 mag=0.00    [NAV2 -> STM32] vx=+0.000 vy=+0.000 wz=+0.000 mag=0.00    [NAV2 -> STM32] vx=+0.000 vy=+0.000 wz=+0.000 mag=0.00    [NAV2 -> STM32] vx=+0.000 vy=+0.000 wz=+0.000 mag=0.00    [NAV2 -> STM32] vx=+0.000 vy=+0.000 wz=+0.000 mag=0.00    [NAV2 -> STM32] vx=+0.000 vy=+0.000 wz=+0.000 mag=0.00    [NAV2 -> STM32] vx=+0.000 vy=+0.000 wz=+0.000 mag=0.00    [NAV2 -> STM32] vx=+0.000 vy=+0.000 wz=+0.000 mag=0.00    [NAV2 -> STM32] vx=+0.000 vy=+0.000 wz=+0.000 mag=0.00    [NAV2 -> STM32] vx=+0.000 vy=+0.000 wz=+0.000 mag=0.00    [NAV2 -> STM32] vx=+0.000 vy=+0.000 wz=+0.000 mag=0.00    [NAV2 -> STM32] vx=+0.000 vy=+0.000 wz=+0.000 mag=0.00    [NAV2 -> STM32] vx=+0.000 vy=+0.000 wz=+0.000 mag=0.00    [NAV2 -> STM32] vx=+0.000 vy=+0.000 wz=+0.000 mag=0.00    [NAV2 -> STM32] vx=+0.000 vy=+0.000 wz=+0.000 mag=0.00    [NAV2 -> STM32] vx=+0.000 vy=+0.000 wz=+0.000 mag=0.00    [NAV2 -> STM32] vx=+0.000 vy=+0.000 wz=+0.000 mag=0.00    [NAV2 -> STM32] vx=+0.000 vy=+0.000 wz=+0.000 mag=0.00    [NAV2 -> STM32] vx=+0.000 vy=+0.000 wz=+0.000 mag=0.00    [NAV2 -> STM32] vx=+0.000 vy=+0.000 wz=+0.000 mag=0.00    [NAV2 -> STM32] vx=+0.000 vy=+0.000 wz=+0.000 mag=0.00    [NAV2 -> STM32] vx=+0.000 vy=+0.000 wz=+0.000 mag=0.00    [NAV2 -> STM32] vx=+0.000 vy=+0.000 wz=+0.000 mag=0.00    [NAV2 -> STM32] vx=+0.000 vy=+0.000 wz=+0.000 mag=0.00    [NAV2 -> STM32] vx=+0.000 vy=+0.000 wz=+0.000 mag=0.00    [NAV2 -> STM32] vx=+0.000 vy=+0.000 wz=+0.000 mag=0.00    [NAV2 -> STM32] vx=+0.000 vy=+0.000 wz=+0.000 mag=0.00    [NAV2 -> STM32] vx=+0.000 vy=+0.000 wz=+0.000 mag=0.00    [NAV2 -> STM32] vx=+0.000 vy=+0.000 wz=+0.000 mag=0.00    [NAV2 -> STM32] vx=+0.000 vy=+0.000 wz=+0.000 mag=0.00    [NAV2 -> STM32] vx=+0.000 vy=+0.000 wz=+0.000 mag=0.00    [NAV2 -> STM32] vx=+0.000 vy=+0.000 wz=+0.000 mag=0.00    [NAV2 -> STM32] vx=+0.000 vy=+0.000 wz=+0.000 mag=0.00    [NAV2 -> STM32] vx=+0.000 vy=+0.000 wz=+0.000 mag=0.00    [NAV2 -> STM32] vx=+0.000 vy=+0.000 wz=+0.000 mag=0.00    [NAV2 -> STM32] vx=+0.000 vy=+0.000 wz=+0.000 mag=0.00    [NAV2 -> STM32] vx=+0.000 vy=+0.000 wz=+0.000 mag=0.00    [NAV2 -> STM32] vx=+0.000 vy=+0.000 wz=+0.000 mag=0.00    [NAV2 -> STM32] vx=+0.000 vy=+0.000 wz=+0.000 mag=0.00    [NAV2 -> STM32] vx=+0.000 vy=+0.000 wz=+0.000 mag=0.00    [NAV2 -> STM32] vx=+0.000 vy=+0.000 wz=+0.000 mag=0.00    [NAV2 -> STM32] vx=+0.000 vy=+0.000 wz=+0.000 mag=0.00    [NAV2 -> STM32] vx=+0.000 vy=+0.000 wz=+0.000 mag=0.00    [NAV2 -> STM32] vx=+0.000 vy=+0.000 wz=+0.000 mag=0.00    [NAV2 -> STM32] vx=+0.000 vy=+0.000 wz=+0.000 mag=0.00    [NAV2 -> STM32] vx=+0.000 vy=+0.000 wz=+0.000 mag=0.00    [NAV2 -> STM32] vx=+0.000 vy=+0.000 wz=+0.000 mag=0.00    [NAV2 -> STM32] vx=+0.000 vy=+0.000 wz=+0.000 mag=0.00    [NAV2 -> STM32] vx=+0.000 vy=+0.000 wz=+0.000 mag=0.00    [NAV2 -> STM32] vx=+0.000 vy=+0.000 wz=+0.000 mag=0.00    [NAV2 -> STM32] vx=+0.000 vy=+0.000 wz=+0.000 mag=0.00    [NAV2 -> STM32] vx=+0.000 vy=+0.000 wz=+0.000 mag=0.00    [NAV2 -> STM32] vx=+0.000 vy=+0.000 wz=+0.000 mag=0.00    [NAV2 -> STM32] vx=+0.000 vy=+0.000 wz=+0.000 mag=0.00    [NAV2 -> STM32] vx=+0.000 vy=+0.000 wz=+0.000 mag=0.00    [NAV2 -> STM32] vx=+0.000 vy=+0.000 wz=+0.000 mag=0.00    [NAV2 -> STM32] vx=+0.000 vy=+0.000 wz=+0.000 mag=0.00    [NAV2 -> STM32] vx=+0.000 vy=+0.000 wz=+0.000 mag=0.00    [NAV2 -> STM32] vx=+0.000 vy=+0.000 wz=+0.000 mag=0.00    [NAV2 -> STM32] vx=+0.000 vy=+0.000 wz=+0.000 mag=0.00    [NAV2 -> STM32] vx=+0.000 vy=+0.000 wz=+0.000 mag=0.00    [NAV2 -> STM32] vx=+0.000 vy=+0.000 wz=+0.000 mag=0.00    [NAV2 -> STM32] vx=+0.000 vy=+0.000 wz=+0.000 mag=0.00    [NAV2 -> STM32] vx=+0.000 vy=+0.000 wz=+0.000 mag=0.00    [NAV2 -> STM32] vx=+0.000 vy=+0.000 wz=+0.000 mag=0.00    [NAV2 -> STM32] vx=+0.000 vy=+0.000 wz=+0.000 mag=0.00    [NAV2 -> STM32] vx=+0.000 vy=+0.000 wz=+0.000 mag=0.00    [NAV2 -> STM32] vx=+0.000 vy=+0.000 wz=+0.000 mag=0.00    [NAV2 -> STM32] vx=+0.000 vy=+0.000 wz=+0.000 mag=0.00    [NAV2 -> STM32] vx=+0.000 vy=+0.000 wz=+0.000 mag=0.00    [NAV2 -> STM32] vx=+0.000 vy=+0.000 wz=+0.000 mag=0.00    [NAV2 -> STM32] vx=+0.000 vy=+0.000 wz=+0.000 mag=0.00    [NAV2 -> STM32] vx=+0.000 vy=+0.000 wz=+0.000 mag=0.00    [NAV2 -> STM32] vx=+0.000 vy=+0.000 wz=+0.000 mag=0.00    [NAV2 -> STM32] vx=+0.000 vy=+0.000 wz=+0.000 mag=0.00    [NAV2 -> STM32] vx=+0.000 vy=+0.000 wz=+0.000 mag=0.00    [NAV2 -> STM32] vx=+0.000 vy=+0.000 wz=+0.000 mag=0.00    [NAV2 -> STM32] vx=+0.000 vy=+0.000 wz=+0.000 mag=0.00    [NAV2 -> STM32] vx=+0.000 vy=+0.000 wz=+0.000 mag=0.00    [NAV2 -> STM32] vx=+0.000 vy=+0.000 wz=+0.000 mag=0.00    [NAV2 -> STM32] vx=+0.000 vy=+0.000 wz=+0.000 mag=0.00    [NAV2 -> STM32] vx=+0.000 vy=+0.000 wz=+0.000 mag=0.00    [NAV2 -> STM32] vx=+0.000 vy=+0.000 wz=+0.000 mag=0.00    [NAV2 -> STM32] vx=+0.000 vy=+0.000 wz=+0.000 mag=0.00    [NAV2 -> STM32] vx=+0.000 vy=+0.000 wz=+0.000 mag=0.00    [NAV2 -> STM32] vx=+0.000 vy=+0.000 wz=+0.000 mag=0.00    [NAV2 -> STM32] vx=+0.000 vy=+0.000 wz=+0.000 mag=0.00    [NAV2 -> STM32] vx=+0.000 vy=+0.000 wz=+0.000 mag=0.00    [NAV2 -> STM32] vx=+0.000 vy=+0.000 wz=+0.000 mag=0.00    [NAV2 -> STM32] vx=+0.000 vy=+0.000 wz=+0.000 mag=0.00    [NAV2 -> STM32] vx=+0.000 vy=+0.000 wz=+0.000 mag=0.00    [NAV2 -> STM32] vx=+0.000 vy=+0.000 wz=+0.000 mag=0.00    [NAV2 -> STM32] vx=+0.000 vy=+0.000 wz=+0.000 mag=0.00    [NAV2 -> STM32] vx=+0.000 vy=+0.000 wz=+0.000 mag=0.00    [NAV2 -> STM32] vx=+0.000 vy=+0.000 wz=+0.000 mag=0.00    [NAV2 -> STM32] vx=+0.000 vy=+0.000 wz=+0.000 mag=0.00    [NAV2 -> STM32] vx=+0.000 vy=+0.000 wz=+0.000 mag=0.00    [NAV2 -> STM32] vx=+0.000 vy=+0.000 wz=+0.000 mag=0.00    [NAV2 -> STM32] vx=+0.000 vy=+0.000 wz=+0.000 mag=0.00    [NAV2 -> STM32] vx=+0.000 vy=+0.000 wz=+0.000 mag=0.00    [NAV2 -> STM32] vx=+0.000 vy=+0.000 wz=+0.000 mag=0.00    [NAV2 -> STM32] vx=+0.000 vy=+0.000 wz=+0.000 mag=0.00    [NAV2 -> STM32] vx=+0.000 vy=+0.000 wz=+0.000 mag=0.00    [NAV2 -> STM32] vx=+0.000 vy=+0.000 wz=+0.000 mag=0.00    [NAV2 -> STM32] vx=+0.000 vy=+0.000 wz=+0.000 mag=0.00    [NAV2 -> STM32] vx=+0.000 vy=+0.000 wz=+0.000 mag=0.00    [NAV2 -> STM32] vx=+0.000 vy=+0.000 wz=+0.000 mag=0.00    [NAV2 -> STM32] vx=+0.000 vy=+0.000 wz=+0.000 mag=0.00    [NAV2 -> STM32] vx=+0.000 vy=+0.000 wz=+0.000 mag=0.00    [NAV2 -> STM32] vx=+0.000 vy=+0.000 wz=+0.000 mag=0.00    [NAV2 -> STM32] vx=+0.000 vy=+0.000 wz=+0.000 mag=0.00    [NAV2 -> STM32] vx=+0.000 vy=+0.000 wz=+0.000 mag=0.00    [NAV2 -> STM32] vx=+0.000 vy=+0.000 wz=+0.000 mag=0.00    [NAV2 -> STM32] vx=+0.000 vy=+0.000 wz=+0.000 mag=0.00    [NAV2 -> STM32] vx=+0.000 vy=+0.000 wz=+0.000 mag=0.00    [NAV2 -> STM32] vx=+0.000 vy=+0.000 wz=+0.000 mag=0.00    [NAV2 -> STM32] vx=+0.000 vy=+0.000 wz=+0.000 mag=0.00    [NAV2 -> STM32] vx=+0.000 vy=+0.000 wz=+0.000 mag=0.00    [NAV2 -> STM32] vx=+0.000 vy=+0.000 wz=+0.000 mag=0.00    [NAV2 -> STM32] vx=+0.000 vy=+0.000 wz=+0.000 mag=0.00    [NAV2 -> STM32] vx=+0.000 vy=+0.000 wz=+0.000 mag=0.00    [NAV2 -> STM32] vx=+0.000 vy=+0.000 wz=+0.000 mag=0.00    [NAV2 -> STM32] vx=+0.000 vy=+0.000 wz=+0.000 mag=0.00    [NAV2 -> STM32] vx=+0.000 vy=+0.000 wz=+0.000 mag=0.00    [NAV2 -> STM32] vx=+0.000 vy=+0.000 wz=+0.000 mag=0.00    [NAV2 -> STM32] vx=+0.000 vy=+0.000 wz=+0.000 mag=0.00    [NAV2 -> STM32] vx=+0.000 vy=+0.000 wz=+0.000 mag=0.00    [NAV2 -> STM32] vx=+0.000 vy=+0.000 wz=+0.000 mag=0.00    [NAV2 -> STM32] vx=+0.000 vy=+0.000 wz=+0.000 mag=0.00    [NAV2 -> STM32] vx=+0.000 vy=+0.000 wz=+0.000 mag=0.00    [NAV2 -> STM32] vx=+0.000 vy=+0.000 wz=+0.000 mag=0.00    [NAV2 -> STM32] vx=+0.000 vy=+0.000 wz=+0.000 mag=0.00    [NAV2 -> STM32] vx=+0.000 vy=+0.000 wz=+0.000 mag=0.00    [NAV2 -> STM32] vx=+0.000 vy=+0.000 wz=+0.000 mag=0.00    [NAV2 -> STM32] vx=+0.000 vy=+0.000 wz=+0.000 mag=0.00    [NAV2 -> STM32] vx=+0.000 vy=+0.000 wz=+0.000 mag=0.00    [NAV2 -> STM32] vx=+0.000 vy=+0.000 wz=+0.000 mag=0.00    [NAV2 -> STM32] vx=+0.000 vy=+0.000 wz=+0.000 mag=0.00    [NAV2 -> STM32] vx=+0.000 vy=+0.000 wz=+0.000 mag=0.00    [NAV2 -> STM32] vx=+0.000 vy=+0.000 wz=+0.000 mag=0.00    [NAV2 -> STM32] vx=+0.000 vy=+0.000 wz=+0.000 mag=0.00    [NAV2 -> STM32] vx=+0.000 vy=+0.000 wz=+0.000 mag=0.00    [NAV2 -> STM32] vx=+0.000 vy=+0.000 wz=+0.000 mag=0.00    [NAV2 -> STM32] vx=+0.000 vy=+0.000 wz=+0.000 mag=0.00    [NAV2 -> STM32] vx=+0.000 vy=+0.000 wz=+0.000 mag=0.00    [NAV2 -> STM32] vx=+0.000 vy=+0.000 wz=+0.000 mag=0.00    [NAV2 -> STM32] vx=+0.000 vy=+0.000 wz=+0.000 mag=0.00    [NAV2 -> STM32] vx=+0.000 vy=+0.000 wz=+0.000 mag=0.00    [NAV2 -> STM32] vx=+0.000 vy=+0.000 wz=+0.000 mag=0.00    [NAV2 -> STM32] vx=+0.000 vy=+0.000 wz=+0.000 mag=0.00    [NAV2 -> STM32] vx=+0.000 vy=+0.000 wz=+0.000 mag=0.00    [NAV2 -> STM32] vx=+0.000 vy=+0.000 wz=+0.000 mag=0.00    [NAV2 -> STM32] vx=+0.000 vy=+0.000 wz=+0.000 mag=0.00    [NAV2 -> STM32] vx=+0.000 vy=+0.000 wz=+0.000 mag=0.00    [NAV2 -> STM32] vx=+0.000 vy=+0.000 wz=+0.000 mag=0.00    [NAV2 -> STM32] vx=+0.000 vy=+0.000 wz=+0.000 mag=0.00    [NAV2 -> STM32] vx=+0.000 vy=+0.000 wz=+0.000 mag=0.00    [NAV2 -> STM32] vx=+0.000 vy=+0.000 wz=+0.000 mag=0.00    [NAV2 -> STM32] vx=+0.000 vy=+0.000 wz=+0.000 mag=0.00    [NAV2 -> STM32] vx=+0.000 vy=+0.000 wz=+0.000 mag=0.00    [NAV2 -> STM32] vx=+0.000 vy=+0.000 wz=+0.000 mag=0.00    [NAV2 -> STM32] vx=+0.000 vy=+0.000 wz=+0.000 mag=0.00    [NAV2 -> STM32] vx=+0.000 vy=+0.000 wz=+0.000 mag=0.00    [NAV2 -> STM32] vx=+0.000 vy=+0.000 wz=+0.000 mag=0.00    [NAV2 -> STM32] vx=+0.000 vy=+0.000 wz=+0.000 mag=0.00    [NAV2 -> STM32] vx=+0.000 vy=+0.000 wz=+0.000 mag=0.00    [NAV2 -> STM32] vx=+0.000 vy=+0.000 wz=+0.000 mag=0.00    [NAV2 -> STM32] vx=+0.000 vy=+0.000 wz=+0.000 mag=0.00    [NAV2 -> STM32] vx=+0.000 vy=+0.000 wz=+0.000 mag=0.00    [NAV2 -> STM32] vx=+0.000 vy=+0.000 wz=+0.000 mag=0.00    [NAV2 -> STM32] vx=+0.000 vy=+0.000 wz=+0.000 mag=0.00    [NAV2 -> STM32] vx=+0.000 vy=+0.000 wz=+0.000 mag=0.00    [NAV2 -> STM32] vx=+0.000 vy=+0.000 wz=+0.000 mag=0.00    [NAV2 -> STM32] vx=+0.000 vy=+0.000 wz=+0.000 mag=0.00    [NAV2 -> STM32] vx=+0.000 vy=+0.000 wz=+0.000 mag=0.00    [NAV2 -> STM32] vx=+0.000 vy=+0.000 wz=+0.000 mag=0.00    [NAV2 -> STM32] vx=+0.000 vy=+0.000 wz=+0.000 mag=0.00    [NAV2 -> STM32] vx=+0.000 vy=+0.000 wz=+0.000 mag=0.00    [NAV2 -> STM32] vx=+0.000 vy=+0.000 wz=+0.000 mag=0.00    [NAV2 -> STM32] vx=+0.000 vy=+0.000 wz=+0.000 mag=0.00    [NAV2 -> STM32] vx=+0.000 vy=+0.000 wz=+0.000 mag=0.00    [NAV2 -> STM32] vx=+0.000 vy=+0.000 wz=+0.000 mag=0.00    [NAV2 -> STM32] vx=+0.000 vy=+0.000 wz=+0.000 mag=0.00    [NAV2 -> STM32] vx=+0.000 vy=+0.000 wz=+0.000 mag=0.00    [NAV2 -> STM32] vx=+0.000 vy=+0.000 wz=+0.000 mag=0.00    [NAV2 -> STM32] vx=+0.000 vy=+0.000 wz=+0.000 mag=0.00    [NAV2 -> STM32] vx=+0.000 vy=+0.000 wz=+0.000 mag=0.00    [NAV2 -> STM32] vx=+0.000 vy=+0.000 wz=+0.000 mag=0.00    [NAV2 -> STM32] vx=+0.000 vy=+0.000 wz=+0.000 mag=0.00    [NAV2 -> STM32] vx=+0.000 vy=+0.000 wz=+0.000 mag=0.00    [NAV2 -> STM32] vx=+0.000 vy=+0.000 wz=+0.000 mag=0.00    [NAV2 -> STM32] vx=+0.000 vy=+0.000 wz=+0.000 mag=0.00    [NAV2 -> STM32] vx=+0.000 vy=+0.000 wz=+0.000 mag=0.00    [NAV2 -> STM32] vx=+0.000 vy=+0.000 wz=+0.000 mag=0.00    [NAV2 -> STM32] vx=+0.000 vy=+0.000 wz=+0.000 mag=0.00    [NAV2 -> STM32] vx=+0.000 vy=+0.000 wz=+0.000 mag=0.00    [NAV2 -> STM32] vx=+0.000 vy=+0.000 wz=+0.000 mag=0.00    [NAV2 -> STM32] vx=+0.000 vy=+0.000 wz=+0.000 mag=0.00    [NAV2 -> STM32] vx=+0.000 vy=+0.000 wz=+0.000 mag=0.00    [NAV2 -> STM32] vx=+0.000 vy=+0.000 wz=+0.000 mag=0.00    [NAV2 -> STM32] vx=+0.000 vy=+0.000 wz=+0.000 mag=0.00    [NAV2 -> STM32] vx=+0.000 vy=+0.000 wz=+0.000 mag=0.00    [NAV2 -> STM32] vx=+0.000 vy=+0.000 wz=+0.000 mag=0.00    [NAV2 -> STM32] vx=+0.000 vy=+0.000 wz=+0.000 mag=0.00    [NAV2 -> STM32] vx=+0.000 vy=+0.000 wz=+0.000 mag=0.00    [NAV2 -> STM32] vx=+0.000 vy=+0.000 wz=+0.000 mag=0.00    [NAV2 -> STM32] vx=+0.000 vy=+0.000 wz=+0.000 mag=0.00    [NAV2 -> STM32] vx=+0.000 vy=+0.000 wz=+0.000 mag=0.00    [NAV2 -> STM32] vx=+0.000 vy=+0.000 wz=+0.000 mag=0.00    [NAV2 -> STM32] vx=+0.000 vy=+0.000 wz=+0.000 mag=0.00    [NAV2 -> STM32] vx=+0.000 vy=+0.000 wz=+0.000 mag=0.00    [NAV2 -> STM32] vx=+0.000 vy=+0.000 wz=+0.000 mag=0.00    [NAV2 -> STM32] vx=+0.000 vy=+0.000 wz=+0.000 mag=0.00    [NAV2 -> STM32] vx=+0.000 vy=+0.000 wz=+0.000 mag=0.00    [NAV2 -> STM32] vx=+0.000 vy=+0.000 wz=+0.000 mag=0.00    [NAV2 -> STM32] vx=+0.000 vy=+0.000 wz=+0.000 mag=0.00    [NAV2 -> STM32] vx=+0.000 vy=+0.000 wz=+0.000 mag=0.00    [NAV2 -> STM32] vx=+0.000 vy=+0.000 wz=+0.000 mag=0.00    [NAV2 -> STM32] vx=+0.000 vy=+0.000 wz=+0.000 mag=0.00    [NAV2 -> STM32] vx=+0.000 vy=+0.000 wz=+0.000 mag=0.00    [NAV2 -> STM32] vx=+0.000 vy=+0.000 wz=+0.000 mag=0.00    [NAV2 -> STM32] vx=+0.000 vy=+0.000 wz=+0.000 mag=0.00    [NAV2 -> STM32] vx=+0.000 vy=+0.000 wz=+0.000 mag=0.00    [NAV2 -> STM32] vx=+0.000 vy=+0.000 wz=+0.000 mag=0.00    [NAV2 -> STM32] vx=+0.000 vy=+0.000 wz=+0.000 mag=0.00    [NAV2 -> STM32] vx=+0.000 vy=+0.000 wz=+0.000 mag=0.00    [NAV2 -> STM32] vx=+0.000 vy=+0.000 wz=+0.000 mag=0.00    [NAV2 -> STM32] vx=+0.000 vy=+0.000 wz=+0.000 mag=0.00    [NAV2 -> STM32] vx=+0.000 vy=+0.000 wz=+0.000 mag=0.00    [NAV2 -> STM32] vx=+0.000 vy=+0.000 wz=+0.000 mag=0.00    [NAV2 -> STM32] vx=+0.000 vy=+0.000 wz=+0.000 mag=0.00    [NAV2 -> STM32] vx=+0.000 vy=+0.000 wz=+0.000 mag=0.00    [NAV2 -> STM32] vx=+0.000 vy=+0.000 wz=+0.000 mag=0.00    [NAV2 -> STM32] vx=+0.000 vy=+0.000 wz=+0.000 mag=0.00    [NAV2 -> STM32] vx=+0.000 vy=+0.000 wz=+0.000 mag=0.00    [NAV2 -> STM32] vx=+0.000 vy=+0.000 wz=+0.000 mag=0.00    [NAV2 -> STM32] vx=+0.000 vy=+0.000 wz=+0.000 mag=0.00    [NAV2 -> STM32] vx=+0.000 vy=+0.000 wz=+0.000 mag=0.00    [NAV2 -> STM32] vx=+0.000 vy=+0.000 wz=+0.000 mag=0.00    [NAV2 -> STM32] vx=+0.000 vy=+0.000 wz=+0.000 mag=0.00    [NAV2 -> STM32] vx=+0.000 vy=+0.000 wz=+0.000 mag=0.00    [NAV2 -> STM32] vx=+0.000 vy=+0.000 wz=+0.000 mag=0.00    [NAV2 -> STM32] vx=+0.000 vy=+0.000 wz=+0.000 mag=0.00    [NAV2 -> STM32] vx=+0.000 vy=+0.000 wz=+0.000 mag=0.00    [NAV2 -> STM32] vx=+0.000 vy=+0.000 wz=+0.000 mag=0.00    [NAV2 -> STM32] vx=+0.000 vy=+0.000 wz=+0.000 mag=0.00    [NAV2 -> STM32] vx=+0.000 vy=+0.000 wz=+0.000 mag=0.00    [NAV2 -> STM32] vx=+0.000 vy=+0.000 wz=+0.000 mag=0.00    [NAV2 -> STM32] vx=+0.000 vy=+0.000 wz=+0.000 mag=0.00    [NAV2 -> STM32] vx=+0.000 vy=+0.000 wz=+0.000 mag=0.00    [NAV2 -> STM32] vx=+0.000 vy=+0.000 wz=+0.000 mag=0.00    [NAV2 -> STM32] vx=+0.000 vy=+0.000 wz=+0.000 mag=0.00    [NAV2 -> STM32] vx=+0.000 vy=+0.000 wz=+0.000 mag=0.00    [NAV2 -> STM32] vx=+0.000 vy=+0.000 wz=+0.000 mag=0.00    [NAV2 -> STM32] vx=+0.000 vy=+0.000 wz=+0.000 mag=0.00    [NAV2 -> STM32] vx=+0.000 vy=+0.000 wz=+0.000 mag=0.00    [NAV2 -> STM32] vx=+0.000 vy=+0.000 wz=+0.000 mag=0.00    [NAV2 -> STM32] vx=+0.000 vy=+0.000 wz=+0.000 mag=0.00    [NAV2 -> STM32] vx=+0.000 vy=+0.000 wz=+0.000 mag=0.00    [NAV2 -> STM32] vx=+0.000 vy=+0.000 wz=+0.000 mag=0.00    [NAV2 -> STM32] vx=+0.000 vy=+0.000 wz=+0.000 mag=0.00    [NAV2 -> STM32] vx=+0.000 vy=+0.000 wz=+0.000 mag=0.00    [NAV2 -> STM32] vx=+0.000 vy=+0.000 wz=+0.000 mag=0.00    [NAV2 -> STM32] vx=+0.000 vy=+0.000 wz=+0.000 mag=0.00    [NAV2 -> STM32] vx=+0.000 vy=+0.000 wz=+0.000 mag=0.00    [NAV2 -> STM32] vx=+0.000 vy=+0.000 wz=+0.000 mag=0.00    [NAV2 -> STM32] vx=+0.000 vy=+0.000 wz=+0.000 mag=0.00    [NAV2 -> STM32] vx=+0.000 vy=+0.000 wz=+0.000 mag=0.00    [NAV2 -> STM32] vx=+0.000 vy=+0.000 wz=+0.000 mag=0.00    [NAV2 -> STM32] vx=+0.000 vy=+0.000 wz=+0.000 mag=0.00    [NAV2 -> STM32] vx=+0.000 vy=+0.000 wz=+0.000 mag=0.00    [NAV2 -> STM32] vx=+0.000 vy=+0.000 wz=+0.000 mag=0.00    [NAV2 -> STM32] vx=+0.000 vy=+0.000 wz=+0.000 mag=0.00    [NAV2 -> STM32] vx=+0.000 vy=+0.000 wz=+0.000 mag=0.00    [NAV2 -> STM32] vx=+0.000 vy=+0.000 wz=+0.000 mag=0.00    [NAV2 -> STM32] vx=+0.000 vy=+0.000 wz=+0.000 mag=0.00    [NAV2 -> STM32] vx=+0.000 vy=+0.000 wz=+0.000 mag=0.00    [NAV2 -> STM32] vx=+0.000 vy=+0.000 wz=+0.000 mag=0.00    [NAV2 -> STM32] vx=+0.000 vy=+0.000 wz=+0.000 mag=0.00    [NAV2 -> STM32] vx=+0.000 vy=+0.000 wz=+0.000 mag=0.00    [NAV2 -> STM32] vx=+0.000 vy=+0.000 wz=+0.000 mag=0.00    [NAV2 -> STM32] vx=+0.000 vy=+0.000 wz=+0.000 mag=0.00    [NAV2 -> STM32] vx=+0.000 vy=+0.000 wz=+0.000 mag=0.00    [NAV2 -> STM32] vx=+0.000 vy=+0.000 wz=+0.000 mag=0.00    [NAV2 -> STM32] vx=+0.000 vy=+0.000 wz=+0.000 mag=0.00    [NAV2 -> STM32] vx=+0.000 vy=+0.000 wz=+0.000 mag=0.00    [NAV2 -> STM32] vx=+0.000 vy=+0.000 wz=+0.000 mag=0.00    [NAV2 -> STM32] vx=+0.000 vy=+0.000 wz=+0.000 mag=0.00    [NAV2 -> STM32] vx=+0.000 vy=+0.000 wz=+0.000 mag=0.00    [NAV2 -> STM32] vx=+0.000 vy=+0.000 wz=+0.000 mag=0.00    [NAV2 -> STM32] vx=+0.000 vy=+0.000 wz=+0.000 mag=0.00    [NAV2 -> STM32] vx=+0.000 vy=+0.000 wz=+0.000 mag=0.00    [NAV2 -> STM32] vx=+0.000 vy=+0.000 wz=+0.000 mag=0.00    [NAV2 -> STM32] vx=+0.000 vy=+0.000 wz=+0.000 mag=0.00    [NAV2 -> STM32] vx=+0.000 vy=+0.000 wz=+0.000 mag=0.00    [NAV2 -> STM32] vx=+0.000 vy=+0.000 wz=+0.000 mag=0.00    [NAV2 -> STM32] vx=+0.000 vy=+0.000 wz=+0.000 mag=0.00    [NAV2 -> STM32] vx=+0.000 vy=+0.000 wz=+0.000 mag=0.00    [NAV2 -> STM32] vx=+0.000 vy=+0.000 wz=+0.000 mag=0.00    [NAV2 -> STM32] vx=+0.000 vy=+0.000 wz=+0.000 mag=0.00    [NAV2 -> STM32] vx=+0.000 vy=+0.000 wz=+0.000 mag=0.00    [NAV2 -> STM32] vx=+0.000 vy=+0.000 wz=+0.000 mag=0.00    [NAV2 -> STM32] vx=+0.000 vy=+0.000 wz=+0.000 mag=0.00    [NAV2 -> STM32] vx=+0.000 vy=+0.000 wz=+0.000 mag=0.00    [NAV2 -> STM32] vx=+0.000 vy=+0.000 wz=+0.000 mag=0.00    [NAV2 -> STM32] vx=+0.000 vy=+0.000 wz=+0.000 mag=0.00    [NAV2 -> STM32] vx=+0.000 vy=+0.000 wz=+0.000 mag=0.00    [NAV2 -> STM32] vx=+0.000 vy=+0.000 wz=+0.000 mag=0.00    [NAV2 -> STM32] vx=+0.000 vy=+0.000 wz=+0.000 mag=0.00    [NAV2 -> STM32] vx=+0.000 vy=+0.000 wz=+0.000 mag=0.00    [NAV2 -> STM32] vx=+0.000 vy=+0.000 wz=+0.000 mag=0.00    [NAV2 -> STM32] vx=+0.000 vy=+0.000 wz=+0.000 mag=0.00    [NAV2 -> STM32] vx=+0.000 vy=+0.000 wz=+0.000 mag=0.00    [NAV2 -> STM32] vx=+0.000 vy=+0.000 wz=+0.000 mag=0.00    [NAV2 -> STM32] vx=+0.000 vy=+0.000 wz=+0.000 mag=0.00    [NAV2 -> STM32] vx=+0.000 vy=+0.000 wz=+0.000 mag=0.00    [NAV2 -> STM32] vx=+0.000 vy=+0.000 wz=+0.000 mag=0.00    [NAV2 -> STM32] vx=+0.000 vy=+0.000 wz=+0.000 mag=0.00    [NAV2 -> STM32] vx=+0.000 vy=+0.000 wz=+0.000 mag=0.00    [NAV2 -> STM32] vx=+0.000 vy=+0.000 wz=+0.000 mag=0.00    [NAV2 -> STM32] vx=+0.000 vy=+0.000 wz=+0.000 mag=0.00    [NAV2 -> STM32] vx=+0.000 vy=+0.000 wz=+0.000 mag=0.00    [NAV2 -> STM32] vx=+0.000 vy=+0.000 wz=+0.000 mag=0.00    [NAV2 -> STM32] vx=+0.000 vy=+0.000 wz=+0.000 mag=0.00    [NAV2 -> STM32] vx=+0.000 vy=+0.000 wz=+0.000 mag=0.00    [NAV2 -> STM32] vx=+0.000 vy=+0.000 wz=+0.000 mag=0.00    [NAV2 -> STM32] vx=+0.000 vy=+0.000 wz=+0.000 mag=0.00    [NAV2 -> STM32] vx=+0.000 vy=+0.000 wz=+0.000 mag=0.00    [NAV2 -> STM32] vx=+0.000 vy=+0.000 wz=+0.000 mag=0.00    [NAV2 -> STM32] vx=+0.000 vy=+0.000 wz=+0.000 mag=0.00    [NAV2 -> STM32] vx=+0.000 vy=+0.000 wz=+0.000 mag=0.00    [NAV2 -> STM32] vx=+0.000 vy=+0.000 wz=+0.000 mag=0.00    [NAV2 -> STM32] vx=+0.000 vy=+0.000 wz=+0.000 mag=0.00    [NAV2 -> STM32] vx=+0.000 vy=+0.000 wz=+0.000 mag=0.00    [NAV2 -> STM32] vx=+0.000 vy=+0.000 wz=+0.000 mag=0.00    [NAV2 -> STM32] vx=+0.000 vy=+0.000 wz=+0.000 mag=0.00    [NAV2 -> STM32] vx=+0.000 vy=+0.000 wz=+0.000 mag=0.00    [NAV2 -> STM32] vx=+0.000 vy=+0.000 wz=+0.000 mag=0.00    [NAV2 -> STM32] vx=+0.000 vy=+0.000 wz=+0.000 mag=0.00    [NAV2 -> STM32] vx=+0.000 vy=+0.000 wz=+0.000 mag=0.00    [NAV2 -> STM32] vx=+0.000 vy=+0.000 wz=+0.000 mag=0.00    [NAV2 -> STM32] vx=+0.000 vy=+0.000 wz=+0.000 mag=0.00    [NAV2 -> STM32] vx=+0.000 vy=+0.000 wz=+0.000 mag=0.00    [NAV2 -> STM32] vx=+0.000 vy=+0.000 wz=+0.000 mag=0.00    [NAV2 -> STM32] vx=+0.000 vy=+0.000 wz=+0.000 mag=0.00    [NAV2 -> STM32] vx=+0.000 vy=+0.000 wz=+0.000 mag=0.00    [NAV2 -> STM32] vx=+0.000 vy=+0.000 wz=+0.000 mag=0.00    [NAV2 -> STM32] vx=+0.000 vy=+0.000 wz=+0.000 mag=0.00    [NAV2 -> STM32] vx=+0.000 vy=+0.000 wz=+0.000 mag=0.00    [NAV2 -> STM32] vx=+0.000 vy=+0.000 wz=+0.000 mag=0.00    [NAV2 -> STM32] vx=+0.000 vy=+0.000 wz=+0.000 mag=0.00    [NAV2 -> STM32] vx=+0.000 vy=+0.000 wz=+0.000 mag=0.00    [NAV2 -> STM32] vx=+0.000 vy=+0.000 wz=+0.000 mag=0.00    [NAV2 -> STM32] vx=+0.000 vy=+0.000 wz=+0.000 mag=0.00    [NAV2 -> STM32] vx=+0.000 vy=+0.000 wz=+0.000 mag=0.00    [NAV2 -> STM32] vx=+0.000 vy=+0.000 wz=+0.000 mag=0.00    [NAV2 -> STM32] vx=+0.000 vy=+0.000 wz=+0.000 mag=0.00    [NAV2 -> STM32] vx=+0.000 vy=+0.000 wz=+0.000 mag=0.00    [NAV2 -> STM32] vx=+0.000 vy=+0.000 wz=+0.000 mag=0.00    [NAV2 -> STM32] vx=+0.000 vy=+0.000 wz=+0.000 mag=0.00    [NAV2 -> STM32] vx=+0.000 vy=+0.000 wz=+0.000 mag=0.00    [NAV2 -> STM32] vx=+0.000 vy=+0.000 wz=+0.000 mag=0.00    [NAV2 -> STM32] vx=+0.000 vy=+0.000 wz=+0.000 mag=0.00    [NAV2 -> STM32] vx=+0.000 vy=+0.000 wz=+0.000 mag=0.00    [NAV2 -> STM32] vx=+0.000 vy=+0.000 wz=+0.000 mag=0.00    [NAV2 -> STM32] vx=+0.000 vy=+0.000 wz=+0.000 mag=0.00    [NAV2 -> STM32] vx=+0.000 vy=+0.000 wz=+0.000 mag=0.00    [NAV2 -> STM32] vx=+0.000 vy=+0.000 wz=+0.000 mag=0.00    [NAV2 -> STM32] vx=+0.000 vy=+0.000 wz=+0.000 mag=0.00    [NAV2 -> STM32] vx=+0.000 vy=+0.000 wz=+0.000 mag=0.00    [NAV2 -> STM32] vx=+0.000 vy=+0.000 wz=+0.000 mag=0.00    [NAV2 -> STM32] vx=+0.000 vy=+0.000 wz=+0.000 mag=0.00    [NAV2 -> STM32] vx=+0.000 vy=+0.000 wz=+0.000 mag=0.00    [NAV2 -> STM32] vx=+0.000 vy=+0.000 wz=+0.000 mag=0.00    [NAV2 -> STM32] vx=+0.000 vy=+0.000 wz=+0.000 mag=0.00    [NAV2 -> STM32] vx=+0.000 vy=+0.000 wz=+0.000 mag=0.00    [NAV2 -> STM32] vx=+0.000 vy=+0.000 wz=+0.000 mag=0.00    [NAV2 -> STM32] vx=+0.000 vy=+0.000 wz=+0.000 mag=0.00    [NAV2 -> STM32] vx=+0.000 vy=+0.000 wz=+0.000 mag=0.00    [NAV2 -> STM32] vx=+0.000 vy=+0.000 wz=+0.000 mag=0.00    [NAV2 -> STM32] vx=+0.000 vy=+0.000 wz=+0.000 mag=0.00    [NAV2 -> STM32] vx=+0.000 vy=+0.000 wz=+0.000 mag=0.00    [NAV2 -> STM32] vx=+0.000 vy=+0.000 wz=+0.000 mag=0.00    [NAV2 -> STM32] vx=+0.000 vy=+0.000 wz=+0.000 mag=0.00    [NAV2 -> STM32] vx=+0.000 vy=+0.000 wz=+0.000 mag=0.00    [NAV2 -> STM32] vx=+0.000 vy=+0.000 wz=+0.000 mag=0.00    [NAV2 -> STM32] vx=+0.000 vy=+0.000 wz=+0.000 mag=0.00    [NAV2 -> STM32] vx=+0.000 vy=+0.000 wz=+0.000 mag=0.00    [NAV2 -> STM32] vx=+0.000 vy=+0.000 wz=+0.000 mag=0.00    [NAV2 -> STM32] vx=+0.000 vy=+0.000 wz=+0.000 mag=0.00    [NAV2 -> STM32] vx=+0.000 vy=+0.000 wz=+0.000 mag=0.00    [NAV2 -> STM32] vx=+0.000 vy=+0.000 wz=+0.000 mag=0.00    [NAV2 -> STM32] vx=+0.000 vy=+0.000 wz=+0.000 mag=0.00    [NAV2 -> STM32] vx=+0.000 vy=+0.000 wz=+0.000 mag=0.00    [NAV2 -> STM32] vx=+0.000 vy=+0.000 wz=+0.000 mag=0.00    [NAV2 -> STM32] vx=+0.000 vy=+0.000 wz=+0.000 mag=0.00    [NAV2 -> STM32] vx=+0.000 vy=+0.000 wz=+0.000 mag=0.00    [NAV2 -> STM32] vx=+0.000 vy=+0.000 wz=+0.000 mag=0.00    [NAV2 -> STM32] vx=+0.000 vy=+0.000 wz=+0.000 mag=0.00    [NAV2 -> STM32] vx=+0.000 vy=+0.000 wz=+0.000 mag=0.00    [NAV2 -> STM32] vx=+0.000 vy=+0.000 wz=+0.000 mag=0.00    [NAV2 -> STM32] vx=+0.000 vy=+0.000 wz=+0.000 mag=0.00    [NAV2 -> STM32] vx=+0.000 vy=+0.000 wz=+0.000 mag=0.00    [NAV2 -> STM32] vx=+0.000 vy=+0.000 wz=+0.000 mag=0.00    [NAV2 -> STM32] vx=+0.000 vy=+0.000 wz=+0.000 mag=0.00    [NAV2 -> STM32] vx=+0.000 vy=+0.000 wz=+0.000 mag=0.00    [NAV2 -> STM32] vx=+0.000 vy=+0.000 wz=+0.000 mag=0.00    [NAV2 -> STM32] vx=+0.000 vy=+0.000 wz=+0.000 mag=0.00    [NAV2 -> STM32] vx=+0.000 vy=+0.000 wz=+0.000 mag=0.00    [NAV2 -> STM32] vx=+0.000 vy=+0.000 wz=+0.000 mag=0.00    [NAV2 -> STM32] vx=+0.000 vy=+0.000 wz=+0.000 mag=0.00    [NAV2 -> STM32] vx=+0.000 vy=+0.000 wz=+0.000 mag=0.00    [NAV2 -> STM32] vx=+0.000 vy=+0.000 wz=+0.000 mag=0.00    [NAV2 -> STM32] vx=+0.000 vy=+0.000 wz=+0.000 mag=0.00    [NAV2 -> STM32] vx=+0.000 vy=+0.000 wz=+0.000 mag=0.00    [NAV2 -> STM32] vx=+0.000 vy=+0.000 wz=+0.000 mag=0.00    [NAV2 -> STM32] vx=+0.000 vy=+0.000 wz=+0.000 mag=0.00    [NAV2 -> STM32] vx=+0.000 vy=+0.000 wz=+0.000 mag=0.00    [NAV2 -> STM32] vx=+0.000 vy=+0.000 wz=+0.000 mag=0.00    [NAV2 -> STM32] vx=+0.000 vy=+0.000 wz=+0.000 mag=0.00    [NAV2 -> STM32] vx=+0.000 vy=+0.000 wz=+0.000 mag=0.00    [NAV2 -> STM32] vx=+0.000 vy=+0.000 wz=+0.000 mag=0.00    [NAV2 -> STM32] vx=+0.000 vy=+0.000 wz=+0.000 mag=0.00    [NAV2 -> STM32] vx=+0.000 vy=+0.000 wz=+0.000 mag=0.00    [NAV2 -> STM32] vx=+0.000 vy=+0.000 wz=+0.000 mag=0.00    [NAV2 -> STM32] vx=+0.000 vy=+0.000 wz=+0.000 mag=0.00    [NAV2 -> STM32] vx=+0.000 vy=+0.000 wz=+0.000 mag=0.00    [NAV2 -> STM32] vx=+0.000 vy=+0.000 wz=+0.000 mag=0.00    [NAV2 -> STM32] vx=+0.000 vy=+0.000 wz=+0.000 mag=0.00    [NAV2 -> STM32] vx=+0.000 vy=+0.000 wz=+0.000 mag=0.00    [NAV2 -> STM32] vx=+0.000 vy=+0.000 wz=+0.000 mag=0.00    [NAV2 -> STM32] vx=+0.000 vy=+0.000 wz=+0.000 mag=0.00    [NAV2 -> STM32] vx=+0.000 vy=+0.000 wz=+0.000 mag=0.00    [NAV2 -> STM32] vx=+0.000 vy=+0.000 wz=+0.000 mag=0.00    [NAV2 -> STM32] vx=+0.000 vy=+0.000 wz=+0.000 mag=0.00    [NAV2 -> STM32] vx=+0.000 vy=+0.000 wz=+0.000 mag=0.00    [NAV2 -> STM32] vx=+0.000 vy=+0.000 wz=+0.000 mag=0.00    [NAV2 -> STM32] vx=+0.000 vy=+0.000 wz=+0.000 mag=0.00    [NAV2 -> STM32] vx=+0.000 vy=+0.000 wz=+0.000 mag=0.00    [NAV2 -> STM32] vx=+0.000 vy=+0.000 wz=+0.000 mag=0.00    [NAV2 -> STM32] vx=+0.000 vy=+0.000 wz=+0.000 mag=0.00    [NAV2 -> STM32] vx=+0.000 vy=+0.000 wz=+0.000 mag=0.00    [NAV2 -> STM32] vx=+0.000 vy=+0.000 wz=+0.000 mag=0.00    [NAV2 -> STM32] vx=+0.000 vy=+0.000 wz=+0.000 mag=0.00    [NAV2 -> STM32] vx=+0.000 vy=+0.000 wz=+0.000 mag=0.00    [NAV2 -> STM32] vx=+0.000 vy=+0.000 wz=+0.000 mag=0.00    [NAV2 -> STM32] vx=+0.000 vy=+0.000 wz=+0.000 mag=0.00    [NAV2 -> STM32] vx=+0.000 vy=+0.000 wz=+0.000 mag=0.00    [NAV2 -> STM32] vx=+0.000 vy=+0.000 wz=+0.000 mag=0.00    [NAV2 -> STM32] vx=+0.000 vy=+0.000 wz=+0.000 mag=0.00    [NAV2 -> STM32] vx=+0.000 vy=+0.000 wz=+0.000 mag=0.00    [NAV2 -> STM32] vx=+0.000 vy=+0.000 wz=+0.000 mag=0.00    [NAV2 -> STM32] vx=+0.000 vy=+0.000 wz=+0.000 mag=0.00    [NAV2 -> STM32] vx=+0.000 vy=+0.000 wz=+0.000 mag=0.00    [NAV2 -> STM32] vx=+0.000 vy=+0.000 wz=+0.000 mag=0.00    [NAV2 -> STM32] vx=+0.000 vy=+0.000 wz=+0.000 mag=0.00    [NAV2 -> STM32] vx=+0.000 vy=+0.000 wz=+0.000 mag=0.00    [NAV2 -> STM32] vx=+0.000 vy=+0.000 wz=+0.000 mag=0.00    [NAV2 -> STM32] vx=+0.000 vy=+0.000 wz=+0.000 mag=0.00    [NAV2 -> STM32] vx=+0.000 vy=+0.000 wz=+0.000 mag=0.00    [NAV2 -> STM32] vx=+0.000 vy=+0.000 wz=+0.000 mag=0.00    [NAV2 -> STM32] vx=+0.000 vy=+0.000 wz=+0.000 mag=0.00    [NAV2 -> STM32] vx=+0.000 vy=+0.000 wz=+0.000 mag=0.00    [NAV2 -> STM32] vx=+0.000 vy=+0.000 wz=+0.000 mag=0.00    [NAV2 -> STM32] vx=+0.000 vy=+0.000 wz=+0.000 mag=0.00    [NAV2 -> STM32] vx=+0.000 vy=+0.000 wz=+0.000 mag=0.00    [NAV2 -> STM32] vx=+0.000 vy=+0.000 wz=+0.000 mag=0.00    [NAV2 -> STM32] vx=+0.000 vy=+0.000 wz=+0.000 mag=0.00    [NAV2 -> STM32] vx=+0.000 vy=+0.000 wz=+0.000 mag=0.00    [NAV2 -> STM32] vx=+0.000 vy=+0.000 wz=+0.000 mag=0.00    [NAV2 -> STM32] vx=+0.000 vy=+0.000 wz=+0.000 mag=0.00    [NAV2 -> STM32] vx=+0.000 vy=+0.000 wz=+0.000 mag=0.00    [NAV2 -> STM32] vx=+0.000 vy=+0.000 wz=+0.000 mag=0.00    [NAV2 -> STM32] vx=+0.000 vy=+0.000 wz=+0.000 mag=0.00    [NAV2 -> STM32] vx=+0.000 vy=+0.000 wz=+0.000 mag=0.00    [NAV2 -> STM32] vx=+0.000 vy=+0.000 wz=+0.000 mag=0.00    [NAV2 -> STM32] vx=+0.000 vy=+0.000 wz=+0.000 mag=0.00    [NAV2 -> STM32] vx=+0.000 vy=+0.000 wz=+0.000 mag=0.00    [NAV2 -> STM32] vx=+0.000 vy=+0.000 wz=+0.000 mag=0.00    [NAV2 -> STM32] vx=+0.000 vy=+0.000 wz=+0.000 mag=0.00    [NAV2 -> STM32] vx=+0.000 vy=+0.000 wz=+0.000 mag=0.00    [NAV2 -> STM32] vx=+0.000 vy=+0.000 wz=+0.000 mag=0.00    [NAV2 -> STM32] vx=+0.000 vy=+0.000 wz=+0.000 mag=0.00    [NAV2 -> STM32] vx=+0.000 vy=+0.000 wz=+0.000 mag=0.00    [NAV2 -> STM32] vx=+0.000 vy=+0.000 wz=+0.000 mag=0.00    [NAV2 -> STM32] vx=+0.000 vy=+0.000 wz=+0.000 mag=0.00    [NAV2 -> STM32] vx=+0.000 vy=+0.000 wz=+0.000 mag=0.00    [NAV2 -> STM32] vx=+0.000 vy=+0.000 wz=+0.000 mag=0.00    [NAV2 -> STM32] vx=+0.000 vy=+0.000 wz=+0.000 mag=0.00    [NAV2 -> STM32] vx=+0.000 vy=+0.000 wz=+0.000 mag=0.00    [NAV2 -> STM32] vx=+0.000 vy=+0.000 wz=+0.000 mag=0.00    [NAV2 -> STM32] vx=+0.000 vy=+0.000 wz=+0.000 mag=0.00    [NAV2 -> STM32] vx=+0.000 vy=+0.000 wz=+0.000 mag=0.00    [NAV2 -> STM32] vx=+0.000 vy=+0.000 wz=+0.000 mag=0.00    [NAV2 -> STM32] vx=+0.000 vy=+0.000 wz=+0.000 mag=0.00    [NAV2 -> STM32] vx=+0.000 vy=+0.000 wz=+0.000 mag=0.00    [NAV2 -> STM32] vx=+0.000 vy=+0.000 wz=+0.000 mag=0.00    [NAV2 -> STM32] vx=+0.000 vy=+0.000 wz=+0.000 mag=0.00    [NAV2 -> STM32] vx=+0.000 vy=+0.000 wz=+0.000 mag=0.00    [NAV2 -> STM32] vx=+0.000 vy=+0.000 wz=+0.000 mag=0.00    [NAV2 -> STM32] vx=+0.000 vy=+0.000 wz=+0.000 mag=0.00    [NAV2 -> STM32] vx=+0.000 vy=+0.000 wz=+0.000 mag=0.00    [NAV2 -> STM32] vx=+0.000 vy=+0.000 wz=+0.000 mag=0.00    [NAV2 -> STM32] vx=+0.000 vy=+0.000 wz=+0.000 mag=0.00    [NAV2 -> STM32] vx=+0.000 vy=+0.000 wz=+0.000 mag=0.00    [NAV2 -> STM32] vx=+0.000 vy=+0.000 wz=+0.000 mag=0.00    [NAV2 -> STM32] vx=+0.000 vy=+0.000 wz=+0.000 mag=0.00    [NAV2 -> STM32] vx=+0.000 vy=+0.000 wz=+0.000 mag=0.00    [NAV2 -> STM32] vx=+0.000 vy=+0.000 wz=+0.000 mag=0.00    [NAV2 -> STM32] vx=+0.000 vy=+0.000 wz=+0.000 mag=0.00    [NAV2 -> STM32] vx=+0.000 vy=+0.000 wz=+0.000 mag=0.00    [NAV2 -> STM32] vx=+0.000 vy=+0.000 wz=+0.000 mag=0.00    [NAV2 -> STM32] vx=+0.000 vy=+0.000 wz=+0.000 mag=0.00    [NAV2 -> STM32] vx=+0.000 vy=+0.000 wz=+0.000 mag=0.00    [NAV2 -> STM32] vx=+0.000 vy=+0.000 wz=+0.000 mag=0.00    [NAV2 -> STM32] vx=+0.000 vy=+0.000 wz=+0.000 mag=0.00    [NAV2 -> STM32] vx=+0.000 vy=+0.000 wz=+0.000 mag=0.00    [NAV2 -> STM32] vx=+0.000 vy=+0.000 wz=+0.000 mag=0.00    [NAV2 -> STM32] vx=+0.000 vy=+0.000 wz=+0.000 mag=0.00    [NAV2 -> STM32] vx=+0.000 vy=+0.000 wz=+0.000 mag=0.00    [NAV2 -> STM32] vx=+0.000 vy=+0.000 wz=+0.000 mag=0.00    [NAV2 -> STM32] vx=+0.000 vy=+0.000 wz=+0.000 mag=0.00    [NAV2 -> STM32] vx=+0.000 vy=+0.000 wz=+0.000 mag=0.00    [NAV2 -> STM32] vx=+0.000 vy=+0.000 wz=+0.000 mag=0.00    [NAV2 -> STM32] vx=+0.000 vy=+0.000 wz=+0.000 mag=0.00    [NAV2 -> STM32] vx=+0.000 vy=+0.000 wz=+0.000 mag=0.00    [NAV2 -> STM32] vx=+0.000 vy=+0.000 wz=+0.000 mag=0.00    [NAV2 -> STM32] vx=+0.000 vy=+0.000 wz=+0.000 mag=0.00    [NAV2 -> STM32] vx=+0.000 vy=+0.000 wz=+0.000 mag=0.00    [NAV2 -> STM32] vx=+0.000 vy=+0.000 wz=+0.000 mag=0.00    [NAV2 -> STM32] vx=+0.000 vy=+0.000 wz=+0.000 mag=0.00    [NAV2 -> STM32] vx=+0.000 vy=+0.000 wz=+0.000 mag=0.00    [NAV2 -> STM32] vx=+0.000 vy=+0.000 wz=+0.000 mag=0.00    [NAV2 -> STM32] vx=+0.000 vy=+0.000 wz=+0.000 mag=0.00    [NAV2 -> STM32] vx=+0.000 vy=+0.000 wz=+0.000 mag=0.00    [NAV2 -> STM32] vx=+0.000 vy=+0.000 wz=+0.000 mag=0.00    [NAV2 -> STM32] vx=+0.000 vy=+0.000 wz=+0.000 mag=0.00    [NAV2 -> STM32] vx=+0.000 vy=+0.000 wz=+0.000 mag=0.00    [NAV2 -> STM32] vx=+0.000 vy=+0.000 wz=+0.000 mag=0.00    [NAV2 -> STM32] vx=+0.000 vy=+0.000 wz=+0.000 mag=0.00    [NAV2 -> STM32] vx=+0.000 vy=+0.000 wz=+0.000 mag=0.00    [NAV2 -> STM32] vx=+0.000 vy=+0.000 wz=+0.000 mag=0.00    [NAV2 -> STM32] vx=+0.000 vy=+0.000 wz=+0.000 mag=0.00    [NAV2 -> STM32] vx=+0.000 vy=+0.000 wz=+0.000 mag=0.00    [NAV2 -> STM32] vx=+0.000 vy=+0.000 wz=+0.000 mag=0.00    [NAV2 -> STM32] vx=+0.000 vy=+0.000 wz=+0.000 mag=0.00    [NAV2 -> STM32] vx=+0.000 vy=+0.000 wz=+0.000 mag=0.00    [NAV2 -> STM32] vx=+0.000 vy=+0.000 wz=+0.000 mag=0.00    [NAV2 -> STM32] vx=+0.000 vy=+0.000 wz=+0.000 mag=0.00    [NAV2 -> STM32] vx=+0.000 vy=+0.000 wz=+0.000 mag=0.00    [NAV2 -> STM32] vx=+0.000 vy=+0.000 wz=+0.000 mag=0.00    [NAV2 -> STM32] vx=+0.000 vy=+0.000 wz=+0.000 mag=0.00    [NAV2 -> STM32] vx=+0.000 vy=+0.000 wz=+0.000 mag=0.00    [NAV2 -> STM32] vx=+0.000 vy=+0.000 wz=+0.000 mag=0.00    [NAV2 -> STM32] vx=+0.000 vy=+0.000 wz=+0.000 mag=0.00    [NAV2 -> STM32] vx=+0.000 vy=+0.000 wz=+0.000 mag=0.00    [NAV2 -> STM32] vx=+0.000 vy=+0.000 wz=+0.000 mag=0.00    [NAV2 -> STM32] vx=+0.000 vy=+0.000 wz=+0.000 mag=0.00    [NAV2 -> STM32] vx=+0.000 vy=+0.000 wz=+0.000 mag=0.00    [NAV2 -> STM32] vx=+0.000 vy=+0.000 wz=+0.000 mag=0.00    [NAV2 -> STM32] vx=+0.000 vy=+0.000 wz=+0.000 mag=0.00    [NAV2 -> STM32] vx=+0.000 vy=+0.000 wz=+0.000 mag=0.00    [NAV2 -> STM32] vx=+0.000 vy=+0.000 wz=+0.000 mag=0.00    [NAV2 -> STM32] vx=+0.000 vy=+0.000 wz=+0.000 mag=0.00    [NAV2 -> STM32] vx=+0.000 vy=+0.000 wz=+0.000 mag=0.00    [NAV2 -> STM32] vx=+0.000 vy=+0.000 wz=+0.000 mag=0.00    [NAV2 -> STM32] vx=+0.000 vy=+0.000 wz=+0.000 mag=0.00    [NAV2 -> STM32] vx=+0.000 vy=+0.000 wz=+0.000 mag=0.00    [NAV2 -> STM32] vx=+0.000 vy=+0.000 wz=+0.000 mag=0.00    [NAV2 -> STM32] vx=+0.000 vy=+0.000 wz=+0.000 mag=0.00    [NAV2 -> STM32] vx=+0.000 vy=+0.000 wz=+0.000 mag=0.00    [NAV2 -> STM32] vx=+0.000 vy=+0.000 wz=+0.000 mag=0.00    [NAV2 -> STM32] vx=+0.000 vy=+0.000 wz=+0.000 mag=0.00    [NAV2 -> STM32] vx=+0.000 vy=+0.000 wz=+0.000 mag=0.00    [NAV2 -> STM32] vx=+0.000 vy=+0.000 wz=+0.000 mag=0.00    [NAV2 -> STM32] vx=+0.000 vy=+0.000 wz=+0.000 mag=0.00    [NAV2 -> STM32] vx=+0.000 vy=+0.000 wz=+0.000 mag=0.00    [NAV2 -> STM32] vx=+0.000 vy=+0.000 wz=+0.000 mag=0.00    [NAV2 -> STM32] vx=+0.000 vy=+0.000 wz=+0.000 mag=0.00    [NAV2 -> STM32] vx=+0.000 vy=+0.000 wz=+0.000 mag=0.00    [NAV2 -> STM32] vx=+0.000 vy=+0.000 wz=+0.000 mag=0.00    [NAV2 -> STM32] vx=+0.000 vy=+0.000 wz=+0.000 mag=0.00    [NAV2 -> STM32] vx=+0.000 vy=+0.000 wz=+0.000 mag=0.00    [NAV2 -> STM32] vx=+0.000 vy=+0.000 wz=+0.000 mag=0.00    [NAV2 -> STM32] vx=+0.000 vy=+0.000 wz=+0.000 mag=0.00    [NAV2 -> STM32] vx=+0.000 vy=+0.000 wz=+0.000 mag=0.00    [NAV2 -> STM32] vx=+0.000 vy=+0.000 wz=+0.000 mag=0.00    [NAV2 -> STM32] vx=+0.000 vy=+0.000 wz=+0.000 mag=0.00    [NAV2 -> STM32] vx=+0.000 vy=+0.000 wz=+0.000 mag=0.00    [NAV2 -> STM32] vx=+0.000 vy=+0.000 wz=+0.000 mag=0.00    [NAV2 -> STM32] vx=+0.000 vy=+0.000 wz=+0.000 mag=0.00    [NAV2 -> STM32] vx=+0.000 vy=+0.000 wz=+0.000 mag=0.00    [NAV2 -> STM32] vx=+0.000 vy=+0.000 wz=+0.000 mag=0.00    [NAV2 -> STM32] vx=+0.000 vy=+0.000 wz=+0.000 mag=0.00    [NAV2 -> STM32] vx=+0.000 vy=+0.000 wz=+0.000 mag=0.00    [NAV2 -> STM32] vx=+0.000 vy=+0.000 wz=+0.000 mag=0.00    [NAV2 -> STM32] vx=+0.000 vy=+0.000 wz=+0.000 mag=0.00    [NAV2 -> STM32] vx=+0.000 vy=+0.000 wz=+0.000 mag=0.00    [NAV2 -> STM32] vx=+0.000 vy=+0.000 wz=+0.000 mag=0.00    [NAV2 -> STM32] vx=+0.000 vy=+0.000 wz=+0.000 mag=0.00    [NAV2 -> STM32] vx=+0.000 vy=+0.000 wz=+0.000 mag=0.00    [NAV2 -> STM32] vx=+0.000 vy=+0.000 wz=+0.000 mag=0.00    [NAV2 -> STM32] vx=+0.000 vy=+0.000 wz=+0.000 mag=0.00    [NAV2 -> STM32] vx=+0.000 vy=+0.000 wz=+0.000 mag=0.00    [NAV2 -> STM32] vx=+0.000 vy=+0.000 wz=+0.000 mag=0.00    [NAV2 -> STM32] vx=+0.000 vy=+0.000 wz=+0.000 mag=0.00    [NAV2 -> STM32] vx=+0.000 vy=+0.000 wz=+0.000 mag=0.00    [NAV2 -> STM32] vx=+0.000 vy=+0.000 wz=+0.000 mag=0.00    [NAV2 -> STM32] vx=+0.000 vy=+0.000 wz=+0.000 mag=0.00    [NAV2 -> STM32] vx=+0.000 vy=+0.000 wz=+0.000 mag=0.00    [NAV2 -> STM32] vx=+0.000 vy=+0.000 wz=+0.000 mag=0.00    [NAV2 -> STM32] vx=+0.000 vy=+0.000 wz=+0.000 mag=0.00    [NAV2 -> STM32] vx=+0.000 vy=+0.000 wz=+0.000 mag=0.00    [NAV2 -> STM32] vx=+0.000 vy=+0.000 wz=+0.000 mag=0.00    [NAV2 -> STM32] vx=+0.000 vy=+0.000 wz=+0.000 mag=0.00    [NAV2 -> STM32] vx=+0.000 vy=+0.000 wz=+0.000 mag=0.00    [NAV2 -> STM32] vx=+0.000 vy=+0.000 wz=+0.000 mag=0.00    [NAV2 -> STM32] vx=+0.000 vy=+0.000 wz=+0.000 mag=0.00    [NAV2 -> STM32] vx=+0.000 vy=+0.000 wz=+0.000 mag=0.00    [NAV2 -> STM32] vx=+0.000 vy=+0.000 wz=+0.000 mag=0.00    [NAV2 -> STM32] vx=+0.000 vy=+0.000 wz=+0.000 mag=0.00    [NAV2 -> STM32] vx=+0.000 vy=+0.000 wz=+0.000 mag=0.00    [NAV2 -> STM32] vx=+0.000 vy=+0.000 wz=+0.000 mag=0.00    [NAV2 -> STM32] vx=+0.000 vy=+0.000 wz=+0.000 mag=0.00    [NAV2 -> STM32] vx=+0.000 vy=+0.000 wz=+0.000 mag=0.00    [NAV2 -> STM32] vx=+0.000 vy=+0.000 wz=+0.000 mag=0.00    [NAV2 -> STM32] vx=+0.000 vy=+0.000 wz=+0.000 mag=0.00    [NAV2 -> STM32] vx=+0.000 vy=+0.000 wz=+0.000 mag=0.00    [NAV2 -> STM32] vx=+0.000 vy=+0.000 wz=+0.000 mag=0.00    [NAV2 -> STM32] vx=+0.000 vy=+0.000 wz=+0.000 mag=0.00    [NAV2 -> STM32] vx=+0.000 vy=+0.000 wz=+0.000 mag=0.00    [NAV2 -> STM32] vx=+0.000 vy=+0.000 wz=+0.000 mag=0.00    [NAV2 -> STM32] vx=+0.000 vy=+0.000 wz=+0.000 mag=0.00    [NAV2 -> STM32] vx=+0.000 vy=+0.000 wz=+0.000 mag=0.00    [NAV2 -> STM32] vx=+0.000 vy=+0.000 wz=+0.000 mag=0.00    [NAV2 -> STM32] vx=+0.000 vy=+0.000 wz=+0.000 mag=0.00    [NAV2 -> STM32] vx=+0.000 vy=+0.000 wz=+0.000 mag=0.00    [NAV2 -> STM32] vx=+0.000 vy=+0.000 wz=+0.000 mag=0.00    [NAV2 -> STM32] vx=+0.000 vy=+0.000 wz=+0.000 mag=0.00    [NAV2 -> STM32] vx=+0.000 vy=+0.000 wz=+0.000 mag=0.00    [NAV2 -> STM32] vx=+0.000 vy=+0.000 wz=+0.000 mag=0.00    [NAV2 -> STM32] vx=+0.000 vy=+0.000 wz=+0.000 mag=0.00    [NAV2 -> STM32] vx=+0.000 vy=+0.000 wz=+0.000 mag=0.00    [NAV2 -> STM32] vx=+0.000 vy=+0.000 wz=+0.000 mag=0.00    [NAV2 -> STM32] vx=+0.000 vy=+0.000 wz=+0.000 mag=0.00    [NAV2 -> STM32] vx=+0.000 vy=+0.000 wz=+0.000 mag=0.00    [NAV2 -> STM32] vx=+0.000 vy=+0.000 wz=+0.000 mag=0.00    [NAV2 -> STM32] vx=+0.000 vy=+0.000 wz=+0.000 mag=0.00    [NAV2 -> STM32] vx=+0.000 vy=+0.000 wz=+0.000 mag=0.00    [NAV2 -> STM32] vx=+0.000 vy=+0.000 wz=+0.000 mag=0.00    [NAV2 -> STM32] vx=+0.000 vy=+0.000 wz=+0.000 mag=0.00    [NAV2 -> STM32] vx=+0.000 vy=+0.000 wz=+0.000 mag=0.00    [NAV2 -> STM32] vx=+0.000 vy=+0.000 wz=+0.000 mag=0.00    [NAV2 -> STM32] vx=+0.000 vy=+0.000 wz=+0.000 mag=0.00    [NAV2 -> STM32] vx=+0.000 vy=+0.000 wz=+0.000 mag=0.00    [NAV2 -> STM32] vx=+0.000 vy=+0.000 wz=+0.000 mag=0.00    [NAV2 -> STM32] vx=+0.000 vy=+0.000 wz=+0.000 mag=0.00    [NAV2 -> STM32] vx=+0.000 vy=+0.000 wz=+0.000 mag=0.00    [NAV2 -> STM32] vx=+0.000 vy=+0.000 wz=+0.000 mag=0.00    [NAV2 -> STM32] vx=+0.000 vy=+0.000 wz=+0.000 mag=0.00    [NAV2 -> STM32] vx=+0.000 vy=+0.000 wz=+0.000 mag=0.00    [NAV2 -> STM32] vx=+0.000 vy=+0.000 wz=+0.000 mag=0.00    [NAV2 -> STM32] vx=+0.000 vy=+0.000 wz=+0.000 mag=0.00    [NAV2 -> STM32] vx=+0.000 vy=+0.000 wz=+0.000 mag=0.00    [NAV2 -> STM32] vx=+0.000 vy=+0.000 wz=+0.000 mag=0.00    [NAV2 -> STM32] vx=+0.000 vy=+0.000 wz=+0.000 mag=0.00    [NAV2 -> STM32] vx=+0.000 vy=+0.000 wz=+0.000 mag=0.00    [NAV2 -> STM32] vx=+0.000 vy=+0.000 wz=+0.000 mag=0.00    [NAV2 -> STM32] vx=+0.000 vy=+0.000 wz=+0.000 mag=0.00    [NAV2 -> STM32] vx=+0.000 vy=+0.000 wz=+0.000 mag=0.00    [NAV2 -> STM32] vx=+0.000 vy=+0.000 wz=+0.000 mag=0.00    [NAV2 -> STM32] vx=+0.000 vy=+0.000 wz=+0.000 mag=0.00    [NAV2 -> STM32] vx=+0.000 vy=+0.000 wz=+0.000 mag=0.00    [NAV2 -> STM32] vx=+0.000 vy=+0.000 wz=+0.000 mag=0.00    [NAV2 -> STM32] vx=+0.000 vy=+0.000 wz=+0.000 mag=0.00    [NAV2 -> STM32] vx=+0.000 vy=+0.000 wz=+0.000 mag=0.00    [NAV2 -> STM32] vx=+0.000 vy=+0.000 wz=+0.000 mag=0.00    [NAV2 -> STM32] vx=+0.000 vy=+0.000 wz=+0.000 mag=0.00    [NAV2 -> STM32] vx=+0.000 vy=+0.000 wz=+0.000 mag=0.00    [NAV2 -> STM32] vx=+0.000 vy=+0.000 wz=+0.000 mag=0.00    [NAV2 -> STM32] vx=+0.000 vy=+0.000 wz=+0.000 mag=0.00    [NAV2 -> STM32] vx=+0.000 vy=+0.000 wz=+0.000 mag=0.00    [NAV2 -> STM32] vx=+0.000 vy=+0.000 wz=+0.000 mag=0.00    [NAV2 -> STM32] vx=+0.000 vy=+0.000 wz=+0.000 mag=0.00    [NAV2 -> STM32] vx=+0.000 vy=+0.000 wz=+0.000 mag=0.00    [NAV2 -> STM32] vx=+0.000 vy=+0.000 wz=+0.000 mag=0.00    [NAV2 -> STM32] vx=+0.000 vy=+0.000 wz=+0.000 mag=0.00    [NAV2 -> STM32] vx=+0.000 vy=+0.000 wz=+0.000 mag=0.00    [NAV2 -> STM32] vx=+0.000 vy=+0.000 wz=+0.000 mag=0.00    [NAV2 -> STM32] vx=+0.000 vy=+0.000 wz=+0.000 mag=0.00    [NAV2 -> STM32] vx=+0.000 vy=+0.000 wz=+0.000 mag=0.00    [NAV2 -> STM32] vx=+0.000 vy=+0.000 wz=+0.000 mag=0.00    [NAV2 -> STM32] vx=+0.000 vy=+0.000 wz=+0.000 mag=0.00    [NAV2 -> STM32] vx=+0.000 vy=+0.000 wz=+0.000 mag=0.00    [NAV2 -> STM32] vx=+0.000 vy=+0.000 wz=+0.000 mag=0.00    [NAV2 -> STM32] vx=+0.000 vy=+0.000 wz=+0.000 mag=0.00    [NAV2 -> STM32] vx=+0.000 vy=+0.000 wz=+0.000 mag=0.00    [NAV2 -> STM32] vx=+0.000 vy=+0.000 wz=+0.000 mag=0.00    [NAV2 -> STM32] vx=+0.000 vy=+0.000 wz=+0.000 mag=0.00    [NAV2 -> STM32] vx=+0.000 vy=+0.000 wz=+0.000 mag=0.00    [NAV2 -> STM32] vx=+0.000 vy=+0.000 wz=+0.000 mag=0.00    [NAV2 -> STM32] vx=+0.000 vy=+0.000 wz=+0.000 mag=0.00    [NAV2 -> STM32] vx=+0.000 vy=+0.000 wz=+0.000 mag=0.00    [NAV2 -> STM32] vx=+0.000 vy=+0.000 wz=+0.000 mag=0.00    [NAV2 -> STM32] vx=+0.000 vy=+0.000 wz=+0.000 mag=0.00    [NAV2 -> STM32] vx=+0.000 vy=+0.000 wz=+0.000 mag=0.00    [NAV2 -> STM32] vx=+0.000 vy=+0.000 wz=+0.000 mag=0.00    [NAV2 -> STM32] vx=+0.000 vy=+0.000 wz=+0.000 mag=0.00    [NAV2 -> STM32] vx=+0.000 vy=+0.000 wz=+0.000 mag=0.00    [NAV2 -> STM32] vx=+0.000 vy=+0.000 wz=+0.000 mag=0.00    [NAV2 -> STM32] vx=+0.000 vy=+0.000 wz=+0.000 mag=0.00    [NAV2 -> STM32] vx=+0.000 vy=+0.000 wz=+0.000 mag=0.00    [NAV2 -> STM32] vx=+0.000 vy=+0.000 wz=+0.000 mag=0.00    [NAV2 -> STM32] vx=+0.000 vy=+0.000 wz=+0.000 mag=0.00    [NAV2 -> STM32] vx=+0.000 vy=+0.000 wz=+0.000 mag=0.00    [NAV2 -> STM32] vx=+0.000 vy=+0.000 wz=+0.000 mag=0.00    [NAV2 -> STM32] vx=+0.000 vy=+0.000 wz=+0.000 mag=0.00    [NAV2 -> STM32] vx=+0.000 vy=+0.000 wz=+0.000 mag=0.00    [NAV2 -> STM32] vx=+0.000 vy=+0.000 wz=+0.000 mag=0.00    [NAV2 -> STM32] vx=+0.000 vy=+0.000 wz=+0.000 mag=0.00    [NAV2 -> STM32] vx=+0.000 vy=+0.000 wz=+0.000 mag=0.00    [NAV2 -> STM32] vx=+0.000 vy=+0.000 wz=+0.000 mag=0.00    [NAV2 -> STM32] vx=+0.000 vy=+0.000 wz=+0.000 mag=0.00    [NAV2 -> STM32] vx=+0.000 vy=+0.000 wz=+0.000 mag=0.00    [NAV2 -> STM32] vx=+0.000 vy=+0.000 wz=+0.000 mag=0.00    [NAV2 -> STM32] vx=+0.000 vy=+0.000 wz=+0.000 mag=0.00    [NAV2 -> STM32] vx=+0.000 vy=+0.000 wz=+0.000 mag=0.00    [NAV2 -> STM32] vx=+0.000 vy=+0.000 wz=+0.000 mag=0.00    [NAV2 -> STM32] vx=+0.000 vy=+0.000 wz=+0.000 mag=0.00    [NAV2 -> STM32] vx=+0.000 vy=+0.000 wz=+0.000 mag=0.00    [NAV2 -> STM32] vx=+0.000 vy=+0.000 wz=+0.000 mag=0.00    [NAV2 -> STM32] vx=+0.000 vy=+0.000 wz=+0.000 mag=0.00    [NAV2 -> STM32] vx=+0.000 vy=+0.000 wz=+0.000 mag=0.00    [NAV2 -> STM32] vx=+0.000 vy=+0.000 wz=+0.000 mag=0.00    [NAV2 -> STM32] vx=+0.000 vy=+0.000 wz=+0.000 mag=0.00    [NAV2 -> STM32] vx=+0.000 vy=+0.000 wz=+0.000 mag=0.00    [NAV2 -> STM32] vx=+0.000 vy=+0.000 wz=+0.000 mag=0.00    [NAV2 -> STM32] vx=+0.000 vy=+0.000 wz=+0.000 mag=0.00    [NAV2 -> STM32] vx=+0.000 vy=+0.000 wz=+0.000 mag=0.00    [NAV2 -> STM32] vx=+0.000 vy=+0.000 wz=+0.000 mag=0.00    [NAV2 -> STM32] vx=+0.000 vy=+0.000 wz=+0.000 mag=0.00    [NAV2 -> STM32] vx=+0.000 vy=+0.000 wz=+0.000 mag=0.00    [NAV2 -> STM32] vx=+0.000 vy=+0.000 wz=+0.000 mag=0.00    [NAV2 -> STM32] vx=+0.000 vy=+0.000 wz=+0.000 mag=0.00    [NAV2 -> STM32] vx=+0.000 vy=+0.000 wz=+0.000 mag=0.00    [NAV2 -> STM32] vx=+0.000 vy=+0.000 wz=+0.000 mag=0.00    [NAV2 -> STM32] vx=+0.000 vy=+0.000 wz=+0.000 mag=0.00    [NAV2 -> STM32] vx=+0.000 vy=+0.000 wz=+0.000 mag=0.00    [NAV2 -> STM32] vx=+0.000 vy=+0.000 wz=+0.000 mag=0.00    [NAV2 -> STM32] vx=+0.000 vy=+0.000 wz=+0.000 mag=0.00    [NAV2 -> STM32] vx=+0.000 vy=+0.000 wz=+0.000 mag=0.00    [NAV2 -> STM32] vx=+0.000 vy=+0.000 wz=+0.000 mag=0.00    [NAV2 -> STM32] vx=+0.000 vy=+0.000 wz=+0.000 mag=0.00    [NAV2 -> STM32] vx=+0.000 vy=+0.000 wz=+0.000 mag=0.00    [NAV2 -> STM32] vx=+0.000 vy=+0.000 wz=+0.000 mag=0.00    [NAV2 -> STM32] vx=+0.000 vy=+0.000 wz=+0.000 mag=0.00    [NAV2 -> STM32] vx=+0.000 vy=+0.000 wz=+0.000 mag=0.00    [NAV2 -> STM32] vx=+0.000 vy=+0.000 wz=+0.000 mag=0.00    [NAV2 -> STM32] vx=+0.000 vy=+0.000 wz=+0.000 mag=0.00    [NAV2 -> STM32] vx=+0.000 vy=+0.000 wz=+0.000 mag=0.00    [NAV2 -> STM32] vx=+0.000 vy=+0.000 wz=+0.000 mag=0.00    [NAV2 -> STM32] vx=+0.000 vy=+0.000 wz=+0.000 mag=0.00    [NAV2 -> STM32] vx=+0.000 vy=+0.000 wz=+0.000 mag=0.00    [NAV2 -> STM32] vx=+0.000 vy=+0.000 wz=+0.000 mag=0.00    [NAV2 -> STM32] vx=+0.000 vy=+0.000 wz=+0.000 mag=0.00    [NAV2 -> STM32] vx=+0.000 vy=+0.000 wz=+0.000 mag=0.00    [NAV2 -> STM32] vx=+0.000 vy=+0.000 wz=+0.000 mag=0.00    [NAV2 -> STM32] vx=+0.000 vy=+0.000 wz=+0.000 mag=0.00    [NAV2 -> STM32] vx=+0.000 vy=+0.000 wz=+0.000 mag=0.00    [NAV2 -> STM32] vx=+0.000 vy=+0.000 wz=+0.000 mag=0.00    [NAV2 -> STM32] vx=+0.000 vy=+0.000 wz=+0.000 mag=0.00    [NAV2 -> STM32] vx=+0.000 vy=+0.000 wz=+0.000 mag=0.00    [NAV2 -> STM32] vx=+0.000 vy=+0.000 wz=+0.000 mag=0.00    [NAV2 -> STM32] vx=+0.000 vy=+0.000 wz=+0.000 mag=0.00    [NAV2 -> STM32] vx=+0.000 vy=+0.000 wz=+0.000 mag=0.00    [NAV2 -> STM32] vx=+0.000 vy=+0.000 wz=+0.000 mag=0.00    [NAV2 -> STM32] vx=+0.000 vy=+0.000 wz=+0.000 mag=0.00    [NAV2 -> STM32] vx=+0.000 vy=+0.000 wz=+0.000 mag=0.00    [NAV2 -> STM32] vx=+0.000 vy=+0.000 wz=+0.000 mag=0.00    [NAV2 -> STM32] vx=+0.000 vy=+0.000 wz=+0.000 mag=0.00    [NAV2 -> STM32] vx=+0.000 vy=+0.000 wz=+0.000 mag=0.00    [NAV2 -> STM32] vx=+0.000 vy=+0.000 wz=+0.000 mag=0.00    [NAV2 -> STM32] vx=+0.000 vy=+0.000 wz=+0.000 mag=0.00    [NAV2 -> STM32] vx=+0.000 vy=+0.000 wz=+0.000 mag=0.00    [NAV2 -> STM32] vx=+0.000 vy=+0.000 wz=+0.000 mag=0.00    [NAV2 -> STM32] vx=+0.000 vy=+0.000 wz=+0.000 mag=0.00    [NAV2 -> STM32] vx=+0.000 vy=+0.000 wz=+0.000 mag=0.00    [NAV2 -> STM32] vx=+0.000 vy=+0.000 wz=+0.000 mag=0.00    [NAV2 -> STM32] vx=+0.000 vy=+0.000 wz=+0.000 mag=0.00    [NAV2 -> STM32] vx=+0.000 vy=+0.000 wz=+0.000 mag=0.00    [NAV2 -> STM32] vx=+0.000 vy=+0.000 wz=+0.000 mag=0.00    [NAV2 -> STM32] vx=+0.000 vy=+0.000 wz=+0.000 mag=0.00    [NAV2 -> STM32] vx=+0.000 vy=+0.000 wz=+0.000 mag=0.00    [NAV2 -> STM32] vx=+0.000 vy=+0.000 wz=+0.000 mag=0.00    [NAV2 -> STM32] vx=+0.000 vy=+0.000 wz=+0.000 mag=0.00    [NAV2 -> STM32] vx=+0.000 vy=+0.000 wz=+0.000 mag=0.00    [NAV2 -> STM32] vx=+0.000 vy=+0.000 wz=+0.000 mag=0.00    [NAV2 -> STM32] vx=+0.000 vy=+0.000 wz=+0.000 mag=0.00    [NAV2 -> STM32] vx=+0.000 vy=+0.000 wz=+0.000 mag=0.00    [NAV2 -> STM32] vx=+0.000 vy=+0.000 wz=+0.000 mag=0.00    [NAV2 -> STM32] vx=+0.000 vy=+0.000 wz=+0.000 mag=0.00    [NAV2 -> STM32] vx=+0.000 vy=+0.000 wz=+0.000 mag=0.00    [NAV2 -> STM32] vx=+0.000 vy=+0.000 wz=+0.000 mag=0.00    [NAV2 -> STM32] vx=+0.000 vy=+0.000 wz=+0.000 mag=0.00    [NAV2 -> STM32] vx=+0.000 vy=+0.000 wz=+0.000 mag=0.00    [NAV2 -> STM32] vx=+0.000 vy=+0.000 wz=+0.000 mag=0.00    [NAV2 -> STM32] vx=+0.000 vy=+0.000 wz=+0.000 mag=0.00    [NAV2 -> STM32] vx=+0.000 vy=+0.000 wz=+0.000 mag=0.00    [NAV2 -> STM32] vx=+0.000 vy=+0.000 wz=+0.000 mag=0.00    [NAV2 -> STM32] vx=+0.000 vy=+0.000 wz=+0.000 mag=0.00    [NAV2 -> STM32] vx=+0.000 vy=+0.000 wz=+0.000 mag=0.00    [NAV2 -> STM32] vx=+0.000 vy=+0.000 wz=+0.000 mag=0.00    [NAV2 -> STM32] vx=+0.000 vy=+0.000 wz=+0.000 mag=0.00    [NAV2 -> STM32] vx=+0.000 vy=+0.000 wz=+0.000 mag=0.00    [NAV2 -> STM32] vx=+0.000 vy=+0.000 wz=+0.000 mag=0.00    [NAV2 -> STM32] vx=+0.000 vy=+0.000 wz=+0.000 mag=0.00    [NAV2 -> STM32] vx=+0.000 vy=+0.000 wz=+0.000 mag=0.00    [NAV2 -> STM32] vx=+0.000 vy=+0.000 wz=+0.000 mag=0.00    [NAV2 -> STM32] vx=+0.000 vy=+0.000 wz=+0.000 mag=0.00    [NAV2 -> STM32] vx=+0.000 vy=+0.000 wz=+0.000 mag=0.00    [NAV2 -> STM32] vx=+0.000 vy=+0.000 wz=+0.000 mag=0.00    [NAV2 -> STM32] vx=+0.000 vy=+0.000 wz=+0.000 mag=0.00    [NAV2 -> STM32] vx=+0.000 vy=+0.000 wz=+0.000 mag=0.00    [NAV2 -> STM32] vx=+0.000 vy=+0.000 wz=+0.000 mag=0.00    [NAV2 -> STM32] vx=+0.000 vy=+0.000 wz=+0.000 mag=0.00    [NAV2 -> STM32] vx=+0.000 vy=+0.000 wz=+0.000 mag=0.00    [NAV2 -> STM32] vx=+0.000 vy=+0.000 wz=+0.000 mag=0.00    [NAV2 -> STM32] vx=+0.000 vy=+0.000 wz=+0.000 mag=0.00    [NAV2 -> STM32] vx=+0.000 vy=+0.000 wz=+0.000 mag=0.00    [NAV2 -> STM32] vx=+0.000 vy=+0.000 wz=+0.000 mag=0.00    [NAV2 -> STM32] vx=+0.000 vy=+0.000 wz=+0.000 mag=0.00    [NAV2 -> STM32] vx=+0.000 vy=+0.000 wz=+0.000 mag=0.00    [NAV2 -> STM32] vx=+0.000 vy=+0.000 wz=+0.000 mag=0.00    [NAV2 -> STM32] vx=+0.000 vy=+0.000 wz=+0.000 mag=0.00    [NAV2 -> STM32] vx=+0.000 vy=+0.000 wz=+0.000 mag=0.00    [NAV2 -> STM32] vx=+0.000 vy=+0.000 wz=+0.000 mag=0.00    [NAV2 -> STM32] vx=+0.000 vy=+0.000 wz=+0.000 mag=0.00    [NAV2 -> STM32] vx=+0.000 vy=+0.000 wz=+0.000 mag=0.00    [NAV2 -> STM32] vx=+0.000 vy=+0.000 wz=+0.000 mag=0.00    [NAV2 -> STM32] vx=+0.000 vy=+0.000 wz=+0.000 mag=0.00    [NAV2 -> STM32] vx=+0.000 vy=+0.000 wz=+0.000 mag=0.00    [NAV2 -> STM32] vx=+0.000 vy=+0.000 wz=+0.000 mag=0.00    [NAV2 -> STM32] vx=+0.000 vy=+0.000 wz=+0.000 mag=0.00    [NAV2 -> STM32] vx=+0.000 vy=+0.000 wz=+0.000 mag=0.00    [NAV2 -> STM32] vx=+0.000 vy=+0.000 wz=+0.000 mag=0.00    [NAV2 -> STM32] vx=+0.000 vy=+0.000 wz=+0.000 mag=0.00    [NAV2 -> STM32] vx=+0.000 vy=+0.000 wz=+0.000 mag=0.00    [NAV2 -> STM32] vx=+0.000 vy=+0.000 wz=+0.000 mag=0.00    [NAV2 -> STM32] vx=+0.000 vy=+0.000 wz=+0.000 mag=0.00    [NAV2 -> STM32] vx=+0.000 vy=+0.000 wz=+0.000 mag=0.00    [NAV2 -> STM32] vx=+0.000 vy=+0.000 wz=+0.000 mag=0.00    [NAV2 -> STM32] vx=+0.000 vy=+0.000 wz=+0.000 mag=0.00    [NAV2 -> STM32] vx=+0.000 vy=+0.000 wz=+0.000 mag=0.00    [NAV2 -> STM32] vx=+0.000 vy=+0.000 wz=+0.000 mag=0.00    [NAV2 -> STM32] vx=+0.000 vy=+0.000 wz=+0.000 mag=0.00    [NAV2 -> STM32] vx=+0.000 vy=+0.000 wz=+0.000 mag=0.00    [NAV2 -> STM32] vx=+0.000 vy=+0.000 wz=+0.000 mag=0.00    [NAV2 -> STM32] vx=+0.000 vy=+0.000 wz=+0.000 mag=0.00    [NAV2 -> STM32] vx=+0.000 vy=+0.000 wz=+0.000 mag=0.00    [NAV2 -> STM32] vx=+0.000 vy=+0.000 wz=+0.000 mag=0.00    [NAV2 -> STM32] vx=+0.000 vy=+0.000 wz=+0.000 mag=0.00    [NAV2 -> STM32] vx=+0.000 vy=+0.000 wz=+0.000 mag=0.00    [NAV2 -> STM32] vx=+0.000 vy=+0.000 wz=+0.000 mag=0.00    [NAV2 -> STM32] vx=+0.000 vy=+0.000 wz=+0.000 mag=0.00    [NAV2 -> STM32] vx=+0.000 vy=+0.000 wz=+0.000 mag=0.00    [NAV2 -> STM32] vx=+0.000 vy=+0.000 wz=+0.000 mag=0.00    [NAV2 -> STM32] vx=+0.000 vy=+0.000 wz=+0.000 mag=0.00    [NAV2 -> STM32] vx=+0.000 vy=+0.000 wz=+0.000 mag=0.00    [NAV2 -> STM32] vx=+0.000 vy=+0.000 wz=+0.000 mag=0.00    [NAV2 -> STM32] vx=+0.000 vy=+0.000 wz=+0.000 mag=0.00    [NAV2 -> STM32] vx=+0.000 vy=+0.000 wz=+0.000 mag=0.00    [NAV2 -> STM32] vx=+0.000 vy=+0.000 wz=+0.000 mag=0.00    [NAV2 -> STM32] vx=+0.000 vy=+0.000 wz=+0.000 mag=0.00    [NAV2 -> STM32] vx=+0.000 vy=+0.000 wz=+0.000 mag=0.00    [NAV2 -> STM32] vx=+0.000 vy=+0.000 wz=+0.000 mag=0.00    [NAV2 -> STM32] vx=+0.000 vy=+0.000 wz=+0.000 mag=0.00    [NAV2 -> STM32] vx=+0.000 vy=+0.000 wz=+0.000 mag=0.00    [NAV2 -> STM32] vx=+0.000 vy=+0.000 wz=+0.000 mag=0.00    [NAV2 -> STM32] vx=+0.000 vy=+0.000 wz=+0.000 mag=0.00    [NAV2 -> STM32] vx=+0.000 vy=+0.000 wz=+0.000 mag=0.00    [NAV2 -> STM32] vx=+0.000 vy=+0.000 wz=+0.000 mag=0.00    [NAV2 -> STM32] vx=+0.000 vy=+0.000 wz=+0.000 mag=0.00    [NAV2 -> STM32] vx=+0.000 vy=+0.000 wz=+0.000 mag=0.00    [NAV2 -> STM32] vx=+0.000 vy=+0.000 wz=+0.000 mag=0.00    [NAV2 -> STM32] vx=+0.000 vy=+0.000 wz=+0.000 mag=0.00    [NAV2 -> STM32] vx=+0.000 vy=+0.000 wz=+0.000 mag=0.00    [NAV2 -> STM32] vx=+0.000 vy=+0.000 wz=+0.000 mag=0.00    [NAV2 -> STM32] vx=+0.000 vy=+0.000 wz=+0.000 mag=0.00    [NAV2 -> STM32] vx=+0.000 vy=+0.000 wz=+0.000 mag=0.00    [NAV2 -> STM32] vx=+0.000 vy=+0.000 wz=+0.000 mag=0.00    [NAV2 -> STM32] vx=+0.000 vy=+0.000 wz=+0.000 mag=0.00    [NAV2 -> STM32] vx=+0.000 vy=+0.000 wz=+0.000 mag=0.00    [NAV2 -> STM32] vx=+0.000 vy=+0.000 wz=+0.000 mag=0.00    [NAV2 -> STM32] vx=+0.000 vy=+0.000 wz=+0.000 mag=0.00    [NAV2 -> STM32] vx=+0.000 vy=+0.000 wz=+0.000 mag=0.00    [NAV2 -> STM32] vx=+0.000 vy=+0.000 wz=+0.000 mag=0.00    [NAV2 -> STM32] vx=+0.000 vy=+0.000 wz=+0.000 mag=0.00    [NAV2 -> STM32] vx=+0.000 vy=+0.000 wz=+0.000 mag=0.00    [NAV2 -> STM32] vx=+0.000 vy=+0.000 wz=+0.000 mag=0.00    [NAV2 -> STM32] vx=+0.000 vy=+0.000 wz=+0.000 mag=0.00    [NAV2 -> STM32] vx=+0.000 vy=+0.000 wz=+0.000 mag=0.00    [NAV2 -> STM32] vx=+0.000 vy=+0.000 wz=+0.000 mag=0.00    [NAV2 -> STM32] vx=+0.000 vy=+0.000 wz=+0.000 mag=0.00    [NAV2 -> STM32] vx=+0.000 vy=+0.000 wz=+0.000 mag=0.00    [NAV2 -> STM32] vx=+0.000 vy=+0.000 wz=+0.000 mag=0.00    [NAV2 -> STM32] vx=+0.000 vy=+0.000 wz=+0.000 mag=0.00    [NAV2 -> STM32] vx=+0.000 vy=+0.000 wz=+0.000 mag=0.00    [NAV2 -> STM32] vx=+0.000 vy=+0.000 wz=+0.000 mag=0.00    [NAV2 -> STM32] vx=+0.000 vy=+0.000 wz=+0.000 mag=0.00    [NAV2 -> STM32] vx=+0.000 vy=+0.000 wz=+0.000 mag=0.00    [NAV2 -> STM32] vx=+0.000 vy=+0.000 wz=+0.000 mag=0.00    [NAV2 -> STM32] vx=+0.000 vy=+0.000 wz=+0.000 mag=0.00    [NAV2 -> STM32] vx=+0.000 vy=+0.000 wz=+0.000 mag=0.00    [NAV2 -> STM32] vx=+0.000 vy=+0.000 wz=+0.000 mag=0.00    [NAV2 -> STM32] vx=+0.000 vy=+0.000 wz=+0.000 mag=0.00    [NAV2 -> STM32] vx=+0.000 vy=+0.000 wz=+0.000 mag=0.00    [NAV2 -> STM32] vx=+0.000 vy=+0.000 wz=+0.000 mag=0.00    [NAV2 -> STM32] vx=+0.000 vy=+0.000 wz=+0.000 mag=0.00    [NAV2 -> STM32] vx=+0.000 vy=+0.000 wz=+0.000 mag=0.00    [NAV2 -> STM32] vx=+0.000 vy=+0.000 wz=+0.000 mag=0.00    [NAV2 -> STM32] vx=+0.000 vy=+0.000 wz=+0.000 mag=0.00    [NAV2 -> STM32] vx=+0.000 vy=+0.000 wz=+0.000 mag=0.00    [NAV2 -> STM32] vx=+0.000 vy=+0.000 wz=+0.000 mag=0.00    [NAV2 -> STM32] vx=+0.000 vy=+0.000 wz=+0.000 mag=0.00    [NAV2 -> STM32] vx=+0.000 vy=+0.000 wz=+0.000 mag=0.00    [NAV2 -> STM32] vx=+0.000 vy=+0.000 wz=+0.000 mag=0.00    [NAV2 -> STM32] vx=+0.000 vy=+0.000 wz=+0.000 mag=0.00    [NAV2 -> STM32] vx=+0.000 vy=+0.000 wz=+0.000 mag=0.00    [NAV2 -> STM32] vx=+0.000 vy=+0.000 wz=+0.000 mag=0.00    [NAV2 -> STM32] vx=+0.000 vy=+0.000 wz=+0.000 mag=0.00    [NAV2 -> STM32] vx=+0.000 vy=+0.000 wz=+0.000 mag=0.00    [NAV2 -> STM32] vx=+0.000 vy=+0.000 wz=+0.000 mag=0.00    [NAV2 -> STM32] vx=+0.000 vy=+0.000 wz=+0.000 mag=0.00    [NAV2 -> STM32] vx=+0.000 vy=+0.000 wz=+0.000 mag=0.00    [NAV2 -> STM32] vx=+0.000 vy=+0.000 wz=+0.000 mag=0.00    [NAV2 -> STM32] vx=+0.000 vy=+0.000 wz=+0.000 mag=0.00    [NAV2 -> STM32] vx=+0.000 vy=+0.000 wz=+0.000 mag=0.00    [NAV2 -> STM32] vx=+0.000 vy=+0.000 wz=+0.000 mag=0.00    [NAV2 -> STM32] vx=+0.000 vy=+0.000 wz=+0.000 mag=0.00    [NAV2 -> STM32] vx=+0.000 vy=+0.000 wz=+0.000 mag=0.00    [NAV2 -> STM32] vx=+0.000 vy=+0.000 wz=+0.000 mag=0.00    [NAV2 -> STM32] vx=+0.000 vy=+0.000 wz=+0.000 mag=0.00    [NAV2 -> STM32] vx=+0.000 vy=+0.000 wz=+0.000 mag=0.00    [NAV2 -> STM32] vx=+0.000 vy=+0.000 wz=+0.000 mag=0.00    [NAV2 -> STM32] vx=+0.000 vy=+0.000 wz=+0.000 mag=0.00    [NAV2 -> STM32] vx=+0.000 vy=+0.000 wz=+0.000 mag=0.00    [NAV2 -> STM32] vx=+0.000 vy=+0.000 wz=+0.000 mag=0.00    [NAV2 -> STM32] vx=+0.000 vy=+0.000 wz=+0.000 mag=0.00    [NAV2 -> STM32] vx=+0.000 vy=+0.000 wz=+0.000 mag=0.00    [NAV2 -> STM32] vx=+0.000 vy=+0.000 wz=+0.000 mag=0.00    [NAV2 -> STM32] vx=+0.000 vy=+0.000 wz=+0.000 mag=0.00    [NAV2 -> STM32] vx=+0.000 vy=+0.000 wz=+0.000 mag=0.00    [NAV2 -> STM32] vx=+0.000 vy=+0.000 wz=+0.000 mag=0.00    [NAV2 -> STM32] vx=+0.000 vy=+0.000 wz=+0.000 mag=0.00    [NAV2 -> STM32] vx=+0.000 vy=+0.000 wz=+0.000 mag=0.00    [NAV2 -> STM32] vx=+0.000 vy=+0.000 wz=+0.000 mag=0.00    [NAV2 -> STM32] vx=+0.000 vy=+0.000 wz=+0.000 mag=0.00    [NAV2 -> STM32] vx=+0.000 vy=+0.000 wz=+0.000 mag=0.00    [NAV2 -> STM32] vx=+0.000 vy=+0.000 wz=+0.000 mag=0.00    [NAV2 -> STM32] vx=+0.000 vy=+0.000 wz=+0.000 mag=0.00    [NAV2 -> STM32] vx=+0.000 vy=+0.000 wz=+0.000 mag=0.00    [NAV2 -> STM32] vx=+0.000 vy=+0.000 wz=+0.000 mag=0.00    [NAV2 -> STM32] vx=+0.000 vy=+0.000 wz=+0.000 mag=0.00    [NAV2 -> STM32] vx=+0.000 vy=+0.000 wz=+0.000 mag=0.00    [NAV2 -> STM32] vx=+0.000 vy=+0.000 wz=+0.000 mag=0.00    [NAV2 -> STM32] vx=+0.000 vy=+0.000 wz=+0.000 mag=0.00    [NAV2 -> STM32] vx=+0.000 vy=+0.000 wz=+0.000 mag=0.00    [NAV2 -> STM32] vx=+0.000 vy=+0.000 wz=+0.000 mag=0.00    [NAV2 -> STM32] vx=+0.000 vy=+0.000 wz=+0.000 mag=0.00    [NAV2 -> STM32] vx=+0.000 vy=+0.000 wz=+0.000 mag=0.00    [NAV2 -> STM32] vx=+0.000 vy=+0.000 wz=+0.000 mag=0.00    [NAV2 -> STM32] vx=+0.000 vy=+0.000 wz=+0.000 mag=0.00    [NAV2 -> STM32] vx=+0.000 vy=+0.000 wz=+0.000 mag=0.00    [NAV2 -> STM32] vx=+0.000 vy=+0.000 wz=+0.000 mag=0.00    [NAV2 -> STM32] vx=+0.000 vy=+0.000 wz=+0.000 mag=0.00    [NAV2 -> STM32] vx=+0.000 vy=+0.000 wz=+0.000 mag=0.00    [NAV2 -> STM32] vx=+0.000 vy=+0.000 wz=+0.000 mag=0.00    [NAV2 -> STM32] vx=+0.000 vy=+0.000 wz=+0.000 mag=0.00    [NAV2 -> STM32] vx=+0.000 vy=+0.000 wz=+0.000 mag=0.00    [NAV2 -> STM32] vx=+0.000 vy=+0.000 wz=+0.000 mag=0.00    [NAV2 -> STM32] vx=+0.000 vy=+0.000 wz=+0.000 mag=0.00    [NAV2 -> STM32] vx=+0.000 vy=+0.000 wz=+0.000 mag=0.00    [NAV2 -> STM32] vx=+0.000 vy=+0.000 wz=+0.000 mag=0.00    [NAV2 -> STM32] vx=+0.000 vy=+0.000 wz=+0.000 mag=0.00    [NAV2 -> STM32] vx=+0.000 vy=+0.000 wz=+0.000 mag=0.00    [NAV2 -> STM32] vx=+0.000 vy=+0.000 wz=+0.000 mag=0.00    [NAV2 -> STM32] vx=+0.000 vy=+0.000 wz=+0.000 mag=0.00    [NAV2 -> STM32] vx=+0.000 vy=+0.000 wz=+0.000 mag=0.00    [NAV2 -> STM32] vx=+0.000 vy=+0.000 wz=+0.000 mag=0.00    [NAV2 -> STM32] vx=+0.000 vy=+0.000 wz=+0.000 mag=0.00    [NAV2 -> STM32] vx=+0.000 vy=+0.000 wz=+0.000 mag=0.00    [NAV2 -> STM32] vx=+0.000 vy=+0.000 wz=+0.000 mag=0.00    [NAV2 -> STM32] vx=+0.000 vy=+0.000 wz=+0.000 mag=0.00    [NAV2 -> STM32] vx=+0.000 vy=+0.000 wz=+0.000 mag=0.00    [NAV2 -> STM32] vx=+0.000 vy=+0.000 wz=+0.000 mag=0.00    [NAV2 -> STM32] vx=+0.000 vy=+0.000 wz=+0.000 mag=0.00    [NAV2 -> STM32] vx=+0.000 vy=+0.000 wz=+0.000 mag=0.00    [NAV2 -> STM32] vx=+0.000 vy=+0.000 wz=+0.000 mag=0.00    [NAV2 -> STM32] vx=+0.000 vy=+0.000 wz=+0.000 mag=0.00    [NAV2 -> STM32] vx=+0.000 vy=+0.000 wz=+0.000 mag=0.00    [NAV2 -> STM32] vx=+0.000 vy=+0.000 wz=+0.000 mag=0.00    [NAV2 -> STM32] vx=+0.000 vy=+0.000 wz=+0.000 mag=0.00    [NAV2 -> STM32] vx=+0.000 vy=+0.000 wz=+0.000 mag=0.00    [NAV2 -> STM32] vx=+0.000 vy=+0.000 wz=+0.000 mag=0.00    [NAV2 -> STM32] vx=+0.000 vy=+0.000 wz=+0.000 mag=0.00    [NAV2 -> STM32] vx=+0.000 vy=+0.000 wz=+0.000 mag=0.00    [NAV2 -> STM32] vx=+0.000 vy=+0.000 wz=+0.000 mag=0.00    [NAV2 -> STM32] vx=+0.000 vy=+0.000 wz=+0.000 mag=0.00    [NAV2 -> STM32] vx=+0.000 vy=+0.000 wz=+0.000 mag=0.00    [NAV2 -> STM32] vx=+0.000 vy=+0.000 wz=+0.000 mag=0.00    [NAV2 -> STM32] vx=+0.000 vy=+0.000 wz=+0.000 mag=0.00    [NAV2 -> STM32] vx=+0.000 vy=+0.000 wz=+0.000 mag=0.00    [NAV2 -> STM32] vx=+0.000 vy=+0.000 wz=+0.000 mag=0.00    [NAV2 -> STM32] vx=+0.000 vy=+0.000 wz=+0.000 mag=0.00    [NAV2 -> STM32] vx=+0.000 vy=+0.000 wz=+0.000 mag=0.00    [NAV2 -> STM32] vx=+0.000 vy=+0.000 wz=+0.000 mag=0.00    [NAV2 -> STM32] vx=+0.000 vy=+0.000 wz=+0.000 mag=0.00    [NAV2 -> STM32] vx=+0.000 vy=+0.000 wz=+0.000 mag=0.00    [NAV2 -> STM32] vx=+0.000 vy=+0.000 wz=+0.000 mag=0.00    [NAV2 -> STM32] vx=+0.000 vy=+0.000 wz=+0.000 mag=0.00    [NAV2 -> STM32] vx=+0.000 vy=+0.000 wz=+0.000 mag=0.00    [NAV2 -> STM32] vx=+0.000 vy=+0.000 wz=+0.000 mag=0.00    [NAV2 -> STM32] vx=+0.000 vy=+0.000 wz=+0.000 mag=0.00    [NAV2 -> STM32] vx=+0.000 vy=+0.000 wz=+0.000 mag=0.00    [NAV2 -> STM32] vx=+0.000 vy=+0.000 wz=+0.000 mag=0.00    [NAV2 -> STM32] vx=+0.000 vy=+0.000 wz=+0.000 mag=0.00    [NAV2 -> STM32] vx=+0.000 vy=+0.000 wz=+0.000 mag=0.00    [NAV2 -> STM32] vx=+0.000 vy=+0.000 wz=+0.000 mag=0.00    [NAV2 -> STM32] vx=+0.000 vy=+0.000 wz=+0.000 mag=0.00    [NAV2 -> STM32] vx=+0.000 vy=+0.000 wz=+0.000 mag=0.00    [NAV2 -> STM32] vx=+0.000 vy=+0.000 wz=+0.000 mag=0.00    [NAV2 -> STM32] vx=+0.000 vy=+0.000 wz=+0.000 mag=0.00    [NAV2 -> STM32] vx=+0.000 vy=+0.000 wz=+0.000 mag=0.00    [NAV2 -> STM32] vx=+0.000 vy=+0.000 wz=+0.000 mag=0.00    [NAV2 -> STM32] vx=+0.000 vy=+0.000 wz=+0.000 mag=0.00    [NAV2 -> STM32] vx=+0.000 vy=+0.000 wz=+0.000 mag=0.00    [NAV2 -> STM32] vx=+0.000 vy=+0.000 wz=+0.000 mag=0.00    [NAV2 -> STM32] vx=+0.000 vy=+0.000 wz=+0.000 mag=0.00    [NAV2 -> STM32] vx=+0.000 vy=+0.000 wz=+0.000 mag=0.00    [NAV2 -> STM32] vx=+0.000 vy=+0.000 wz=+0.000 mag=0.00    [NAV2 -> STM32] vx=+0.000 vy=+0.000 wz=+0.000 mag=0.00    [NAV2 -> STM32] vx=+0.000 vy=+0.000 wz=+0.000 mag=0.00    [NAV2 -> STM32] vx=+0.000 vy=+0.000 wz=+0.000 mag=0.00    [NAV2 -> STM32] vx=+0.000 vy=+0.000 wz=+0.000 mag=0.00    [NAV2 -> STM32] vx=+0.000 vy=+0.000 wz=+0.000 mag=0.00    [NAV2 -> STM32] vx=+0.000 vy=+0.000 wz=+0.000 mag=0.00    [NAV2 -> STM32] vx=+0.000 vy=+0.000 wz=+0.000 mag=0.00    [NAV2 -> STM32] vx=+0.000 vy=+0.000 wz=+0.000 mag=0.00    [NAV2 -> STM32] vx=+0.000 vy=+0.000 wz=+0.000 mag=0.00    [NAV2 -> STM32] vx=+0.000 vy=+0.000 wz=+0.000 mag=0.00    [NAV2 -> STM32] vx=+0.000 vy=+0.000 wz=+0.000 mag=0.00    [NAV2 -> STM32] vx=+0.000 vy=+0.000 wz=+0.000 mag=0.00    [NAV2 -> STM32] vx=+0.000 vy=+0.000 wz=+0.000 mag=0.00    [NAV2 -> STM32] vx=+0.000 vy=+0.000 wz=+0.000 mag=0.00    [NAV2 -> STM32] vx=+0.000 vy=+0.000 wz=+0.000 mag=0.00    [NAV2 -> STM32] vx=+0.000 vy=+0.000 wz=+0.000 mag=0.00    [NAV2 -> STM32] vx=+0.000 vy=+0.000 wz=+0.000 mag=0.00    [NAV2 -> STM32] vx=+0.000 vy=+0.000 wz=+0.000 mag=0.00    [NAV2 -> STM32] vx=+0.000 vy=+0.000 wz=+0.000 mag=0.00    [NAV2 -> STM32] vx=+0.000 vy=+0.000 wz=+0.000 mag=0.00    [NAV2 -> STM32] vx=+0.000 vy=+0.000 wz=+0.000 mag=0.00    [NAV2 -> STM32] vx=+0.000 vy=+0.000 wz=+0.000 mag=0.00    [NAV2 -> STM32] vx=+0.000 vy=+0.000 wz=+0.000 mag=0.00    [NAV2 -> STM32] vx=+0.000 vy=+0.000 wz=+0.000 mag=0.00    [NAV2 -> STM32] vx=+0.000 vy=+0.000 wz=+0.000 mag=0.00    [NAV2 -> STM32] vx=+0.000 vy=+0.000 wz=+0.000 mag=0.00    [NAV2 -> STM32] vx=+0.000 vy=+0.000 wz=+0.000 mag=0.00    [NAV2 -> STM32] vx=+0.000 vy=+0.000 wz=+0.000 mag=0.00    [NAV2 -> STM32] vx=+0.000 vy=+0.000 wz=+0.000 mag=0.00    [NAV2 -> STM32] vx=+0.000 vy=+0.000 wz=+0.000 mag=0.00    [NAV2 -> STM32] vx=+0.000 vy=+0.000 wz=+0.000 mag=0.00    [NAV2 -> STM32] vx=+0.000 vy=+0.000 wz=+0.000 mag=0.00    [NAV2 -> STM32] vx=+0.000 vy=+0.000 wz=+0.000 mag=0.00    [NAV2 -> STM32] vx=+0.000 vy=+0.000 wz=+0.000 mag=0.00    [NAV2 -> STM32] vx=+0.000 vy=+0.000 wz=+0.000 mag=0.00    [NAV2 -> STM32] vx=+0.000 vy=+0.000 wz=+0.000 mag=0.00    [NAV2 -> STM32] vx=+0.000 vy=+0.000 wz=+0.000 mag=0.00    [NAV2 -> STM32] vx=+0.000 vy=+0.000 wz=+0.000 mag=0.00    [NAV2 -> STM32] vx=+0.000 vy=+0.000 wz=+0.000 mag=0.00    [NAV2 -> STM32] vx=+0.000 vy=+0.000 wz=+0.000 mag=0.00    [NAV2 -> STM32] vx=+0.000 vy=+0.000 wz=+0.000 mag=0.00    [NAV2 -> STM32] vx=+0.000 vy=+0.000 wz=+0.000 mag=0.00    [NAV2 -> STM32] vx=+0.000 vy=+0.000 wz=+0.000 mag=0.00    [NAV2 -> STM32] vx=+0.000 vy=+0.000 wz=+0.000 mag=0.00    [NAV2 -> STM32] vx=+0.000 vy=+0.000 wz=+0.000 mag=0.00    [NAV2 -> STM32] vx=+0.000 vy=+0.000 wz=+0.000 mag=0.00    [NAV2 -> STM32] vx=+0.000 vy=+0.000 wz=+0.000 mag=0.00    [NAV2 -> STM32] vx=+0.000 vy=+0.000 wz=+0.000 mag=0.00    [NAV2 -> STM32] vx=+0.000 vy=+0.000 wz=+0.000 mag=0.00    [NAV2 -> STM32] vx=+0.000 vy=+0.000 wz=+0.000 mag=0.00    [NAV2 -> STM32] vx=+0.000 vy=+0.000 wz=+0.000 mag=0.00    [NAV2 -> STM32] vx=+0.000 vy=+0.000 wz=+0.000 mag=0.00    [NAV2 -> STM32] vx=+0.000 vy=+0.000 wz=+0.000 mag=0.00    [NAV2 -> STM32] vx=+0.000 vy=+0.000 wz=+0.000 mag=0.00    [NAV2 -> STM32] vx=+0.000 vy=+0.000 wz=+0.000 mag=0.00    [NAV2 -> STM32] vx=+0.000 vy=+0.000 wz=+0.000 mag=0.00    [NAV2 -> STM32] vx=+0.000 vy=+0.000 wz=+0.000 mag=0.00    [NAV2 -> STM32] vx=+0.000 vy=+0.000 wz=+0.000 mag=0.00    [NAV2 -> STM32] vx=+0.000 vy=+0.000 wz=+0.000 mag=0.00    [NAV2 -> STM32] vx=+0.000 vy=+0.000 wz=+0.000 mag=0.00    [NAV2 -> STM32] vx=+0.000 vy=+0.000 wz=+0.000 mag=0.00    [NAV2 -> STM32] vx=+0.000 vy=+0.000 wz=+0.000 mag=0.00    [NAV2 -> STM32] vx=+0.000 vy=+0.000 wz=+0.000 mag=0.00    [NAV2 -> STM32] vx=+0.000 vy=+0.000 wz=+0.000 mag=0.00    [NAV2 -> STM32] vx=+0.000 vy=+0.000 wz=+0.000 mag=0.00    [NAV2 -> STM32] vx=+0.000 vy=+0.000 wz=+0.000 mag=0.00    [NAV2 -> STM32] vx=+0.000 vy=+0.000 wz=+0.000 mag=0.00    [NAV2 -> STM32] vx=+0.000 vy=+0.000 wz=+0.000 mag=0.00    [NAV2 -> STM32] vx=+0.000 vy=+0.000 wz=+0.000 mag=0.00    [NAV2 -> STM32] vx=+0.000 vy=+0.000 wz=+0.000 mag=0.00    [NAV2 -> STM32] vx=+0.000 vy=+0.000 wz=+0.000 mag=0.00    [NAV2 -> STM32] vx=+0.000 vy=+0.000 wz=+0.000 mag=0.00    [NAV2 -> STM32] vx=+0.000 vy=+0.000 wz=+0.000 mag=0.00    [NAV2 -> STM32] vx=+0.000 vy=+0.000 wz=+0.000 mag=0.00    [NAV2 -> STM32] vx=+0.000 vy=+0.000 wz=+0.000 mag=0.00    [NAV2 -> STM32] vx=+0.000 vy=+0.000 wz=+0.000 mag=0.00    [NAV2 -> STM32] vx=+0.000 vy=+0.000 wz=+0.000 mag=0.00    [NAV2 -> STM32] vx=+0.000 vy=+0.000 wz=+0.000 mag=0.00    [NAV2 -> STM32] vx=+0.000 vy=+0.000 wz=+0.000 mag=0.00    [NAV2 -> STM32] vx=+0.000 vy=+0.000 wz=+0.000 mag=0.00    [NAV2 -> STM32] vx=+0.000 vy=+0.000 wz=+0.000 mag=0.00    [NAV2 -> STM32] vx=+0.000 vy=+0.000 wz=+0.000 mag=0.00    [NAV2 -> STM32] vx=+0.000 vy=+0.000 wz=+0.000 mag=0.00    [NAV2 -> STM32] vx=+0.000 vy=+0.000 wz=+0.000 mag=0.00    [NAV2 -> STM32] vx=+0.000 vy=+0.000 wz=+0.000 mag=0.00    [NAV2 -> STM32] vx=+0.000 vy=+0.000 wz=+0.000 mag=0.00    [NAV2 -> STM32] vx=+0.000 vy=+0.000 wz=+0.000 mag=0.00    [NAV2 -> STM32] vx=+0.000 vy=+0.000 wz=+0.000 mag=0.00    [NAV2 -> STM32] vx=+0.000 vy=+0.000 wz=+0.000 mag=0.00    [NAV2 -> STM32] vx=+0.000 vy=+0.000 wz=+0.000 mag=0.00    [NAV2 -> STM32] vx=+0.000 vy=+0.000 wz=+0.000 mag=0.00    [NAV2 -> STM32] vx=+0.000 vy=+0.000 wz=+0.000 mag=0.00    [NAV2 -> STM32] vx=+0.000 vy=+0.000 wz=+0.000 mag=0.00    [NAV2 -> STM32] vx=+0.000 vy=+0.000 wz=+0.000 mag=0.00    [NAV2 -> STM32] vx=+0.000 vy=+0.000 wz=+0.000 mag=0.00    [NAV2 -> STM32] vx=+0.000 vy=+0.000 wz=+0.000 mag=0.00    [NAV2 -> STM32] vx=+0.000 vy=+0.000 wz=+0.000 mag=0.00    [NAV2 -> STM32] vx=+0.000 vy=+0.000 wz=+0.000 mag=0.00    [NAV2 -> STM32] vx=+0.000 vy=+0.000 wz=+0.000 mag=0.00    [NAV2 -> STM32] vx=+0.000 vy=+0.000 wz=+0.000 mag=0.00    [NAV2 -> STM32] vx=+0.000 vy=+0.000 wz=+0.000 mag=0.00    [NAV2 -> STM32] vx=+0.000 vy=+0.000 wz=+0.000 mag=0.00    [NAV2 -> STM32] vx=+0.000 vy=+0.000 wz=+0.000 mag=0.00    [NAV2 -> STM32] vx=+0.000 vy=+0.000 wz=+0.000 mag=0.00    [NAV2 -> STM32] vx=+0.000 vy=+0.000 wz=+0.000 mag=0.00    [NAV2 -> STM32] vx=+0.000 vy=+0.000 wz=+0.000 mag=0.00    [NAV2 -> STM32] vx=+0.000 vy=+0.000 wz=+0.000 mag=0.00    [NAV2 -> STM32] vx=+0.000 vy=+0.000 wz=+0.000 mag=0.00    [NAV2 -> STM32] vx=+0.000 vy=+0.000 wz=+0.000 mag=0.00    [NAV2 -> STM32] vx=+0.000 vy=+0.000 wz=+0.000 mag=0.00    [NAV2 -> STM32] vx=+0.000 vy=+0.000 wz=+0.000 mag=0.00    [NAV2 -> STM32] vx=+0.000 vy=+0.000 wz=+0.000 mag=0.00    [NAV2 -> STM32] vx=+0.000 vy=+0.000 wz=+0.000 mag=0.00    [NAV2 -> STM32] vx=+0.000 vy=+0.000 wz=+0.000 mag=0.00    [NAV2 -> STM32] vx=+0.000 vy=+0.000 wz=+0.000 mag=0.00    [NAV2 -> STM32] vx=+0.000 vy=+0.000 wz=+0.000 mag=0.00    [NAV2 -> STM32] vx=+0.000 vy=+0.000 wz=+0.000 mag=0.00    [NAV2 -> STM32] vx=+0.000 vy=+0.000 wz=+0.000 mag=0.00    [NAV2 -> STM32] vx=+0.000 vy=+0.000 wz=+0.000 mag=0.00    [NAV2 -> STM32] vx=+0.000 vy=+0.000 wz=+0.000 mag=0.00    [NAV2 -> STM32] vx=+0.000 vy=+0.000 wz=+0.000 mag=0.00    [NAV2 -> STM32] vx=+0.000 vy=+0.000 wz=+0.000 mag=0.00    [NAV2 -> STM32] vx=+0.000 vy=+0.000 wz=+0.000 mag=0.00    [NAV2 -> STM32] vx=+0.000 vy=+0.000 wz=+0.000 mag=0.00    [NAV2 -> STM32] vx=+0.000 vy=+0.000 wz=+0.000 mag=0.00    [NAV2 -> STM32] vx=+0.000 vy=+0.000 wz=+0.000 mag=0.00    [NAV2 -> STM32] vx=+0.000 vy=+0.000 wz=+0.000 mag=0.00    [NAV2 -> STM32] vx=+0.000 vy=+0.000 wz=+0.000 mag=0.00    [NAV2 -> STM32] vx=+0.000 vy=+0.000 wz=+0.000 mag=0.00    [NAV2 -> STM32] vx=+0.000 vy=+0.000 wz=+0.000 mag=0.00    [NAV2 -> STM32] vx=+0.000 vy=+0.000 wz=+0.000 mag=0.00    [NAV2 -> STM32] vx=+0.000 vy=+0.000 wz=+0.000 mag=0.00    [NAV2 -> STM32] vx=+0.000 vy=+0.000 wz=+0.000 mag=0.00    [NAV2 -> STM32] vx=+0.000 vy=+0.000 wz=+0.000 mag=0.00    [NAV2 -> STM32] vx=+0.000 vy=+0.000 wz=+0.000 mag=0.00    [NAV2 -> STM32] vx=+0.000 vy=+0.000 wz=+0.000 mag=0.00    [NAV2 -> STM32] vx=+0.000 vy=+0.000 wz=+0.000 mag=0.00    [NAV2 -> STM32] vx=+0.000 vy=+0.000 wz=+0.000 mag=0.00    [NAV2 -> STM32] vx=+0.000 vy=+0.000 wz=+0.000 mag=0.00    [NAV2 -> STM32] vx=+0.000 vy=+0.000 wz=+0.000 mag=0.00    [NAV2 -> STM32] vx=+0.000 vy=+0.000 wz=+0.000 mag=0.00    [NAV2 -> STM32] vx=+0.000 vy=+0.000 wz=+0.000 mag=0.00    [NAV2 -> STM32] vx=+0.000 vy=+0.000 wz=+0.000 mag=0.00    [NAV2 -> STM32] vx=+0.000 vy=+0.000 wz=+0.000 mag=0.00    [NAV2 -> STM32] vx=+0.000 vy=+0.000 wz=+0.000 mag=0.00    [NAV2 -> STM32] vx=+0.000 vy=+0.000 wz=+0.000 mag=0.00    [NAV2 -> STM32] vx=+0.000 vy=+0.000 wz=+0.000 mag=0.00    [NAV2 -> STM32] vx=+0.000 vy=+0.000 wz=+0.000 mag=0.00    [NAV2 -> STM32] vx=+0.000 vy=+0.000 wz=+0.000 mag=0.00    [NAV2 -> STM32] vx=+0.000 vy=+0.000 wz=+0.000 mag=0.00    [NAV2 -> STM32] vx=+0.000 vy=+0.000 wz=+0.000 mag=0.00    [NAV2 -> STM32] vx=+0.000 vy=+0.000 wz=+0.000 mag=0.00    [NAV2 -> STM32] vx=+0.000 vy=+0.000 wz=+0.000 mag=0.00    [NAV2 -> STM32] vx=+0.000 vy=+0.000 wz=+0.000 mag=0.00    [NAV2 -> STM32] vx=+0.000 vy=+0.000 wz=+0.000 mag=0.00    [NAV2 -> STM32] vx=+0.000 vy=+0.000 wz=+0.000 mag=0.00    [NAV2 -> STM32] vx=+0.000 vy=+0.000 wz=+0.000 mag=0.00    [NAV2 -> STM32] vx=+0.000 vy=+0.000 wz=+0.000 mag=0.00    [NAV2 -> STM32] vx=+0.000 vy=+0.000 wz=+0.000 mag=0.00    [NAV2 -> STM32] vx=+0.000 vy=+0.000 wz=+0.000 mag=0.00    [NAV2 -> STM32] vx=+0.000 vy=+0.000 wz=+0.000 mag=0.00    [NAV2 -> STM32] vx=+0.000 vy=+0.000 wz=+0.000 mag=0.00    [NAV2 -> STM32] vx=+0.000 vy=+0.000 wz=+0.000 mag=0.00    [NAV2 -> STM32] vx=+0.000 vy=+0.000 wz=+0.000 mag=0.00    [NAV2 -> STM32] vx=+0.000 vy=+0.000 wz=+0.000 mag=0.00    [NAV2 -> STM32] vx=+0.000 vy=+0.000 wz=+0.000 mag=0.00    [NAV2 -> STM32] vx=+0.000 vy=+0.000 wz=+0.000 mag=0.00    [NAV2 -> STM32] vx=+0.000 vy=+0.000 wz=+0.000 mag=0.00    [NAV2 -> STM32] vx=+0.000 vy=+0.000 wz=+0.000 mag=0.00    [NAV2 -> STM32] vx=+0.000 vy=+0.000 wz=+0.000 mag=0.00    [NAV2 -> STM32] vx=+0.000 vy=+0.000 wz=+0.000 mag=0.00    [NAV2 -> STM32] vx=+0.000 vy=+0.000 wz=+0.000 mag=0.00    [NAV2 -> STM32] vx=+0.000 vy=+0.000 wz=+0.000 mag=0.00    [NAV2 -> STM32] vx=+0.000 vy=+0.000 wz=+0.000 mag=0.00    [NAV2 -> STM32] vx=+0.000 vy=+0.000 wz=+0.000 mag=0.00    [NAV2 -> STM32] vx=+0.000 vy=+0.000 wz=+0.000 mag=0.00    [NAV2 -> STM32] vx=+0.000 vy=+0.000 wz=+0.000 mag=0.00    [NAV2 -> STM32] vx=+0.000 vy=+0.000 wz=+0.000 mag=0.00    [NAV2 -> STM32] vx=+0.000 vy=+0.000 wz=+0.000 mag=0.00    [NAV2 -> STM32] vx=+0.000 vy=+0.000 wz=+0.000 mag=0.00    [NAV2 -> STM32] vx=+0.000 vy=+0.000 wz=+0.000 mag=0.00    [NAV2 -> STM32] vx=+0.000 vy=+0.000 wz=+0.000 mag=0.00    [NAV2 -> STM32] vx=+0.000 vy=+0.000 wz=+0.000 mag=0.00    [NAV2 -> STM32] vx=+0.000 vy=+0.000 wz=+0.000 mag=0.00    [NAV2 -> STM32] vx=+0.000 vy=+0.000 wz=+0.000 mag=0.00    [NAV2 -> STM32] vx=+0.000 vy=+0.000 wz=+0.000 mag=0.00    [NAV2 -> STM32] vx=+0.000 vy=+0.000 wz=+0.000 mag=0.00    [NAV2 -> STM32] vx=+0.000 vy=+0.000 wz=+0.000 mag=0.00    [NAV2 -> STM32] vx=+0.000 vy=+0.000 wz=+0.000 mag=0.00    [NAV2 -> STM32] vx=+0.000 vy=+0.000 wz=+0.000 mag=0.00    [NAV2 -> STM32] vx=+0.000 vy=+0.000 wz=+0.000 mag=0.00    [NAV2 -> STM32] vx=+0.000 vy=+0.000 wz=+0.000 mag=0.00    [NAV2 -> STM32] vx=+0.000 vy=+0.000 wz=+0.000 mag=0.00    [NAV2 -> STM32] vx=+0.000 vy=+0.000 wz=+0.000 mag=0.00    [NAV2 -> STM32] vx=+0.000 vy=+0.000 wz=+0.000 mag=0.00    [NAV2 -> STM32] vx=+0.000 vy=+0.000 wz=+0.000 mag=0.00    [NAV2 -> STM32] vx=+0.000 vy=+0.000 wz=+0.000 mag=0.00    [NAV2 -> STM32] vx=+0.000 vy=+0.000 wz=+0.000 mag=0.00    [NAV2 -> STM32] vx=+0.000 vy=+0.000 wz=+0.000 mag=0.00    [NAV2 -> STM32] vx=+0.000 vy=+0.000 wz=+0.000 mag=0.00    [NAV2 -> STM32] vx=+0.000 vy=+0.000 wz=+0.000 mag=0.00    [NAV2 -> STM32] vx=+0.000 vy=+0.000 wz=+0.000 mag=0.00    [NAV2 -> STM32] vx=+0.000 vy=+0.000 wz=+0.000 mag=0.00    [NAV2 -> STM32] vx=+0.000 vy=+0.000 wz=+0.000 mag=0.00    [NAV2 -> STM32] vx=+0.000 vy=+0.000 wz=+0.000 mag=0.00    [NAV2 -> STM32] vx=+0.000 vy=+0.000 wz=+0.000 mag=0.00    [NAV2 -> STM32] vx=+0.000 vy=+0.000 wz=+0.000 mag=0.00    [NAV2 -> STM32] vx=+0.000 vy=+0.000 wz=+0.000 mag=0.00    [NAV2 -> STM32] vx=+0.000 vy=+0.000 wz=+0.000 mag=0.00    [NAV2 -> STM32] vx=+0.000 vy=+0.000 wz=+0.000 mag=0.00    [NAV2 -> STM32] vx=+0.000 vy=+0.000 wz=+0.000 mag=0.00    [NAV2 -> STM32] vx=+0.000 vy=+0.000 wz=+0.000 mag=0.00    [NAV2 -> STM32] vx=+0.000 vy=+0.000 wz=+0.000 mag=0.00    [NAV2 -> STM32] vx=+0.000 vy=+0.000 wz=+0.000 mag=0.00    [NAV2 -> STM32] vx=+0.000 vy=+0.000 wz=+0.000 mag=0.00    [NAV2 -> STM32] vx=+0.000 vy=+0.000 wz=+0.000 mag=0.00    [NAV2 -> STM32] vx=+0.000 vy=+0.000 wz=+0.000 mag=0.00    [NAV2 -> STM32] vx=+0.000 vy=+0.000 wz=+0.000 mag=0.00    [NAV2 -> STM32] vx=+0.000 vy=+0.000 wz=+0.000 mag=0.00    [NAV2 -> STM32] vx=+0.000 vy=+0.000 wz=+0.000 mag=0.00    [NAV2 -> STM32] vx=+0.000 vy=+0.000 wz=+0.000 mag=0.00    [NAV2 -> STM32] vx=+0.000 vy=+0.000 wz=+0.000 mag=0.00    [NAV2 -> STM32] vx=+0.000 vy=+0.000 wz=+0.000 mag=0.00    [NAV2 -> STM32] vx=+0.000 vy=+0.000 wz=+0.000 mag=0.00    [NAV2 -> STM32] vx=+0.000 vy=+0.000 wz=+0.000 mag=0.00    [NAV2 -> STM32] vx=+0.000 vy=+0.000 wz=+0.000 mag=0.00    [NAV2 -> STM32] vx=+0.000 vy=+0.000 wz=+0.000 mag=0.00    [NAV2 -> STM32] vx=+0.000 vy=+0.000 wz=+0.000 mag=0.00    [NAV2 -> STM32] vx=+0.000 vy=+0.000 wz=+0.000 mag=0.00    [NAV2 -> STM32] vx=+0.000 vy=+0.000 wz=+0.000 mag=0.00    [NAV2 -> STM32] vx=+0.000 vy=+0.000 wz=+0.000 mag=0.00    [NAV2 -> STM32] vx=+0.000 vy=+0.000 wz=+0.000 mag=0.00    [NAV2 -> STM32] vx=+0.000 vy=+0.000 wz=+0.000 mag=0.00    [NAV2 -> STM32] vx=+0.000 vy=+0.000 wz=+0.000 mag=0.00    [NAV2 -> STM32] vx=+0.000 vy=+0.000 wz=+0.000 mag=0.00    [NAV2 -> STM32] vx=+0.000 vy=+0.000 wz=+0.000 mag=0.00    [NAV2 -> STM32] vx=+0.000 vy=+0.000 wz=+0.000 mag=0.00    [NAV2 -> STM32] vx=+0.000 vy=+0.000 wz=+0.000 mag=0.00    [NAV2 -> STM32] vx=+0.000 vy=+0.000 wz=+0.000 mag=0.00    [NAV2 -> STM32] vx=+0.000 vy=+0.000 wz=+0.000 mag=0.00    [NAV2 -> STM32] vx=+0.000 vy=+0.000 wz=+0.000 mag=0.00    [NAV2 -> STM32] vx=+0.000 vy=+0.000 wz=+0.000 mag=0.00    [NAV2 -> STM32] vx=+0.000 vy=+0.000 wz=+0.000 mag=0.00    [NAV2 -> STM32] vx=+0.000 vy=+0.000 wz=+0.000 mag=0.00    [NAV2 -> STM32] vx=+0.000 vy=+0.000 wz=+0.000 mag=0.00    [NAV2 -> STM32] vx=+0.000 vy=+0.000 wz=+0.000 mag=0.00    [NAV2 -> STM32] vx=+0.000 vy=+0.000 wz=+0.000 mag=0.00    [NAV2 -> STM32] vx=+0.000 vy=+0.000 wz=+0.000 mag=0.00    [NAV2 -> STM32] vx=+0.000 vy=+0.000 wz=+0.000 mag=0.00    [NAV2 -> STM32] vx=+0.000 vy=+0.000 wz=+0.000 mag=0.00    [NAV2 -> STM32] vx=+0.000 vy=+0.000 wz=+0.000 mag=0.00    [NAV2 -> STM32] vx=+0.000 vy=+0.000 wz=+0.000 mag=0.00    [NAV2 -> STM32] vx=+0.000 vy=+0.000 wz=+0.000 mag=0.00    [NAV2 -> STM32] vx=+0.000 vy=+0.000 wz=+0.000 mag=0.00    [NAV2 -> STM32] vx=+0.000 vy=+0.000 wz=+0.000 mag=0.00    [NAV2 -> STM32] vx=+0.000 vy=+0.000 wz=+0.000 mag=0.00    [NAV2 -> STM32] vx=+0.000 vy=+0.000 wz=+0.000 mag=0.00    [NAV2 -> STM32] vx=+0.000 vy=+0.000 wz=+0.000 mag=0.00    [NAV2 -> STM32] vx=+0.000 vy=+0.000 wz=+0.000 mag=0.00    [NAV2 -> STM32] vx=+0.000 vy=+0.000 wz=+0.000 mag=0.00    [NAV2 -> STM32] vx=+0.000 vy=+0.000 wz=+0.000 mag=0.00    [NAV2 -> STM32] vx=+0.000 vy=+0.000 wz=+0.000 mag=0.00    [NAV2 -> STM32] vx=+0.000 vy=+0.000 wz=+0.000 mag=0.00    [NAV2 -> STM32] vx=+0.000 vy=+0.000 wz=+0.000 mag=0.00    [NAV2 -> STM32] vx=+0.000 vy=+0.000 wz=+0.000 mag=0.00    [NAV2 -> STM32] vx=+0.000 vy=+0.000 wz=+0.000 mag=0.00    [NAV2 -> STM32] vx=+0.000 vy=+0.000 wz=+0.000 mag=0.00    [NAV2 -> STM32] vx=+0.000 vy=+0.000 wz=+0.000 mag=0.00    [NAV2 -> STM32] vx=+0.000 vy=+0.000 wz=+0.000 mag=0.00    [NAV2 -> STM32] vx=+0.000 vy=+0.000 wz=+0.000 mag=0.00    [NAV2 -> STM32] vx=+0.000 vy=+0.000 wz=+0.000 mag=0.00    [NAV2 -> STM32] vx=+0.000 vy=+0.000 wz=+0.000 mag=0.00    [NAV2 -> STM32] vx=+0.000 vy=+0.000 wz=+0.000 mag=0.00    [NAV2 -> STM32] vx=+0.000 vy=+0.000 wz=+0.000 mag=0.00    [NAV2 -> STM32] vx=+0.000 vy=+0.000 wz=+0.000 mag=0.00    [NAV2 -> STM32] vx=+0.000 vy=+0.000 wz=+0.000 mag=0.00    [NAV2 -> STM32] vx=+0.000 vy=+0.000 wz=+0.000 mag=0.00    [NAV2 -> STM32] vx=+0.000 vy=+0.000 wz=+0.000 mag=0.00    [NAV2 -> STM32] vx=+0.000 vy=+0.000 wz=+0.000 mag=0.00    [NAV2 -> STM32] vx=+0.000 vy=+0.000 wz=+0.000 mag=0.00    [NAV2 -> STM32] vx=+0.000 vy=+0.000 wz=+0.000 mag=0.00    [NAV2 -> STM32] vx=+0.000 vy=+0.000 wz=+0.000 mag=0.00    [NAV2 -> STM32] vx=+0.000 vy=+0.000 wz=+0.000 mag=0.00    [NAV2 -> STM32] vx=+0.000 vy=+0.000 wz=+0.000 mag=0.00    [NAV2 -> STM32] vx=+0.000 vy=+0.000 wz=+0.000 mag=0.00    [NAV2 -> STM32] vx=+0.000 vy=+0.000 wz=+0.000 mag=0.00    [NAV2 -> STM32] vx=+0.000 vy=+0.000 wz=+0.000 mag=0.00    [NAV2 -> STM32] vx=+0.000 vy=+0.000 wz=+0.000 mag=0.00    [NAV2 -> STM32] vx=+0.000 vy=+0.000 wz=+0.000 mag=0.00    [NAV2 -> STM32] vx=+0.000 vy=+0.000 wz=+0.000 mag=0.00    [NAV2 -> STM32] vx=+0.000 vy=+0.000 wz=+0.000 mag=0.00    [NAV2 -> STM32] vx=+0.000 vy=+0.000 wz=+0.000 mag=0.00    [NAV2 -> STM32] vx=+0.000 vy=+0.000 wz=+0.000 mag=0.00    [NAV2 -> STM32] vx=+0.000 vy=+0.000 wz=+0.000 mag=0.00    [NAV2 -> STM32] vx=+0.000 vy=+0.000 wz=+0.000 mag=0.00    [NAV2 -> STM32] vx=+0.000 vy=+0.000 wz=+0.000 mag=0.00    [NAV2 -> STM32] vx=+0.000 vy=+0.000 wz=+0.000 mag=0.00    [NAV2 -> STM32] vx=+0.000 vy=+0.000 wz=+0.000 mag=0.00    [NAV2 -> STM32] vx=+0.000 vy=+0.000 wz=+0.000 mag=0.00    [NAV2 -> STM32] vx=+0.000 vy=+0.000 wz=+0.000 mag=0.00    [NAV2 -> STM32] vx=+0.000 vy=+0.000 wz=+0.000 mag=0.00    [NAV2 -> STM32] vx=+0.000 vy=+0.000 wz=+0.000 mag=0.00    [NAV2 -> STM32] vx=+0.000 vy=+0.000 wz=+0.000 mag=0.00    [NAV2 -> STM32] vx=+0.000 vy=+0.000 wz=+0.000 mag=0.00    [NAV2 -> STM32] vx=+0.000 vy=+0.000 wz=+0.000 mag=0.00    [NAV2 -> STM32] vx=+0.000 vy=+0.000 wz=+0.000 mag=0.00    [NAV2 -> STM32] vx=+0.000 vy=+0.000 wz=+0.000 mag=0.00    [NAV2 -> STM32] vx=+0.000 vy=+0.000 wz=+0.000 mag=0.00    [NAV2 -> STM32] vx=+0.000 vy=+0.000 wz=+0.000 mag=0.00    [NAV2 -> STM32] vx=+0.000 vy=+0.000 wz=+0.000 mag=0.00    [NAV2 -> STM32] vx=+0.000 vy=+0.000 wz=+0.000 mag=0.00    [NAV2 -> STM32] vx=+0.000 vy=+0.000 wz=+0.000 mag=0.00    [NAV2 -> STM32] vx=+0.000 vy=+0.000 wz=+0.000 mag=0.00    [NAV2 -> STM32] vx=+0.000 vy=+0.000 wz=+0.000 mag=0.00    [NAV2 -> STM32] vx=+0.000 vy=+0.000 wz=+0.000 mag=0.00    [NAV2 -> STM32] vx=+0.000 vy=+0.000 wz=+0.000 mag=0.00    [NAV2 -> STM32] vx=+0.000 vy=+0.000 wz=+0.000 mag=0.00    [NAV2 -> STM32] vx=+0.000 vy=+0.000 wz=+0.000 mag=0.00    [NAV2 -> STM32] vx=+0.000 vy=+0.000 wz=+0.000 mag=0.00    [NAV2 -> STM32] vx=+0.000 vy=+0.000 wz=+0.000 mag=0.00    [NAV2 -> STM32] vx=+0.000 vy=+0.000 wz=+0.000 mag=0.00    [NAV2 -> STM32] vx=+0.000 vy=+0.000 wz=+0.000 mag=0.00    [NAV2 -> STM32] vx=+0.000 vy=+0.000 wz=+0.000 mag=0.00    [NAV2 -> STM32] vx=+0.000 vy=+0.000 wz=+0.000 mag=0.00    [NAV2 -> STM32] vx=+0.000 vy=+0.000 wz=+0.000 mag=0.00    [NAV2 -> STM32] vx=+0.000 vy=+0.000 wz=+0.000 mag=0.00    [NAV2 -> STM32] vx=+0.000 vy=+0.000 wz=+0.000 mag=0.00    [NAV2 -> STM32] vx=+0.000 vy=+0.000 wz=+0.000 mag=0.00    [NAV2 -> STM32] vx=+0.000 vy=+0.000 wz=+0.000 mag=0.00    [NAV2 -> STM32] vx=+0.000 vy=+0.000 wz=+0.000 mag=0.00    [NAV2 -> STM32] vx=+0.000 vy=+0.000 wz=+0.000 mag=0.00    [NAV2 -> STM32] vx=+0.000 vy=+0.000 wz=+0.000 mag=0.00    [NAV2 -> STM32] vx=+0.000 vy=+0.000 wz=+0.000 mag=0.00    [NAV2 -> STM32] vx=+0.000 vy=+0.000 wz=+0.000 mag=0.00    [NAV2 -> STM32] vx=+0.000 vy=+0.000 wz=+0.000 mag=0.00    [NAV2 -> STM32] vx=+0.000 vy=+0.000 wz=+0.000 mag=0.00    [NAV2 -> STM32] vx=+0.000 vy=+0.000 wz=+0.000 mag=0.00    [NAV2 -> STM32] vx=+0.000 vy=+0.000 wz=+0.000 mag=0.00    [NAV2 -> STM32] vx=+0.000 vy=+0.000 wz=+0.000 mag=0.00    [NAV2 -> STM32] vx=+0.000 vy=+0.000 wz=+0.000 mag=0.00    [NAV2 -> STM32] vx=+0.000 vy=+0.000 wz=+0.000 mag=0.00    [NAV2 -> STM32] vx=+0.000 vy=+0.000 wz=+0.000 mag=0.00    [NAV2 -> STM32] vx=+0.000 vy=+0.000 wz=+0.000 mag=0.00    [NAV2 -> STM32] vx=+0.000 vy=+0.000 wz=+0.000 mag=0.00    [NAV2 -> STM32] vx=+0.000 vy=+0.000 wz=+0.000 mag=0.00    [NAV2 -> STM32] vx=+0.000 vy=+0.000 wz=+0.000 mag=0.00    [NAV2 -> STM32] vx=+0.000 vy=+0.000 wz=+0.000 mag=0.00    [NAV2 -> STM32] vx=+0.000 vy=+0.000 wz=+0.000 mag=0.00    [NAV2 -> STM32] vx=+0.000 vy=+0.000 wz=+0.000 mag=0.00    [NAV2 -> STM32] vx=+0.000 vy=+0.000 wz=+0.000 mag=0.00    [NAV2 -> STM32] vx=+0.000 vy=+0.000 wz=+0.000 mag=0.00    [NAV2 -> STM32] vx=+0.000 vy=+0.000 wz=+0.000 mag=0.00    [NAV2 -> STM32] vx=+0.000 vy=+0.000 wz=+0.000 mag=0.00    [NAV2 -> STM32] vx=+0.000 vy=+0.000 wz=+0.000 mag=0.00    [NAV2 -> STM32] vx=+0.000 vy=+0.000 wz=+0.000 mag=0.00    [NAV2 -> STM32] vx=+0.000 vy=+0.000 wz=+0.000 mag=0.00    [NAV2 -> STM32] vx=+0.000 vy=+0.000 wz=+0.000 mag=0.00    [NAV2 -> STM32] vx=+0.000 vy=+0.000 wz=+0.000 mag=0.00    [NAV2 -> STM32] vx=+0.000 vy=+0.000 wz=+0.000 mag=0.00    [NAV2 -> STM32] vx=+0.000 vy=+0.000 wz=+0.000 mag=0.00    [NAV2 -> STM32] vx=+0.000 vy=+0.000 wz=+0.000 mag=0.00    [NAV2 -> STM32] vx=+0.000 vy=+0.000 wz=+0.000 mag=0.00    [NAV2 -> STM32] vx=+0.000 vy=+0.000 wz=+0.000 mag=0.00    [NAV2 -> STM32] vx=+0.000 vy=+0.000 wz=+0.000 mag=0.00    [NAV2 -> STM32] vx=+0.000 vy=+0.000 wz=+0.000 mag=0.00    [NAV2 -> STM32] vx=+0.000 vy=+0.000 wz=+0.000 mag=0.00    [NAV2 -> STM32] vx=+0.000 vy=+0.000 wz=+0.000 mag=0.00    [NAV2 -> STM32] vx=+0.000 vy=+0.000 wz=+0.000 mag=0.00    [NAV2 -> STM32] vx=+0.000 vy=+0.000 wz=+0.000 mag=0.00    [NAV2 -> STM32] vx=+0.000 vy=+0.000 wz=+0.000 mag=0.00    [NAV2 -> STM32] vx=+0.000 vy=+0.000 wz=+0.000 mag=0.00    [NAV2 -> STM32] vx=+0.000 vy=+0.000 wz=+0.000 mag=0.00    [NAV2 -> STM32] vx=+0.000 vy=+0.000 wz=+0.000 mag=0.00    [NAV2 -> STM32] vx=+0.000 vy=+0.000 wz=+0.000 mag=0.00    