solid exported
	facet normal -1 0 0
		outer loop
			vertex 1940 -4020 8.926193117986259e-13
			vertex 1940 -4280 -379.99999999999903
			vertex 1940 -4280 9.50350909079134e-13
		endloop
	endfacet
	facet normal -1 0 0
		outer loop
			vertex 1940 -4020 8.926193117986259e-13
			vertex 1940 -4020 -379.9999999999991
			vertex 1940 -4280 -379.99999999999903
		endloop
	endfacet
	facet normal 0 -2.220446049250313e-16 -1
		outer loop
			vertex 3522.5 4020 -8.926193117986259e-13
			vertex 3980 4280 -9.50350909079134e-13
			vertex 3980 4020 -8.926193117986259e-13
		endloop
	endfacet
	facet normal 0 -2.220446049250313e-16 -1
		outer loop
			vertex 3522.5 4020 -8.926193117986259e-13
			vertex 3522.5 4280 -9.50350909079134e-13
			vertex 3980 4280 -9.50350909079134e-13
		endloop
	endfacet
	facet normal 0 -2.220446049250313e-16 -1
		outer loop
			vertex 2060 4020 -8.926193117986259e-13
			vertex 2060 4280 -9.50350909079134e-13
			vertex 2477.5 4280 -9.50350909079134e-13
		endloop
	endfacet
	facet normal 0 -2.220446049250313e-16 -1
		outer loop
			vertex 2060 4020 -8.926193117986259e-13
			vertex 2477.5 4280 -9.50350909079134e-13
			vertex 2477.5 4020 -8.926193117986259e-13
		endloop
	endfacet
	facet normal 0 -2.220446049250313e-16 -1
		outer loop
			vertex 2935 4022.5 -8.931744233109384e-13
			vertex 3025 4057.5 -9.009459844833145e-13
			vertex 3025 4022.5 -8.931744233109384e-13
		endloop
	endfacet
	facet normal 0 -2.220446049250313e-16 -1
		outer loop
			vertex 2935 4022.5 -8.931744233109384e-13
			vertex 2935 4057.5 -9.009459844833145e-13
			vertex 3025 4057.5 -9.009459844833145e-13
		endloop
	endfacet
	facet normal 0 -2.220446049250313e-16 -1
		outer loop
			vertex 5522.5 4020 -8.926193117986259e-13
			vertex 5980 4280 -9.50350909079134e-13
			vertex 5980 4020 -8.926193117986259e-13
		endloop
	endfacet
	facet normal 0 -2.220446049250313e-16 -1
		outer loop
			vertex 5522.5 4020 -8.926193117986259e-13
			vertex 5522.5 4280 -9.50350909079134e-13
			vertex 5980 4280 -9.50350909079134e-13
		endloop
	endfacet
	facet normal 0 -2.220446049250313e-16 -1
		outer loop
			vertex 4060 4020 -8.926193117986259e-13
			vertex 4060 4280 -9.50350909079134e-13
			vertex 4477.5 4280 -9.50350909079134e-13
		endloop
	endfacet
	facet normal 0 -2.220446049250313e-16 -1
		outer loop
			vertex 4060 4020 -8.926193117986259e-13
			vertex 4477.5 4280 -9.50350909079134e-13
			vertex 4477.5 4020 -8.926193117986259e-13
		endloop
	endfacet
	facet normal 0 -2.220446049250313e-16 -1
		outer loop
			vertex 4935 4022.5 -8.931744233109384e-13
			vertex 5025 4057.5 -9.009459844833145e-13
			vertex 5025 4022.5 -8.931744233109384e-13
		endloop
	endfacet
	facet normal 0 -2.220446049250313e-16 -1
		outer loop
			vertex 4935 4022.5 -8.931744233109384e-13
			vertex 4935 4057.5 -9.009459844833145e-13
			vertex 5025 4057.5 -9.009459844833145e-13
		endloop
	endfacet
	facet normal 0 -2.220446049250313e-16 -1
		outer loop
			vertex -6280 1522.5 -3.3806291099836017e-13
			vertex -6280 1980 -4.39648317751562e-13
			vertex -6020 1980 -4.39648317751562e-13
		endloop
	endfacet
	facet normal 0 -2.220446049250313e-16 -1
		outer loop
			vertex -6280 1522.5 -3.3806291099836017e-13
			vertex -6020 1980 -4.39648317751562e-13
			vertex -6020 1522.5 -3.3806291099836017e-13
		endloop
	endfacet
	facet normal 0 -2.220446049250313e-16 -1
		outer loop
			vertex -6280 60 -1.3322676295501878e-14
			vertex -6020 477.5 -1.0602629885170245e-13
			vertex -6020 60 -1.3322676295501878e-14
		endloop
	endfacet
	facet normal 0 -2.220446049250313e-16 -1
		outer loop
			vertex -6280 60 -1.3322676295501878e-14
			vertex -6280 477.5 -1.0602629885170245e-13
			vertex -6020 477.5 -1.0602629885170245e-13
		endloop
	endfacet
	facet normal 0 -2.220446049250313e-16 -1
		outer loop
			vertex -6057.5 935 -2.0761170560490427e-13
			vertex -6022.5 1025 -2.275957200481571e-13
			vertex -6022.5 935 -2.0761170560490427e-13
		endloop
	endfacet
	facet normal 0 -2.220446049250313e-16 -1
		outer loop
			vertex -6057.5 935 -2.0761170560490427e-13
			vertex -6057.5 1025 -2.275957200481571e-13
			vertex -6022.5 1025 -2.275957200481571e-13
		endloop
	endfacet
	facet normal 0 -2.220446049250313e-16 -1
		outer loop
			vertex 6020 -1980 4.39648317751562e-13
			vertex 6280 -1522.5 3.3806291099836017e-13
			vertex 6280 -1980 4.39648317751562e-13
		endloop
	endfacet
	facet normal 0 -2.220446049250313e-16 -1
		outer loop
			vertex 6020 -1980 4.39648317751562e-13
			vertex 6020 -1522.5 3.3806291099836017e-13
			vertex 6280 -1522.5 3.3806291099836017e-13
		endloop
	endfacet
	facet normal 0 -2.220446049250313e-16 -1
		outer loop
			vertex 6020 -477.5 1.0602629885170245e-13
			vertex 6280 -60 1.3322676295501878e-14
			vertex 6280 -477.5 1.0602629885170245e-13
		endloop
	endfacet
	facet normal 0 -2.220446049250313e-16 -1
		outer loop
			vertex 6020 -477.5 1.0602629885170245e-13
			vertex 6020 -60 1.3322676295501878e-14
			vertex 6280 -60 1.3322676295501878e-14
		endloop
	endfacet
	facet normal 0 -2.220446049250313e-16 -1
		outer loop
			vertex 6022.5 -1025 2.275957200481571e-13
			vertex 6057.5 -935 2.0761170560490427e-13
			vertex 6057.5 -1025 2.275957200481571e-13
		endloop
	endfacet
	facet normal 0 -2.220446049250313e-16 -1
		outer loop
			vertex 6022.5 -1025 2.275957200481571e-13
			vertex 6022.5 -935 2.0761170560490427e-13
			vertex 6057.5 -935 2.0761170560490427e-13
		endloop
	endfacet
	facet normal 0 -2.220446049250313e-16 -1
		outer loop
			vertex -1980 -4280 9.50350909079134e-13
			vertex -1522.5 -4020 8.926193117986259e-13
			vertex -1522.5 -4280 9.50350909079134e-13
		endloop
	endfacet
	facet normal 0 -2.220446049250313e-16 -1
		outer loop
			vertex -1980 -4280 9.50350909079134e-13
			vertex -1980 -4020 8.926193117986259e-13
			vertex -1522.5 -4020 8.926193117986259e-13
		endloop
	endfacet
	facet normal 0 -2.220446049250313e-16 -1
		outer loop
			vertex -477.5 -4280 9.50350909079134e-13
			vertex -60 -4020 8.926193117986259e-13
			vertex -60 -4280 9.50350909079134e-13
		endloop
	endfacet
	facet normal 0 -2.220446049250313e-16 -1
		outer loop
			vertex -477.5 -4280 9.50350909079134e-13
			vertex -477.5 -4020 8.926193117986259e-13
			vertex -60 -4020 8.926193117986259e-13
		endloop
	endfacet
	facet normal 0 -2.220446049250313e-16 -1
		outer loop
			vertex -1025 -4057.5 9.009459844833145e-13
			vertex -1025 -4022.5 8.931744233109384e-13
			vertex -935 -4022.5 8.931744233109384e-13
		endloop
	endfacet
	facet normal 0 -2.220446049250313e-16 -1
		outer loop
			vertex -1025 -4057.5 9.009459844833145e-13
			vertex -935 -4022.5 8.931744233109384e-13
			vertex -935 -4057.5 9.009459844833145e-13
		endloop
	endfacet
	facet normal 0 -2.220446049250313e-16 -1
		outer loop
			vertex -477.5 4020 -8.926193117986259e-13
			vertex -20 4280 -9.50350909079134e-13
			vertex -20 4020 -8.926193117986259e-13
		endloop
	endfacet
	facet normal 0 -2.220446049250313e-16 -1
		outer loop
			vertex -477.5 4020 -8.926193117986259e-13
			vertex -477.5 4280 -9.50350909079134e-13
			vertex -20 4280 -9.50350909079134e-13
		endloop
	endfacet
	facet normal 0 -2.220446049250313e-16 -1
		outer loop
			vertex -1940 4020 -8.926193117986259e-13
			vertex -1940 4280 -9.50350909079134e-13
			vertex -1522.5 4280 -9.50350909079134e-13
		endloop
	endfacet
	facet normal 0 -2.220446049250313e-16 -1
		outer loop
			vertex -1940 4020 -8.926193117986259e-13
			vertex -1522.5 4280 -9.50350909079134e-13
			vertex -1522.5 4020 -8.926193117986259e-13
		endloop
	endfacet
	facet normal 0 -2.220446049250313e-16 -1
		outer loop
			vertex -1065 4022.5 -8.931744233109384e-13
			vertex -975 4057.5 -9.009459844833145e-13
			vertex -975 4022.5 -8.931744233109384e-13
		endloop
	endfacet
	facet normal 0 -2.220446049250313e-16 -1
		outer loop
			vertex -1065 4022.5 -8.931744233109384e-13
			vertex -1065 4057.5 -9.009459844833145e-13
			vertex -975 4057.5 -9.009459844833145e-13
		endloop
	endfacet
	facet normal 0 -2.220446049250313e-16 -1
		outer loop
			vertex -6280 3522.5 -7.821521208484228e-13
			vertex -6280 3980 -8.837375276016246e-13
			vertex -6020 3980 -8.837375276016246e-13
		endloop
	endfacet
	facet normal 0 -2.220446049250313e-16 -1
		outer loop
			vertex -6280 3522.5 -7.821521208484228e-13
			vertex -6020 3980 -8.837375276016246e-13
			vertex -6020 3522.5 -7.821521208484228e-13
		endloop
	endfacet
	facet normal 0 -2.220446049250313e-16 -1
		outer loop
			vertex -6280 2060 -4.574118861455645e-13
			vertex -6020 2477.5 -5.501155087017651e-13
			vertex -6020 2060 -4.574118861455645e-13
		endloop
	endfacet
	facet normal 0 -2.220446049250313e-16 -1
		outer loop
			vertex -6280 2060 -4.574118861455645e-13
			vertex -6280 2477.5 -5.501155087017651e-13
			vertex -6020 2477.5 -5.501155087017651e-13
		endloop
	endfacet
	facet normal 0 -2.220446049250313e-16 -1
		outer loop
			vertex -6057.5 2935 -6.517009154549669e-13
			vertex -6022.5 3025 -6.716849298982197e-13
			vertex -6022.5 2935 -6.517009154549669e-13
		endloop
	endfacet
	facet normal 0 -2.220446049250313e-16 -1
		outer loop
			vertex -6057.5 2935 -6.517009154549669e-13
			vertex -6057.5 3025 -6.716849298982197e-13
			vertex -6022.5 3025 -6.716849298982197e-13
		endloop
	endfacet
	facet normal 0 -2.220446049250313e-16 -1
		outer loop
			vertex -3980 -4280 9.50350909079134e-13
			vertex -3522.5 -4020 8.926193117986259e-13
			vertex -3522.5 -4280 9.50350909079134e-13
		endloop
	endfacet
	facet normal 0 -2.220446049250313e-16 -1
		outer loop
			vertex -3980 -4280 9.50350909079134e-13
			vertex -3980 -4020 8.926193117986259e-13
			vertex -3522.5 -4020 8.926193117986259e-13
		endloop
	endfacet
	facet normal 0 -2.220446049250313e-16 -1
		outer loop
			vertex -2477.5 -4280 9.50350909079134e-13
			vertex -2060 -4020 8.926193117986259e-13
			vertex -2060 -4280 9.50350909079134e-13
		endloop
	endfacet
	facet normal 0 -2.220446049250313e-16 -1
		outer loop
			vertex -2477.5 -4280 9.50350909079134e-13
			vertex -2477.5 -4020 8.926193117986259e-13
			vertex -2060 -4020 8.926193117986259e-13
		endloop
	endfacet
	facet normal 0 -2.220446049250313e-16 -1
		outer loop
			vertex -3025 -4057.5 9.009459844833145e-13
			vertex -3025 -4022.5 8.931744233109384e-13
			vertex -2935 -4022.5 8.931744233109384e-13
		endloop
	endfacet
	facet normal 0 -2.220446049250313e-16 -1
		outer loop
			vertex -3025 -4057.5 9.009459844833145e-13
			vertex -2935 -4022.5 8.931744233109384e-13
			vertex -2935 -4057.5 9.009459844833145e-13
		endloop
	endfacet
	facet normal 0 -2.220446049250313e-16 -1
		outer loop
			vertex -5980 -4280 9.50350909079134e-13
			vertex -5522.5 -4020 8.926193117986259e-13
			vertex -5522.5 -4280 9.50350909079134e-13
		endloop
	endfacet
	facet normal 0 -2.220446049250313e-16 -1
		outer loop
			vertex -5980 -4280 9.50350909079134e-13
			vertex -5980 -4020 8.926193117986259e-13
			vertex -5522.5 -4020 8.926193117986259e-13
		endloop
	endfacet
	facet normal 0 -2.220446049250313e-16 -1
		outer loop
			vertex -4477.5 -4280 9.50350909079134e-13
			vertex -4060 -4020 8.926193117986259e-13
			vertex -4060 -4280 9.50350909079134e-13
		endloop
	endfacet
	facet normal 0 -2.220446049250313e-16 -1
		outer loop
			vertex -4477.5 -4280 9.50350909079134e-13
			vertex -4477.5 -4020 8.926193117986259e-13
			vertex -4060 -4020 8.926193117986259e-13
		endloop
	endfacet
	facet normal 0 -2.220446049250313e-16 -1
		outer loop
			vertex -5025 -4057.5 9.009459844833145e-13
			vertex -5025 -4022.5 8.931744233109384e-13
			vertex -4935 -4022.5 8.931744233109384e-13
		endloop
	endfacet
	facet normal 0 -2.220446049250313e-16 -1
		outer loop
			vertex -5025 -4057.5 9.009459844833145e-13
			vertex -4935 -4022.5 8.931744233109384e-13
			vertex -4935 -4057.5 9.009459844833145e-13
		endloop
	endfacet
	facet normal 0 -2.220446049250313e-16 -1
		outer loop
			vertex 20 -4280 9.50350909079134e-13
			vertex 477.5 -4020 8.926193117986259e-13
			vertex 477.5 -4280 9.50350909079134e-13
		endloop
	endfacet
	facet normal 0 -2.220446049250313e-16 -1
		outer loop
			vertex 20 -4280 9.50350909079134e-13
			vertex 20 -4020 8.926193117986259e-13
			vertex 477.5 -4020 8.926193117986259e-13
		endloop
	endfacet
	facet normal 0 -2.220446049250313e-16 -1
		outer loop
			vertex 1522.5 -4280 9.50350909079134e-13
			vertex 1940 -4020 8.926193117986259e-13
			vertex 1940 -4280 9.50350909079134e-13
		endloop
	endfacet
	facet normal 0 -2.220446049250313e-16 -1
		outer loop
			vertex 1522.5 -4280 9.50350909079134e-13
			vertex 1522.5 -4020 8.926193117986259e-13
			vertex 1940 -4020 8.926193117986259e-13
		endloop
	endfacet
	facet normal 0 -2.220446049250313e-16 -1
		outer loop
			vertex 975 -4057.5 9.009459844833145e-13
			vertex 975 -4022.5 8.931744233109384e-13
			vertex 1065 -4022.5 8.931744233109384e-13
		endloop
	endfacet
	facet normal 0 -2.220446049250313e-16 -1
		outer loop
			vertex 975 -4057.5 9.009459844833145e-13
			vertex 1065 -4022.5 8.931744233109384e-13
			vertex 1065 -4057.5 9.009459844833145e-13
		endloop
	endfacet
	facet normal 0 -2.220446049250313e-16 -1
		outer loop
			vertex 6020 2020 -4.4853010194856324e-13
			vertex 6280 2477.5 -5.501155087017651e-13
			vertex 6280 2020 -4.4853010194856324e-13
		endloop
	endfacet
	facet normal 0 -2.220446049250313e-16 -1
		outer loop
			vertex 6020 2020 -4.4853010194856324e-13
			vertex 6020 2477.5 -5.501155087017651e-13
			vertex 6280 2477.5 -5.501155087017651e-13
		endloop
	endfacet
	facet normal 0 -2.220446049250313e-16 -1
		outer loop
			vertex 6020 3522.5 -7.821521208484228e-13
			vertex 6280 3940 -8.748557434046234e-13
			vertex 6280 3522.5 -7.821521208484228e-13
		endloop
	endfacet
	facet normal 0 -2.220446049250313e-16 -1
		outer loop
			vertex 6020 3522.5 -7.821521208484228e-13
			vertex 6020 3940 -8.748557434046234e-13
			vertex 6280 3940 -8.748557434046234e-13
		endloop
	endfacet
	facet normal 0 -2.220446049250313e-16 -1
		outer loop
			vertex 6022.5 2975 -6.605826996519681e-13
			vertex 6057.5 3065 -6.80566714095221e-13
			vertex 6057.5 2975 -6.605826996519681e-13
		endloop
	endfacet
	facet normal 0 -2.220446049250313e-16 -1
		outer loop
			vertex 6022.5 2975 -6.605826996519681e-13
			vertex 6022.5 3065 -6.80566714095221e-13
			vertex 6057.5 3065 -6.80566714095221e-13
		endloop
	endfacet
	facet normal 0 -2.220446049250313e-16 -1
		outer loop
			vertex 4020 -4280 9.50350909079134e-13
			vertex 4477.5 -4020 8.926193117986259e-13
			vertex 4477.5 -4280 9.50350909079134e-13
		endloop
	endfacet
	facet normal 0 -2.220446049250313e-16 -1
		outer loop
			vertex 4020 -4280 9.50350909079134e-13
			vertex 4020 -4020 8.926193117986259e-13
			vertex 4477.5 -4020 8.926193117986259e-13
		endloop
	endfacet
	facet normal 0 -2.220446049250313e-16 -1
		outer loop
			vertex 5522.5 -4280 9.50350909079134e-13
			vertex 5940 -4020 8.926193117986259e-13
			vertex 5940 -4280 9.50350909079134e-13
		endloop
	endfacet
	facet normal 0 -2.220446049250313e-16 -1
		outer loop
			vertex 5522.5 -4280 9.50350909079134e-13
			vertex 5522.5 -4020 8.926193117986259e-13
			vertex 5940 -4020 8.926193117986259e-13
		endloop
	endfacet
	facet normal 0 -2.220446049250313e-16 -1
		outer loop
			vertex 4975 -4057.5 9.009459844833145e-13
			vertex 4975 -4022.5 8.931744233109384e-13
			vertex 5065 -4022.5 8.931744233109384e-13
		endloop
	endfacet
	facet normal 0 -2.220446049250313e-16 -1
		outer loop
			vertex 4975 -4057.5 9.009459844833145e-13
			vertex 5065 -4022.5 8.931744233109384e-13
			vertex 5065 -4057.5 9.009459844833145e-13
		endloop
	endfacet
	facet normal 0 -2.220446049250313e-16 -1
		outer loop
			vertex 6020 -3980 8.837375276016246e-13
			vertex 6280 -3522.5 7.821521208484228e-13
			vertex 6280 -3980 8.837375276016246e-13
		endloop
	endfacet
	facet normal 0 -2.220446049250313e-16 -1
		outer loop
			vertex 6020 -3980 8.837375276016246e-13
			vertex 6020 -3522.5 7.821521208484228e-13
			vertex 6280 -3522.5 7.821521208484228e-13
		endloop
	endfacet
	facet normal 0 -2.220446049250313e-16 -1
		outer loop
			vertex 6020 -2477.5 5.501155087017651e-13
			vertex 6280 -2060 4.574118861455645e-13
			vertex 6280 -2477.5 5.501155087017651e-13
		endloop
	endfacet
	facet normal 0 -2.220446049250313e-16 -1
		outer loop
			vertex 6020 -2477.5 5.501155087017651e-13
			vertex 6020 -2060 4.574118861455645e-13
			vertex 6280 -2060 4.574118861455645e-13
		endloop
	endfacet
	facet normal 0 -2.220446049250313e-16 -1
		outer loop
			vertex 6022.5 -3025 6.716849298982197e-13
			vertex 6057.5 -2935 6.517009154549669e-13
			vertex 6057.5 -3025 6.716849298982197e-13
		endloop
	endfacet
	facet normal 0 -2.220446049250313e-16 -1
		outer loop
			vertex 6022.5 -3025 6.716849298982197e-13
			vertex 6022.5 -2935 6.517009154549669e-13
			vertex 6057.5 -2935 6.517009154549669e-13
		endloop
	endfacet
	facet normal 0 -2.220446049250313e-16 -1
		outer loop
			vertex 1522.5 4020 -8.926193117986259e-13
			vertex 1980 4280 -9.50350909079134e-13
			vertex 1980 4020 -8.926193117986259e-13
		endloop
	endfacet
	facet normal 0 -2.220446049250313e-16 -1
		outer loop
			vertex 1522.5 4020 -8.926193117986259e-13
			vertex 1522.5 4280 -9.50350909079134e-13
			vertex 1980 4280 -9.50350909079134e-13
		endloop
	endfacet
	facet normal 0 -2.220446049250313e-16 -1
		outer loop
			vertex 60 4020 -8.926193117986259e-13
			vertex 60 4280 -9.50350909079134e-13
			vertex 477.5 4280 -9.50350909079134e-13
		endloop
	endfacet
	facet normal 0 -2.220446049250313e-16 -1
		outer loop
			vertex 60 4020 -8.926193117986259e-13
			vertex 477.5 4280 -9.50350909079134e-13
			vertex 477.5 4020 -8.926193117986259e-13
		endloop
	endfacet
	facet normal 0 -2.220446049250313e-16 -1
		outer loop
			vertex 935 4022.5 -8.931744233109384e-13
			vertex 1025 4057.5 -9.009459844833145e-13
			vertex 1025 4022.5 -8.931744233109384e-13
		endloop
	endfacet
	facet normal 0 -2.220446049250313e-16 -1
		outer loop
			vertex 935 4022.5 -8.931744233109384e-13
			vertex 935 4057.5 -9.009459844833145e-13
			vertex 1025 4057.5 -9.009459844833145e-13
		endloop
	endfacet
	facet normal 0 -2.220446049250313e-16 -1
		outer loop
			vertex 6020 20 -4.440892098500626e-15
			vertex 6280 477.5 -1.0602629885170245e-13
			vertex 6280 20 -4.440892098500626e-15
		endloop
	endfacet
	facet normal 0 -2.220446049250313e-16 -1
		outer loop
			vertex 6020 20 -4.440892098500626e-15
			vertex 6020 477.5 -1.0602629885170245e-13
			vertex 6280 477.5 -1.0602629885170245e-13
		endloop
	endfacet
	facet normal 0 -2.220446049250313e-16 -1
		outer loop
			vertex 6020 1522.5 -3.3806291099836017e-13
			vertex 6280 1940 -4.3076653355456074e-13
			vertex 6280 1522.5 -3.3806291099836017e-13
		endloop
	endfacet
	facet normal 0 -2.220446049250313e-16 -1
		outer loop
			vertex 6020 1522.5 -3.3806291099836017e-13
			vertex 6020 1940 -4.3076653355456074e-13
			vertex 6280 1940 -4.3076653355456074e-13
		endloop
	endfacet
	facet normal 0 -2.220446049250313e-16 -1
		outer loop
			vertex 6022.5 975 -2.1649348980190553e-13
			vertex 6057.5 1065 -2.3647750424515834e-13
			vertex 6057.5 975 -2.1649348980190553e-13
		endloop
	endfacet
	facet normal 0 -2.220446049250313e-16 -1
		outer loop
			vertex 6022.5 975 -2.1649348980190553e-13
			vertex 6022.5 1065 -2.3647750424515834e-13
			vertex 6057.5 1065 -2.3647750424515834e-13
		endloop
	endfacet
	facet normal 0 -2.220446049250313e-16 -1
		outer loop
			vertex -6280 -2477.5 5.501155087017651e-13
			vertex -6280 -2020 4.4853010194856324e-13
			vertex -6020 -2020 4.4853010194856324e-13
		endloop
	endfacet
	facet normal 0 -2.220446049250313e-16 -1
		outer loop
			vertex -6280 -2477.5 5.501155087017651e-13
			vertex -6020 -2020 4.4853010194856324e-13
			vertex -6020 -2477.5 5.501155087017651e-13
		endloop
	endfacet
	facet normal 0 -2.220446049250313e-16 -1
		outer loop
			vertex -6280 -3940 8.748557434046234e-13
			vertex -6020 -3522.5 7.821521208484228e-13
			vertex -6020 -3940 8.748557434046234e-13
		endloop
	endfacet
	facet normal 0 -2.220446049250313e-16 -1
		outer loop
			vertex -6280 -3940 8.748557434046234e-13
			vertex -6280 -3522.5 7.821521208484228e-13
			vertex -6020 -3522.5 7.821521208484228e-13
		endloop
	endfacet
	facet normal 0 -2.220446049250313e-16 -1
		outer loop
			vertex -6057.5 -3065 6.80566714095221e-13
			vertex -6022.5 -2975 6.605826996519681e-13
			vertex -6022.5 -3065 6.80566714095221e-13
		endloop
	endfacet
	facet normal 0 -2.220446049250313e-16 -1
		outer loop
			vertex -6057.5 -3065 6.80566714095221e-13
			vertex -6057.5 -2975 6.605826996519681e-13
			vertex -6022.5 -2975 6.605826996519681e-13
		endloop
	endfacet
	facet normal 0 -2.220446049250313e-16 -1
		outer loop
			vertex -4477.5 4020 -8.926193117986259e-13
			vertex -4020 4280 -9.50350909079134e-13
			vertex -4020 4020 -8.926193117986259e-13
		endloop
	endfacet
	facet normal 0 -2.220446049250313e-16 -1
		outer loop
			vertex -4477.5 4020 -8.926193117986259e-13
			vertex -4477.5 4280 -9.50350909079134e-13
			vertex -4020 4280 -9.50350909079134e-13
		endloop
	endfacet
	facet normal 0 -2.220446049250313e-16 -1
		outer loop
			vertex -5940 4020 -8.926193117986259e-13
			vertex -5940 4280 -9.50350909079134e-13
			vertex -5522.5 4280 -9.50350909079134e-13
		endloop
	endfacet
	facet normal 0 -2.220446049250313e-16 -1
		outer loop
			vertex -5940 4020 -8.926193117986259e-13
			vertex -5522.5 4280 -9.50350909079134e-13
			vertex -5522.5 4020 -8.926193117986259e-13
		endloop
	endfacet
	facet normal 0 -2.220446049250313e-16 -1
		outer loop
			vertex -5065 4022.5 -8.931744233109384e-13
			vertex -4975 4057.5 -9.009459844833145e-13
			vertex -4975 4022.5 -8.931744233109384e-13
		endloop
	endfacet
	facet normal 0 -2.220446049250313e-16 -1
		outer loop
			vertex -5065 4022.5 -8.931744233109384e-13
			vertex -5065 4057.5 -9.009459844833145e-13
			vertex -4975 4057.5 -9.009459844833145e-13
		endloop
	endfacet
	facet normal 0 -2.220446049250313e-16 -1
		outer loop
			vertex -2477.5 4020 -8.926193117986259e-13
			vertex -2020 4280 -9.50350909079134e-13
			vertex -2020 4020 -8.926193117986259e-13
		endloop
	endfacet
	facet normal 0 -2.220446049250313e-16 -1
		outer loop
			vertex -2477.5 4020 -8.926193117986259e-13
			vertex -2477.5 4280 -9.50350909079134e-13
			vertex -2020 4280 -9.50350909079134e-13
		endloop
	endfacet
	facet normal 0 -2.220446049250313e-16 -1
		outer loop
			vertex -3940 4020 -8.926193117986259e-13
			vertex -3940 4280 -9.50350909079134e-13
			vertex -3522.5 4280 -9.50350909079134e-13
		endloop
	endfacet
	facet normal 0 -2.220446049250313e-16 -1
		outer loop
			vertex -3940 4020 -8.926193117986259e-13
			vertex -3522.5 4280 -9.50350909079134e-13
			vertex -3522.5 4020 -8.926193117986259e-13
		endloop
	endfacet
	facet normal 0 -2.220446049250313e-16 -1
		outer loop
			vertex -3065 4022.5 -8.931744233109384e-13
			vertex -2975 4057.5 -9.009459844833145e-13
			vertex -2975 4022.5 -8.931744233109384e-13
		endloop
	endfacet
	facet normal 0 -2.220446049250313e-16 -1
		outer loop
			vertex -3065 4022.5 -8.931744233109384e-13
			vertex -3065 4057.5 -9.009459844833145e-13
			vertex -2975 4057.5 -9.009459844833145e-13
		endloop
	endfacet
	facet normal 0 -2.220446049250313e-16 -1
		outer loop
			vertex -6280 -477.5 1.0602629885170245e-13
			vertex -6280 -20 4.440892098500626e-15
			vertex -6020 -20 4.440892098500626e-15
		endloop
	endfacet
	facet normal 0 -2.220446049250313e-16 -1
		outer loop
			vertex -6280 -477.5 1.0602629885170245e-13
			vertex -6020 -20 4.440892098500626e-15
			vertex -6020 -477.5 1.0602629885170245e-13
		endloop
	endfacet
	facet normal 0 -2.220446049250313e-16 -1
		outer loop
			vertex -6280 -1940 4.3076653355456074e-13
			vertex -6020 -1522.5 3.3806291099836017e-13
			vertex -6020 -1940 4.3076653355456074e-13
		endloop
	endfacet
	facet normal 0 -2.220446049250313e-16 -1
		outer loop
			vertex -6280 -1940 4.3076653355456074e-13
			vertex -6280 -1522.5 3.3806291099836017e-13
			vertex -6020 -1522.5 3.3806291099836017e-13
		endloop
	endfacet
	facet normal 0 -2.220446049250313e-16 -1
		outer loop
			vertex -6057.5 -1065 2.3647750424515834e-13
			vertex -6022.5 -975 2.1649348980190553e-13
			vertex -6022.5 -1065 2.3647750424515834e-13
		endloop
	endfacet
	facet normal 0 -2.220446049250313e-16 -1
		outer loop
			vertex -6057.5 -1065 2.3647750424515834e-13
			vertex -6057.5 -975 2.1649348980190553e-13
			vertex -6022.5 -975 2.1649348980190553e-13
		endloop
	endfacet
	facet normal 0 -2.220446049250313e-16 -1
		outer loop
			vertex 2020 -4280 9.50350909079134e-13
			vertex 2477.5 -4020 8.926193117986259e-13
			vertex 2477.5 -4280 9.50350909079134e-13
		endloop
	endfacet
	facet normal 0 -2.220446049250313e-16 -1
		outer loop
			vertex 2020 -4280 9.50350909079134e-13
			vertex 2020 -4020 8.926193117986259e-13
			vertex 2477.5 -4020 8.926193117986259e-13
		endloop
	endfacet
	facet normal 0 -2.220446049250313e-16 -1
		outer loop
			vertex 3522.5 -4280 9.50350909079134e-13
			vertex 3940 -4020 8.926193117986259e-13
			vertex 3940 -4280 9.50350909079134e-13
		endloop
	endfacet
	facet normal 0 -2.220446049250313e-16 -1
		outer loop
			vertex 3522.5 -4280 9.50350909079134e-13
			vertex 3522.5 -4020 8.926193117986259e-13
			vertex 3940 -4020 8.926193117986259e-13
		endloop
	endfacet
	facet normal 0 -2.220446049250313e-16 -1
		outer loop
			vertex 2975 -4057.5 9.009459844833145e-13
			vertex 2975 -4022.5 8.931744233109384e-13
			vertex 3065 -4022.5 8.931744233109384e-13
		endloop
	endfacet
	facet normal 0 -2.220446049250313e-16 -1
		outer loop
			vertex 2975 -4057.5 9.009459844833145e-13
			vertex 3065 -4022.5 8.931744233109384e-13
			vertex 3065 -4057.5 9.009459844833145e-13
		endloop
	endfacet
	facet normal 0 -2.220446049250313e-16 -1
		outer loop
			vertex 4500 2000 -4.440892098500626e-13
			vertex 3500 4000 -8.881784197001252e-13
			vertex 4500 4000 -8.881784197001252e-13
		endloop
	endfacet
	facet normal 0 -2.220446049250313e-16 -1
		outer loop
			vertex 3500 -2500 5.551115123125783e-13
			vertex 6000 2000 -4.440892098500626e-13
			vertex 6000 -4000 8.881784197001252e-13
		endloop
	endfacet
	facet normal 0 -2.220446049250313e-16 -1
		outer loop
			vertex 3500 -2500 5.551115123125783e-13
			vertex 4500 2000 -4.440892098500626e-13
			vertex 6000 2000 -4.440892098500626e-13
		endloop
	endfacet
	facet normal 0 -2.220446049250313e-16 -1
		outer loop
			vertex 1500 -2500 5.551115123125783e-13
			vertex 3500 -2500 5.551115123125783e-13
			vertex 6000 -4000 8.881784197001252e-13
		endloop
	endfacet
	facet normal 0 -2.220446049250313e-16 -1
		outer loop
			vertex 1500 -2500 5.551115123125783e-13
			vertex -1500 2500 -5.551115123125783e-13
			vertex 1500 4000 -8.881784197001252e-13
		endloop
	endfacet
	facet normal 0 -2.220446049250313e-16 -1
		outer loop
			vertex -6000 4000 -8.881784197001252e-13
			vertex -1500 2500 -5.551115123125783e-13
			vertex -3500 2500 -5.551115123125783e-13
		endloop
	endfacet
	facet normal 0 -2.220446049250313e-16 -1
		outer loop
			vertex -6000 4000 -8.881784197001252e-13
			vertex 1500 4000 -8.881784197001252e-13
			vertex -1500 2500 -5.551115123125783e-13
		endloop
	endfacet
	facet normal 0 -2.220446049250313e-16 -1
		outer loop
			vertex -1500 -4000 8.881784197001252e-13
			vertex 1500 -2500 5.551115123125783e-13
			vertex 6000 -4000 8.881784197001252e-13
		endloop
	endfacet
	facet normal 0 -2.220446049250313e-16 -1
		outer loop
			vertex -1500 -4000 8.881784197001252e-13
			vertex -1500 2500 -5.551115123125783e-13
			vertex 1500 -2500 5.551115123125783e-13
		endloop
	endfacet
	facet normal 0 -2.220446049250313e-16 -1
		outer loop
			vertex -6000 -2000 4.440892098500626e-13
			vertex -6000 4000 -8.881784197001252e-13
			vertex -3500 2500 -5.551115123125783e-13
		endloop
	endfacet
	facet normal 0 -2.220446049250313e-16 -1
		outer loop
			vertex -6000 -2000 4.440892098500626e-13
			vertex -3500 2500 -5.551115123125783e-13
			vertex -4500 -2000 4.440892098500626e-13
		endloop
	endfacet
	facet normal 0 -2.220446049250313e-16 -1
		outer loop
			vertex -4500 -4000 8.881784197001252e-13
			vertex -4500 -2000 4.440892098500626e-13
			vertex -3500 -4000 8.881784197001252e-13
		endloop
	endfacet
	facet normal 0 -2.220446049250313e-16 -1
		outer loop
			vertex -3500 -4000 8.881784197001252e-13
			vertex -4500 -2000 4.440892098500626e-13
			vertex -3500 2500 -5.551115123125783e-13
		endloop
	endfacet
	facet normal 0 -2.220446049250313e-16 -1
		outer loop
			vertex 3500 4000 -8.881784197001252e-13
			vertex 4500 2000 -4.440892098500626e-13
			vertex 3500 -2500 5.551115123125783e-13
		endloop
	endfacet
	facet normal -1 0 0
		outer loop
			vertex 3980 4280 -9.50350909079134e-13
			vertex 3980 4020 -380.0000000000009
			vertex 3980 4020 -8.926193117986259e-13
		endloop
	endfacet
	facet normal -1 0 0
		outer loop
			vertex 3980 4280 -9.50350909079134e-13
			vertex 3980 4280 -380.00000000000097
			vertex 3980 4020 -380.0000000000009
		endloop
	endfacet
	facet normal 0 1 0
		outer loop
			vertex 3980 4020 -380.0000000000009
			vertex 3522.5 4020 -380.0000000000009
			vertex 3522.5 4020 -8.926193117986259e-13
		endloop
	endfacet
	facet normal 0 1 0
		outer loop
			vertex 3980 4020 -8.926193117986259e-13
			vertex 3980 4020 -380.0000000000009
			vertex 3522.5 4020 -8.926193117986259e-13
		endloop
	endfacet
	facet normal 1 0 0
		outer loop
			vertex 3522.5 4280 -9.50350909079134e-13
			vertex 3522.5 4020 -8.926193117986259e-13
			vertex 3522.5 4020 -380.0000000000009
		endloop
	endfacet
	facet normal 1 0 0
		outer loop
			vertex 3522.5 4280 -9.50350909079134e-13
			vertex 3522.5 4020 -380.0000000000009
			vertex 3522.5 4280 -380.00000000000097
		endloop
	endfacet
	facet normal 0 -1 0
		outer loop
			vertex 3522.5 4280 -9.50350909079134e-13
			vertex 3980 4280 -380.00000000000097
			vertex 3980 4280 -9.50350909079134e-13
		endloop
	endfacet
	facet normal 0 -1 0
		outer loop
			vertex 3522.5 4280 -380.00000000000097
			vertex 3980 4280 -380.00000000000097
			vertex 3522.5 4280 -9.50350909079134e-13
		endloop
	endfacet
	facet normal 0 8.12048840868686e-16 1
		outer loop
			vertex 3830 4210 -380.0000000000009
			vertex 3880 4210 -380.0000000000009
			vertex 3980 4280 -380.00000000000097
		endloop
	endfacet
	facet normal 1.5303997385602157e-16 2.1862853408003084e-16 1
		outer loop
			vertex 3880 4090 -380.0000000000009
			vertex 3980 4020 -380.0000000000009
			vertex 3980 4280 -380.00000000000097
		endloop
	endfacet
	facet normal 5.684341886080802e-16 0 1
		outer loop
			vertex 3880 4090 -380.0000000000009
			vertex 3980 4280 -380.00000000000097
			vertex 3880 4210 -380.0000000000009
		endloop
	endfacet
	facet normal 0 0 1
		outer loop
			vertex 3830 4090 -380.0000000000009
			vertex 3980 4020 -380.0000000000009
			vertex 3880 4090 -380.0000000000009
		endloop
	endfacet
	facet normal 0 8.120488408686859e-16 1
		outer loop
			vertex 3522.5 4280 -380.00000000000097
			vertex 3830 4210 -380.0000000000009
			vertex 3980 4280 -380.00000000000097
		endloop
	endfacet
	facet normal 0 0 1
		outer loop
			vertex 3522.5 4020 -380.0000000000009
			vertex 3830 4090 -380.0000000000009
			vertex 3830 4210 -380.0000000000009
		endloop
	endfacet
	facet normal -1.3508754951286458e-16 2.1862853408003084e-16 1
		outer loop
			vertex 3522.5 4020 -380.0000000000009
			vertex 3830 4210 -380.0000000000009
			vertex 3522.5 4280 -380.00000000000097
		endloop
	endfacet
	facet normal 0 0 1
		outer loop
			vertex 3522.5 4020 -380.0000000000009
			vertex 3980 4020 -380.0000000000009
			vertex 3830 4090 -380.0000000000009
		endloop
	endfacet
	facet normal 1 0 0
		outer loop
			vertex 3830 4210 -380.0000000000009
			vertex 3830 4090 -380.0000000000009
			vertex 3830 4090 -400.0000000000009
		endloop
	endfacet
	facet normal 1 0 0
		outer loop
			vertex 3830 4210 -380.0000000000009
			vertex 3830 4090 -400.0000000000009
			vertex 3830 4210 -400.0000000000009
		endloop
	endfacet
	facet normal 0 -6.315935428978669e-16 -1
		outer loop
			vertex -6200 4210 -400.0000000000009
			vertex -6250 4210 -400.0000000000009
			vertex -6300 4300 -400.00000000000097
		endloop
	endfacet
	facet normal 1.1368683772161603e-15 0 -1
		outer loop
			vertex -6250 4090 -400.0000000000009
			vertex -6300 4300 -400.00000000000097
			vertex -6250 4210 -400.0000000000009
		endloop
	endfacet
	facet normal 0 -6.315935428978669e-16 -1
		outer loop
			vertex -6100 4210 -400.0000000000009
			vertex -6200 4210 -400.0000000000009
			vertex -6300 4300 -400.00000000000097
		endloop
	endfacet
	facet normal 0 0 -1
		outer loop
			vertex -6200 4090 -400.0000000000009
			vertex -6200 4210 -400.0000000000009
			vertex -6100 4210 -400.0000000000009
		endloop
	endfacet
	facet normal 0 -6.315935428978669e-16 -1
		outer loop
			vertex -6050 4210 -400.0000000000009
			vertex -6100 4210 -400.0000000000009
			vertex -6300 4300 -400.00000000000097
		endloop
	endfacet
	facet normal 0 0 -1
		outer loop
			vertex -6100 4090 -400.0000000000009
			vertex -6200 4090 -400.0000000000009
			vertex -6100 4210 -400.0000000000009
		endloop
	endfacet
	facet normal 0 -2.7068294695622867e-16 -1
		outer loop
			vertex -6210 3880 -400.00000000000085
			vertex -6250 4090 -400.0000000000009
			vertex -6200 4090 -400.0000000000009
		endloop
	endfacet
	facet normal 0 -6.315935428978669e-16 -1
		outer loop
			vertex -5840 4210 -400.0000000000009
			vertex -6050 4210 -400.0000000000009
			vertex -6300 4300 -400.00000000000097
		endloop
	endfacet
	facet normal 1.4210854715202005e-15 0 -1
		outer loop
			vertex -6210 3830 -400.00000000000085
			vertex -6250 4090 -400.0000000000009
			vertex -6210 3880 -400.00000000000085
		endloop
	endfacet
	facet normal 6.178632484870436e-16 -1.2357264969740873e-16 -1
		outer loop
			vertex -6210 3830 -400.00000000000085
			vertex -6300 4300 -400.00000000000097
			vertex -6250 4090 -400.0000000000009
		endloop
	endfacet
	facet normal 0 -6.315935428978669e-16 -1
		outer loop
			vertex -5790 4210 -400.0000000000009
			vertex -5840 4210 -400.0000000000009
			vertex -6300 4300 -400.00000000000097
		endloop
	endfacet
	facet normal 0 0 -1
		outer loop
			vertex -6000 4000 -400.0000000000009
			vertex -6100 4090 -400.0000000000009
			vertex -6050 4090 -400.0000000000009
		endloop
	endfacet
	facet normal 0 -2.7068294695622867e-16 -1
		outer loop
			vertex -6090 3880 -400.00000000000085
			vertex -6210 3880 -400.00000000000085
			vertex -6200 4090 -400.0000000000009
		endloop
	endfacet
	facet normal -2.5452277101854337e-16 -2.828030789094926e-16 -1
		outer loop
			vertex -6090 3880 -400.00000000000085
			vertex -6100 4090 -400.0000000000009
			vertex -6000 4000 -400.0000000000009
		endloop
	endfacet
	facet normal 0 -2.7068294695622867e-16 -1
		outer loop
			vertex -6090 3880 -400.00000000000085
			vertex -6200 4090 -400.0000000000009
			vertex -6100 4090 -400.0000000000009
		endloop
	endfacet
	facet normal 0 0 -1
		outer loop
			vertex -5840 4090 -400.0000000000009
			vertex -6050 4090 -400.0000000000009
			vertex -6050 4210 -400.0000000000009
		endloop
	endfacet
	facet normal 0 0 -1
		outer loop
			vertex -5840 4090 -400.0000000000009
			vertex -6000 4000 -400.0000000000009
			vertex -6050 4090 -400.0000000000009
		endloop
	endfacet
	facet normal 0 0 -1
		outer loop
			vertex -5840 4090 -400.0000000000009
			vertex -6050 4210 -400.0000000000009
			vertex -5840 4210 -400.0000000000009
		endloop
	endfacet
	facet normal -6.315935428978669e-16 0 -1
		outer loop
			vertex -6090 3830 -400.00000000000085
			vertex -6090 3880 -400.00000000000085
			vertex -6000 4000 -400.0000000000009
		endloop
	endfacet
	facet normal 0 0 -1
		outer loop
			vertex -5790 4090 -400.0000000000009
			vertex -6000 4000 -400.0000000000009
			vertex -5840 4090 -400.0000000000009
		endloop
	endfacet
	facet normal 0 0 -1
		outer loop
			vertex -5065 4057.5 -400.0000000000009
			vertex -5790 4090 -400.0000000000009
			vertex -5790 4210 -400.0000000000009
		endloop
	endfacet
	facet normal 0 0 -1
		outer loop
			vertex -5065 4022.5 -400.0000000000009
			vertex -5790 4090 -400.0000000000009
			vertex -5065 4057.5 -400.0000000000009
		endloop
	endfacet
	facet normal 0 -2.1183882805270072e-16 -1
		outer loop
			vertex -6057.5 3025 -400.0000000000007
			vertex -6210 3830 -400.00000000000085
			vertex -6090 3830 -400.00000000000085
		endloop
	endfacet
	facet normal 0 -2.1183882805270067e-16 -1
		outer loop
			vertex -6022.5 3025 -400.0000000000007
			vertex -6057.5 3025 -400.0000000000007
			vertex -6090 3830 -400.00000000000085
		endloop
	endfacet
	facet normal 0 0 -1
		outer loop
			vertex -4975 4057.5 -400.0000000000009
			vertex -5065 4057.5 -400.0000000000009
			vertex -5790 4210 -400.0000000000009
		endloop
	endfacet
	facet normal 1.6374647408463215e-16 -2.1053118096595562e-16 -1
		outer loop
			vertex -6210 2210 -400.0000000000005
			vertex -6300 4300 -400.00000000000097
			vertex -6210 3830 -400.00000000000085
		endloop
	endfacet
	facet normal 2.2571703664218846e-15 -6.315935428978669e-16 -1
		outer loop
			vertex -6210 2210 -400.0000000000005
			vertex -6057.5 3025 -400.0000000000007
			vertex -6057.5 2935 -400.0000000000006
		endloop
	endfacet
	facet normal 6.902661671014939e-18 -2.1053118096595562e-16 -1
		outer loop
			vertex -6210 2210 -400.0000000000005
			vertex -6210 3830 -400.00000000000085
			vertex -6057.5 3025 -400.0000000000007
		endloop
	endfacet
	facet normal 0 0 -1
		outer loop
			vertex -4170 4210 -400.0000000000009
			vertex -4975 4057.5 -400.0000000000009
			vertex -5790 4210 -400.0000000000009
		endloop
	endfacet
	facet normal 0 -6.315935428978669e-16 -1
		outer loop
			vertex -4170 4210 -400.0000000000009
			vertex -5790 4210 -400.0000000000009
			vertex -6300 4300 -400.00000000000097
		endloop
	endfacet
	facet normal -2.13478617499479e-14 -1.1368683772161603e-15 -1
		outer loop
			vertex -6210 2160 -400.00000000000045
			vertex -6300 4300 -400.00000000000097
			vertex -6210 2210 -400.0000000000005
		endloop
	endfacet
	facet normal 0 -1.5680943134016003e-16 -1
		outer loop
			vertex -6090 2210 -400.0000000000005
			vertex -6057.5 2935 -400.0000000000006
			vertex -6022.5 2935 -400.0000000000006
		endloop
	endfacet
	facet normal 0 -1.5680943134016003e-16 -1
		outer loop
			vertex -6090 2210 -400.0000000000005
			vertex -6210 2210 -400.0000000000005
			vertex -6057.5 2935 -400.0000000000006
		endloop
	endfacet
	facet normal 0 0 -1
		outer loop
			vertex -4170 4090 -400.0000000000009
			vertex -4975 4057.5 -400.0000000000009
			vertex -4170 4210 -400.0000000000009
		endloop
	endfacet
	facet normal 0 0 -1
		outer loop
			vertex -4170 4090 -400.0000000000009
			vertex -4975 4022.5 -400.0000000000009
			vertex -4975 4057.5 -400.0000000000009
		endloop
	endfacet
	facet normal 8.571626653613907e-16 -2.0301221021717148e-16 -1
		outer loop
			vertex -6210 1880 -400.0000000000004
			vertex -6300 4300 -400.00000000000097
			vertex -6210 2160 -400.00000000000045
		endloop
	endfacet
	facet normal 6.315935428978669e-15 0 -1
		outer loop
			vertex -6210 1830 -400.0000000000004
			vertex -6300 4300 -400.00000000000097
			vertex -6210 1880 -400.0000000000004
		endloop
	endfacet
	facet normal 0 -2.0301221021717148e-16 -1
		outer loop
			vertex -6090 1880 -400.0000000000004
			vertex -6210 2160 -400.00000000000045
			vertex -6090 2160 -400.00000000000045
		endloop
	endfacet
	facet normal 0 -2.0301221021717148e-16 -1
		outer loop
			vertex -6090 1880 -400.0000000000004
			vertex -6210 1880 -400.0000000000004
			vertex -6210 2160 -400.00000000000045
		endloop
	endfacet
	facet normal 0 0 -1
		outer loop
			vertex -3840 4090 -400.0000000000009
			vertex -4120 4090 -400.0000000000009
			vertex -4120 4210 -400.0000000000009
		endloop
	endfacet
	facet normal 0 0 -1
		outer loop
			vertex -3840 4090 -400.0000000000009
			vertex -4120 4210 -400.0000000000009
			vertex -3840 4210 -400.0000000000009
		endloop
	endfacet
	facet normal 0 0 -1
		outer loop
			vertex -3065 4057.5 -400.0000000000009
			vertex -3790 4090 -400.0000000000009
			vertex -3790 4210 -400.0000000000009
		endloop
	endfacet
	facet normal 0 0 -1
		outer loop
			vertex -3065 4022.5 -400.0000000000009
			vertex -3790 4090 -400.0000000000009
			vertex -3065 4057.5 -400.0000000000009
		endloop
	endfacet
	facet normal 0 -2.1183882805270072e-16 -1
		outer loop
			vertex -6057.5 1025 -400.0000000000002
			vertex -6210 1830 -400.0000000000004
			vertex -6090 1830 -400.0000000000004
		endloop
	endfacet
	facet normal 0 -2.1183882805270067e-16 -1
		outer loop
			vertex -6022.5 1025 -400.0000000000002
			vertex -6057.5 1025 -400.0000000000002
			vertex -6090 1830 -400.0000000000004
		endloop
	endfacet
	facet normal 0 0 -1
		outer loop
			vertex -2975 4057.5 -400.0000000000009
			vertex -3065 4057.5 -400.0000000000009
			vertex -3790 4210 -400.0000000000009
		endloop
	endfacet
	facet normal -1.1182311907044199e-15 0 -1
		outer loop
			vertex -6210 209.99999999999991 -400.00000000000006
			vertex -6057.5 1025 -400.0000000000002
			vertex -6057.5 934.9999999999999 -400.0000000000002
		endloop
	endfacet
	facet normal 6.902661671014939e-18 -2.1053118096595562e-16 -1
		outer loop
			vertex -6210 209.99999999999991 -400.00000000000006
			vertex -6210 1830 -400.0000000000004
			vertex -6057.5 1025 -400.0000000000002
		endloop
	endfacet
	facet normal 0 0 -1
		outer loop
			vertex -2170 4210 -400.0000000000009
			vertex -2975 4057.5 -400.0000000000009
			vertex -3790 4210 -400.0000000000009
		endloop
	endfacet
	facet normal 0 -2.3521414701024007e-16 -1
		outer loop
			vertex -6090 209.99999999999991 -400.00000000000006
			vertex -6057.5 934.9999999999999 -400.0000000000002
			vertex -6022.5 934.9999999999999 -400.0000000000002
		endloop
	endfacet
	facet normal 0 -2.3521414701024007e-16 -1
		outer loop
			vertex -6090 209.99999999999991 -400.00000000000006
			vertex -6210 209.99999999999991 -400.00000000000006
			vertex -6057.5 934.9999999999999 -400.0000000000002
		endloop
	endfacet
	facet normal 0 0 -1
		outer loop
			vertex -2170 4090 -400.0000000000009
			vertex -2975 4022.5 -400.0000000000009
			vertex -2975 4057.5 -400.0000000000009
		endloop
	endfacet
	facet normal 0 0 -1
		outer loop
			vertex -2170 4090 -400.0000000000009
			vertex -2975 4057.5 -400.0000000000009
			vertex -2170 4210 -400.0000000000009
		endloop
	endfacet
	facet normal 0 -2.0301221021717148e-16 -1
		outer loop
			vertex -6090 -120.00000000000009 -400
			vertex -6210 159.99999999999991 -400.00000000000006
			vertex -6090 159.99999999999991 -400.00000000000006
		endloop
	endfacet
	facet normal 0 -2.0301221021717148e-16 -1
		outer loop
			vertex -6090 -120.00000000000009 -400
			vertex -6210 -120.00000000000009 -400
			vertex -6210 159.99999999999991 -400.00000000000006
		endloop
	endfacet
	facet normal 0 0 -1
		outer loop
			vertex -1840 4090 -400.0000000000009
			vertex -2120 4210 -400.0000000000009
			vertex -1840 4210 -400.0000000000009
		endloop
	endfacet
	facet normal 0 0 -1
		outer loop
			vertex -1840 4090 -400.0000000000009
			vertex -2120 4090 -400.0000000000009
			vertex -2120 4210 -400.0000000000009
		endloop
	endfacet
	facet normal 0 0 -1
		outer loop
			vertex -1065 4057.5 -400.0000000000009
			vertex -1790 4090 -400.0000000000009
			vertex -1790 4210 -400.0000000000009
		endloop
	endfacet
	facet normal 0 0 -1
		outer loop
			vertex -1065 4022.5 -400.0000000000009
			vertex -1790 4090 -400.0000000000009
			vertex -1065 4057.5 -400.0000000000009
		endloop
	endfacet
	facet normal 0 -2.1183882805270072e-16 -1
		outer loop
			vertex -6057.5 -975.0000000000001 -399.9999999999998
			vertex -6210 -170.00000000000009 -399.99999999999994
			vertex -6090 -170.00000000000009 -399.99999999999994
		endloop
	endfacet
	facet normal 0 -2.1183882805270067e-16 -1
		outer loop
			vertex -6022.5 -975.0000000000001 -399.9999999999998
			vertex -6057.5 -975.0000000000001 -399.9999999999998
			vertex -6090 -170.00000000000009 -399.99999999999994
		endloop
	endfacet
	facet normal 0 0 -1
		outer loop
			vertex -975 4057.5 -400.0000000000009
			vertex -1065 4057.5 -400.0000000000009
			vertex -1790 4210 -400.0000000000009
		endloop
	endfacet
	facet normal 6.902661671014939e-18 -2.1053118096595562e-16 -1
		outer loop
			vertex -6210 -1790 -399.9999999999996
			vertex -6210 -170.00000000000009 -399.99999999999994
			vertex -6057.5 -975.0000000000001 -399.9999999999998
		endloop
	endfacet
	facet normal -1.11823119070442e-15 0 -1
		outer loop
			vertex -6210 -1790 -399.9999999999996
			vertex -6057.5 -975.0000000000001 -399.9999999999998
			vertex -6057.5 -1065 -399.9999999999998
		endloop
	endfacet
	facet normal 0 0 -1
		outer loop
			vertex -170 4210 -400.0000000000009
			vertex -975 4057.5 -400.0000000000009
			vertex -1790 4210 -400.0000000000009
		endloop
	endfacet
	facet normal 0 -2.3521414701024007e-16 -1
		outer loop
			vertex -6090 -1790 -399.9999999999996
			vertex -6210 -1790 -399.9999999999996
			vertex -6057.5 -1065 -399.9999999999998
		endloop
	endfacet
	facet normal 0 -2.3521414701024007e-16 -1
		outer loop
			vertex -6090 -1790 -399.9999999999996
			vertex -6057.5 -1065 -399.9999999999998
			vertex -6022.5 -1065 -399.9999999999998
		endloop
	endfacet
	facet normal 0 0 -1
		outer loop
			vertex -170 4090 -400.0000000000009
			vertex -975 4022.5 -400.0000000000009
			vertex -975 4057.5 -400.0000000000009
		endloop
	endfacet
	facet normal 0 0 -1
		outer loop
			vertex -170 4090 -400.0000000000009
			vertex -975 4057.5 -400.0000000000009
			vertex -170 4210 -400.0000000000009
		endloop
	endfacet
	facet normal 0 -2.0301221021717148e-16 -1
		outer loop
			vertex -6090 -2120 -399.99999999999955
			vertex -6210 -2120 -399.99999999999955
			vertex -6210 -1840 -399.9999999999996
		endloop
	endfacet
	facet normal 0 -2.0301221021717148e-16 -1
		outer loop
			vertex -6090 -2120 -399.99999999999955
			vertex -6210 -1840 -399.9999999999996
			vertex -6090 -1840 -399.9999999999996
		endloop
	endfacet
	facet normal 0 0 -1
		outer loop
			vertex 160 4090 -400.0000000000009
			vertex -120 4090 -400.0000000000009
			vertex -120 4210 -400.0000000000009
		endloop
	endfacet
	facet normal 0 0 -1
		outer loop
			vertex 160 4090 -400.0000000000009
			vertex -120 4210 -400.0000000000009
			vertex 160 4210 -400.0000000000009
		endloop
	endfacet
	facet normal 0 0 -1
		outer loop
			vertex 935 4057.5 -400.0000000000009
			vertex 210 4090 -400.0000000000009
			vertex 210 4210 -400.0000000000009
		endloop
	endfacet
	facet normal 0 0 -1
		outer loop
			vertex 935 4022.5 -400.0000000000009
			vertex 210 4090 -400.0000000000009
			vertex 935 4057.5 -400.0000000000009
		endloop
	endfacet
	facet normal 0 -2.8245177073693425e-16 -1
		outer loop
			vertex -6057.5 -2975 -399.9999999999993
			vertex -6210 -2170 -399.99999999999955
			vertex -6090 -2170 -399.99999999999955
		endloop
	endfacet
	facet normal 0 -2.8245177073693425e-16 -1
		outer loop
			vertex -6022.5 -2975 -399.9999999999993
			vertex -6057.5 -2975 -399.9999999999993
			vertex -6090 -2170 -399.99999999999955
		endloop
	endfacet
	facet normal 0 0 -1
		outer loop
			vertex 1025 4057.5 -400.0000000000009
			vertex 935 4057.5 -400.0000000000009
			vertex 210 4210 -400.0000000000009
		endloop
	endfacet
	facet normal 1.944249704002541e-16 -2.4561971112694824e-16 -1
		outer loop
			vertex -6210 -3790 -399.99999999999915
			vertex -6210 -2170 -399.99999999999955
			vertex -6057.5 -2975 -399.9999999999993
		endloop
	endfacet
	facet normal -1.1182311907044199e-15 0 -1
		outer loop
			vertex -6210 -3790 -399.99999999999915
			vertex -6057.5 -2975 -399.9999999999993
			vertex -6057.5 -3065 -399.9999999999993
		endloop
	endfacet
	facet normal 0 0 -1
		outer loop
			vertex 1830 4210 -400.0000000000009
			vertex 1025 4057.5 -400.0000000000009
			vertex 210 4210 -400.0000000000009
		endloop
	endfacet
	facet normal 0 -2.3521414701024007e-16 -1
		outer loop
			vertex -6090 -3790 -399.99999999999915
			vertex -6057.5 -3065 -399.9999999999993
			vertex -6022.5 -3065 -399.9999999999993
		endloop
	endfacet
	facet normal 0 -2.3521414701024007e-16 -1
		outer loop
			vertex -6090 -3790 -399.99999999999915
			vertex -6210 -3790 -399.99999999999915
			vertex -6057.5 -3065 -399.9999999999993
		endloop
	endfacet
	facet normal 0 0 -1
		outer loop
			vertex 1830 4090 -400.0000000000009
			vertex 1025 4022.5 -400.0000000000009
			vertex 1025 4057.5 -400.0000000000009
		endloop
	endfacet
	facet normal 0 0 -1
		outer loop
			vertex 1830 4090 -400.0000000000009
			vertex 1025 4057.5 -400.0000000000009
			vertex 1830 4210 -400.0000000000009
		endloop
	endfacet
	facet normal 0 -2.7068294695622867e-16 -1
		outer loop
			vertex -6090 -4050 -399.9999999999991
			vertex -6210 -3840 -399.99999999999915
			vertex -6090 -3840 -399.99999999999915
		endloop
	endfacet
	facet normal 0 -2.7068294695622867e-16 -1
		outer loop
			vertex -6090 -4050 -399.9999999999991
			vertex -6210 -4050 -399.9999999999991
			vertex -6210 -3840 -399.99999999999915
		endloop
	endfacet
	facet normal 6.315935428978669e-16 0 -1
		outer loop
			vertex -6000 -4000 -399.9999999999991
			vertex -6090 -3840 -399.99999999999915
			vertex -6090 -3790 -399.99999999999915
		endloop
	endfacet
	facet normal 1.503794149756826e-16 -2.7068294695622867e-16 -1
		outer loop
			vertex -6000 -4000 -399.9999999999991
			vertex -6090 -4050 -399.9999999999991
			vertex -6090 -3840 -399.99999999999915
		endloop
	endfacet
	facet normal -6.315935428978669e-16 0 -1
		outer loop
			vertex -6300 -4300 -399.99999999999903
			vertex -6210 -4100 -399.9999999999991
			vertex -6210 -4200 -399.9999999999991
		endloop
	endfacet
	facet normal -7.669350163759812e-16 -2.0301221021717148e-16 -1
		outer loop
			vertex -6300 -4300 -399.99999999999903
			vertex -6210 -1840 -399.9999999999996
			vertex -6210 -2120 -399.99999999999955
		endloop
	endfacet
	facet normal -6.315935428978669e-16 0 -1
		outer loop
			vertex -6300 -4300 -399.99999999999903
			vertex -6210 -4050 -399.9999999999991
			vertex -6210 -4100 -399.9999999999991
		endloop
	endfacet
	facet normal 1.2865794392363953e-16 -2.456197111269482e-16 -1
		outer loop
			vertex -6300 -4300 -399.99999999999903
			vertex -6210 -2170 -399.99999999999955
			vertex -6210 -3790 -399.99999999999915
		endloop
	endfacet
	facet normal -1.2631870857957337e-15 0 -1
		outer loop
			vertex -6300 -4300 -399.99999999999903
			vertex -6210 -3790 -399.99999999999915
			vertex -6210 -3840 -399.99999999999915
		endloop
	endfacet
	facet normal -5.684341886080802e-15 0 -1
		outer loop
			vertex -6300 -4300 -399.99999999999903
			vertex -6210 -2120 -399.99999999999955
			vertex -6210 -2170 -399.99999999999955
		endloop
	endfacet
	facet normal 1.2030353198054607e-16 -2.7068294695622867e-16 -1
		outer loop
			vertex -6300 -4300 -399.99999999999903
			vertex -6210 -3840 -399.99999999999915
			vertex -6210 -4050 -399.9999999999991
		endloop
	endfacet
	facet normal -6.315935428978669e-15 0 -1
		outer loop
			vertex -6300 -4300 -399.99999999999903
			vertex -6210 -1790 -399.9999999999996
			vertex -6210 -1840 -399.9999999999996
		endloop
	endfacet
	facet normal 0 0 -1
		outer loop
			vertex -6090 -4100 -399.9999999999991
			vertex -6210 -4200 -399.9999999999991
			vertex -6210 -4100 -399.9999999999991
		endloop
	endfacet
	facet normal 0 0 -1
		outer loop
			vertex -6090 -4100 -399.9999999999991
			vertex -6090 -4050 -399.9999999999991
			vertex -6000 -4000 -399.9999999999991
		endloop
	endfacet
	facet normal 6.315935428978669e-16 -1.1368683772161603e-15 -1
		outer loop
			vertex -6210 -4250 -399.99999999999903
			vertex -6300 -4300 -399.99999999999903
			vertex -6210 -4200 -399.9999999999991
		endloop
	endfacet
	facet normal 0 0 -1
		outer loop
			vertex 2160 4090 -400.0000000000009
			vertex 1880 4090 -400.0000000000009
			vertex 1880 4210 -400.0000000000009
		endloop
	endfacet
	facet normal 0 0 -1
		outer loop
			vertex 2160 4090 -400.0000000000009
			vertex 1880 4210 -400.0000000000009
			vertex 2160 4210 -400.0000000000009
		endloop
	endfacet
	facet normal 0 0 -1
		outer loop
			vertex -6090 -4200 -399.9999999999991
			vertex -6210 -4200 -399.9999999999991
			vertex -6090 -4100 -399.9999999999991
		endloop
	endfacet
	facet normal 0 0 -1
		outer loop
			vertex -6090 -4250 -399.99999999999903
			vertex -6300 -4300 -399.99999999999903
			vertex -6210 -4250 -399.99999999999903
		endloop
	endfacet
	facet normal 0 0 -1
		outer loop
			vertex -5880 -4090 -399.9999999999991
			vertex -6090 -4100 -399.9999999999991
			vertex -6000 -4000 -399.9999999999991
		endloop
	endfacet
	facet normal 0 0 -1
		outer loop
			vertex -5830 -4090 -399.9999999999991
			vertex -5880 -4090 -399.9999999999991
			vertex -6000 -4000 -399.9999999999991
		endloop
	endfacet
	facet normal 0 0 -1
		outer loop
			vertex -5880 -4210 -399.9999999999991
			vertex -6090 -4200 -399.9999999999991
			vertex -6090 -4100 -399.9999999999991
		endloop
	endfacet
	facet normal 0 0 -1
		outer loop
			vertex -5880 -4210 -399.9999999999991
			vertex -6090 -4100 -399.9999999999991
			vertex -5880 -4090 -399.9999999999991
		endloop
	endfacet
	facet normal -5.413658939124573e-17 -1.1368683772161603e-15 -1
		outer loop
			vertex -5880 -4210 -399.9999999999991
			vertex -6090 -4250 -399.99999999999903
			vertex -6090 -4200 -399.9999999999991
		endloop
	endfacet
	facet normal 0 -1.4210854715202005e-15 -1
		outer loop
			vertex -5830 -4210 -399.9999999999991
			vertex -6090 -4250 -399.99999999999903
			vertex -5880 -4210 -399.9999999999991
		endloop
	endfacet
	facet normal -6.178632484870436e-16 2.5950256436455833e-15 -1
		outer loop
			vertex -5830 -4210 -399.9999999999991
			vertex -6300 -4300 -399.99999999999903
			vertex -6090 -4250 -399.99999999999903
		endloop
	endfacet
	facet normal 0 0 -1
		outer loop
			vertex 2935 4057.5 -400.0000000000009
			vertex 2210 4090 -400.0000000000009
			vertex 2210 4210 -400.0000000000009
		endloop
	endfacet
	facet normal 0 0 -1
		outer loop
			vertex 2935 4022.5 -400.0000000000009
			vertex 2210 4090 -400.0000000000009
			vertex 2935 4057.5 -400.0000000000009
		endloop
	endfacet
	facet normal 0 0 -1
		outer loop
			vertex 3025 4057.5 -400.0000000000009
			vertex 2935 4057.5 -400.0000000000009
			vertex 2210 4210 -400.0000000000009
		endloop
	endfacet
	facet normal 0 0 -1
		outer loop
			vertex -5025 -4057.5 -399.9999999999991
			vertex -5830 -4210 -399.9999999999991
			vertex -5830 -4090 -399.9999999999991
		endloop
	endfacet
	facet normal 0 0 -1
		outer loop
			vertex -5025 -4057.5 -399.9999999999991
			vertex -5830 -4090 -399.9999999999991
			vertex -5025 -4022.5 -399.9999999999991
		endloop
	endfacet
	facet normal 0 0 -1
		outer loop
			vertex 3830 4210 -400.0000000000009
			vertex 3025 4057.5 -400.0000000000009
			vertex 2210 4210 -400.0000000000009
		endloop
	endfacet
	facet normal 0 0 -1
		outer loop
			vertex 3830 4090 -400.0000000000009
			vertex 3025 4057.5 -400.0000000000009
			vertex 3830 4210 -400.0000000000009
		endloop
	endfacet
	facet normal 0 0 -1
		outer loop
			vertex 3830 4090 -400.0000000000009
			vertex 3025 4022.5 -400.0000000000009
			vertex 3025 4057.5 -400.0000000000009
		endloop
	endfacet
	facet normal 0 0 -1
		outer loop
			vertex -4210 -4090 -399.9999999999991
			vertex -4935 -4057.5 -399.9999999999991
			vertex -4935 -4022.5 -399.9999999999991
		endloop
	endfacet
	facet normal 0 0 -1
		outer loop
			vertex -4210 -4210 -399.9999999999991
			vertex -4935 -4057.5 -399.9999999999991
			vertex -4210 -4090 -399.9999999999991
		endloop
	endfacet
	facet normal 0 -6.315935428978669e-16 -1
		outer loop
			vertex -4210 -4210 -399.9999999999991
			vertex -6300 -4300 -399.99999999999903
			vertex -5830 -4210 -399.9999999999991
		endloop
	endfacet
	facet normal 0 0 -1
		outer loop
			vertex -4210 -4210 -399.9999999999991
			vertex -5025 -4057.5 -399.9999999999991
			vertex -4935 -4057.5 -399.9999999999991
		endloop
	endfacet
	facet normal 0 0 -1
		outer loop
			vertex -4210 -4210 -399.9999999999991
			vertex -5830 -4210 -399.9999999999991
			vertex -5025 -4057.5 -399.9999999999991
		endloop
	endfacet
	facet normal 0 0 -1
		outer loop
			vertex 4160 4090 -400.0000000000009
			vertex 3880 4210 -400.0000000000009
			vertex 4160 4210 -400.0000000000009
		endloop
	endfacet
	facet normal 0 0 -1
		outer loop
			vertex 4160 4090 -400.0000000000009
			vertex 3880 4090 -400.0000000000009
			vertex 3880 4210 -400.0000000000009
		endloop
	endfacet
	facet normal 0 0 -1
		outer loop
			vertex -3880 -4210 -399.9999999999991
			vertex -4160 -4090 -399.9999999999991
			vertex -3880 -4090 -399.9999999999991
		endloop
	endfacet
	facet normal 0 0 -1
		outer loop
			vertex -3880 -4210 -399.9999999999991
			vertex -4160 -4210 -399.9999999999991
			vertex -4160 -4090 -399.9999999999991
		endloop
	endfacet
	facet normal 0 0 -1
		outer loop
			vertex 4935 4057.5 -400.0000000000009
			vertex 4210 4090 -400.0000000000009
			vertex 4210 4210 -400.0000000000009
		endloop
	endfacet
	facet normal 0 0 -1
		outer loop
			vertex 4935 4022.5 -400.0000000000009
			vertex 4210 4090 -400.0000000000009
			vertex 4935 4057.5 -400.0000000000009
		endloop
	endfacet
	facet normal 0 0 -1
		outer loop
			vertex 5025 4057.5 -400.0000000000009
			vertex 4935 4057.5 -400.0000000000009
			vertex 4210 4210 -400.0000000000009
		endloop
	endfacet
	facet normal 0 0 -1
		outer loop
			vertex -3025 -4057.5 -399.9999999999991
			vertex -3830 -4210 -399.9999999999991
			vertex -3830 -4090 -399.9999999999991
		endloop
	endfacet
	facet normal 0 0 -1
		outer loop
			vertex -3025 -4057.5 -399.9999999999991
			vertex -3830 -4090 -399.9999999999991
			vertex -3025 -4022.5 -399.9999999999991
		endloop
	endfacet
	facet normal 0 0 -1
		outer loop
			vertex 5830 4210 -400.0000000000009
			vertex 5025 4057.5 -400.0000000000009
			vertex 4210 4210 -400.0000000000009
		endloop
	endfacet
	facet normal 0 0 -1
		outer loop
			vertex 5830 4090 -400.0000000000009
			vertex 5025 4022.5 -400.0000000000009
			vertex 5025 4057.5 -400.0000000000009
		endloop
	endfacet
	facet normal 0 0 -1
		outer loop
			vertex 5830 4090 -400.0000000000009
			vertex 5025 4057.5 -400.0000000000009
			vertex 5830 4210 -400.0000000000009
		endloop
	endfacet
	facet normal 0 -1.4210854715202005e-15 -1
		outer loop
			vertex 6090 4250 -400.00000000000097
			vertex 5880 4210 -400.0000000000009
			vertex 5830 4210 -400.0000000000009
		endloop
	endfacet
	facet normal 0 0 -1
		outer loop
			vertex -2210 -4090 -399.9999999999991
			vertex -2935 -4057.5 -399.9999999999991
			vertex -2935 -4022.5 -399.9999999999991
		endloop
	endfacet
	facet normal -5.413658939124573e-17 -1.1368683772161603e-15 -1
		outer loop
			vertex 6090 4200 -400.0000000000009
			vertex 5880 4210 -400.0000000000009
			vertex 6090 4250 -400.00000000000097
		endloop
	endfacet
	facet normal 0 0 -1
		outer loop
			vertex 6090 4100 -400.0000000000009
			vertex 5880 4210 -400.0000000000009
			vertex 6090 4200 -400.0000000000009
		endloop
	endfacet
	facet normal 0 0 -1
		outer loop
			vertex 6090 4100 -400.0000000000009
			vertex 5880 4090 -400.0000000000009
			vertex 5880 4210 -400.0000000000009
		endloop
	endfacet
	facet normal 0 0 -1
		outer loop
			vertex 6300 4300 -400.00000000000097
			vertex 6210 4250 -400.00000000000097
			vertex 6090 4250 -400.00000000000097
		endloop
	endfacet
	facet normal -6.178632484870436e-16 2.5950256436455833e-15 -1
		outer loop
			vertex 6300 4300 -400.00000000000097
			vertex 6090 4250 -400.00000000000097
			vertex 5830 4210 -400.0000000000009
		endloop
	endfacet
	facet normal 0 -6.315935428978669e-16 -1
		outer loop
			vertex 6300 4300 -400.00000000000097
			vertex 5830 4210 -400.0000000000009
			vertex 4210 4210 -400.0000000000009
		endloop
	endfacet
	facet normal 0 0 -1
		outer loop
			vertex -2210 -4210 -399.9999999999991
			vertex -3025 -4057.5 -399.9999999999991
			vertex -2935 -4057.5 -399.9999999999991
		endloop
	endfacet
	facet normal 0 0 -1
		outer loop
			vertex -2210 -4210 -399.9999999999991
			vertex -3830 -4210 -399.9999999999991
			vertex -3025 -4057.5 -399.9999999999991
		endloop
	endfacet
	facet normal 0 0 -1
		outer loop
			vertex -2210 -4210 -399.9999999999991
			vertex -2935 -4057.5 -399.9999999999991
			vertex -2210 -4090 -399.9999999999991
		endloop
	endfacet
	facet normal 0 0 -1
		outer loop
			vertex 6000 4000 -400.0000000000009
			vertex 5830 4090 -400.0000000000009
			vertex 5880 4090 -400.0000000000009
		endloop
	endfacet
	facet normal 0 0 -1
		outer loop
			vertex 6000 4000 -400.0000000000009
			vertex 5880 4090 -400.0000000000009
			vertex 6090 4100 -400.0000000000009
		endloop
	endfacet
	facet normal 6.315935428978669e-16 -1.1368683772161603e-15 -1
		outer loop
			vertex 6210 4200 -400.0000000000009
			vertex 6210 4250 -400.00000000000097
			vertex 6300 4300 -400.00000000000097
		endloop
	endfacet
	facet normal 0 0 -1
		outer loop
			vertex 6210 4200 -400.0000000000009
			vertex 6090 4100 -400.0000000000009
			vertex 6090 4200 -400.0000000000009
		endloop
	endfacet
	facet normal 0 0 -1
		outer loop
			vertex 6090 4050 -400.0000000000009
			vertex 6000 4000 -400.0000000000009
			vertex 6090 4100 -400.0000000000009
		endloop
	endfacet
	facet normal -6.315935428978669e-16 0 -1
		outer loop
			vertex 6210 4100 -400.0000000000009
			vertex 6210 4200 -400.0000000000009
			vertex 6300 4300 -400.00000000000097
		endloop
	endfacet
	facet normal 0 0 -1
		outer loop
			vertex 6210 4100 -400.0000000000009
			vertex 6090 4100 -400.0000000000009
			vertex 6210 4200 -400.0000000000009
		endloop
	endfacet
	facet normal -6.315935428978669e-16 0 -1
		outer loop
			vertex 6210 4050 -400.0000000000009
			vertex 6210 4100 -400.0000000000009
			vertex 6300 4300 -400.00000000000097
		endloop
	endfacet
	facet normal 1.503794149756826e-16 -2.7068294695622867e-16 -1
		outer loop
			vertex 6090 3840 -400.00000000000085
			vertex 6000 4000 -400.0000000000009
			vertex 6090 4050 -400.0000000000009
		endloop
	endfacet
	facet normal 6.315935428978669e-16 0 -1
		outer loop
			vertex 6090 3790 -400.00000000000085
			vertex 6000 4000 -400.0000000000009
			vertex 6090 3840 -400.00000000000085
		endloop
	endfacet
	facet normal 0 0 -1
		outer loop
			vertex -1880 -4210 -399.9999999999991
			vertex -2160 -4090 -399.9999999999991
			vertex -1880 -4090 -399.9999999999991
		endloop
	endfacet
	facet normal 0 0 -1
		outer loop
			vertex -1880 -4210 -399.9999999999991
			vertex -2160 -4210 -399.9999999999991
			vertex -2160 -4090 -399.9999999999991
		endloop
	endfacet
	facet normal 1.2030353198054607e-16 -2.7068294695622867e-16 -1
		outer loop
			vertex 6210 3840 -400.00000000000085
			vertex 6210 4050 -400.0000000000009
			vertex 6300 4300 -400.00000000000097
		endloop
	endfacet
	facet normal 0 -2.7068294695622867e-16 -1
		outer loop
			vertex 6210 3840 -400.00000000000085
			vertex 6090 4050 -400.0000000000009
			vertex 6210 4050 -400.0000000000009
		endloop
	endfacet
	facet normal 0 -2.7068294695622867e-16 -1
		outer loop
			vertex 6210 3840 -400.00000000000085
			vertex 6090 3840 -400.00000000000085
			vertex 6090 4050 -400.0000000000009
		endloop
	endfacet
	facet normal -1.2631870857957337e-15 0 -1
		outer loop
			vertex 6210 3790 -400.00000000000085
			vertex 6210 3840 -400.00000000000085
			vertex 6300 4300 -400.00000000000097
		endloop
	endfacet
	facet normal 0 -2.3521414701024007e-16 -1
		outer loop
			vertex 6057.5 3065 -400.0000000000007
			vertex 6090 3790 -400.00000000000085
			vertex 6210 3790 -400.00000000000085
		endloop
	endfacet
	facet normal 0 -2.3521414701024007e-16 -1
		outer loop
			vertex 6057.5 3065 -400.0000000000007
			vertex 6022.5 3065 -400.0000000000007
			vertex 6090 3790 -400.00000000000085
		endloop
	endfacet
	facet normal 0 0 -1
		outer loop
			vertex -1025 -4057.5 -399.9999999999991
			vertex -1830 -4210 -399.9999999999991
			vertex -1830 -4090 -399.9999999999991
		endloop
	endfacet
	facet normal 0 0 -1
		outer loop
			vertex -1025 -4057.5 -399.9999999999991
			vertex -1830 -4090 -399.9999999999991
			vertex -1025 -4022.5 -399.9999999999991
		endloop
	endfacet
	facet normal -1.1182311907044199e-15 0 -1
		outer loop
			vertex 6057.5 2975 -400.0000000000007
			vertex 6057.5 3065 -400.0000000000007
			vertex 6210 3790 -400.00000000000085
		endloop
	endfacet
	facet normal 0 0 -1
		outer loop
			vertex -210 -4090 -399.9999999999991
			vertex -935 -4057.5 -399.9999999999991
			vertex -935 -4022.5 -399.9999999999991
		endloop
	endfacet
	facet normal 0 -2.8245177073693425e-16 -1
		outer loop
			vertex 6090 2170 -400.00000000000045
			vertex 6022.5 2975 -400.0000000000007
			vertex 6057.5 2975 -400.0000000000007
		endloop
	endfacet
	facet normal 0 0 -1
		outer loop
			vertex -210 -4210 -399.9999999999991
			vertex -1025 -4057.5 -399.9999999999991
			vertex -935 -4057.5 -399.9999999999991
		endloop
	endfacet
	facet normal 0 0 -1
		outer loop
			vertex -210 -4210 -399.9999999999991
			vertex -935 -4057.5 -399.9999999999991
			vertex -210 -4090 -399.9999999999991
		endloop
	endfacet
	facet normal 0 0 -1
		outer loop
			vertex -210 -4210 -399.9999999999991
			vertex -1830 -4210 -399.9999999999991
			vertex -1025 -4057.5 -399.9999999999991
		endloop
	endfacet
	facet normal 1.2865794392363953e-16 -2.456197111269482e-16 -1
		outer loop
			vertex 6210 2170 -400.00000000000045
			vertex 6210 3790 -400.00000000000085
			vertex 6300 4300 -400.00000000000097
		endloop
	endfacet
	facet normal 0 -2.8245177073693425e-16 -1
		outer loop
			vertex 6210 2170 -400.00000000000045
			vertex 6090 2170 -400.00000000000045
			vertex 6057.5 2975 -400.0000000000007
		endloop
	endfacet
	facet normal 1.944249704002541e-16 -2.4561971112694824e-16 -1
		outer loop
			vertex 6210 2170 -400.00000000000045
			vertex 6057.5 2975 -400.0000000000007
			vertex 6210 3790 -400.00000000000085
		endloop
	endfacet
	facet normal 0 0 -1
		outer loop
			vertex 120 -4210 -399.9999999999991
			vertex -160 -4210 -399.9999999999991
			vertex -160 -4090 -399.9999999999991
		endloop
	endfacet
	facet normal 0 0 -1
		outer loop
			vertex 120 -4210 -399.9999999999991
			vertex -160 -4090 -399.9999999999991
			vertex 120 -4090 -399.9999999999991
		endloop
	endfacet
	facet normal 0 -2.0301221021717148e-16 -1
		outer loop
			vertex 6210 1840 -400.0000000000004
			vertex 6090 2120 -400.00000000000045
			vertex 6210 2120 -400.00000000000045
		endloop
	endfacet
	facet normal 0 -2.0301221021717148e-16 -1
		outer loop
			vertex 6210 1840 -400.0000000000004
			vertex 6090 1840 -400.0000000000004
			vertex 6090 2120 -400.00000000000045
		endloop
	endfacet
	facet normal 0 -2.3521414701024007e-16 -1
		outer loop
			vertex 6057.5 1065 -400.0000000000002
			vertex 6090 1790 -400.0000000000004
			vertex 6210 1790 -400.0000000000004
		endloop
	endfacet
	facet normal 0 -2.3521414701024007e-16 -1
		outer loop
			vertex 6057.5 1065 -400.0000000000002
			vertex 6022.5 1065 -400.0000000000002
			vertex 6090 1790 -400.0000000000004
		endloop
	endfacet
	facet normal 0 0 -1
		outer loop
			vertex 975 -4057.5 -399.9999999999991
			vertex 170 -4210 -399.9999999999991
			vertex 170 -4090 -399.9999999999991
		endloop
	endfacet
	facet normal 0 0 -1
		outer loop
			vertex 975 -4057.5 -399.9999999999991
			vertex 170 -4090 -399.9999999999991
			vertex 975 -4022.5 -399.9999999999991
		endloop
	endfacet
	facet normal -1.1182311907044199e-15 0 -1
		outer loop
			vertex 6057.5 974.9999999999999 -400.0000000000002
			vertex 6057.5 1065 -400.0000000000002
			vertex 6210 1790 -400.0000000000004
		endloop
	endfacet
	facet normal 0 0 -1
		outer loop
			vertex 1790 -4090 -399.9999999999991
			vertex 1065 -4057.5 -399.9999999999991
			vertex 1065 -4022.5 -399.9999999999991
		endloop
	endfacet
	facet normal 0 -2.1183882805270067e-16 -1
		outer loop
			vertex 6090 169.99999999999991 -400.00000000000006
			vertex 6022.5 974.9999999999999 -400.0000000000002
			vertex 6057.5 974.9999999999999 -400.0000000000002
		endloop
	endfacet
	facet normal 0 0 -1
		outer loop
			vertex 1790 -4210 -399.9999999999991
			vertex 170 -4210 -399.9999999999991
			vertex 975 -4057.5 -399.9999999999991
		endloop
	endfacet
	facet normal 0 0 -1
		outer loop
			vertex 1790 -4210 -399.9999999999991
			vertex 1065 -4057.5 -399.9999999999991
			vertex 1790 -4090 -399.9999999999991
		endloop
	endfacet
	facet normal 0 0 -1
		outer loop
			vertex 1790 -4210 -399.9999999999991
			vertex 975 -4057.5 -399.9999999999991
			vertex 1065 -4057.5 -399.9999999999991
		endloop
	endfacet
	facet normal 6.902661671015043e-18 -2.1053118096595562e-16 -1
		outer loop
			vertex 6210 169.99999999999991 -400.00000000000006
			vertex 6057.5 974.9999999999999 -400.0000000000002
			vertex 6210 1790 -400.0000000000004
		endloop
	endfacet
	facet normal 0 -2.1183882805270072e-16 -1
		outer loop
			vertex 6210 169.99999999999991 -400.00000000000006
			vertex 6090 169.99999999999991 -400.00000000000006
			vertex 6057.5 974.9999999999999 -400.0000000000002
		endloop
	endfacet
	facet normal 0 0 -1
		outer loop
			vertex 2120 -4210 -399.9999999999991
			vertex 1840 -4090 -399.9999999999991
			vertex 2120 -4090 -399.9999999999991
		endloop
	endfacet
	facet normal 0 0 -1
		outer loop
			vertex 2120 -4210 -399.9999999999991
			vertex 1840 -4210 -399.9999999999991
			vertex 1840 -4090 -399.9999999999991
		endloop
	endfacet
	facet normal 0 -2.0301221021717148e-16 -1
		outer loop
			vertex 6210 -160.00000000000009 -399.99999999999994
			vertex 6090 -160.00000000000009 -399.99999999999994
			vertex 6090 119.99999999999991 -400
		endloop
	endfacet
	facet normal 0 -2.0301221021717148e-16 -1
		outer loop
			vertex 6210 -160.00000000000009 -399.99999999999994
			vertex 6090 119.99999999999991 -400
			vertex 6210 119.99999999999991 -400
		endloop
	endfacet
	facet normal 0 -2.3521414701024007e-16 -1
		outer loop
			vertex 6057.5 -935.0000000000001 -399.9999999999998
			vertex 6022.5 -935.0000000000001 -399.9999999999998
			vertex 6090 -210.00000000000009 -399.99999999999994
		endloop
	endfacet
	facet normal 0 -2.3521414701024007e-16 -1
		outer loop
			vertex 6057.5 -935.0000000000001 -399.9999999999998
			vertex 6090 -210.00000000000009 -399.99999999999994
			vertex 6210 -210.00000000000009 -399.99999999999994
		endloop
	endfacet
	facet normal 0 0 -1
		outer loop
			vertex 2975 -4057.5 -399.9999999999991
			vertex 2170 -4210 -399.9999999999991
			vertex 2170 -4090 -399.9999999999991
		endloop
	endfacet
	facet normal 0 0 -1
		outer loop
			vertex 2975 -4057.5 -399.9999999999991
			vertex 2170 -4090 -399.9999999999991
			vertex 2975 -4022.5 -399.9999999999991
		endloop
	endfacet
	facet normal -1.11823119070442e-15 0 -1
		outer loop
			vertex 6057.5 -1025 -399.9999999999998
			vertex 6057.5 -935.0000000000001 -399.9999999999998
			vertex 6210 -210.00000000000009 -399.99999999999994
		endloop
	endfacet
	facet normal 0 0 -1
		outer loop
			vertex 3790 -4090 -399.9999999999991
			vertex 3065 -4057.5 -399.9999999999991
			vertex 3065 -4022.5 -399.9999999999991
		endloop
	endfacet
	facet normal 0 -2.1183882805270067e-16 -1
		outer loop
			vertex 6090 -1830 -399.9999999999996
			vertex 6022.5 -1025 -399.9999999999998
			vertex 6057.5 -1025 -399.9999999999998
		endloop
	endfacet
	facet normal 0 0 -1
		outer loop
			vertex 3790 -4210 -399.9999999999991
			vertex 2170 -4210 -399.9999999999991
			vertex 2975 -4057.5 -399.9999999999991
		endloop
	endfacet
	facet normal 0 0 -1
		outer loop
			vertex 3790 -4210 -399.9999999999991
			vertex 2975 -4057.5 -399.9999999999991
			vertex 3065 -4057.5 -399.9999999999991
		endloop
	endfacet
	facet normal 0 0 -1
		outer loop
			vertex 3790 -4210 -399.9999999999991
			vertex 3065 -4057.5 -399.9999999999991
			vertex 3790 -4090 -399.9999999999991
		endloop
	endfacet
	facet normal 6.902661671014834e-18 -2.1053118096595562e-16 -1
		outer loop
			vertex 6210 -1830 -399.9999999999996
			vertex 6057.5 -1025 -399.9999999999998
			vertex 6210 -210.00000000000009 -399.99999999999994
		endloop
	endfacet
	facet normal 0 -2.1183882805270072e-16 -1
		outer loop
			vertex 6210 -1830 -399.9999999999996
			vertex 6090 -1830 -399.9999999999996
			vertex 6057.5 -1025 -399.9999999999998
		endloop
	endfacet
	facet normal 0 0 -1
		outer loop
			vertex 4120 -4210 -399.9999999999991
			vertex 3840 -4210 -399.9999999999991
			vertex 3840 -4090 -399.9999999999991
		endloop
	endfacet
	facet normal 0 0 -1
		outer loop
			vertex 4120 -4210 -399.9999999999991
			vertex 3840 -4090 -399.9999999999991
			vertex 4120 -4090 -399.9999999999991
		endloop
	endfacet
	facet normal 0 -2.0301221021717148e-16 -1
		outer loop
			vertex 6210 -2160 -399.99999999999955
			vertex 6090 -2160 -399.99999999999955
			vertex 6090 -1880 -399.9999999999996
		endloop
	endfacet
	facet normal 0 -2.0301221021717148e-16 -1
		outer loop
			vertex 6210 -2160 -399.99999999999955
			vertex 6090 -1880 -399.9999999999996
			vertex 6210 -1880 -399.9999999999996
		endloop
	endfacet
	facet normal 0 -1.5680943134016003e-16 -1
		outer loop
			vertex 6057.5 -2935 -399.9999999999994
			vertex 6090 -2210 -399.9999999999995
			vertex 6210 -2210 -399.9999999999995
		endloop
	endfacet
	facet normal 0 -1.5680943134016003e-16 -1
		outer loop
			vertex 6057.5 -2935 -399.9999999999994
			vertex 6022.5 -2935 -399.9999999999994
			vertex 6090 -2210 -399.9999999999995
		endloop
	endfacet
	facet normal 0 0 -1
		outer loop
			vertex 4975 -4057.5 -399.9999999999991
			vertex 4170 -4210 -399.9999999999991
			vertex 4170 -4090 -399.9999999999991
		endloop
	endfacet
	facet normal 0 0 -1
		outer loop
			vertex 4975 -4057.5 -399.9999999999991
			vertex 4170 -4090 -399.9999999999991
			vertex 4975 -4022.5 -399.9999999999991
		endloop
	endfacet
	facet normal 2.2571703664218846e-15 -6.315935428978669e-16 -1
		outer loop
			vertex 6057.5 -3025 -399.9999999999993
			vertex 6057.5 -2935 -399.9999999999994
			vertex 6210 -2210 -399.9999999999995
		endloop
	endfacet
	facet normal 0 0 -1
		outer loop
			vertex 5790 -4090 -399.9999999999991
			vertex 5065 -4057.5 -399.9999999999991
			vertex 5065 -4022.5 -399.9999999999991
		endloop
	endfacet
	facet normal 0 -2.1183882805270067e-16 -1
		outer loop
			vertex 6090 -3830 -399.99999999999915
			vertex 6022.5 -3025 -399.9999999999993
			vertex 6057.5 -3025 -399.9999999999993
		endloop
	endfacet
	facet normal 0 0 -1
		outer loop
			vertex 5790 -4210 -399.9999999999991
			vertex 5065 -4057.5 -399.9999999999991
			vertex 5790 -4090 -399.9999999999991
		endloop
	endfacet
	facet normal 0 0 -1
		outer loop
			vertex 5790 -4210 -399.9999999999991
			vertex 4975 -4057.5 -399.9999999999991
			vertex 5065 -4057.5 -399.9999999999991
		endloop
	endfacet
	facet normal 0 0 -1
		outer loop
			vertex 5790 -4210 -399.9999999999991
			vertex 4170 -4210 -399.9999999999991
			vertex 4975 -4057.5 -399.9999999999991
		endloop
	endfacet
	facet normal 0 0 -1
		outer loop
			vertex 6000 -4000 -399.9999999999991
			vertex 5840 -4090 -399.9999999999991
			vertex 5790 -4090 -399.9999999999991
		endloop
	endfacet
	facet normal -6.315935428978669e-16 0 -1
		outer loop
			vertex 6000 -4000 -399.9999999999991
			vertex 6090 -3830 -399.99999999999915
			vertex 6090 -3880 -399.99999999999915
		endloop
	endfacet
	facet normal 0 -2.1183882805270072e-16 -1
		outer loop
			vertex 6210 -3830 -399.99999999999915
			vertex 6090 -3830 -399.99999999999915
			vertex 6057.5 -3025 -399.9999999999993
		endloop
	endfacet
	facet normal 6.902661671014939e-18 -2.1053118096595562e-16 -1
		outer loop
			vertex 6210 -3830 -399.99999999999915
			vertex 6057.5 -3025 -399.9999999999993
			vertex 6210 -2210 -399.9999999999995
		endloop
	endfacet
	facet normal 0 0 -1
		outer loop
			vertex 6050 -4090 -399.9999999999991
			vertex 5840 -4090 -399.9999999999991
			vertex 6000 -4000 -399.9999999999991
		endloop
	endfacet
	facet normal 0 0 -1
		outer loop
			vertex 6100 -4090 -399.9999999999991
			vertex 6050 -4090 -399.9999999999991
			vertex 6000 -4000 -399.9999999999991
		endloop
	endfacet
	facet normal -2.5452277101854337e-16 -2.828030789094926e-16 -1
		outer loop
			vertex 6100 -4090 -399.9999999999991
			vertex 6000 -4000 -399.9999999999991
			vertex 6090 -3880 -399.99999999999915
		endloop
	endfacet
	facet normal 0 0 -1
		outer loop
			vertex 6050 -4210 -399.9999999999991
			vertex 5840 -4090 -399.9999999999991
			vertex 6050 -4090 -399.9999999999991
		endloop
	endfacet
	facet normal 0 0 -1
		outer loop
			vertex 6050 -4210 -399.9999999999991
			vertex 5840 -4210 -399.9999999999991
			vertex 5840 -4090 -399.9999999999991
		endloop
	endfacet
	facet normal 0 -2.7068294695622867e-16 -1
		outer loop
			vertex 6200 -4090 -399.9999999999991
			vertex 6100 -4090 -399.9999999999991
			vertex 6090 -3880 -399.99999999999915
		endloop
	endfacet
	facet normal 0 -2.7068294695622867e-16 -1
		outer loop
			vertex 6200 -4090 -399.9999999999991
			vertex 6090 -3880 -399.99999999999915
			vertex 6210 -3880 -399.99999999999915
		endloop
	endfacet
	facet normal 0 0 -1
		outer loop
			vertex 6100 -4210 -399.9999999999991
			vertex 6100 -4090 -399.9999999999991
			vertex 6200 -4090 -399.9999999999991
		endloop
	endfacet
	facet normal 0 -2.7068294695622867e-16 -1
		outer loop
			vertex 6250 -4090 -399.9999999999991
			vertex 6200 -4090 -399.9999999999991
			vertex 6210 -3880 -399.99999999999915
		endloop
	endfacet
	facet normal 1.4210854715202005e-15 0 -1
		outer loop
			vertex 6250 -4090 -399.9999999999991
			vertex 6210 -3880 -399.99999999999915
			vertex 6210 -3830 -399.99999999999915
		endloop
	endfacet
	facet normal 0 0 -1
		outer loop
			vertex 6200 -4210 -399.9999999999991
			vertex 6100 -4210 -399.9999999999991
			vertex 6200 -4090 -399.9999999999991
		endloop
	endfacet
	facet normal 6.178632484870436e-16 -1.2357264969740873e-16 -1
		outer loop
			vertex 6300 -4300 -399.99999999999903
			vertex 6250 -4090 -399.9999999999991
			vertex 6210 -3830 -399.99999999999915
		endloop
	endfacet
	facet normal 0 -6.315935428978669e-16 -1
		outer loop
			vertex 6300 -4300 -399.99999999999903
			vertex 5840 -4210 -399.9999999999991
			vertex 6050 -4210 -399.9999999999991
		endloop
	endfacet
	facet normal 0 -6.315935428978669e-16 -1
		outer loop
			vertex 6300 -4300 -399.99999999999903
			vertex 4170 -4210 -399.9999999999991
			vertex 5790 -4210 -399.9999999999991
		endloop
	endfacet
	facet normal 1.6374647408463215e-16 -2.1053118096595562e-16 -1
		outer loop
			vertex 6300 -4300 -399.99999999999903
			vertex 6210 -3830 -399.99999999999915
			vertex 6210 -2210 -399.9999999999995
		endloop
	endfacet
	facet normal 0 -6.315935428978669e-16 -1
		outer loop
			vertex 6300 -4300 -399.99999999999903
			vertex 6100 -4210 -399.9999999999991
			vertex 6200 -4210 -399.9999999999991
		endloop
	endfacet
	facet normal 1.1368683772161603e-15 0 -1
		outer loop
			vertex 6300 -4300 -399.99999999999903
			vertex 6250 -4210 -399.9999999999991
			vertex 6250 -4090 -399.9999999999991
		endloop
	endfacet
	facet normal 0 -6.315935428978669e-16 -1
		outer loop
			vertex 6300 -4300 -399.99999999999903
			vertex 6200 -4210 -399.9999999999991
			vertex 6250 -4210 -399.9999999999991
		endloop
	endfacet
	facet normal 0 -6.315935428978669e-16 -1
		outer loop
			vertex 6300 -4300 -399.99999999999903
			vertex 6050 -4210 -399.9999999999991
			vertex 6100 -4210 -399.9999999999991
		endloop
	endfacet
	facet normal 0 -6.315935428978669e-16 -1
		outer loop
			vertex 6300 -4300 -399.99999999999903
			vertex 5790 -4210 -399.9999999999991
			vertex 5840 -4210 -399.9999999999991
		endloop
	endfacet
	facet normal 0 -6.315935428978669e-16 -1
		outer loop
			vertex -6300 -4300 -399.99999999999903
			vertex 4170 -4210 -399.9999999999991
			vertex 6300 -4300 -399.99999999999903
		endloop
	endfacet
	facet normal 0 -6.315935428978669e-16 -1
		outer loop
			vertex -6300 -4300 -399.99999999999903
			vertex 4120 -4210 -399.9999999999991
			vertex 4170 -4210 -399.9999999999991
		endloop
	endfacet
	facet normal 0 -6.315935428978669e-16 -1
		outer loop
			vertex -6300 -4300 -399.99999999999903
			vertex 3840 -4210 -399.9999999999991
			vertex 4120 -4210 -399.9999999999991
		endloop
	endfacet
	facet normal 0 -6.315935428978669e-16 -1
		outer loop
			vertex -6300 -4300 -399.99999999999903
			vertex 3790 -4210 -399.9999999999991
			vertex 3840 -4210 -399.9999999999991
		endloop
	endfacet
	facet normal 0 -6.315935428978669e-16 -1
		outer loop
			vertex -6300 -4300 -399.99999999999903
			vertex 2170 -4210 -399.9999999999991
			vertex 3790 -4210 -399.9999999999991
		endloop
	endfacet
	facet normal 0 -6.315935428978669e-16 -1
		outer loop
			vertex -6300 -4300 -399.99999999999903
			vertex 2120 -4210 -399.9999999999991
			vertex 2170 -4210 -399.9999999999991
		endloop
	endfacet
	facet normal 0 -6.315935428978669e-16 -1
		outer loop
			vertex -6300 -4300 -399.99999999999903
			vertex 1840 -4210 -399.9999999999991
			vertex 2120 -4210 -399.9999999999991
		endloop
	endfacet
	facet normal 0 -6.315935428978669e-16 -1
		outer loop
			vertex -6300 -4300 -399.99999999999903
			vertex 1790 -4210 -399.9999999999991
			vertex 1840 -4210 -399.9999999999991
		endloop
	endfacet
	facet normal 0 -6.315935428978669e-16 -1
		outer loop
			vertex -6300 -4300 -399.99999999999903
			vertex 170 -4210 -399.9999999999991
			vertex 1790 -4210 -399.9999999999991
		endloop
	endfacet
	facet normal 0 -6.315935428978669e-16 -1
		outer loop
			vertex -6300 -4300 -399.99999999999903
			vertex 120 -4210 -399.9999999999991
			vertex 170 -4210 -399.9999999999991
		endloop
	endfacet
	facet normal 0 -6.315935428978669e-16 -1
		outer loop
			vertex -6300 -4300 -399.99999999999903
			vertex -160 -4210 -399.9999999999991
			vertex 120 -4210 -399.9999999999991
		endloop
	endfacet
	facet normal 0 -6.315935428978669e-16 -1
		outer loop
			vertex -6300 -4300 -399.99999999999903
			vertex -210 -4210 -399.9999999999991
			vertex -160 -4210 -399.9999999999991
		endloop
	endfacet
	facet normal 0 -6.315935428978669e-16 -1
		outer loop
			vertex -6300 -4300 -399.99999999999903
			vertex -1830 -4210 -399.9999999999991
			vertex -210 -4210 -399.9999999999991
		endloop
	endfacet
	facet normal 0 -6.315935428978669e-16 -1
		outer loop
			vertex -6300 -4300 -399.99999999999903
			vertex -1880 -4210 -399.9999999999991
			vertex -1830 -4210 -399.9999999999991
		endloop
	endfacet
	facet normal 0 -6.315935428978669e-16 -1
		outer loop
			vertex -6300 -4300 -399.99999999999903
			vertex -2160 -4210 -399.9999999999991
			vertex -1880 -4210 -399.9999999999991
		endloop
	endfacet
	facet normal 0 -6.315935428978669e-16 -1
		outer loop
			vertex -6300 -4300 -399.99999999999903
			vertex -2210 -4210 -399.9999999999991
			vertex -2160 -4210 -399.9999999999991
		endloop
	endfacet
	facet normal 0 -6.315935428978669e-16 -1
		outer loop
			vertex -6300 -4300 -399.99999999999903
			vertex -3830 -4210 -399.9999999999991
			vertex -2210 -4210 -399.9999999999991
		endloop
	endfacet
	facet normal 0 -6.315935428978669e-16 -1
		outer loop
			vertex -6300 -4300 -399.99999999999903
			vertex -3880 -4210 -399.9999999999991
			vertex -3830 -4210 -399.9999999999991
		endloop
	endfacet
	facet normal 0 -6.315935428978669e-16 -1
		outer loop
			vertex -6300 -4300 -399.99999999999903
			vertex -4160 -4210 -399.9999999999991
			vertex -3880 -4210 -399.9999999999991
		endloop
	endfacet
	facet normal 0 -6.315935428978669e-16 -1
		outer loop
			vertex -6300 -4300 -399.99999999999903
			vertex -4210 -4210 -399.9999999999991
			vertex -4160 -4210 -399.9999999999991
		endloop
	endfacet
	facet normal -3.657367260036485e-16 -2.2472979549621776e-16 -1
		outer loop
			vertex 6300 -4300 -399.99999999999903
			vertex 6210 2170 -400.00000000000045
			vertex 6300 4300 -400.00000000000097
		endloop
	endfacet
	facet normal 1.578983857244667e-14 0 -1
		outer loop
			vertex 6300 -4300 -399.99999999999903
			vertex 6210 2120 -400.00000000000045
			vertex 6210 2170 -400.00000000000045
		endloop
	endfacet
	facet normal 1.3083009102884385e-15 -2.0301221021717148e-16 -1
		outer loop
			vertex 6300 -4300 -399.99999999999903
			vertex 6210 1840 -400.0000000000004
			vertex 6210 2120 -400.00000000000045
		endloop
	endfacet
	facet normal 1.5158245029548804e-14 0 -1
		outer loop
			vertex 6300 -4300 -399.99999999999903
			vertex 6210 1790 -400.0000000000004
			vertex 6210 1840 -400.0000000000004
		endloop
	endfacet
	facet normal 9.123017841858077e-16 -2.1053118096595562e-16 -1
		outer loop
			vertex 6300 -4300 -399.99999999999903
			vertex 6210 169.99999999999991 -400.00000000000006
			vertex 6210 1790 -400.0000000000004
		endloop
	endfacet
	facet normal -4.509577896290769e-14 -1.1368683772161603e-15 -1
		outer loop
			vertex 6300 -4300 -399.99999999999903
			vertex 6210 119.99999999999991 -400
			vertex 6210 169.99999999999991 -400.00000000000006
		endloop
	endfacet
	facet normal 7.669350163759812e-16 -2.0301221021717148e-16 -1
		outer loop
			vertex 6300 -4300 -399.99999999999903
			vertex 6210 -160.00000000000009 -399.99999999999994
			vertex 6210 119.99999999999991 -400
		endloop
	endfacet
	facet normal 1.010549668636587e-14 0 -1
		outer loop
			vertex 6300 -4300 -399.99999999999903
			vertex 6210 -210.00000000000009 -399.99999999999994
			vertex 6210 -160.00000000000009 -399.99999999999994
		endloop
	endfacet
	facet normal 5.380241291352199e-16 -2.1053118096595562e-16 -1
		outer loop
			vertex 6300 -4300 -399.99999999999903
			vertex 6210 -1830 -399.9999999999996
			vertex 6210 -210.00000000000009 -399.99999999999994
		endloop
	endfacet
	facet normal 6.315935428978669e-15 0 -1
		outer loop
			vertex 6300 -4300 -399.99999999999903
			vertex 6210 -1880 -399.9999999999996
			vertex 6210 -1830 -399.9999999999996
		endloop
	endfacet
	facet normal 8.571626653613907e-16 -2.0301221021717148e-16 -1
		outer loop
			vertex 6300 -4300 -399.99999999999903
			vertex 6210 -2160 -399.99999999999955
			vertex 6210 -1880 -399.9999999999996
		endloop
	endfacet
	facet normal -2.13478617499479e-14 -1.1368683772161603e-15 -1
		outer loop
			vertex 6300 -4300 -399.99999999999903
			vertex 6210 -2210 -399.9999999999995
			vertex 6210 -2160 -399.99999999999955
		endloop
	endfacet
	facet normal 0 -6.315935428978669e-16 -1
		outer loop
			vertex 6300 4300 -400.00000000000097
			vertex -4170 4210 -400.0000000000009
			vertex -6300 4300 -400.00000000000097
		endloop
	endfacet
	facet normal 0 -6.315935428978669e-16 -1
		outer loop
			vertex 6300 4300 -400.00000000000097
			vertex -4120 4210 -400.0000000000009
			vertex -4170 4210 -400.0000000000009
		endloop
	endfacet
	facet normal 0 -6.315935428978669e-16 -1
		outer loop
			vertex 6300 4300 -400.00000000000097
			vertex -3840 4210 -400.0000000000009
			vertex -4120 4210 -400.0000000000009
		endloop
	endfacet
	facet normal 0 -6.315935428978669e-16 -1
		outer loop
			vertex 6300 4300 -400.00000000000097
			vertex -3790 4210 -400.0000000000009
			vertex -3840 4210 -400.0000000000009
		endloop
	endfacet
	facet normal 0 -6.315935428978669e-16 -1
		outer loop
			vertex 6300 4300 -400.00000000000097
			vertex -2170 4210 -400.0000000000009
			vertex -3790 4210 -400.0000000000009
		endloop
	endfacet
	facet normal 0 -6.315935428978669e-16 -1
		outer loop
			vertex 6300 4300 -400.00000000000097
			vertex -2120 4210 -400.0000000000009
			vertex -2170 4210 -400.0000000000009
		endloop
	endfacet
	facet normal 0 -6.315935428978669e-16 -1
		outer loop
			vertex 6300 4300 -400.00000000000097
			vertex -1840 4210 -400.0000000000009
			vertex -2120 4210 -400.0000000000009
		endloop
	endfacet
	facet normal 0 -6.315935428978669e-16 -1
		outer loop
			vertex 6300 4300 -400.00000000000097
			vertex -1790 4210 -400.0000000000009
			vertex -1840 4210 -400.0000000000009
		endloop
	endfacet
	facet normal 0 -6.315935428978669e-16 -1
		outer loop
			vertex 6300 4300 -400.00000000000097
			vertex -170 4210 -400.0000000000009
			vertex -1790 4210 -400.0000000000009
		endloop
	endfacet
	facet normal 0 -6.315935428978669e-16 -1
		outer loop
			vertex 6300 4300 -400.00000000000097
			vertex -120 4210 -400.0000000000009
			vertex -170 4210 -400.0000000000009
		endloop
	endfacet
	facet normal 0 -6.315935428978669e-16 -1
		outer loop
			vertex 6300 4300 -400.00000000000097
			vertex 160 4210 -400.0000000000009
			vertex -120 4210 -400.0000000000009
		endloop
	endfacet
	facet normal 0 -6.315935428978669e-16 -1
		outer loop
			vertex 6300 4300 -400.00000000000097
			vertex 210 4210 -400.0000000000009
			vertex 160 4210 -400.0000000000009
		endloop
	endfacet
	facet normal 0 -6.315935428978669e-16 -1
		outer loop
			vertex 6300 4300 -400.00000000000097
			vertex 1830 4210 -400.0000000000009
			vertex 210 4210 -400.0000000000009
		endloop
	endfacet
	facet normal 0 -6.315935428978669e-16 -1
		outer loop
			vertex 6300 4300 -400.00000000000097
			vertex 1880 4210 -400.0000000000009
			vertex 1830 4210 -400.0000000000009
		endloop
	endfacet
	facet normal 0 -6.315935428978669e-16 -1
		outer loop
			vertex 6300 4300 -400.00000000000097
			vertex 2160 4210 -400.0000000000009
			vertex 1880 4210 -400.0000000000009
		endloop
	endfacet
	facet normal 0 -6.315935428978669e-16 -1
		outer loop
			vertex 6300 4300 -400.00000000000097
			vertex 2210 4210 -400.0000000000009
			vertex 2160 4210 -400.0000000000009
		endloop
	endfacet
	facet normal 0 -6.315935428978669e-16 -1
		outer loop
			vertex 6300 4300 -400.00000000000097
			vertex 3830 4210 -400.0000000000009
			vertex 2210 4210 -400.0000000000009
		endloop
	endfacet
	facet normal 0 -6.315935428978669e-16 -1
		outer loop
			vertex 6300 4300 -400.00000000000097
			vertex 3880 4210 -400.0000000000009
			vertex 3830 4210 -400.0000000000009
		endloop
	endfacet
	facet normal 0 -6.315935428978669e-16 -1
		outer loop
			vertex 6300 4300 -400.00000000000097
			vertex 4160 4210 -400.0000000000009
			vertex 3880 4210 -400.0000000000009
		endloop
	endfacet
	facet normal 0 -6.315935428978669e-16 -1
		outer loop
			vertex 6300 4300 -400.00000000000097
			vertex 4210 4210 -400.0000000000009
			vertex 4160 4210 -400.0000000000009
		endloop
	endfacet
	facet normal -4.847113236192932e-17 -2.2472979549621776e-16 -1
		outer loop
			vertex -6300 4300 -400.00000000000097
			vertex -6210 -1790 -399.9999999999996
			vertex -6300 -4300 -399.99999999999903
		endloop
	endfacet
	facet normal 9.123017841858077e-16 -2.1053118096595562e-16 -1
		outer loop
			vertex -6300 4300 -400.00000000000097
			vertex -6210 -170.00000000000009 -399.99999999999994
			vertex -6210 -1790 -399.9999999999996
		endloop
	endfacet
	facet normal -4.509577896290769e-14 -1.1368683772161603e-15 -1
		outer loop
			vertex -6300 4300 -400.00000000000097
			vertex -6210 -120.00000000000009 -400
			vertex -6210 -170.00000000000009 -399.99999999999994
		endloop
	endfacet
	facet normal 7.669350163759812e-16 -2.0301221021717148e-16 -1
		outer loop
			vertex -6300 4300 -400.00000000000097
			vertex -6210 159.99999999999991 -400.00000000000006
			vertex -6210 -120.00000000000009 -400
		endloop
	endfacet
	facet normal 1.010549668636587e-14 0 -1
		outer loop
			vertex -6300 4300 -400.00000000000097
			vertex -6210 209.99999999999991 -400.00000000000006
			vertex -6210 159.99999999999991 -400.00000000000006
		endloop
	endfacet
	facet normal 5.380241291352199e-16 -2.1053118096595562e-16 -1
		outer loop
			vertex -6300 4300 -400.00000000000097
			vertex -6210 1830 -400.0000000000004
			vertex -6210 209.99999999999991 -400.00000000000006
		endloop
	endfacet
	facet normal 0 0 -1
		outer loop
			vertex 6000 -4000 -399.9999999999991
			vertex -5025 -4022.5 -399.9999999999991
			vertex -6000 -4000 -399.9999999999991
		endloop
	endfacet
	facet normal 0 0 -1
		outer loop
			vertex -5025 -4022.5 -399.9999999999991
			vertex -5830 -4090 -399.9999999999991
			vertex -6000 -4000 -399.9999999999991
		endloop
	endfacet
	facet normal 0 0 -1
		outer loop
			vertex 6000 -4000 -399.9999999999991
			vertex -4935 -4022.5 -399.9999999999991
			vertex -5025 -4022.5 -399.9999999999991
		endloop
	endfacet
	facet normal 0 0 -1
		outer loop
			vertex 6000 -4000 -399.9999999999991
			vertex -3025 -4022.5 -399.9999999999991
			vertex -4935 -4022.5 -399.9999999999991
		endloop
	endfacet
	facet normal 0 0 -1
		outer loop
			vertex -3025 -4022.5 -399.9999999999991
			vertex -4210 -4090 -399.9999999999991
			vertex -4935 -4022.5 -399.9999999999991
		endloop
	endfacet
	facet normal 0 0 -1
		outer loop
			vertex -3025 -4022.5 -399.9999999999991
			vertex -4160 -4090 -399.9999999999991
			vertex -4210 -4090 -399.9999999999991
		endloop
	endfacet
	facet normal 0 0 -1
		outer loop
			vertex -3025 -4022.5 -399.9999999999991
			vertex -3880 -4090 -399.9999999999991
			vertex -4160 -4090 -399.9999999999991
		endloop
	endfacet
	facet normal 0 0 -1
		outer loop
			vertex -3025 -4022.5 -399.9999999999991
			vertex -3830 -4090 -399.9999999999991
			vertex -3880 -4090 -399.9999999999991
		endloop
	endfacet
	facet normal 0 0 -1
		outer loop
			vertex 6000 -4000 -399.9999999999991
			vertex -2935 -4022.5 -399.9999999999991
			vertex -3025 -4022.5 -399.9999999999991
		endloop
	endfacet
	facet normal 0 0 -1
		outer loop
			vertex 6000 -4000 -399.9999999999991
			vertex -1025 -4022.5 -399.9999999999991
			vertex -2935 -4022.5 -399.9999999999991
		endloop
	endfacet
	facet normal 0 0 -1
		outer loop
			vertex -1025 -4022.5 -399.9999999999991
			vertex -2210 -4090 -399.9999999999991
			vertex -2935 -4022.5 -399.9999999999991
		endloop
	endfacet
	facet normal 0 0 -1
		outer loop
			vertex -1025 -4022.5 -399.9999999999991
			vertex -2160 -4090 -399.9999999999991
			vertex -2210 -4090 -399.9999999999991
		endloop
	endfacet
	facet normal 0 0 -1
		outer loop
			vertex -1025 -4022.5 -399.9999999999991
			vertex -1880 -4090 -399.9999999999991
			vertex -2160 -4090 -399.9999999999991
		endloop
	endfacet
	facet normal 0 0 -1
		outer loop
			vertex -1025 -4022.5 -399.9999999999991
			vertex -1830 -4090 -399.9999999999991
			vertex -1880 -4090 -399.9999999999991
		endloop
	endfacet
	facet normal 0 0 -1
		outer loop
			vertex 6000 -4000 -399.9999999999991
			vertex -935 -4022.5 -399.9999999999991
			vertex -1025 -4022.5 -399.9999999999991
		endloop
	endfacet
	facet normal 0 0 -1
		outer loop
			vertex 6000 -4000 -399.9999999999991
			vertex 975 -4022.5 -399.9999999999991
			vertex -935 -4022.5 -399.9999999999991
		endloop
	endfacet
	facet normal 0 0 -1
		outer loop
			vertex 975 -4022.5 -399.9999999999991
			vertex -210 -4090 -399.9999999999991
			vertex -935 -4022.5 -399.9999999999991
		endloop
	endfacet
	facet normal 0 0 -1
		outer loop
			vertex 975 -4022.5 -399.9999999999991
			vertex -160 -4090 -399.9999999999991
			vertex -210 -4090 -399.9999999999991
		endloop
	endfacet
	facet normal 0 0 -1
		outer loop
			vertex 975 -4022.5 -399.9999999999991
			vertex 120 -4090 -399.9999999999991
			vertex -160 -4090 -399.9999999999991
		endloop
	endfacet
	facet normal 0 0 -1
		outer loop
			vertex 975 -4022.5 -399.9999999999991
			vertex 170 -4090 -399.9999999999991
			vertex 120 -4090 -399.9999999999991
		endloop
	endfacet
	facet normal 0 0 -1
		outer loop
			vertex 6000 -4000 -399.9999999999991
			vertex 1065 -4022.5 -399.9999999999991
			vertex 975 -4022.5 -399.9999999999991
		endloop
	endfacet
	facet normal 0 0 -1
		outer loop
			vertex 6000 -4000 -399.9999999999991
			vertex 2975 -4022.5 -399.9999999999991
			vertex 1065 -4022.5 -399.9999999999991
		endloop
	endfacet
	facet normal 0 0 -1
		outer loop
			vertex 2975 -4022.5 -399.9999999999991
			vertex 1790 -4090 -399.9999999999991
			vertex 1065 -4022.5 -399.9999999999991
		endloop
	endfacet
	facet normal 0 0 -1
		outer loop
			vertex 2975 -4022.5 -399.9999999999991
			vertex 1840 -4090 -399.9999999999991
			vertex 1790 -4090 -399.9999999999991
		endloop
	endfacet
	facet normal 0 0 -1
		outer loop
			vertex 2975 -4022.5 -399.9999999999991
			vertex 2120 -4090 -399.9999999999991
			vertex 1840 -4090 -399.9999999999991
		endloop
	endfacet
	facet normal 0 0 -1
		outer loop
			vertex 2975 -4022.5 -399.9999999999991
			vertex 2170 -4090 -399.9999999999991
			vertex 2120 -4090 -399.9999999999991
		endloop
	endfacet
	facet normal 0 0 -1
		outer loop
			vertex 6000 -4000 -399.9999999999991
			vertex 3065 -4022.5 -399.9999999999991
			vertex 2975 -4022.5 -399.9999999999991
		endloop
	endfacet
	facet normal 0 0 -1
		outer loop
			vertex 6000 -4000 -399.9999999999991
			vertex 4975 -4022.5 -399.9999999999991
			vertex 3065 -4022.5 -399.9999999999991
		endloop
	endfacet
	facet normal 0 0 -1
		outer loop
			vertex 4975 -4022.5 -399.9999999999991
			vertex 3790 -4090 -399.9999999999991
			vertex 3065 -4022.5 -399.9999999999991
		endloop
	endfacet
	facet normal 0 0 -1
		outer loop
			vertex 4975 -4022.5 -399.9999999999991
			vertex 3840 -4090 -399.9999999999991
			vertex 3790 -4090 -399.9999999999991
		endloop
	endfacet
	facet normal 0 0 -1
		outer loop
			vertex 4975 -4022.5 -399.9999999999991
			vertex 4120 -4090 -399.9999999999991
			vertex 3840 -4090 -399.9999999999991
		endloop
	endfacet
	facet normal 0 0 -1
		outer loop
			vertex 4975 -4022.5 -399.9999999999991
			vertex 4170 -4090 -399.9999999999991
			vertex 4120 -4090 -399.9999999999991
		endloop
	endfacet
	facet normal 0 0 -1
		outer loop
			vertex 6000 -4000 -399.9999999999991
			vertex 5065 -4022.5 -399.9999999999991
			vertex 4975 -4022.5 -399.9999999999991
		endloop
	endfacet
	facet normal 0 0 -1
		outer loop
			vertex 6000 -4000 -399.9999999999991
			vertex 5790 -4090 -399.9999999999991
			vertex 5065 -4022.5 -399.9999999999991
		endloop
	endfacet
	facet normal -2.5263741715914673e-16 -2.2737367544323206e-16 -1
		outer loop
			vertex -6000 -4000 -399.9999999999991
			vertex -6022.5 3025 -400.0000000000007
			vertex -6000 4000 -400.0000000000009
		endloop
	endfacet
	facet normal -1.9980707255214018e-16 -2.285928372418553e-16 -1
		outer loop
			vertex -6022.5 3025 -400.0000000000007
			vertex -6090 3830 -400.00000000000085
			vertex -6000 4000 -400.0000000000009
		endloop
	endfacet
	facet normal -1.2645906270021733e-13 -6.315935428978669e-16 -1
		outer loop
			vertex -6000 -4000 -399.9999999999991
			vertex -6022.5 2935 -400.0000000000006
			vertex -6022.5 3025 -400.0000000000007
		endloop
	endfacet
	facet normal 4.0011946958451254e-15 -2.083266659820189e-16 -1
		outer loop
			vertex -6000 -4000 -399.9999999999991
			vertex -6022.5 1025 -400.0000000000002
			vertex -6022.5 2935 -400.0000000000006
		endloop
	endfacet
	facet normal 5.533332609681137e-16 -2.083266659820189e-16 -1
		outer loop
			vertex -6022.5 1025 -400.0000000000002
			vertex -6090 2210 -400.0000000000005
			vertex -6022.5 2935 -400.0000000000006
		endloop
	endfacet
	facet normal -1.574773233625348e-14 -1.1368683772161603e-15 -1
		outer loop
			vertex -6022.5 1025 -400.0000000000002
			vertex -6090 2160 -400.00000000000045
			vertex -6090 2210 -400.0000000000005
		endloop
	endfacet
	facet normal -4.5113824492704774e-17 -2.030122102171715e-16 -1
		outer loop
			vertex -6022.5 1025 -400.0000000000002
			vertex -6090 1880 -400.0000000000004
			vertex -6090 2160 -400.00000000000045
		endloop
	endfacet
	facet normal 2.5263741715914674e-15 0 -1
		outer loop
			vertex -6022.5 1025 -400.0000000000002
			vertex -6090 1830 -400.0000000000004
			vertex -6090 1880 -400.0000000000004
		endloop
	endfacet
	facet normal 5.0527483431829356e-14 0 -1
		outer loop
			vertex -6000 -4000 -399.9999999999991
			vertex -6022.5 934.9999999999999 -400.0000000000002
			vertex -6022.5 1025 -400.0000000000002
		endloop
	endfacet
	facet normal -1.6930675076633918e-15 -2.380876182651645e-16 -1
		outer loop
			vertex -6000 -4000 -399.9999999999991
			vertex -6022.5 -975.0000000000001 -399.9999999999998
			vertex -6022.5 934.9999999999999 -400.0000000000002
		endloop
	endfacet
	facet normal 3.086320977511391e-17 -2.380876182651645e-16 -1
		outer loop
			vertex -6022.5 -975.0000000000001 -399.9999999999998
			vertex -6090 209.99999999999991 -400.00000000000006
			vertex -6022.5 934.9999999999999 -400.0000000000002
		endloop
	endfacet
	facet normal 4.210623619319112e-15 0 -1
		outer loop
			vertex -6022.5 -975.0000000000001 -399.9999999999998
			vertex -6090 159.99999999999991 -400.00000000000006
			vertex -6090 209.99999999999991 -400.00000000000006
		endloop
	endfacet
	facet normal 7.970108993711177e-16 -2.030122102171715e-16 -1
		outer loop
			vertex -6022.5 -975.0000000000001 -399.9999999999998
			vertex -6090 -120.00000000000009 -400
			vertex -6090 159.99999999999991 -400.00000000000006
		endloop
	endfacet
	facet normal -1.1031833882616074e-14 -1.1368683772161603e-15 -1
		outer loop
			vertex -6022.5 -975.0000000000001 -399.9999999999998
			vertex -6090 -170.00000000000009 -399.99999999999994
			vertex -6090 -120.00000000000009 -400
		endloop
	endfacet
	facet normal 3.031649005909761e-14 0 -1
		outer loop
			vertex -6000 -4000 -399.9999999999991
			vertex -6022.5 -1065 -399.9999999999998
			vertex -6022.5 -975.0000000000001 -399.9999999999998
		endloop
	endfacet
	facet normal -7.407170346027339e-16 -2.380876182651645e-16 -1
		outer loop
			vertex -6000 -4000 -399.9999999999991
			vertex -6022.5 -2975 -399.9999999999993
			vertex -6022.5 -1065 -399.9999999999998
		endloop
	endfacet
	facet normal 3.086320977511391e-17 -2.380876182651645e-16 -1
		outer loop
			vertex -6022.5 -2975 -399.9999999999993
			vertex -6090 -1790 -399.9999999999996
			vertex -6022.5 -1065 -399.9999999999998
		endloop
	endfacet
	facet normal 4.210623619319112e-15 0 -1
		outer loop
			vertex -6022.5 -2975 -399.9999999999993
			vertex -6090 -1840 -399.9999999999996
			vertex -6090 -1790 -399.9999999999996
		endloop
	endfacet
	facet normal 7.970108993711177e-16 -2.030122102171715e-16 -1
		outer loop
			vertex -6022.5 -2975 -399.9999999999993
			vertex -6090 -2120 -399.99999999999955
			vertex -6090 -1840 -399.9999999999996
		endloop
	endfacet
	facet normal 3.36849889545529e-15 0 -1
		outer loop
			vertex -6022.5 -2975 -399.9999999999993
			vertex -6090 -2170 -399.99999999999955
			vertex -6090 -2120 -399.99999999999955
		endloop
	endfacet
	facet normal 1.010549668636587e-14 0 -1
		outer loop
			vertex -6000 -4000 -399.9999999999991
			vertex -6022.5 -3065 -399.9999999999993
			vertex -6022.5 -2975 -399.9999999999993
		endloop
	endfacet
	facet normal 6.799023974537943e-17 -2.415442727796375e-16 -1
		outer loop
			vertex -6000 -4000 -399.9999999999991
			vertex -6090 -3790 -399.99999999999915
			vertex -6022.5 -3065 -399.9999999999993
		endloop
	endfacet
	facet normal 0 0 -1
		outer loop
			vertex -6000 4000 -400.0000000000009
			vertex 5025 4022.5 -400.0000000000009
			vertex 6000 4000 -400.0000000000009
		endloop
	endfacet
	facet normal 0 0 -1
		outer loop
			vertex 5025 4022.5 -400.0000000000009
			vertex 5830 4090 -400.0000000000009
			vertex 6000 4000 -400.0000000000009
		endloop
	endfacet
	facet normal 0 0 -1
		outer loop
			vertex -6000 4000 -400.0000000000009
			vertex 4935 4022.5 -400.0000000000009
			vertex 5025 4022.5 -400.0000000000009
		endloop
	endfacet
	facet normal 0 0 -1
		outer loop
			vertex -6000 4000 -400.0000000000009
			vertex 3025 4022.5 -400.0000000000009
			vertex 4935 4022.5 -400.0000000000009
		endloop
	endfacet
	facet normal 0 0 -1
		outer loop
			vertex 3025 4022.5 -400.0000000000009
			vertex 4210 4090 -400.0000000000009
			vertex 4935 4022.5 -400.0000000000009
		endloop
	endfacet
	facet normal 0 0 -1
		outer loop
			vertex 3025 4022.5 -400.0000000000009
			vertex 4160 4090 -400.0000000000009
			vertex 4210 4090 -400.0000000000009
		endloop
	endfacet
	facet normal 0 0 -1
		outer loop
			vertex 3025 4022.5 -400.0000000000009
			vertex 3880 4090 -400.0000000000009
			vertex 4160 4090 -400.0000000000009
		endloop
	endfacet
	facet normal 0 0 -1
		outer loop
			vertex 3025 4022.5 -400.0000000000009
			vertex 3830 4090 -400.0000000000009
			vertex 3880 4090 -400.0000000000009
		endloop
	endfacet
	facet normal 0 0 -1
		outer loop
			vertex -6000 4000 -400.0000000000009
			vertex 2935 4022.5 -400.0000000000009
			vertex 3025 4022.5 -400.0000000000009
		endloop
	endfacet
	facet normal 0 0 -1
		outer loop
			vertex -6000 4000 -400.0000000000009
			vertex 1025 4022.5 -400.0000000000009
			vertex 2935 4022.5 -400.0000000000009
		endloop
	endfacet
	facet normal 0 0 -1
		outer loop
			vertex 1025 4022.5 -400.0000000000009
			vertex 2210 4090 -400.0000000000009
			vertex 2935 4022.5 -400.0000000000009
		endloop
	endfacet
	facet normal 0 0 -1
		outer loop
			vertex 1025 4022.5 -400.0000000000009
			vertex 2160 4090 -400.0000000000009
			vertex 2210 4090 -400.0000000000009
		endloop
	endfacet
	facet normal 0 0 -1
		outer loop
			vertex 1025 4022.5 -400.0000000000009
			vertex 1880 4090 -400.0000000000009
			vertex 2160 4090 -400.0000000000009
		endloop
	endfacet
	facet normal 0 0 -1
		outer loop
			vertex 1025 4022.5 -400.0000000000009
			vertex 1830 4090 -400.0000000000009
			vertex 1880 4090 -400.0000000000009
		endloop
	endfacet
	facet normal 0 0 -1
		outer loop
			vertex -6000 4000 -400.0000000000009
			vertex 935 4022.5 -400.0000000000009
			vertex 1025 4022.5 -400.0000000000009
		endloop
	endfacet
	facet normal 0 0 -1
		outer loop
			vertex -6000 4000 -400.0000000000009
			vertex -975 4022.5 -400.0000000000009
			vertex 935 4022.5 -400.0000000000009
		endloop
	endfacet
	facet normal 0 0 -1
		outer loop
			vertex -975 4022.5 -400.0000000000009
			vertex 210 4090 -400.0000000000009
			vertex 935 4022.5 -400.0000000000009
		endloop
	endfacet
	facet normal 0 0 -1
		outer loop
			vertex -975 4022.5 -400.0000000000009
			vertex 160 4090 -400.0000000000009
			vertex 210 4090 -400.0000000000009
		endloop
	endfacet
	facet normal 0 0 -1
		outer loop
			vertex -975 4022.5 -400.0000000000009
			vertex -120 4090 -400.0000000000009
			vertex 160 4090 -400.0000000000009
		endloop
	endfacet
	facet normal 0 0 -1
		outer loop
			vertex -975 4022.5 -400.0000000000009
			vertex -170 4090 -400.0000000000009
			vertex -120 4090 -400.0000000000009
		endloop
	endfacet
	facet normal 0 0 -1
		outer loop
			vertex -6000 4000 -400.0000000000009
			vertex -1065 4022.5 -400.0000000000009
			vertex -975 4022.5 -400.0000000000009
		endloop
	endfacet
	facet normal 0 0 -1
		outer loop
			vertex -6000 4000 -400.0000000000009
			vertex -2975 4022.5 -400.0000000000009
			vertex -1065 4022.5 -400.0000000000009
		endloop
	endfacet
	facet normal 0 0 -1
		outer loop
			vertex -2975 4022.5 -400.0000000000009
			vertex -1790 4090 -400.0000000000009
			vertex -1065 4022.5 -400.0000000000009
		endloop
	endfacet
	facet normal 0 0 -1
		outer loop
			vertex -2975 4022.5 -400.0000000000009
			vertex -1840 4090 -400.0000000000009
			vertex -1790 4090 -400.0000000000009
		endloop
	endfacet
	facet normal 0 0 -1
		outer loop
			vertex -2975 4022.5 -400.0000000000009
			vertex -2120 4090 -400.0000000000009
			vertex -1840 4090 -400.0000000000009
		endloop
	endfacet
	facet normal 0 0 -1
		outer loop
			vertex -2975 4022.5 -400.0000000000009
			vertex -2170 4090 -400.0000000000009
			vertex -2120 4090 -400.0000000000009
		endloop
	endfacet
	facet normal 0 0 -1
		outer loop
			vertex -6000 4000 -400.0000000000009
			vertex -3065 4022.5 -400.0000000000009
			vertex -2975 4022.5 -400.0000000000009
		endloop
	endfacet
	facet normal 0 0 -1
		outer loop
			vertex -6000 4000 -400.0000000000009
			vertex -4975 4022.5 -400.0000000000009
			vertex -3065 4022.5 -400.0000000000009
		endloop
	endfacet
	facet normal 0 0 -1
		outer loop
			vertex -4975 4022.5 -400.0000000000009
			vertex -3790 4090 -400.0000000000009
			vertex -3065 4022.5 -400.0000000000009
		endloop
	endfacet
	facet normal 0 0 -1
		outer loop
			vertex -4975 4022.5 -400.0000000000009
			vertex -3840 4090 -400.0000000000009
			vertex -3790 4090 -400.0000000000009
		endloop
	endfacet
	facet normal 0 0 -1
		outer loop
			vertex -4975 4022.5 -400.0000000000009
			vertex -4120 4090 -400.0000000000009
			vertex -3840 4090 -400.0000000000009
		endloop
	endfacet
	facet normal 0 0 -1
		outer loop
			vertex -4975 4022.5 -400.0000000000009
			vertex -4170 4090 -400.0000000000009
			vertex -4120 4090 -400.0000000000009
		endloop
	endfacet
	facet normal 0 0 -1
		outer loop
			vertex -6000 4000 -400.0000000000009
			vertex -5065 4022.5 -400.0000000000009
			vertex -4975 4022.5 -400.0000000000009
		endloop
	endfacet
	facet normal 0 0 -1
		outer loop
			vertex -6000 4000 -400.0000000000009
			vertex -5790 4090 -400.0000000000009
			vertex -5065 4022.5 -400.0000000000009
		endloop
	endfacet
	facet normal -2.5263741715914673e-16 -2.2737367544323206e-16 -1
		outer loop
			vertex 6000 4000 -400.0000000000009
			vertex 6022.5 -3025 -399.9999999999993
			vertex 6000 -4000 -399.9999999999991
		endloop
	endfacet
	facet normal -1.9980707255214018e-16 -2.285928372418553e-16 -1
		outer loop
			vertex 6022.5 -3025 -399.9999999999993
			vertex 6090 -3830 -399.99999999999915
			vertex 6000 -4000 -399.9999999999991
		endloop
	endfacet
	facet normal -1.2645906270021733e-13 -6.315935428978669e-16 -1
		outer loop
			vertex 6000 4000 -400.0000000000009
			vertex 6022.5 -2935 -399.9999999999994
			vertex 6022.5 -3025 -399.9999999999993
		endloop
	endfacet
	facet normal 4.0011946958451254e-15 -2.083266659820189e-16 -1
		outer loop
			vertex 6000 4000 -400.0000000000009
			vertex 6022.5 -1025 -399.9999999999998
			vertex 6022.5 -2935 -399.9999999999994
		endloop
	endfacet
	facet normal 5.533332609681137e-16 -2.083266659820189e-16 -1
		outer loop
			vertex 6022.5 -1025 -399.9999999999998
			vertex 6090 -2210 -399.9999999999995
			vertex 6022.5 -2935 -399.9999999999994
		endloop
	endfacet
	facet normal -1.574773233625348e-14 -1.1368683772161603e-15 -1
		outer loop
			vertex 6022.5 -1025 -399.9999999999998
			vertex 6090 -2160 -399.99999999999955
			vertex 6090 -2210 -399.9999999999995
		endloop
	endfacet
	facet normal -4.5113824492704774e-17 -2.030122102171715e-16 -1
		outer loop
			vertex 6022.5 -1025 -399.9999999999998
			vertex 6090 -1880 -399.9999999999996
			vertex 6090 -2160 -399.99999999999955
		endloop
	endfacet
	facet normal 2.5263741715914674e-15 0 -1
		outer loop
			vertex 6022.5 -1025 -399.9999999999998
			vertex 6090 -1830 -399.9999999999996
			vertex 6090 -1880 -399.9999999999996
		endloop
	endfacet
	facet normal 5.052748343182935e-14 0 -1
		outer loop
			vertex 6000 4000 -400.0000000000009
			vertex 6022.5 -935.0000000000001 -399.9999999999998
			vertex 6022.5 -1025 -399.9999999999998
		endloop
	endfacet
	facet normal -1.6930675076633918e-15 -2.380876182651645e-16 -1
		outer loop
			vertex 6000 4000 -400.0000000000009
			vertex 6022.5 974.9999999999999 -400.0000000000002
			vertex 6022.5 -935.0000000000001 -399.9999999999998
		endloop
	endfacet
	facet normal 3.086320977511391e-17 -2.380876182651645e-16 -1
		outer loop
			vertex 6022.5 974.9999999999999 -400.0000000000002
			vertex 6090 -210.00000000000009 -399.99999999999994
			vertex 6022.5 -935.0000000000001 -399.9999999999998
		endloop
	endfacet
	facet normal 4.210623619319112e-15 0 -1
		outer loop
			vertex 6022.5 974.9999999999999 -400.0000000000002
			vertex 6090 -160.00000000000009 -399.99999999999994
			vertex 6090 -210.00000000000009 -399.99999999999994
		endloop
	endfacet
	facet normal 7.970108993711177e-16 -2.030122102171715e-16 -1
		outer loop
			vertex 6022.5 974.9999999999999 -400.0000000000002
			vertex 6090 119.99999999999991 -400
			vertex 6090 -160.00000000000009 -399.99999999999994
		endloop
	endfacet
	facet normal -1.1031833882616074e-14 -1.1368683772161603e-15 -1
		outer loop
			vertex 6022.5 974.9999999999999 -400.0000000000002
			vertex 6090 169.99999999999991 -400.00000000000006
			vertex 6090 119.99999999999991 -400
		endloop
	endfacet
	facet normal 3.0316490059097614e-14 0 -1
		outer loop
			vertex 6000 4000 -400.0000000000009
			vertex 6022.5 1065 -400.0000000000002
			vertex 6022.5 974.9999999999999 -400.0000000000002
		endloop
	endfacet
	facet normal -7.407170346027339e-16 -2.380876182651645e-16 -1
		outer loop
			vertex 6000 4000 -400.0000000000009
			vertex 6022.5 2975 -400.0000000000007
			vertex 6022.5 1065 -400.0000000000002
		endloop
	endfacet
	facet normal 3.086320977511391e-17 -2.380876182651645e-16 -1
		outer loop
			vertex 6022.5 2975 -400.0000000000007
			vertex 6090 1790 -400.0000000000004
			vertex 6022.5 1065 -400.0000000000002
		endloop
	endfacet
	facet normal 4.210623619319112e-15 0 -1
		outer loop
			vertex 6022.5 2975 -400.0000000000007
			vertex 6090 1840 -400.0000000000004
			vertex 6090 1790 -400.0000000000004
		endloop
	endfacet
	facet normal 7.970108993711177e-16 -2.030122102171715e-16 -1
		outer loop
			vertex 6022.5 2975 -400.0000000000007
			vertex 6090 2120 -400.00000000000045
			vertex 6090 1840 -400.0000000000004
		endloop
	endfacet
	facet normal 3.36849889545529e-15 0 -1
		outer loop
			vertex 6022.5 2975 -400.0000000000007
			vertex 6090 2170 -400.00000000000045
			vertex 6090 2120 -400.00000000000045
		endloop
	endfacet
	facet normal 1.010549668636587e-14 0 -1
		outer loop
			vertex 6000 4000 -400.0000000000009
			vertex 6022.5 3065 -400.0000000000007
			vertex 6022.5 2975 -400.0000000000007
		endloop
	endfacet
	facet normal 6.799023974537943e-17 -2.415442727796375e-16 -1
		outer loop
			vertex 6000 4000 -400.0000000000009
			vertex 6090 3790 -400.00000000000085
			vertex 6022.5 3065 -400.0000000000007
		endloop
	endfacet
	facet normal 0 1 0
		outer loop
			vertex -4500 -4000 -2.999999999999112
			vertex -6000 -4000 -399.9999999999991
			vertex -6000 -4000 -2.999999999999112
		endloop
	endfacet
	facet normal 0 1 0
		outer loop
			vertex -3500 -4000 8.881784197001252e-13
			vertex -4500 -4000 -2.999999999999112
			vertex -4500 -4000 8.881784197001252e-13
		endloop
	endfacet
	facet normal 0 1 0
		outer loop
			vertex -3500 -4000 -199.99999999999912
			vertex -4500 -4000 -2.999999999999112
			vertex -3500 -4000 8.881784197001252e-13
		endloop
	endfacet
	facet normal 0 1 0
		outer loop
			vertex -3500 -4000 -199.99999999999912
			vertex -6000 -4000 -399.9999999999991
			vertex -4500 -4000 -2.999999999999112
		endloop
	endfacet
	facet normal 0 1 0
		outer loop
			vertex 6000 -4000 8.881784197001252e-13
			vertex -1500 -4000 -199.99999999999912
			vertex -1500 -4000 8.881784197001252e-13
		endloop
	endfacet
	facet normal 0 1 0
		outer loop
			vertex 6000 -4000 -399.9999999999991
			vertex -1500 -4000 -199.99999999999912
			vertex 6000 -4000 8.881784197001252e-13
		endloop
	endfacet
	facet normal 0 1 0
		outer loop
			vertex -6000 -4000 -399.9999999999991
			vertex -1500 -4000 -199.99999999999912
			vertex 6000 -4000 -399.9999999999991
		endloop
	endfacet
	facet normal 0 1 0
		outer loop
			vertex -6000 -4000 -399.9999999999991
			vertex -3500 -4000 -199.99999999999912
			vertex -1500 -4000 -199.99999999999912
		endloop
	endfacet
	facet normal -1 0 0
		outer loop
			vertex -3500 2500 -5.551115123125783e-13
			vertex -3500 -4000 -199.99999999999912
			vertex -3500 -4000 8.881784197001252e-13
		endloop
	endfacet
	facet normal -1 0 0
		outer loop
			vertex -3500 2500 -5.551115123125783e-13
			vertex -3500 2500 -200.00000000000057
			vertex -3500 -4000 -199.99999999999912
		endloop
	endfacet
	facet normal 0 -2.250051996573651e-16 -1
		outer loop
			vertex -1650 99.99999999999996 -200.00000000000003
			vertex -1500 2500 -200.00000000000057
			vertex -1500 99.99999999999996 -200.00000000000003
		endloop
	endfacet
	facet normal 0 -2.250051996573651e-16 -1
		outer loop
			vertex -1650 99.99999999999996 -200.00000000000003
			vertex -3500 2500 -200.00000000000057
			vertex -1500 2500 -200.00000000000057
		endloop
	endfacet
	facet normal 0 -2.2243076945533573e-16 -1
		outer loop
			vertex -1500 -4000 -199.99999999999912
			vertex -1650 -1700 -199.99999999999963
			vertex -1500 -1700 -199.99999999999963
		endloop
	endfacet
	facet normal -1.7070095753996402e-18 -2.210577400142534e-16 -1
		outer loop
			vertex -3500 -4000 -199.99999999999912
			vertex -1650 99.99999999999996 -200.00000000000003
			vertex -1650 -1700 -199.99999999999963
		endloop
	endfacet
	facet normal 2.5999068917625287e-18 -2.2300110476163145e-16 -1
		outer loop
			vertex -3500 -4000 -199.99999999999912
			vertex -3500 2500 -200.00000000000057
			vertex -1650 99.99999999999996 -200.00000000000003
		endloop
	endfacet
	facet normal 0 -2.2243076945533573e-16 -1
		outer loop
			vertex -3500 -4000 -199.99999999999912
			vertex -1650 -1700 -199.99999999999963
			vertex -1500 -4000 -199.99999999999912
		endloop
	endfacet
	facet normal 1 0 0
		outer loop
			vertex -1500 1500 -12.000000000000334
			vertex -1500 2500 -200.00000000000057
			vertex -1500 2500 -5.551115123125783e-13
		endloop
	endfacet
	facet normal 1 0 0
		outer loop
			vertex -1500 1500 -12.000000000000334
			vertex -1500 2500 -5.551115123125783e-13
			vertex -1500 1500 -9.000000000000334
		endloop
	endfacet
	facet normal 1 0 0
		outer loop
			vertex -1500 -1500 -11.999999999999666
			vertex -1500 99.99999999999991 -400
			vertex -1500 99.99999999999996 -200.00000000000003
		endloop
	endfacet
	facet normal 1 0 0
		outer loop
			vertex -1500 -1700 -199.99999999999963
			vertex -1500 -1500 -11.999999999999666
			vertex -1500 -1500 -8.999999999999666
		endloop
	endfacet
	facet normal 1 0 0
		outer loop
			vertex -1500 -1700 -399.9999999999996
			vertex -1500 99.99999999999991 -400
			vertex -1500 -1500 -11.999999999999666
		endloop
	endfacet
	facet normal 1 0 0
		outer loop
			vertex -1500 -1700 -399.9999999999996
			vertex -1500 -1500 -11.999999999999666
			vertex -1500 -1700 -199.99999999999963
		endloop
	endfacet
	facet normal 1 0 0
		outer loop
			vertex -1500 -4000 8.881784197001252e-13
			vertex -1500 -1700 -199.99999999999963
			vertex -1500 -1500 -8.999999999999666
		endloop
	endfacet
	facet normal 1 0 0
		outer loop
			vertex -1500 -4000 -199.99999999999912
			vertex -1500 -1700 -199.99999999999963
			vertex -1500 -4000 8.881784197001252e-13
		endloop
	endfacet
	facet normal 1 0 0
		outer loop
			vertex -1500 99.99999999999996 -200.00000000000003
			vertex -1500 2500 -200.00000000000057
			vertex -1500 1500 -12.000000000000334
		endloop
	endfacet
	facet normal 1 0 0
		outer loop
			vertex -1500 99.99999999999996 -200.00000000000003
			vertex -1500 1500 -12.000000000000334
			vertex -1500 -1500 -11.999999999999666
		endloop
	endfacet
	facet normal 1 0 0
		outer loop
			vertex -1500 2500 -5.551115123125783e-13
			vertex -1500 -4000 8.881784197001252e-13
			vertex -1500 -1500 -8.999999999999666
		endloop
	endfacet
	facet normal 1 0 0
		outer loop
			vertex -1500 2500 -5.551115123125783e-13
			vertex -1500 -1500 -8.999999999999666
			vertex -1500 1500 -9.000000000000334
		endloop
	endfacet
	facet normal 0 -1 0
		outer loop
			vertex -1500 -1500 -11.999999999999666
			vertex 1500 -1500 -8.999999999999666
			vertex -1500 -1500 -8.999999999999666
		endloop
	endfacet
	facet normal 0 -1 0
		outer loop
			vertex -1500 -1500 -11.999999999999666
			vertex 1500 -1500 -11.999999999999666
			vertex 1500 -1500 -8.999999999999666
		endloop
	endfacet
	facet normal -1 0 0
		outer loop
			vertex 1500 -1500 -11.999999999999666
			vertex 1500 -2500 -199.99999999999943
			vertex 1500 -2500 5.551115123125783e-13
		endloop
	endfacet
	facet normal -1 0 0
		outer loop
			vertex 1500 -1500 -8.999999999999666
			vertex 1500 -1500 -11.999999999999666
			vertex 1500 -2500 5.551115123125783e-13
		endloop
	endfacet
	facet normal -1 0 0
		outer loop
			vertex 1500 1500 -12.000000000000334
			vertex 1500 -100.00000000000009 -400
			vertex 1500 -100.00000000000004 -199.99999999999997
		endloop
	endfacet
	facet normal -1 0 0
		outer loop
			vertex 1500 1500 -12.000000000000334
			vertex 1500 1700 -400.0000000000004
			vertex 1500 -100.00000000000009 -400
		endloop
	endfacet
	facet normal -1 0 0
		outer loop
			vertex 1500 1700 -200.00000000000037
			vertex 1500 1500 -12.000000000000334
			vertex 1500 1500 -9.000000000000334
		endloop
	endfacet
	facet normal -1 0 0
		outer loop
			vertex 1500 1700 -200.00000000000037
			vertex 1500 1700 -400.0000000000004
			vertex 1500 1500 -12.000000000000334
		endloop
	endfacet
	facet normal -1 0 0
		outer loop
			vertex 1500 4000 -8.881784197001252e-13
			vertex 1500 4000 -200.00000000000088
			vertex 1500 1700 -200.00000000000037
		endloop
	endfacet
	facet normal -1 0 0
		outer loop
			vertex 1500 4000 -8.881784197001252e-13
			vertex 1500 1700 -200.00000000000037
			vertex 1500 1500 -9.000000000000334
		endloop
	endfacet
	facet normal -1 0 0
		outer loop
			vertex 1500 4000 -8.881784197001252e-13
			vertex 1500 -1500 -8.999999999999666
			vertex 1500 -2500 5.551115123125783e-13
		endloop
	endfacet
	facet normal -1 0 0
		outer loop
			vertex 1500 4000 -8.881784197001252e-13
			vertex 1500 1500 -9.000000000000334
			vertex 1500 -1500 -8.999999999999666
		endloop
	endfacet
	facet normal -1 0 0
		outer loop
			vertex 1500 -2500 -199.99999999999943
			vertex 1500 1500 -12.000000000000334
			vertex 1500 -100.00000000000004 -199.99999999999997
		endloop
	endfacet
	facet normal -1 0 0
		outer loop
			vertex 1500 -2500 -199.99999999999943
			vertex 1500 -1500 -11.999999999999666
			vertex 1500 1500 -12.000000000000334
		endloop
	endfacet
	facet normal 0 2.2263672387149804e-16 1
		outer loop
			vertex 1500 -1500 -8.999999999999666
			vertex 1500 1500 -9.000000000000334
			vertex -1500 1500 -9.000000000000334
		endloop
	endfacet
	facet normal 0 2.2263672387149804e-16 1
		outer loop
			vertex -1500 -1500 -8.999999999999666
			vertex 1500 -1500 -8.999999999999666
			vertex -1500 1500 -9.000000000000334
		endloop
	endfacet
	facet normal 0 1 0
		outer loop
			vertex -1500 1500 -9.000000000000334
			vertex 1500 1500 -9.000000000000334
			vertex 1500 1500 -12.000000000000334
		endloop
	endfacet
	facet normal 0 1 0
		outer loop
			vertex -1500 1500 -9.000000000000334
			vertex 1500 1500 -12.000000000000334
			vertex -1500 1500 -12.000000000000334
		endloop
	endfacet
	facet normal -8.631871973431201e-20 -2.224872401337152e-16 -1
		outer loop
			vertex 436.30841064453125 310.7841491699219 -12.00000000000007
			vertex 457.3291320800781 502.3940124511719 -12.000000000000112
			vertex 1500 1500 -12.000000000000334
		endloop
	endfacet
	facet normal -5.476698864297558e-18 -2.1685336021128242e-16 -1
		outer loop
			vertex 251.8780059814453 483.0082092285156 -12.000000000000107
			vertex 1500 1500 -12.000000000000334
			vertex 457.3291320800781 502.3940124511719 -12.000000000000112
		endloop
	endfacet
	facet normal 1.41220443698525e-17 -2.2190656111545116e-16 -1
		outer loop
			vertex 399.578369140625 -43.772308349609375 -11.999999999999991
			vertex 436.30841064453125 310.7841491699219 -12.00000000000007
			vertex 471.8852844238281 -111.21551513671875 -11.999999999999975
		endloop
	endfacet
	facet normal -1.4679587053734665e-19 -2.224331464747613e-16 -1
		outer loop
			vertex 585.3444213867188 -384.09844970703125 -11.999999999999915
			vertex 436.30841064453125 310.7841491699219 -12.00000000000007
			vertex 1500 1500 -12.000000000000334
		endloop
	endfacet
	facet normal -5.342694394285904e-18 -2.235475447766503e-16 -1
		outer loop
			vertex 585.3444213867188 -384.09844970703125 -11.999999999999915
			vertex 471.8852844238281 -111.21551513671875 -11.999999999999975
			vertex 436.30841064453125 310.7841491699219 -12.00000000000007
		endloop
	endfacet
	facet normal -9.935107256286968e-18 -2.254569760158019e-16 -1
		outer loop
			vertex 514.6587524414062 -317.9522399902344 -11.999999999999929
			vertex 471.8852844238281 -111.21551513671875 -11.999999999999975
			vertex 585.3444213867188 -384.09844970703125 -11.999999999999915
		endloop
	endfacet
	facet normal -4.513769500464484e-18 -2.2770262347827977e-16 -1
		outer loop
			vertex 171.78561401367188 23.152957916259762 -12.000000000000005
			vertex 399.578369140625 -43.772308349609375 -11.999999999999991
			vertex 321.25421142578125 -120.23181915283203 -11.999999999999973
		endloop
	endfacet
	facet normal -2.3107457771858123e-18 -2.2020421709851143e-16 -1
		outer loop
			vertex 171.78561401367188 23.152957916259762 -12.000000000000005
			vertex 436.30841064453125 310.7841491699219 -12.00000000000007
			vertex 399.578369140625 -43.772308349609375 -11.999999999999991
		endloop
	endfacet
	facet normal 2.714989427915566e-18 -2.225850695922624e-16 -1
		outer loop
			vertex -314.95660400390625 484.0747985839844 -12.000000000000108
			vertex 251.8780059814453 483.0082092285156 -12.000000000000107
			vertex -53.186988830566406 231.88934326171875 -12.000000000000052
		endloop
	endfacet
	facet normal 2.114692817713299e-17 -1.8940258771766448e-16 -1
		outer loop
			vertex 361.3481750488281 -213.14590454101562 -11.999999999999952
			vertex 514.6587524414062 -317.9522399902344 -11.999999999999929
			vertex 490.9888000488281 -339.35247802734375 -11.999999999999925
		endloop
	endfacet
	facet normal -2.4405847705514348e-18 -2.239063723769092e-16 -1
		outer loop
			vertex 361.3481750488281 -213.14590454101562 -11.999999999999952
			vertex 471.8852844238281 -111.21551513671875 -11.999999999999975
			vertex 514.6587524414062 -317.9522399902344 -11.999999999999929
		endloop
	endfacet
	facet normal 0 -2.235747402353638e-16 -1
		outer loop
			vertex -1500 1500 -12.000000000000334
			vertex 1500 1500 -12.000000000000334
			vertex 251.8780059814453 483.0082092285156 -12.000000000000107
		endloop
	endfacet
	facet normal 2.7219500259462934e-18 -2.1888588785021467e-16 -1
		outer loop
			vertex -1500 1500 -12.000000000000334
			vertex 251.8780059814453 483.0082092285156 -12.000000000000107
			vertex -314.95660400390625 484.0747985839844 -12.000000000000108
		endloop
	endfacet
	facet normal 2.7255308064783554e-19 -2.2263672387149804e-16 -1
		outer loop
			vertex 1500 -1500 -11.999999999999666
			vertex 585.3444213867188 -384.09844970703125 -11.999999999999915
			vertex 1500 1500 -12.000000000000334
		endloop
	endfacet
	facet normal -2.28286327440219e-18 -2.2472383826379315e-16 -1
		outer loop
			vertex -521.8084716796875 501.9853515625 -12.000000000000112
			vertex -1500 1500 -12.000000000000334
			vertex -314.95660400390625 484.0747985839844 -12.000000000000108
		endloop
	endfacet
	facet normal 2.0725470789559202e-18 -2.21161347704496e-16 -1
		outer loop
			vertex 429.16375732421875 -530.1371459960938 -11.999999999999883
			vertex 585.3444213867188 -384.09844970703125 -11.999999999999915
			vertex 1500 -1500 -11.999999999999666
		endloop
	endfacet
	facet normal 9.834923413850705e-18 -2.0718583340771676e-16 -1
		outer loop
			vertex 361.0979919433594 -465.3916320800781 -11.999999999999897
			vertex 243.06668090820312 -316.6672058105469 -11.999999999999929
			vertex 381.1772155761719 -447.291015625 -11.9999999999999
		endloop
	endfacet
	facet normal -2.0196747671230296e-18 -2.244658773525231e-16 -1
		outer loop
			vertex -498.1553955078125 311.8435974121094 -12.00000000000007
			vertex -1500 1500 -12.000000000000334
			vertex -521.8084716796875 501.9853515625 -12.000000000000112
		endloop
	endfacet
	facet normal -3.3202188143819213e-18 -2.2297835134587917e-16 -1
		outer loop
			vertex 129.48338317871094 -422.1103210449219 -11.999999999999906
			vertex 361.0979919433594 -465.3916320800781 -11.999999999999897
			vertex 429.16375732421875 -530.1371459960938 -11.999999999999883
		endloop
	endfacet
	facet normal -2.1458948736937857e-18 -2.1669410131785868e-16 -1
		outer loop
			vertex 129.48338317871094 -422.1103210449219 -11.999999999999906
			vertex 243.06668090820312 -316.6672058105469 -11.999999999999929
			vertex 361.0979919433594 -465.3916320800781 -11.999999999999897
		endloop
	endfacet
	facet normal 1.5514052753690955e-17 -2.1530447992552463e-16 -1
		outer loop
			vertex 59.94173049926758 -355.9431457519531 -11.999999999999922
			vertex -6.642547130584717 -146.22950744628906 -11.999999999999968
			vertex 136.6573486328125 -284.4117736816406 -11.999999999999936
		endloop
	endfacet
	facet normal -7.909163393142983e-18 -2.4993099335208433e-16 -1
		outer loop
			vertex -125.24829864501953 -357.19012451171875 -11.99999999999992
			vertex 59.94173049926758 -355.9431457519531 -11.999999999999922
			vertex 129.48338317871094 -422.1103210449219 -11.999999999999906
		endloop
	endfacet
	facet normal -8.091854376205436e-18 -2.227993776667512e-16 -1
		outer loop
			vertex -125.24829864501953 -357.19012451171875 -11.99999999999992
			vertex -6.642547130584717 -146.22950744628906 -11.999999999999968
			vertex 59.94173049926758 -355.9431457519531 -11.999999999999922
		endloop
	endfacet
	facet normal -2.5957677373681726e-18 -2.2588937377718905e-16 -1
		outer loop
			vertex -202.00244140625 -285.5335998535156 -11.999999999999936
			vertex -6.642547130584717 -146.22950744628906 -11.999999999999968
			vertex -125.24829864501953 -357.19012451171875 -11.99999999999992
		endloop
	endfacet
	facet normal -2.424120934159555e-20 -2.1993123650918077e-16 -1
		outer loop
			vertex -464.83026123046875 -43.54252243041992 -11.999999999999991
			vertex -498.1553955078125 311.8435974121094 -12.00000000000007
			vertex -234.60818481445312 61.431461334228516 -12.000000000000014
		endloop
	endfacet
	facet normal 5.7899615049534536e-18 -2.326825656822232e-16 -1
		outer loop
			vertex -464.83026123046875 -43.54252243041992 -11.999999999999991
			vertex -234.60818481445312 61.431461334228516 -12.000000000000014
			vertex -386.40350341796875 -117.93348693847656 -11.999999999999973
		endloop
	endfacet
	facet normal 8.494547182602328e-20 -2.1856397808413047e-16 -1
		outer loop
			vertex -194.3391571044922 -422.2361755371094 -11.999999999999906
			vertex -125.24829864501953 -357.19012451171875 -11.99999999999992
			vertex 129.48338317871094 -422.1103210449219 -11.999999999999906
		endloop
	endfacet
	facet normal -2.802715543828224e-18 -2.2019177856502682e-16 -1
		outer loop
			vertex -533.111572265625 -107.2119369506836 -11.999999999999977
			vertex -498.1553955078125 311.8435974121094 -12.00000000000007
			vertex -464.83026123046875 -43.54252243041992 -11.999999999999991
		endloop
	endfacet
	facet normal 4.180947782788741e-18 -2.1831970165712502e-16 -1
		outer loop
			vertex -423.55657958984375 -467.30828857421875 -11.999999999999897
			vertex -305.41033935546875 -318.5888366699219 -11.999999999999929
			vertex -194.3391571044922 -422.2361755371094 -11.999999999999906
		endloop
	endfacet
	facet normal -1.9831276453659716e-17 -1.9924382438031294e-16 -1
		outer loop
			vertex -423.55657958984375 -467.30828857421875 -11.999999999999897
			vertex -443.05206298828125 -447.536865234375 -11.9999999999999
			vertex -305.41033935546875 -318.5888366699219 -11.999999999999929
		endloop
	endfacet
	facet normal -9.897170305296433e-18 -2.0420457710019135e-16 -1
		outer loop
			vertex -576.5343017578125 -319.52264404296875 -11.999999999999929
			vertex -422.6288757324219 -213.8961639404297 -11.999999999999952
			vertex -553.9180297851562 -338.0166015625 -11.999999999999925
		endloop
	endfacet
	facet normal 5.810214284132773e-18 -2.270913732391327e-16 -1
		outer loop
			vertex -576.5343017578125 -319.52264404296875 -11.999999999999929
			vertex -533.111572265625 -107.2119369506836 -11.999999999999977
			vertex -422.6288757324219 -213.8961639404297 -11.999999999999952
		endloop
	endfacet
	facet normal 8.52311677229199e-18 -2.404021095298221e-16 -1
		outer loop
			vertex -489.2802429199219 -528.7512817382812 -11.999999999999883
			vertex -423.55657958984375 -467.30828857421875 -11.999999999999897
			vertex -194.3391571044922 -422.2361755371094 -11.999999999999906
		endloop
	endfacet
	facet normal 8.435127236222333e-20 -2.1703510790668813e-16 -1
		outer loop
			vertex -489.2802429199219 -528.7512817382812 -11.999999999999883
			vertex -194.3391571044922 -422.2361755371094 -11.999999999999906
			vertex 129.48338317871094 -422.1103210449219 -11.999999999999906
		endloop
	endfacet
	facet normal -3.23915491575557e-19 -2.1466621867662865e-16 -1
		outer loop
			vertex -489.2802429199219 -528.7512817382812 -11.999999999999883
			vertex 129.48338317871094 -422.1103210449219 -11.999999999999906
			vertex 429.16375732421875 -530.1371459960938 -11.999999999999883
		endloop
	endfacet
	facet normal -1.8085465218155722e-17 -2.1891694395444585e-16 -1
		outer loop
			vertex -643.827880859375 -382.0656433105469 -11.999999999999915
			vertex -498.1553955078125 311.8435974121094 -12.00000000000007
			vertex -533.111572265625 -107.2119369506836 -11.999999999999977
		endloop
	endfacet
	facet normal -1.508217866228201e-18 -2.2559457496680665e-16 -1
		outer loop
			vertex -643.827880859375 -382.0656433105469 -11.999999999999915
			vertex -533.111572265625 -107.2119369506836 -11.999999999999977
			vertex -576.5343017578125 -319.52264404296875 -11.999999999999929
		endloop
	endfacet
	facet normal 4.678839291321134e-20 -2.2272345105009783e-16 -1
		outer loop
			vertex -643.827880859375 -382.0656433105469 -11.999999999999915
			vertex -1500 1500 -12.000000000000334
			vertex -498.1553955078125 311.8435974121094 -12.00000000000007
		endloop
	endfacet
	facet normal -3.361601136889607e-19 -2.227810103323883e-16 -1
		outer loop
			vertex -1500 -1500 -11.999999999999666
			vertex -489.2802429199219 -528.7512817382812 -11.999999999999883
			vertex 429.16375732421875 -530.1371459960938 -11.999999999999883
		endloop
	endfacet
	facet normal -2.4598923462400677e-18 -2.205709707350863e-16 -1
		outer loop
			vertex -1500 -1500 -11.999999999999666
			vertex -643.827880859375 -382.0656433105469 -11.999999999999915
			vertex -489.2802429199219 -528.7512817382812 -11.999999999999883
		endloop
	endfacet
	facet normal 2.3743492243075386e-19 -2.2263672387149804e-16 -1
		outer loop
			vertex -1500 -1500 -11.999999999999666
			vertex -1500 1500 -12.000000000000334
			vertex -643.827880859375 -382.0656433105469 -11.999999999999915
		endloop
	endfacet
	facet normal 0 -2.2344966972614637e-16 -1
		outer loop
			vertex -1500 -1500 -11.999999999999666
			vertex 429.16375732421875 -530.1371459960938 -11.999999999999883
			vertex 1500 -1500 -11.999999999999666
		endloop
	endfacet
	facet normal 1.578265665713213e-17 -2.3845997337592767e-16 -1
		outer loop
			vertex -386.40350341796875 -117.93348693847656 -11.999999999999973
			vertex -53.186988830566406 231.88934326171875 -12.000000000000052
			vertex 251.8780059814453 483.0082092285156 -12.000000000000107
		endloop
	endfacet
	facet normal 4.100324993055995e-17 -2.624833288029841e-16 -1
		outer loop
			vertex -386.40350341796875 -117.93348693847656 -11.999999999999973
			vertex -234.60818481445312 61.431461334228516 -12.000000000000014
			vertex -53.186988830566406 231.88934326171875 -12.000000000000052
		endloop
	endfacet
	facet normal -7.206168454110216e-18 -2.157020944617208e-16 -1
		outer loop
			vertex 436.30841064453125 310.7841491699219 -12.00000000000007
			vertex 171.78561401367188 23.152957916259762 -12.000000000000005
			vertex -202.00244140625 -285.5335998535156 -11.999999999999936
		endloop
	endfacet
	facet normal -2.6640374728602723e-17 -1.9216924539807604e-16 -1
		outer loop
			vertex 171.78561401367188 23.152957916259762 -12.000000000000005
			vertex -6.642547130584717 -146.22950744628906 -11.999999999999968
			vertex -202.00244140625 -285.5335998535156 -11.999999999999936
		endloop
	endfacet
	facet normal 0.7120582441056664 0.7021204006444729 0
		outer loop
			vertex -423.55657958984375 -467.30828857421875 -11.999999999999897
			vertex -443.05206298828125 -447.536865234375 -12.9999999999999
			vertex -443.05206298828125 -447.536865234375 -11.9999999999999
		endloop
	endfacet
	facet normal 0.7120582441056664 0.7021204006444729 0
		outer loop
			vertex -423.55657958984375 -467.30828857421875 -12.999999999999897
			vertex -443.05206298828125 -447.536865234375 -12.9999999999999
			vertex -423.55657958984375 -467.30828857421875 -11.999999999999897
		endloop
	endfacet
	facet normal 0.6836840506070533 -0.7297781299446648 0
		outer loop
			vertex -443.05206298828125 -447.536865234375 -12.9999999999999
			vertex -305.41033935546875 -318.5888366699219 -12.999999999999929
			vertex -305.41033935546875 -318.5888366699219 -11.999999999999929
		endloop
	endfacet
	facet normal 0.6836840506070533 -0.7297781299446648 0
		outer loop
			vertex -443.05206298828125 -447.536865234375 -12.9999999999999
			vertex -305.41033935546875 -318.5888366699219 -11.999999999999929
			vertex -443.05206298828125 -447.536865234375 -11.9999999999999
		endloop
	endfacet
	facet normal -0.682251062511239 -0.7311179711252388 0
		outer loop
			vertex -305.41033935546875 -318.5888366699219 -12.999999999999929
			vertex -194.3391571044922 -422.2361755371094 -12.999999999999906
			vertex -194.3391571044922 -422.2361755371094 -11.999999999999906
		endloop
	endfacet
	facet normal -0.682251062511239 -0.7311179711252388 0
		outer loop
			vertex -305.41033935546875 -318.5888366699219 -12.999999999999929
			vertex -194.3391571044922 -422.2361755371094 -11.999999999999906
			vertex -305.41033935546875 -318.5888366699219 -11.999999999999929
		endloop
	endfacet
	facet normal 0.6854728826503227 -0.7280981576347085 0
		outer loop
			vertex -194.3391571044922 -422.2361755371094 -12.999999999999906
			vertex -125.24829864501953 -357.19012451171875 -12.99999999999992
			vertex -125.24829864501953 -357.19012451171875 -11.99999999999992
		endloop
	endfacet
	facet normal 0.6854728826503227 -0.7280981576347085 0
		outer loop
			vertex -194.3391571044922 -422.2361755371094 -12.999999999999906
			vertex -125.24829864501953 -357.19012451171875 -11.99999999999992
			vertex -194.3391571044922 -422.2361755371094 -11.999999999999906
		endloop
	endfacet
	facet normal 0.6824166018241318 0.7309634611625977 0
		outer loop
			vertex -125.24829864501953 -357.19012451171875 -11.99999999999992
			vertex -202.00244140625 -285.5335998535156 -12.999999999999936
			vertex -202.00244140625 -285.5335998535156 -11.999999999999936
		endloop
	endfacet
	facet normal 0.6824166018241318 0.7309634611625977 0
		outer loop
			vertex -125.24829864501953 -357.19012451171875 -11.99999999999992
			vertex -125.24829864501953 -357.19012451171875 -12.99999999999992
			vertex -202.00244140625 -285.5335998535156 -12.999999999999936
		endloop
	endfacet
	facet normal 0.6826613813471027 -0.7307348619145425 0
		outer loop
			vertex -202.00244140625 -285.5335998535156 -12.999999999999936
			vertex 436.30841064453125 310.7841491699219 -13.00000000000007
			vertex 436.30841064453125 310.7841491699219 -12.00000000000007
		endloop
	endfacet
	facet normal 0.6826613813471027 -0.7307348619145425 0
		outer loop
			vertex -202.00244140625 -285.5335998535156 -12.999999999999936
			vertex 436.30841064453125 310.7841491699219 -12.00000000000007
			vertex -202.00244140625 -285.5335998535156 -11.999999999999936
		endloop
	endfacet
	facet normal 0.9940360937896184 -0.10905156690060346 0
		outer loop
			vertex 436.30841064453125 310.7841491699219 -12.00000000000007
			vertex 457.3291320800781 502.3940124511719 -13.000000000000112
			vertex 457.3291320800781 502.3940124511719 -12.000000000000112
		endloop
	endfacet
	facet normal 0.9940360937896184 -0.10905156690060346 0
		outer loop
			vertex 436.30841064453125 310.7841491699219 -13.00000000000007
			vertex 457.3291320800781 502.3940124511719 -13.000000000000112
			vertex 436.30841064453125 310.7841491699219 -12.00000000000007
		endloop
	endfacet
	facet normal -0.09393998895978754 0.9955778615830281 0
		outer loop
			vertex 457.3291320800781 502.3940124511719 -13.000000000000112
			vertex 251.8780059814453 483.0082092285156 -13.000000000000107
			vertex 251.8780059814453 483.0082092285156 -12.000000000000107
		endloop
	endfacet
	facet normal -0.09393998895978754 0.9955778615830281 0
		outer loop
			vertex 457.3291320800781 502.3940124511719 -12.000000000000112
			vertex 457.3291320800781 502.3940124511719 -13.000000000000112
			vertex 251.8780059814453 483.0082092285156 -12.000000000000107
		endloop
	endfacet
	facet normal -0.6854893898992638 0.7280826164217459 0
		outer loop
			vertex 251.8780059814453 483.0082092285156 -12.000000000000107
			vertex -386.40350341796875 -117.93348693847656 -12.999999999999973
			vertex -386.40350341796875 -117.93348693847656 -11.999999999999973
		endloop
	endfacet
	facet normal -0.6854893898992638 0.7280826164217459 0
		outer loop
			vertex 251.8780059814453 483.0082092285156 -12.000000000000107
			vertex 251.8780059814453 483.0082092285156 -13.000000000000107
			vertex -386.40350341796875 -117.93348693847656 -12.999999999999973
		endloop
	endfacet
	facet normal 0.68819271235265 0.7255279392722949 0
		outer loop
			vertex -386.40350341796875 -117.93348693847656 -11.999999999999973
			vertex -464.83026123046875 -43.54252243041992 -12.999999999999991
			vertex -464.83026123046875 -43.54252243041992 -11.999999999999991
		endloop
	endfacet
	facet normal 0.68819271235265 0.7255279392722949 0
		outer loop
			vertex -386.40350341796875 -117.93348693847656 -11.999999999999973
			vertex -386.40350341796875 -117.93348693847656 -12.999999999999973
			vertex -464.83026123046875 -43.54252243041992 -12.999999999999991
		endloop
	endfacet
	facet normal -0.6819757975028676 0.7313747408957515 0
		outer loop
			vertex -464.83026123046875 -43.54252243041992 -11.999999999999991
			vertex -533.111572265625 -107.2119369506836 -12.999999999999977
			vertex -533.111572265625 -107.2119369506836 -11.999999999999977
		endloop
	endfacet
	facet normal -0.6819757975028676 0.7313747408957515 0
		outer loop
			vertex -464.83026123046875 -43.54252243041992 -11.999999999999991
			vertex -464.83026123046875 -43.54252243041992 -12.999999999999991
			vertex -533.111572265625 -107.2119369506836 -12.999999999999977
		endloop
	endfacet
	facet normal -0.6946325188223241 -0.719364764076302 0
		outer loop
			vertex -533.111572265625 -107.2119369506836 -12.999999999999977
			vertex -422.6288757324219 -213.8961639404297 -12.999999999999952
			vertex -422.6288757324219 -213.8961639404297 -11.999999999999952
		endloop
	endfacet
	facet normal -0.6946325188223241 -0.719364764076302 0
		outer loop
			vertex -533.111572265625 -107.2119369506836 -12.999999999999977
			vertex -422.6288757324219 -213.8961639404297 -11.999999999999952
			vertex -533.111572265625 -107.2119369506836 -11.999999999999977
		endloop
	endfacet
	facet normal -0.6869894930765956 0.7266673492061978 0
		outer loop
			vertex -422.6288757324219 -213.8961639404297 -12.999999999999952
			vertex -553.9180297851562 -338.0166015625 -12.999999999999925
			vertex -553.9180297851562 -338.0166015625 -11.999999999999925
		endloop
	endfacet
	facet normal -0.6869894930765956 0.7266673492061978 0
		outer loop
			vertex -422.6288757324219 -213.8961639404297 -11.999999999999952
			vertex -422.6288757324219 -213.8961639404297 -12.999999999999952
			vertex -553.9180297851562 -338.0166015625 -11.999999999999925
		endloop
	endfacet
	facet normal 0.6330272990303334 0.7741294715242155 0
		outer loop
			vertex -553.9180297851562 -338.0166015625 -11.999999999999925
			vertex -576.5343017578125 -319.52264404296875 -12.999999999999929
			vertex -576.5343017578125 -319.52264404296875 -11.999999999999929
		endloop
	endfacet
	facet normal 0.6330272990303334 0.7741294715242155 0
		outer loop
			vertex -553.9180297851562 -338.0166015625 -11.999999999999925
			vertex -553.9180297851562 -338.0166015625 -12.999999999999925
			vertex -576.5343017578125 -319.52264404296875 -12.999999999999929
		endloop
	endfacet
	facet normal -0.6807789659945055 0.7324889073968643 0
		outer loop
			vertex -576.5343017578125 -319.52264404296875 -11.999999999999929
			vertex -643.827880859375 -382.0656433105469 -12.999999999999915
			vertex -643.827880859375 -382.0656433105469 -11.999999999999915
		endloop
	endfacet
	facet normal -0.6807789659945055 0.7324889073968643 0
		outer loop
			vertex -576.5343017578125 -319.52264404296875 -11.999999999999929
			vertex -576.5343017578125 -319.52264404296875 -12.999999999999929
			vertex -643.827880859375 -382.0656433105469 -12.999999999999915
		endloop
	endfacet
	facet normal -0.6884173106644411 -0.7253148325917087 0
		outer loop
			vertex -643.827880859375 -382.0656433105469 -11.999999999999915
			vertex -489.2802429199219 -528.7512817382812 -12.999999999999883
			vertex -489.2802429199219 -528.7512817382812 -11.999999999999883
		endloop
	endfacet
	facet normal -0.6884173106644411 -0.7253148325917087 0
		outer loop
			vertex -643.827880859375 -382.0656433105469 -12.999999999999915
			vertex -489.2802429199219 -528.7512817382812 -12.999999999999883
			vertex -643.827880859375 -382.0656433105469 -11.999999999999915
		endloop
	endfacet
	facet normal 0.6829174244398766 -0.7304955793133903 0
		outer loop
			vertex -489.2802429199219 -528.7512817382812 -12.999999999999883
			vertex -423.55657958984375 -467.30828857421875 -12.999999999999897
			vertex -423.55657958984375 -467.30828857421875 -11.999999999999897
		endloop
	endfacet
	facet normal 0.6829174244398766 -0.7304955793133903 0
		outer loop
			vertex -489.2802429199219 -528.7512817382812 -12.999999999999883
			vertex -423.55657958984375 -467.30828857421875 -11.999999999999897
			vertex -489.2802429199219 -528.7512817382812 -11.999999999999883
		endloop
	endfacet
	facet normal -1.5275426630900443e-17 -2.1078165005334706e-16 -1
		outer loop
			vertex -553.9180297851562 -338.0166015625 -12.999999999999925
			vertex -643.827880859375 -382.0656433105469 -12.999999999999915
			vertex -576.5343017578125 -319.52264404296875 -12.999999999999929
		endloop
	endfacet
	facet normal -7.749164324234878e-18 -2.261437350450781e-16 -1
		outer loop
			vertex -553.9180297851562 -338.0166015625 -12.999999999999925
			vertex -489.2802429199219 -528.7512817382812 -12.999999999999883
			vertex -643.827880859375 -382.0656433105469 -12.999999999999915
		endloop
	endfacet
	facet normal -2.5098778920442318e-17 -2.044378109298519e-16 -1
		outer loop
			vertex -443.05206298828125 -447.536865234375 -12.9999999999999
			vertex -423.55657958984375 -467.30828857421875 -12.999999999999897
			vertex -489.2802429199219 -528.7512817382812 -12.999999999999883
		endloop
	endfacet
	facet normal 5.2783922479775855e-18 -2.2172884613073177e-16 -1
		outer loop
			vertex -443.05206298828125 -447.536865234375 -12.9999999999999
			vertex -489.2802429199219 -528.7512817382812 -12.999999999999883
			vertex -553.9180297851562 -338.0166015625 -12.999999999999925
		endloop
	endfacet
	facet normal 5.9895969926498e-18 -2.210089026338384e-16 -1
		outer loop
			vertex -422.6288757324219 -213.8961639404297 -12.999999999999952
			vertex -443.05206298828125 -447.536865234375 -12.9999999999999
			vertex -553.9180297851562 -338.0166015625 -12.999999999999925
		endloop
	endfacet
	facet normal 7.47002503072778e-20 -2.204918649640364e-16 -1
		outer loop
			vertex -305.41033935546875 -318.5888366699219 -12.999999999999929
			vertex -443.05206298828125 -447.536865234375 -12.9999999999999
			vertex -422.6288757324219 -213.8961639404297 -12.999999999999952
		endloop
	endfacet
	facet normal 7.330244802272941e-18 -2.3105872028755256e-16 -1
		outer loop
			vertex -386.40350341796875 -117.93348693847656 -12.999999999999973
			vertex -533.111572265625 -107.2119369506836 -12.999999999999977
			vertex -464.83026123046875 -43.54252243041992 -12.999999999999991
		endloop
	endfacet
	facet normal 7.768381621439782e-18 -2.250634857641668e-16 -1
		outer loop
			vertex -386.40350341796875 -117.93348693847656 -12.999999999999973
			vertex -422.6288757324219 -213.8961639404297 -12.999999999999952
			vertex -533.111572265625 -107.2119369506836 -12.999999999999977
		endloop
	endfacet
	facet normal -1.0389570459076004e-18 -2.2173876481752585e-16 -1
		outer loop
			vertex -386.40350341796875 -117.93348693847656 -12.999999999999973
			vertex -305.41033935546875 -318.5888366699219 -12.999999999999929
			vertex -422.6288757324219 -213.8961639404297 -12.999999999999952
		endloop
	endfacet
	facet normal 1.8676206422906363e-18 -2.207987231470799e-16 -1
		outer loop
			vertex -202.00244140625 -285.5335998535156 -12.999999999999936
			vertex -194.3391571044922 -422.2361755371094 -12.999999999999906
			vertex -305.41033935546875 -318.5888366699219 -12.999999999999929
		endloop
	endfacet
	facet normal 1.8016014031893424e-18 -2.2059219276348018e-16 -1
		outer loop
			vertex -202.00244140625 -285.5335998535156 -12.999999999999936
			vertex -305.41033935546875 -318.5888366699219 -12.999999999999929
			vertex -386.40350341796875 -117.93348693847656 -12.999999999999973
		endloop
	endfacet
	facet normal 2.1727571999420638e-18 -2.2078161777667668e-16 -1
		outer loop
			vertex -125.24829864501953 -357.19012451171875 -12.99999999999992
			vertex -194.3391571044922 -422.2361755371094 -12.999999999999906
			vertex -202.00244140625 -285.5335998535156 -12.999999999999936
		endloop
	endfacet
	facet normal 4.059143248968345e-19 -2.2212778945847546e-16 -1
		outer loop
			vertex 251.8780059814453 483.0082092285156 -13.000000000000107
			vertex -202.00244140625 -285.5335998535156 -12.999999999999936
			vertex -386.40350341796875 -117.93348693847656 -12.999999999999973
		endloop
	endfacet
	facet normal -3.183636703318649e-18 -2.2000789564482157e-16 -1
		outer loop
			vertex 436.30841064453125 310.7841491699219 -13.00000000000007
			vertex -202.00244140625 -285.5335998535156 -12.999999999999936
			vertex 251.8780059814453 483.0082092285156 -13.000000000000107
		endloop
	endfacet
	facet normal -4.9959234263952275e-18 -2.2194862781423408e-16 -1
		outer loop
			vertex 457.3291320800781 502.3940124511719 -13.000000000000112
			vertex 436.30841064453125 310.7841491699219 -13.00000000000007
			vertex 251.8780059814453 483.0082092285156 -13.000000000000107
		endloop
	endfacet
	facet normal -0.6888105980752852 -0.724941349337426 0
		outer loop
			vertex -498.1553955078125 311.8435974121094 -12.00000000000007
			vertex -234.60818481445312 61.431461334228516 -13.000000000000014
			vertex -234.60818481445312 61.431461334228516 -12.000000000000014
		endloop
	endfacet
	facet normal -0.6888105980752852 -0.724941349337426 0
		outer loop
			vertex -498.1553955078125 311.8435974121094 -13.00000000000007
			vertex -234.60818481445312 61.431461334228516 -13.000000000000014
			vertex -498.1553955078125 311.8435974121094 -12.00000000000007
		endloop
	endfacet
	facet normal 0.6847435529988797 -0.7287841015187354 0
		outer loop
			vertex -234.60818481445312 61.431461334228516 -13.000000000000014
			vertex -53.186988830566406 231.88934326171875 -13.000000000000052
			vertex -53.186988830566406 231.88934326171875 -12.000000000000052
		endloop
	endfacet
	facet normal 0.6847435529988797 -0.7287841015187354 0
		outer loop
			vertex -234.60818481445312 61.431461334228516 -13.000000000000014
			vertex -53.186988830566406 231.88934326171875 -12.000000000000052
			vertex -234.60818481445312 61.431461334228516 -12.000000000000014
		endloop
	endfacet
	facet normal 0.6938001347433681 0.720167600652851 0
		outer loop
			vertex -53.186988830566406 231.88934326171875 -12.000000000000052
			vertex -314.95660400390625 484.0747985839844 -13.000000000000108
			vertex -314.95660400390625 484.0747985839844 -12.000000000000108
		endloop
	endfacet
	facet normal 0.6938001347433681 0.720167600652851 0
		outer loop
			vertex -53.186988830566406 231.88934326171875 -12.000000000000052
			vertex -53.186988830566406 231.88934326171875 -13.000000000000052
			vertex -314.95660400390625 484.0747985839844 -13.000000000000108
		endloop
	endfacet
	facet normal 0.0862636091015094 0.9962723471745977 0
		outer loop
			vertex -314.95660400390625 484.0747985839844 -12.000000000000108
			vertex -521.8084716796875 501.9853515625 -13.000000000000112
			vertex -521.8084716796875 501.9853515625 -12.000000000000112
		endloop
	endfacet
	facet normal 0.0862636091015094 0.9962723471745977 0
		outer loop
			vertex -314.95660400390625 484.0747985839844 -12.000000000000108
			vertex -314.95660400390625 484.0747985839844 -13.000000000000108
			vertex -521.8084716796875 501.9853515625 -13.000000000000112
		endloop
	endfacet
	facet normal -0.9923513416168313 -0.12344559445875417 0
		outer loop
			vertex -521.8084716796875 501.9853515625 -12.000000000000112
			vertex -498.1553955078125 311.8435974121094 -13.00000000000007
			vertex -498.1553955078125 311.8435974121094 -12.00000000000007
		endloop
	endfacet
	facet normal -0.9923513416168313 -0.12344559445875417 0
		outer loop
			vertex -521.8084716796875 501.9853515625 -12.000000000000112
			vertex -521.8084716796875 501.9853515625 -13.000000000000112
			vertex -498.1553955078125 311.8435974121094 -13.00000000000007
		endloop
	endfacet
	facet normal -3.3068366991931304e-18 -2.2338601669170323e-16 -1
		outer loop
			vertex -314.95660400390625 484.0747985839844 -13.000000000000108
			vertex -234.60818481445312 61.431461334228516 -13.000000000000014
			vertex -498.1553955078125 311.8435974121094 -13.00000000000007
		endloop
	endfacet
	facet normal -2.2631498670906094e-18 -2.2449616494038736e-16 -1
		outer loop
			vertex -314.95660400390625 484.0747985839844 -13.000000000000108
			vertex -498.1553955078125 311.8435974121094 -13.00000000000007
			vertex -521.8084716796875 501.9853515625 -13.000000000000112
		endloop
	endfacet
	facet normal 3.1205323971847738e-18 -2.2216411420105557e-16 -1
		outer loop
			vertex -53.186988830566406 231.88934326171875 -13.000000000000052
			vertex -234.60818481445312 61.431461334228516 -13.000000000000014
			vertex -314.95660400390625 484.0747985839844 -13.000000000000108
		endloop
	endfacet
	facet normal -0.6941361533687979 -0.7198437334493986 0
		outer loop
			vertex -6.642547130584717 -146.22950744628906 -11.999999999999968
			vertex 136.6573486328125 -284.4117736816406 -12.999999999999936
			vertex 136.6573486328125 -284.4117736816406 -11.999999999999936
		endloop
	endfacet
	facet normal -0.6941361533687979 -0.7198437334493986 0
		outer loop
			vertex -6.642547130584717 -146.22950744628906 -12.999999999999968
			vertex 136.6573486328125 -284.4117736816406 -12.999999999999936
			vertex -6.642547130584717 -146.22950744628906 -11.999999999999968
		endloop
	endfacet
	facet normal -0.6819621576963144 0.7313874591966881 0
		outer loop
			vertex 136.6573486328125 -284.4117736816406 -11.999999999999936
			vertex 59.94173049926758 -355.9431457519531 -12.999999999999922
			vertex 59.94173049926758 -355.9431457519531 -11.999999999999922
		endloop
	endfacet
	facet normal -0.6819621576963144 0.7313874591966881 0
		outer loop
			vertex 136.6573486328125 -284.4117736816406 -11.999999999999936
			vertex 136.6573486328125 -284.4117736816406 -12.999999999999936
			vertex 59.94173049926758 -355.9431457519531 -12.999999999999922
		endloop
	endfacet
	facet normal -0.6893111014726745 -0.7244654618313617 0
		outer loop
			vertex 59.94173049926758 -355.9431457519531 -11.999999999999922
			vertex 129.48338317871094 -422.1103210449219 -12.999999999999906
			vertex 129.48338317871094 -422.1103210449219 -11.999999999999906
		endloop
	endfacet
	facet normal -0.6893111014726745 -0.7244654618313617 0
		outer loop
			vertex 59.94173049926758 -355.9431457519531 -12.999999999999922
			vertex 129.48338317871094 -422.1103210449219 -12.999999999999906
			vertex 59.94173049926758 -355.9431457519531 -11.999999999999922
		endloop
	endfacet
	facet normal 0.6803572322216421 -0.7328806427814194 0
		outer loop
			vertex 129.48338317871094 -422.1103210449219 -12.999999999999906
			vertex 243.06668090820312 -316.6672058105469 -12.999999999999929
			vertex 243.06668090820312 -316.6672058105469 -11.999999999999929
		endloop
	endfacet
	facet normal 0.6803572322216421 -0.7328806427814194 0
		outer loop
			vertex 129.48338317871094 -422.1103210449219 -12.999999999999906
			vertex 243.06668090820312 -316.6672058105469 -11.999999999999929
			vertex 129.48338317871094 -422.1103210449219 -11.999999999999906
		endloop
	endfacet
	facet normal -0.6871407439569004 -0.7265243271868862 0
		outer loop
			vertex 243.06668090820312 -316.6672058105469 -12.999999999999929
			vertex 381.1772155761719 -447.291015625 -12.9999999999999
			vertex 381.1772155761719 -447.291015625 -11.9999999999999
		endloop
	endfacet
	facet normal -0.6871407439569004 -0.7265243271868862 0
		outer loop
			vertex 243.06668090820312 -316.6672058105469 -12.999999999999929
			vertex 381.1772155761719 -447.291015625 -11.9999999999999
			vertex 243.06668090820312 -316.6672058105469 -11.999999999999929
		endloop
	endfacet
	facet normal -0.6695636325836475 0.7427546983502631 0
		outer loop
			vertex 381.1772155761719 -447.291015625 -12.9999999999999
			vertex 361.0979919433594 -465.3916320800781 -12.999999999999897
			vertex 361.0979919433594 -465.3916320800781 -11.999999999999897
		endloop
	endfacet
	facet normal -0.6695636325836475 0.7427546983502631 0
		outer loop
			vertex 381.1772155761719 -447.291015625 -11.9999999999999
			vertex 381.1772155761719 -447.291015625 -12.9999999999999
			vertex 361.0979919433594 -465.3916320800781 -11.999999999999897
		endloop
	endfacet
	facet normal -0.68921393238356 -0.7245579034200025 0
		outer loop
			vertex 361.0979919433594 -465.3916320800781 -11.999999999999897
			vertex 429.16375732421875 -530.1371459960938 -12.999999999999883
			vertex 429.16375732421875 -530.1371459960938 -11.999999999999883
		endloop
	endfacet
	facet normal -0.68921393238356 -0.7245579034200025 0
		outer loop
			vertex 361.0979919433594 -465.3916320800781 -12.999999999999897
			vertex 429.16375732421875 -530.1371459960938 -12.999999999999883
			vertex 361.0979919433594 -465.3916320800781 -11.999999999999897
		endloop
	endfacet
	facet normal 0.6829930088245396 -0.7304249105122321 0
		outer loop
			vertex 429.16375732421875 -530.1371459960938 -11.999999999999883
			vertex 585.3444213867188 -384.09844970703125 -12.999999999999915
			vertex 585.3444213867188 -384.09844970703125 -11.999999999999915
		endloop
	endfacet
	facet normal 0.6829930088245396 -0.7304249105122321 0
		outer loop
			vertex 429.16375732421875 -530.1371459960938 -12.999999999999883
			vertex 585.3444213867188 -384.09844970703125 -12.999999999999915
			vertex 429.16375732421875 -530.1371459960938 -11.999999999999883
		endloop
	endfacet
	facet normal 0.6832722901785696 0.7301636648547588 0
		outer loop
			vertex 585.3444213867188 -384.09844970703125 -11.999999999999915
			vertex 514.6587524414062 -317.9522399902344 -12.999999999999929
			vertex 514.6587524414062 -317.9522399902344 -11.999999999999929
		endloop
	endfacet
	facet normal 0.6832722901785696 0.7301636648547588 0
		outer loop
			vertex 585.3444213867188 -384.09844970703125 -11.999999999999915
			vertex 585.3444213867188 -384.09844970703125 -12.999999999999915
			vertex 514.6587524414062 -317.9522399902344 -12.999999999999929
		endloop
	endfacet
	facet normal -0.6706473338142905 0.741776350153996 0
		outer loop
			vertex 514.6587524414062 -317.9522399902344 -11.999999999999929
			vertex 490.9888000488281 -339.35247802734375 -12.999999999999925
			vertex 490.9888000488281 -339.35247802734375 -11.999999999999925
		endloop
	endfacet
	facet normal -0.6706473338142905 0.741776350153996 0
		outer loop
			vertex 514.6587524414062 -317.9522399902344 -11.999999999999929
			vertex 514.6587524414062 -317.9522399902344 -12.999999999999929
			vertex 490.9888000488281 -339.35247802734375 -12.999999999999925
		endloop
	endfacet
	facet normal 0.6975529674959765 0.7165332215170189 0
		outer loop
			vertex 490.9888000488281 -339.35247802734375 -11.999999999999925
			vertex 361.3481750488281 -213.14590454101562 -12.999999999999952
			vertex 361.3481750488281 -213.14590454101562 -11.999999999999952
		endloop
	endfacet
	facet normal 0.6975529674959765 0.7165332215170189 0
		outer loop
			vertex 490.9888000488281 -339.35247802734375 -11.999999999999925
			vertex 490.9888000488281 -339.35247802734375 -12.999999999999925
			vertex 361.3481750488281 -213.14590454101562 -12.999999999999952
		endloop
	endfacet
	facet normal 0.6779070403411981 -0.735147634598546 0
		outer loop
			vertex 361.3481750488281 -213.14590454101562 -12.999999999999952
			vertex 471.8852844238281 -111.21551513671875 -12.999999999999975
			vertex 471.8852844238281 -111.21551513671875 -11.999999999999975
		endloop
	endfacet
	facet normal 0.6779070403411981 -0.735147634598546 0
		outer loop
			vertex 361.3481750488281 -213.14590454101562 -12.999999999999952
			vertex 471.8852844238281 -111.21551513671875 -11.999999999999975
			vertex 361.3481750488281 -213.14590454101562 -11.999999999999952
		endloop
	endfacet
	facet normal 0.6820844603533317 0.7312734023226227 0
		outer loop
			vertex 471.8852844238281 -111.21551513671875 -12.999999999999975
			vertex 399.578369140625 -43.772308349609375 -12.999999999999991
			vertex 399.578369140625 -43.772308349609375 -11.999999999999991
		endloop
	endfacet
	facet normal 0.6820844603533317 0.7312734023226227 0
		outer loop
			vertex 471.8852844238281 -111.21551513671875 -11.999999999999975
			vertex 471.8852844238281 -111.21551513671875 -12.999999999999975
			vertex 399.578369140625 -43.772308349609375 -11.999999999999991
		endloop
	endfacet
	facet normal -0.6985377258331131 0.7155732286690878 0
		outer loop
			vertex 399.578369140625 -43.772308349609375 -12.999999999999991
			vertex 321.25421142578125 -120.23181915283203 -12.999999999999973
			vertex 321.25421142578125 -120.23181915283203 -11.999999999999973
		endloop
	endfacet
	facet normal -0.6985377258331131 0.7155732286690878 0
		outer loop
			vertex 399.578369140625 -43.772308349609375 -11.999999999999991
			vertex 399.578369140625 -43.772308349609375 -12.999999999999991
			vertex 321.25421142578125 -120.23181915283203 -11.999999999999973
		endloop
	endfacet
	facet normal 0.692267776018987 0.7216407182841929 0
		outer loop
			vertex 321.25421142578125 -120.23181915283203 -12.999999999999973
			vertex 171.78561401367188 23.152957916259762 -13.000000000000005
			vertex 171.78561401367188 23.152957916259762 -12.000000000000005
		endloop
	endfacet
	facet normal 0.692267776018987 0.7216407182841929 0
		outer loop
			vertex 321.25421142578125 -120.23181915283203 -11.999999999999973
			vertex 321.25421142578125 -120.23181915283203 -12.999999999999973
			vertex 171.78561401367188 23.152957916259762 -12.000000000000005
		endloop
	endfacet
	facet normal -0.688483876362923 0.7252516473530298 0
		outer loop
			vertex 171.78561401367188 23.152957916259762 -12.000000000000005
			vertex -6.642547130584717 -146.22950744628906 -12.999999999999968
			vertex -6.642547130584717 -146.22950744628906 -11.999999999999968
		endloop
	endfacet
	facet normal -0.688483876362923 0.7252516473530298 0
		outer loop
			vertex 171.78561401367188 23.152957916259762 -12.000000000000005
			vertex 171.78561401367188 23.152957916259762 -13.000000000000005
			vertex -6.642547130584717 -146.22950744628906 -12.999999999999968
		endloop
	endfacet
	facet normal 2.02274274119027e-17 -2.2035945706260892e-16 -1
		outer loop
			vertex 136.6573486328125 -284.4117736816406 -12.999999999999936
			vertex 129.48338317871094 -422.1103210449219 -12.999999999999906
			vertex 59.94173049926758 -355.9431457519531 -12.999999999999922
		endloop
	endfacet
	facet normal 2.9262323256454447e-19 -2.1932087242061155e-16 -1
		outer loop
			vertex 243.06668090820312 -316.6672058105469 -12.999999999999929
			vertex 129.48338317871094 -422.1103210449219 -12.999999999999906
			vertex 136.6573486328125 -284.4117736816406 -12.999999999999936
		endloop
	endfacet
	facet normal 1.0743358851311569e-17 -2.0819357136791376e-16 -1
		outer loop
			vertex 381.1772155761719 -447.291015625 -12.9999999999999
			vertex 429.16375732421875 -530.1371459960938 -12.999999999999883
			vertex 361.0979919433594 -465.3916320800781 -12.999999999999897
		endloop
	endfacet
	facet normal -2.4941751813784015e-18 -2.2022157628935476e-16 -1
		outer loop
			vertex 361.3481750488281 -213.14590454101562 -12.999999999999952
			vertex 381.1772155761719 -447.291015625 -12.9999999999999
			vertex 243.06668090820312 -316.6672058105469 -12.999999999999929
		endloop
	endfacet
	facet normal -1.0010916071514237e-17 -2.2021496422686272e-16 -1
		outer loop
			vertex 490.9888000488281 -339.35247802734375 -12.999999999999925
			vertex 429.16375732421875 -530.1371459960938 -12.999999999999883
			vertex 381.1772155761719 -447.291015625 -12.9999999999999
		endloop
	endfacet
	facet normal -9.427287380108782e-18 -2.2080872056980884e-16 -1
		outer loop
			vertex 490.9888000488281 -339.35247802734375 -12.999999999999925
			vertex 381.1772155761719 -447.291015625 -12.9999999999999
			vertex 361.3481750488281 -213.14590454101562 -12.999999999999952
		endloop
	endfacet
	facet normal 5.338963525639292e-18 -2.258564072132104e-16 -1
		outer loop
			vertex 171.78561401367188 23.152957916259762 -13.000000000000005
			vertex 136.6573486328125 -284.4117736816406 -12.999999999999936
			vertex -6.642547130584717 -146.22950744628906 -12.999999999999968
		endloop
	endfacet
	facet normal -1.5655197761133456e-18 -2.2545080910958267e-16 -1
		outer loop
			vertex 321.25421142578125 -120.23181915283203 -12.999999999999973
			vertex 243.06668090820312 -316.6672058105469 -12.999999999999929
			vertex 136.6573486328125 -284.4117736816406 -12.999999999999936
		endloop
	endfacet
	facet normal 4.03272329165161e-18 -2.276790878741843e-16 -1
		outer loop
			vertex 321.25421142578125 -120.23181915283203 -12.999999999999973
			vertex 361.3481750488281 -213.14590454101562 -12.999999999999952
			vertex 243.06668090820312 -316.6672058105469 -12.999999999999929
		endloop
	endfacet
	facet normal -1.944666277361107e-18 -2.2502451312923513e-16 -1
		outer loop
			vertex 321.25421142578125 -120.23181915283203 -12.999999999999973
			vertex 136.6573486328125 -284.4117736816406 -12.999999999999936
			vertex 171.78561401367188 23.152957916259762 -13.000000000000005
		endloop
	endfacet
	facet normal 2.2452525032605974e-17 -1.9084665648733688e-16 -1
		outer loop
			vertex 585.3444213867188 -384.09844970703125 -12.999999999999915
			vertex 490.9888000488281 -339.35247802734375 -12.999999999999925
			vertex 514.6587524414062 -317.9522399902344 -12.999999999999929
		endloop
	endfacet
	facet normal 6.056154871211442e-18 -2.254216056098907e-16 -1
		outer loop
			vertex 585.3444213867188 -384.09844970703125 -12.999999999999915
			vertex 429.16375732421875 -530.1371459960938 -12.999999999999883
			vertex 490.9888000488281 -339.35247802734375 -12.999999999999925
		endloop
	endfacet
	facet normal 2.2516321080999928e-18 -2.346330154861126e-16 -1
		outer loop
			vertex 471.8852844238281 -111.21551513671875 -12.999999999999975
			vertex 321.25421142578125 -120.23181915283203 -12.999999999999973
			vertex 399.578369140625 -43.772308349609375 -12.999999999999991
		endloop
	endfacet
	facet normal 1.890718129959803e-18 -2.286033985066836e-16 -1
		outer loop
			vertex 471.8852844238281 -111.21551513671875 -12.999999999999975
			vertex 361.3481750488281 -213.14590454101562 -12.999999999999952
			vertex 321.25421142578125 -120.23181915283203 -12.999999999999973
		endloop
	endfacet
	facet normal 0 -1 0
		outer loop
			vertex 1500 4000 -200.00000000000088
			vertex 1500 4000 -8.881784197001252e-13
			vertex -6000 4000 -8.881784197001252e-13
		endloop
	endfacet
	facet normal 0 -1 0
		outer loop
			vertex 1500 4000 -200.00000000000088
			vertex -6000 4000 -8.881784197001252e-13
			vertex -6000 4000 -400.0000000000009
		endloop
	endfacet
	facet normal 0 -1 0
		outer loop
			vertex 4500 4000 -3.000000000000888
			vertex 4500 4000 -8.881784197001252e-13
			vertex 3500 4000 -8.881784197001252e-13
		endloop
	endfacet
	facet normal 0 -1 0
		outer loop
			vertex 4500 4000 -3.000000000000888
			vertex 3500 4000 -8.881784197001252e-13
			vertex 3500 4000 -200.00000000000088
		endloop
	endfacet
	facet normal 0 -1 0
		outer loop
			vertex 6000 4000 -400.0000000000009
			vertex 6000 4000 -3.000000000000888
			vertex 4500 4000 -3.000000000000888
		endloop
	endfacet
	facet normal 0 -1 0
		outer loop
			vertex 6000 4000 -400.0000000000009
			vertex 4500 4000 -3.000000000000888
			vertex 3500 4000 -200.00000000000088
		endloop
	endfacet
	facet normal 0 -1 0
		outer loop
			vertex -6000 4000 -400.0000000000009
			vertex 6000 4000 -400.0000000000009
			vertex 3500 4000 -200.00000000000088
		endloop
	endfacet
	facet normal 0 -1 0
		outer loop
			vertex -6000 4000 -400.0000000000009
			vertex 3500 4000 -200.00000000000088
			vertex 1500 4000 -200.00000000000088
		endloop
	endfacet
	facet normal 1 0 0
		outer loop
			vertex 3500 -2500 -199.99999999999943
			vertex 3500 4000 -8.881784197001252e-13
			vertex 3500 -2500 5.551115123125783e-13
		endloop
	endfacet
	facet normal 1 0 0
		outer loop
			vertex 3500 -2500 -199.99999999999943
			vertex 3500 4000 -200.00000000000088
			vertex 3500 4000 -8.881784197001252e-13
		endloop
	endfacet
	facet normal 0 -2.250051996573651e-16 -1
		outer loop
			vertex 1650 -100.00000000000004 -199.99999999999997
			vertex 1500 -2500 -199.99999999999943
			vertex 1500 -100.00000000000004 -199.99999999999997
		endloop
	endfacet
	facet normal 0 -2.250051996573651e-16 -1
		outer loop
			vertex 1650 -100.00000000000004 -199.99999999999997
			vertex 3500 -2500 -199.99999999999943
			vertex 1500 -2500 -199.99999999999943
		endloop
	endfacet
	facet normal 0 -2.2243076945533573e-16 -1
		outer loop
			vertex 1500 4000 -200.00000000000088
			vertex 1650 1700 -200.00000000000037
			vertex 1500 1700 -200.00000000000037
		endloop
	endfacet
	facet normal -1.7070095753996402e-18 -2.210577400142534e-16 -1
		outer loop
			vertex 3500 4000 -200.00000000000088
			vertex 1650 -100.00000000000004 -199.99999999999997
			vertex 1650 1700 -200.00000000000037
		endloop
	endfacet
	facet normal 2.5999068917625287e-18 -2.2300110476163145e-16 -1
		outer loop
			vertex 3500 4000 -200.00000000000088
			vertex 3500 -2500 -199.99999999999943
			vertex 1650 -100.00000000000004 -199.99999999999997
		endloop
	endfacet
	facet normal 0 -2.2243076945533573e-16 -1
		outer loop
			vertex 3500 4000 -200.00000000000088
			vertex 1650 1700 -200.00000000000037
			vertex 1500 4000 -200.00000000000088
		endloop
	endfacet
	facet normal 0 1 0
		outer loop
			vertex 1650 1700 -200.00000000000037
			vertex 1500 1700 -400.0000000000004
			vertex 1500 1700 -200.00000000000037
		endloop
	endfacet
	facet normal 0 1 0
		outer loop
			vertex 1650 1700 -200.00000000000037
			vertex 1650 1700 -400.0000000000004
			vertex 1500 1700 -400.0000000000004
		endloop
	endfacet
	facet normal 0 -2.2105774001425338e-16 -1
		outer loop
			vertex 1500 1700 -400.0000000000004
			vertex 1650 -100.00000000000009 -400
			vertex 1500 -100.00000000000009 -400
		endloop
	endfacet
	facet normal 0 -2.2105774001425338e-16 -1
		outer loop
			vertex 1650 1700 -400.0000000000004
			vertex 1650 -100.00000000000009 -400
			vertex 1500 1700 -400.0000000000004
		endloop
	endfacet
	facet normal 0 -1 2.1316282072803002e-16
		outer loop
			vertex 1500 -100.00000000000009 -400
			vertex 1650 -100.00000000000009 -400
			vertex 1650 -100.00000000000004 -199.99999999999997
		endloop
	endfacet
	facet normal 0 -1 2.1316282072803002e-16
		outer loop
			vertex 1500 -100.00000000000009 -400
			vertex 1650 -100.00000000000004 -199.99999999999997
			vertex 1500 -100.00000000000004 -199.99999999999997
		endloop
	endfacet
	facet normal 1 0 0
		outer loop
			vertex 1650 -100.00000000000009 -400
			vertex 1650 1700 -400.0000000000004
			vertex 1650 1700 -200.00000000000037
		endloop
	endfacet
	facet normal 1 0 0
		outer loop
			vertex 1650 -100.00000000000009 -400
			vertex 1650 1700 -200.00000000000037
			vertex 1650 -100.00000000000004 -199.99999999999997
		endloop
	endfacet
	facet normal 0 -1 0
		outer loop
			vertex 1500 -2500 -199.99999999999943
			vertex 3500 -2500 -199.99999999999943
			vertex 3500 -2500 5.551115123125783e-13
		endloop
	endfacet
	facet normal 0 -1 0
		outer loop
			vertex 1500 -2500 -199.99999999999943
			vertex 3500 -2500 5.551115123125783e-13
			vertex 1500 -2500 5.551115123125783e-13
		endloop
	endfacet
	facet normal -1 0 0
		outer loop
			vertex 4500 2000 -3.000000000000444
			vertex 4500 4000 -8.881784197001252e-13
			vertex 4500 4000 -3.000000000000888
		endloop
	endfacet
	facet normal -1 0 0
		outer loop
			vertex 4500 2000 -4.440892098500626e-13
			vertex 4500 4000 -8.881784197001252e-13
			vertex 4500 2000 -3.000000000000444
		endloop
	endfacet
	facet normal 0 -1 0
		outer loop
			vertex 6000 2000 -3.000000000000444
			vertex 6000 2000 -4.440892098500626e-13
			vertex 4500 2000 -4.440892098500626e-13
		endloop
	endfacet
	facet normal 0 -1 0
		outer loop
			vertex 6000 2000 -3.000000000000444
			vertex 4500 2000 -4.440892098500626e-13
			vertex 4500 2000 -3.000000000000444
		endloop
	endfacet
	facet normal -1 0 0
		outer loop
			vertex 6000 2000 -3.000000000000444
			vertex 6000 -4000 8.881784197001252e-13
			vertex 6000 2000 -4.440892098500626e-13
		endloop
	endfacet
	facet normal -1 0 0
		outer loop
			vertex 6000 2000 -3.000000000000444
			vertex 6000 -4000 -399.9999999999991
			vertex 6000 -4000 8.881784197001252e-13
		endloop
	endfacet
	facet normal -1 0 0
		outer loop
			vertex 6000 4000 -400.0000000000009
			vertex 6000 2000 -3.000000000000444
			vertex 6000 4000 -3.000000000000888
		endloop
	endfacet
	facet normal -1 0 0
		outer loop
			vertex 6000 -4000 -399.9999999999991
			vertex 6000 2000 -3.000000000000444
			vertex 6000 4000 -400.0000000000009
		endloop
	endfacet
	facet normal 1.7461129175774207e-18 -2.2063522538773383e-16 -1
		outer loop
			vertex 5020.3701171875 3329.83837890625 -3.0000000000007394
			vertex 4945.2412109375 3313.1416015625 -3.000000000000736
			vertex 4500 4000 -3.000000000000888
		endloop
	endfacet
	facet normal -3.627194633210836e-18 -2.241183566504438e-16 -1
		outer loop
			vertex 4936.89013671875 3237.97998046875 -3.000000000000719
			vertex 4500 4000 -3.000000000000888
			vertex 4945.2412109375 3313.1416015625 -3.000000000000736
		endloop
	endfacet
	facet normal 0 -2.2199105501888973e-16 -1
		outer loop
			vertex 6000 4000 -3.000000000000888
			vertex 5020.3701171875 3329.83837890625 -3.0000000000007394
			vertex 4500 4000 -3.000000000000888
		endloop
	endfacet
	facet normal 3.453914252442016e-19 -2.224728948653588e-16 -1
		outer loop
			vertex 5137.26171875 3062.6298828125 -3.00000000000068
			vertex 4986.9697265625 2920.669921875 -3.0000000000006484
			vertex 4936.89013671875 3237.97998046875 -3.000000000000719
		endloop
	endfacet
	facet normal -8.863088619444612e-18 -2.215772154861153e-16 -1
		outer loop
			vertex 5212.419921875 3087.682861328125 -3.0000000000006857
			vertex 5187.3671875 3112.735595703125 -3.000000000000691
			vertex 5212.419921875 3137.788330078125 -3.0000000000006968
		endloop
	endfacet
	facet normal 0 -2.30438058470781e-16 -1
		outer loop
			vertex 5187.3671875 3062.6298828125 -3.00000000000068
			vertex 5137.26171875 3062.6298828125 -3.00000000000068
			vertex 5162.314453125 3087.682861328125 -3.0000000000006857
		endloop
	endfacet
	facet normal -3.23883423653957e-18 -2.1867830087137898e-16 -1
		outer loop
			vertex 5153.97021484375 2979.1201171875 -3.0000000000006617
			vertex 4986.9697265625 2920.669921875 -3.0000000000006484
			vertex 5137.26171875 3062.6298828125 -3.00000000000068
		endloop
	endfacet
	facet normal 0 -2.180302802622381e-16 -1
		outer loop
			vertex 5153.97021484375 2979.1201171875 -3.0000000000006617
			vertex 5137.26171875 3062.6298828125 -3.00000000000068
			vertex 5187.3671875 3062.6298828125 -3.00000000000068
		endloop
	endfacet
	facet normal 3.239305166187428e-19 -2.2166280931933198e-16 -1
		outer loop
			vertex 5479.60546875 3296.450927734375 -3.000000000000732
			vertex 5212.419921875 3137.788330078125 -3.0000000000006968
			vertex 5020.3701171875 3329.83837890625 -3.0000000000007394
		endloop
	endfacet
	facet normal 2.7124029360981226e-19 -2.2238754907148754e-16 -1
		outer loop
			vertex 5479.60546875 3296.450927734375 -3.000000000000732
			vertex 5020.3701171875 3329.83837890625 -3.0000000000007394
			vertex 6000 4000 -3.000000000000888
		endloop
	endfacet
	facet normal 4.926128613420189e-18 -2.2174993814415519e-16 -1
		outer loop
			vertex 4936.85595703125 2745.325439453125 -3.0000000000006097
			vertex 4936.89013671875 3237.97998046875 -3.000000000000719
			vertex 4986.9697265625 2920.669921875 -3.0000000000006484
		endloop
	endfacet
	facet normal 6.576679555196919e-19 -2.217345445794042e-16 -1
		outer loop
			vertex 5037.06396484375 2653.460693359375 -3.0000000000005893
			vertex 5095.51416015625 2903.983642578125 -3.000000000000645
			vertex 5187.3701171875 2812.12744140625 -3.0000000000006244
		endloop
	endfacet
	facet normal 5.969354149993805e-19 -2.2172037490406582e-16 -1
		outer loop
			vertex 5037.06396484375 2653.460693359375 -3.0000000000005893
			vertex 4936.85595703125 2745.325439453125 -3.0000000000006097
			vertex 5095.51416015625 2903.983642578125 -3.000000000000645
		endloop
	endfacet
	facet normal -4.0072051450782754e-19 -2.2189051944904396e-16 -1
		outer loop
			vertex 5579.85595703125 3196.200439453125 -3.0000000000007097
			vertex 5479.60546875 3296.450927734375 -3.000000000000732
			vertex 6000 4000 -3.000000000000888
		endloop
	endfacet
	facet normal 7.511091201737363e-20 -2.222895921075642e-16 -1
		outer loop
			vertex 4500 2000 -3.000000000000444
			vertex 4936.85595703125 2745.325439453125 -3.0000000000006097
			vertex 5037.06396484375 2653.460693359375 -3.0000000000005893
		endloop
	endfacet
	facet normal -1.017470648473853e-20 -2.220446049250313e-16 -1
		outer loop
			vertex 4500 2000 -3.000000000000444
			vertex 4500 4000 -3.000000000000888
			vertex 4936.89013671875 3237.97998046875 -3.000000000000719
		endloop
	endfacet
	facet normal -8.462827654306139e-19 -2.217495376622746e-16 -1
		outer loop
			vertex 4500 2000 -3.000000000000444
			vertex 4936.89013671875 3237.97998046875 -3.000000000000719
			vertex 4936.85595703125 2745.325439453125 -3.0000000000006097
		endloop
	endfacet
	facet normal -2.3926255476615235e-18 -2.1996362433879894e-16 -1
		outer loop
			vertex 5212.419921875 2703.544677734375 -3.0000000000006004
			vertex 5262.52978515625 2870.570068359375 -3.0000000000006373
			vertex 5346.013671875 2903.983642578125 -3.000000000000645
		endloop
	endfacet
	facet normal 2.5690510887171386e-19 -2.2172955211847074e-16 -1
		outer loop
			vertex 5538.06396484375 2711.933349609375 -3.000000000000602
			vertex 5212.419921875 2703.544677734375 -3.0000000000006004
			vertex 5346.013671875 2903.983642578125 -3.000000000000645
		endloop
	endfacet
	facet normal 1.808407383226999e-18 -2.22490408773567e-16 -1
		outer loop
			vertex 5563.11669921875 2736.986083984375 -3.0000000000006075
			vertex 5371.06640625 2929.036376953125 -3.0000000000006506
			vertex 5579.85595703125 3196.200439453125 -3.0000000000007097
		endloop
	endfacet
	facet normal 5.671395764810005e-18 -2.1838552263148068e-16 -1
		outer loop
			vertex 6000 2000 -3.000000000000444
			vertex 5538.06396484375 2711.933349609375 -3.000000000000602
			vertex 5563.11669921875 2736.986083984375 -3.0000000000006075
		endloop
	endfacet
	facet normal 1.1168123046444515e-19 -2.2206328737802396e-16 -1
		outer loop
			vertex 6000 2000 -3.000000000000444
			vertex 5037.06396484375 2653.460693359375 -3.0000000000005893
			vertex 5212.419921875 2703.544677734375 -3.0000000000006004
		endloop
	endfacet
	facet normal 0 -2.22227860216693e-16 -1
		outer loop
			vertex 6000 2000 -3.000000000000444
			vertex 4500 2000 -3.000000000000444
			vertex 5037.06396484375 2653.460693359375 -3.0000000000005893
		endloop
	endfacet
	facet normal 2.611907756533073e-19 -2.2189591955760428e-16 -1
		outer loop
			vertex 6000 2000 -3.000000000000444
			vertex 5212.419921875 2703.544677734375 -3.0000000000006004
			vertex 5538.06396484375 2711.933349609375 -3.000000000000602
		endloop
	endfacet
	facet normal -1.0758513013331234e-18 -2.2238527192594056e-16 -1
		outer loop
			vertex 6000 2000 -3.000000000000444
			vertex 5563.11669921875 2736.986083984375 -3.0000000000006075
			vertex 5579.85595703125 3196.200439453125 -3.0000000000007097
		endloop
	endfacet
	facet normal -1.0593152497425823e-19 -2.220446049250313e-16 -1
		outer loop
			vertex 6000 2000 -3.000000000000444
			vertex 5579.85595703125 3196.200439453125 -3.0000000000007097
			vertex 6000 4000 -3.000000000000888
		endloop
	endfacet
	facet normal -4.923127646732708e-18 -2.1606143795774072e-16 -1
		outer loop
			vertex 5153.97021484375 2979.1201171875 -3.0000000000006617
			vertex 5187.3671875 3062.6298828125 -3.00000000000068
			vertex 5479.60546875 3296.450927734375 -3.000000000000732
		endloop
	endfacet
	facet normal 3.291417383339225e-17 -2.6335191155640406e-16 -1
		outer loop
			vertex 5187.3671875 3062.6298828125 -3.00000000000068
			vertex 5212.419921875 3087.682861328125 -3.0000000000006857
			vertex 5479.60546875 3296.450927734375 -3.000000000000732
		endloop
	endfacet
	facet normal 2.7310239331511124e-19 -2.2157721548611532e-16 -1
		outer loop
			vertex 5212.419921875 3087.682861328125 -3.0000000000006857
			vertex 5212.419921875 3137.788330078125 -3.0000000000006968
			vertex 5479.60546875 3296.450927734375 -3.000000000000732
		endloop
	endfacet
	facet normal -2.3916948311968013e-18 -2.199659497358786e-16 -1
		outer loop
			vertex 5579.85595703125 3196.200439453125 -3.0000000000007097
			vertex 5346.013671875 2903.983642578125 -3.000000000000645
			vertex 5262.52978515625 2870.570068359375 -3.0000000000006373
		endloop
	endfacet
	facet normal -4.285265649108625e-17 -1.8758764761447366e-16 -1
		outer loop
			vertex 5579.85595703125 3196.200439453125 -3.0000000000007097
			vertex 5371.06640625 2929.036376953125 -3.0000000000006506
			vertex 5346.013671875 2903.983642578125 -3.000000000000645
		endloop
	endfacet
	facet normal -0.9578227400744326 0.28735970245722675 0
		outer loop
			vertex 5212.419921875 2703.544677734375 -3.0000000000006004
			vertex 5262.52978515625 2870.570068359375 -2.0000000000006373
			vertex 5262.52978515625 2870.570068359375 -3.0000000000006373
		endloop
	endfacet
	facet normal -0.9578227400744326 0.28735970245722675 0
		outer loop
			vertex 5212.419921875 2703.544677734375 -2.0000000000006004
			vertex 5262.52978515625 2870.570068359375 -2.0000000000006373
			vertex 5212.419921875 2703.544677734375 -3.0000000000006004
		endloop
	endfacet
	facet normal -0.2746313058601538 0.9615496065422452 0
		outer loop
			vertex 5037.06396484375 2653.460693359375 -3.0000000000005893
			vertex 5212.419921875 2703.544677734375 -2.0000000000006004
			vertex 5212.419921875 2703.544677734375 -3.0000000000006004
		endloop
	endfacet
	facet normal -0.2746313058601538 0.9615496065422452 0
		outer loop
			vertex 5037.06396484375 2653.460693359375 -2.0000000000005893
			vertex 5212.419921875 2703.544677734375 -2.0000000000006004
			vertex 5037.06396484375 2653.460693359375 -3.0000000000005893
		endloop
	endfacet
	facet normal 0.7259748746596179 -0.6877212235804215 0
		outer loop
			vertex 5187.3701171875 2812.12744140625 -2.0000000000006244
			vertex 5037.06396484375 2653.460693359375 -2.0000000000005893
			vertex 5037.06396484375 2653.460693359375 -3.0000000000005893
		endloop
	endfacet
	facet normal 0.7259748746596179 -0.6877212235804215 0
		outer loop
			vertex 5187.3701171875 2812.12744140625 -2.0000000000006244
			vertex 5037.06396484375 2653.460693359375 -3.0000000000005893
			vertex 5187.3701171875 2812.12744140625 -3.0000000000006244
		endloop
	endfacet
	facet normal 0.7071077208814402 0.7071058414904061 0
		outer loop
			vertex 5187.3701171875 2812.12744140625 -3.0000000000006244
			vertex 5095.51416015625 2903.983642578125 -3.000000000000645
			vertex 5095.51416015625 2903.983642578125 -2.000000000000645
		endloop
	endfacet
	facet normal 0.7071077208814402 0.7071058414904061 0
		outer loop
			vertex 5187.3701171875 2812.12744140625 -2.0000000000006244
			vertex 5187.3701171875 2812.12744140625 -3.0000000000006244
			vertex 5095.51416015625 2903.983642578125 -2.000000000000645
		endloop
	endfacet
	facet normal -0.7071067811865476 0.7071067811865476 0
		outer loop
			vertex 4936.85595703125 2745.325439453125 -2.0000000000006097
			vertex 5095.51416015625 2903.983642578125 -3.000000000000645
			vertex 4936.85595703125 2745.325439453125 -3.0000000000006097
		endloop
	endfacet
	facet normal -0.7071067811865476 0.7071067811865476 0
		outer loop
			vertex 4936.85595703125 2745.325439453125 -2.0000000000006097
			vertex 5095.51416015625 2903.983642578125 -2.000000000000645
			vertex 5095.51416015625 2903.983642578125 -3.000000000000645
		endloop
	endfacet
	facet normal 0.9615017162668749 -0.27479892579093934 0
		outer loop
			vertex 4986.9697265625 2920.669921875 -2.0000000000006484
			vertex 4936.85595703125 2745.325439453125 -2.0000000000006097
			vertex 4936.85595703125 2745.325439453125 -3.0000000000006097
		endloop
	endfacet
	facet normal 0.9615017162668749 -0.27479892579093934 0
		outer loop
			vertex 4986.9697265625 2920.669921875 -2.0000000000006484
			vertex 4936.85595703125 2745.325439453125 -3.0000000000006097
			vertex 4986.9697265625 2920.669921875 -3.0000000000006484
		endloop
	endfacet
	facet normal 0.33035054765382504 -0.943858313342007 0
		outer loop
			vertex 5153.97021484375 2979.1201171875 -2.0000000000006617
			vertex 4986.9697265625 2920.669921875 -2.0000000000006484
			vertex 4986.9697265625 2920.669921875 -3.0000000000006484
		endloop
	endfacet
	facet normal 0.33035054765382504 -0.943858313342007 0
		outer loop
			vertex 5153.97021484375 2979.1201171875 -2.0000000000006617
			vertex 4986.9697265625 2920.669921875 -3.0000000000006484
			vertex 5153.97021484375 2979.1201171875 -3.0000000000006617
		endloop
	endfacet
	facet normal 0.6979156966405505 -0.7161799217953092 0
		outer loop
			vertex 5479.60546875 3296.450927734375 -3.000000000000732
			vertex 5153.97021484375 2979.1201171875 -2.0000000000006617
			vertex 5153.97021484375 2979.1201171875 -3.0000000000006617
		endloop
	endfacet
	facet normal 0.6979156966405505 -0.7161799217953092 0
		outer loop
			vertex 5479.60546875 3296.450927734375 -2.000000000000732
			vertex 5153.97021484375 2979.1201171875 -2.0000000000006617
			vertex 5479.60546875 3296.450927734375 -3.000000000000732
		endloop
	endfacet
	facet normal -0.7071067811865476 -0.7071067811865476 0
		outer loop
			vertex 5479.60546875 3296.450927734375 -2.000000000000732
			vertex 5579.85595703125 3196.200439453125 -3.0000000000007097
			vertex 5579.85595703125 3196.200439453125 -2.0000000000007097
		endloop
	endfacet
	facet normal -0.7071067811865476 -0.7071067811865476 0
		outer loop
			vertex 5479.60546875 3296.450927734375 -3.000000000000732
			vertex 5579.85595703125 3196.200439453125 -3.0000000000007097
			vertex 5479.60546875 3296.450927734375 -2.000000000000732
		endloop
	endfacet
	facet normal -0.7161797902976822 0.6979158315794018 0
		outer loop
			vertex 5262.52978515625 2870.570068359375 -2.0000000000006373
			vertex 5579.85595703125 3196.200439453125 -3.0000000000007097
			vertex 5262.52978515625 2870.570068359375 -3.0000000000006373
		endloop
	endfacet
	facet normal -0.7161797902976822 0.6979158315794018 0
		outer loop
			vertex 5262.52978515625 2870.570068359375 -2.0000000000006373
			vertex 5579.85595703125 3196.200439453125 -2.0000000000007097
			vertex 5579.85595703125 3196.200439453125 -3.0000000000007097
		endloop
	endfacet
	facet normal -1.6043141780515783e-18 -2.2334835623070843e-16 -1
		outer loop
			vertex 5095.51416015625 2903.983642578125 -2.000000000000645
			vertex 4986.9697265625 2920.669921875 -2.0000000000006484
			vertex 5153.97021484375 2979.1201171875 -2.0000000000006617
		endloop
	endfacet
	facet normal -1.094090965683204e-18 -2.2002934852338325e-16 -1
		outer loop
			vertex 5095.51416015625 2903.983642578125 -2.000000000000645
			vertex 4936.85595703125 2745.325439453125 -2.0000000000006097
			vertex 4986.9697265625 2920.669921875 -2.0000000000006484
		endloop
	endfacet
	facet normal 1.0005596001236344e-18 -2.221401461593395e-16 -1
		outer loop
			vertex 5396.119140625 3146.139404296875 -2.0000000000006986
			vertex 5153.97021484375 2979.1201171875 -2.0000000000006617
			vertex 5479.60546875 3296.450927734375 -2.000000000000732
		endloop
	endfacet
	facet normal -5.424457732909366e-20 -2.2155428470539015e-16 -1
		outer loop
			vertex 5396.119140625 3146.139404296875 -2.0000000000006986
			vertex 5479.60546875 3296.450927734375 -2.000000000000732
			vertex 5446.2177734375 3196.23779296875 -2.0000000000007097
		endloop
	endfacet
	facet normal 3.3628494070539176e-18 -2.2269274717412326e-16 -1
		outer loop
			vertex 5479.6142578125 3162.841064453125 -2.000000000000702
			vertex 5446.2177734375 3196.23779296875 -2.0000000000007097
			vertex 5479.60546875 3296.450927734375 -2.000000000000732
		endloop
	endfacet
	facet normal 2.1903788270741694e-18 -2.238651771582521e-16 -1
		outer loop
			vertex 5429.51611328125 3112.74267578125 -2.000000000000691
			vertex 5153.97021484375 2979.1201171875 -2.0000000000006617
			vertex 5396.119140625 3146.139404296875 -2.0000000000006986
		endloop
	endfacet
	facet normal -1.2397663525232803e-18 -2.2363197384433853e-16 -1
		outer loop
			vertex 5187.3701171875 2812.12744140625 -2.0000000000006244
			vertex 5095.51416015625 2903.983642578125 -2.000000000000645
			vertex 5153.97021484375 2979.1201171875 -2.0000000000006617
		endloop
	endfacet
	facet normal -2.344328607167722e-18 -2.192642123643338e-16 -1
		outer loop
			vertex 5579.85595703125 3196.200439453125 -2.0000000000007097
			vertex 5429.51611328125 3112.74267578125 -2.000000000000691
			vertex 5479.6142578125 3162.841064453125 -2.000000000000702
		endloop
	endfacet
	facet normal -1.203248604543878e-18 -2.2269304753908e-16 -1
		outer loop
			vertex 5579.85595703125 3196.200439453125 -2.0000000000007097
			vertex 5479.6142578125 3162.841064453125 -2.000000000000702
			vertex 5479.60546875 3296.450927734375 -2.000000000000732
		endloop
	endfacet
	facet normal 1.8490582545887376e-18 -2.231613328015021e-16 -1
		outer loop
			vertex 5262.52978515625 2870.570068359375 -2.0000000000006373
			vertex 5153.97021484375 2979.1201171875 -2.0000000000006617
			vertex 5429.51611328125 3112.74267578125 -2.000000000000691
		endloop
	endfacet
	facet normal 2.032976430190866e-18 -2.229773984934887e-16 -1
		outer loop
			vertex 5262.52978515625 2870.570068359375 -2.0000000000006373
			vertex 5187.3701171875 2812.12744140625 -2.0000000000006244
			vertex 5153.97021484375 2979.1201171875 -2.0000000000006617
		endloop
	endfacet
	facet normal -1.4398607613460713e-18 -2.2089351021075512e-16 -1
		outer loop
			vertex 5262.52978515625 2870.570068359375 -2.0000000000006373
			vertex 5429.51611328125 3112.74267578125 -2.000000000000691
			vertex 5579.85595703125 3196.200439453125 -2.0000000000007097
		endloop
	endfacet
	facet normal -2.1955714939931623e-19 -2.2090354292415649e-16 -1
		outer loop
			vertex 5212.419921875 2703.544677734375 -2.0000000000006004
			vertex 5037.06396484375 2653.460693359375 -2.0000000000005893
			vertex 5187.3701171875 2812.12744140625 -2.0000000000006244
		endloop
	endfacet
	facet normal 3.230521218825779e-19 -2.2077836415905971e-16 -1
		outer loop
			vertex 5212.419921875 2703.544677734375 -2.0000000000006004
			vertex 5187.3701171875 2812.12744140625 -2.0000000000006244
			vertex 5262.52978515625 2870.570068359375 -2.0000000000006373
		endloop
	endfacet
	facet normal 0.7071085041331971 -0.7071050582356998 0
		outer loop
			vertex 5479.6142578125 3162.841064453125 -3.000000000000702
			vertex 5429.51611328125 3112.74267578125 -2.000000000000691
			vertex 5429.51611328125 3112.74267578125 -3.000000000000691
		endloop
	endfacet
	facet normal 0.7071085041331971 -0.7071050582356998 0
		outer loop
			vertex 5479.6142578125 3162.841064453125 -2.000000000000702
			vertex 5429.51611328125 3112.74267578125 -2.000000000000691
			vertex 5479.6142578125 3162.841064453125 -3.000000000000702
		endloop
	endfacet
	facet normal 0.7071093657781329 0.707104196585515 0
		outer loop
			vertex 5479.6142578125 3162.841064453125 -3.000000000000702
			vertex 5446.2177734375 3196.23779296875 -3.0000000000007097
			vertex 5446.2177734375 3196.23779296875 -2.0000000000007097
		endloop
	endfacet
	facet normal 0.7071093657781329 0.707104196585515 0
		outer loop
			vertex 5479.6142578125 3162.841064453125 -2.000000000000702
			vertex 5479.6142578125 3162.841064453125 -3.000000000000702
			vertex 5446.2177734375 3196.23779296875 -2.0000000000007097
		endloop
	endfacet
	facet normal -0.7071050582440962 0.7071085041248009 0
		outer loop
			vertex 5396.119140625 3146.139404296875 -3.0000000000006986
			vertex 5446.2177734375 3196.23779296875 -2.0000000000007097
			vertex 5446.2177734375 3196.23779296875 -3.0000000000007097
		endloop
	endfacet
	facet normal -0.7071050582440962 0.7071085041248009 0
		outer loop
			vertex 5396.119140625 3146.139404296875 -2.0000000000006986
			vertex 5446.2177734375 3196.23779296875 -2.0000000000007097
			vertex 5396.119140625 3146.139404296875 -3.0000000000006986
		endloop
	endfacet
	facet normal -0.7071041966044093 -0.7071093657592389 0
		outer loop
			vertex 5396.119140625 3146.139404296875 -3.0000000000006986
			vertex 5429.51611328125 3112.74267578125 -3.000000000000691
			vertex 5429.51611328125 3112.74267578125 -2.000000000000691
		endloop
	endfacet
	facet normal -0.7071041966044093 -0.7071093657592389 0
		outer loop
			vertex 5396.119140625 3146.139404296875 -3.0000000000006986
			vertex 5429.51611328125 3112.74267578125 -2.000000000000691
			vertex 5396.119140625 3146.139404296875 -2.0000000000006986
		endloop
	endfacet
	facet normal 2.223523934777519e-18 -2.238320643175709e-16 -1
		outer loop
			vertex 5479.6142578125 3162.841064453125 -3.000000000000702
			vertex 5396.119140625 3146.139404296875 -3.0000000000006986
			vertex 5446.2177734375 3196.23779296875 -3.0000000000007097
		endloop
	endfacet
	facet normal 2.2235185158506496e-18 -2.2383203722721403e-16 -1
		outer loop
			vertex 5479.6142578125 3162.841064453125 -3.000000000000702
			vertex 5429.51611328125 3112.74267578125 -3.000000000000691
			vertex 5396.119140625 3146.139404296875 -3.0000000000006986
		endloop
	endfacet
	facet normal 0.21694859545482947 -0.9761830294213155 0
		outer loop
			vertex 5020.3701171875 3329.83837890625 -2.0000000000007394
			vertex 4945.2412109375 3313.1416015625 -2.000000000000736
			vertex 4945.2412109375 3313.1416015625 -3.000000000000736
		endloop
	endfacet
	facet normal 0.21694859545482947 -0.9761830294213155 0
		outer loop
			vertex 5020.3701171875 3329.83837890625 -2.0000000000007394
			vertex 4945.2412109375 3313.1416015625 -3.000000000000736
			vertex 5020.3701171875 3329.83837890625 -3.0000000000007394
		endloop
	endfacet
	facet normal -0.7071072306359162 -0.7071063317368933 0
		outer loop
			vertex 5020.3701171875 3329.83837890625 -3.0000000000007394
			vertex 5212.419921875 3137.788330078125 -3.0000000000006968
			vertex 5212.419921875 3137.788330078125 -2.0000000000006968
		endloop
	endfacet
	facet normal -0.7071072306359162 -0.7071063317368933 0
		outer loop
			vertex 5020.3701171875 3329.83837890625 -3.0000000000007394
			vertex 5212.419921875 3137.788330078125 -2.0000000000006968
			vertex 5020.3701171875 3329.83837890625 -2.0000000000007394
		endloop
	endfacet
	facet normal -0.7071067811865476 0.7071067811865476 0
		outer loop
			vertex 5187.3671875 3112.735595703125 -3.000000000000691
			vertex 5212.419921875 3137.788330078125 -2.0000000000006968
			vertex 5212.419921875 3137.788330078125 -3.0000000000006968
		endloop
	endfacet
	facet normal -0.7071067811865476 0.7071067811865476 0
		outer loop
			vertex 5187.3671875 3112.735595703125 -2.000000000000691
			vertex 5212.419921875 3137.788330078125 -2.0000000000006968
			vertex 5187.3671875 3112.735595703125 -3.000000000000691
		endloop
	endfacet
	facet normal -0.7071067811865476 -0.7071067811865476 0
		outer loop
			vertex 5187.3671875 3112.735595703125 -3.000000000000691
			vertex 5212.419921875 3087.682861328125 -3.0000000000006857
			vertex 5212.419921875 3087.682861328125 -2.0000000000006857
		endloop
	endfacet
	facet normal -0.7071067811865476 -0.7071067811865476 0
		outer loop
			vertex 5187.3671875 3112.735595703125 -3.000000000000691
			vertex 5212.419921875 3087.682861328125 -2.0000000000006857
			vertex 5187.3671875 3112.735595703125 -2.000000000000691
		endloop
	endfacet
	facet normal -0.7071102265635507 0.7071033357927567 0
		outer loop
			vertex 5187.3671875 3062.6298828125 -2.00000000000068
			vertex 5212.419921875 3087.682861328125 -3.0000000000006857
			vertex 5187.3671875 3062.6298828125 -3.00000000000068
		endloop
	endfacet
	facet normal -0.7071102265635507 0.7071033357927567 0
		outer loop
			vertex 5187.3671875 3062.6298828125 -2.00000000000068
			vertex 5212.419921875 3087.682861328125 -2.0000000000006857
			vertex 5212.419921875 3087.682861328125 -3.0000000000006857
		endloop
	endfacet
	facet normal 0.7071102265635507 0.7071033357927567 0
		outer loop
			vertex 5187.3671875 3062.6298828125 -2.00000000000068
			vertex 5187.3671875 3062.6298828125 -3.00000000000068
			vertex 5162.314453125 3087.682861328125 -3.0000000000006857
		endloop
	endfacet
	facet normal 0.7071102265635507 0.7071033357927567 0
		outer loop
			vertex 5187.3671875 3062.6298828125 -2.00000000000068
			vertex 5162.314453125 3087.682861328125 -3.0000000000006857
			vertex 5162.314453125 3087.682861328125 -2.0000000000006857
		endloop
	endfacet
	facet normal -0.7071102265635507 0.7071033357927567 0
		outer loop
			vertex 5137.26171875 3062.6298828125 -3.00000000000068
			vertex 5162.314453125 3087.682861328125 -2.0000000000006857
			vertex 5162.314453125 3087.682861328125 -3.0000000000006857
		endloop
	endfacet
	facet normal -0.7071102265635507 0.7071033357927567 0
		outer loop
			vertex 5137.26171875 3062.6298828125 -2.00000000000068
			vertex 5162.314453125 3087.682861328125 -2.0000000000006857
			vertex 5137.26171875 3062.6298828125 -3.00000000000068
		endloop
	endfacet
	facet normal 0.6585577060095535 0.7525302305259467 0
		outer loop
			vertex 4936.89013671875 3237.97998046875 -2.000000000000719
			vertex 5137.26171875 3062.6298828125 -3.00000000000068
			vertex 4936.89013671875 3237.97998046875 -3.000000000000719
		endloop
	endfacet
	facet normal 0.6585577060095535 0.7525302305259467 0
		outer loop
			vertex 4936.89013671875 3237.97998046875 -2.000000000000719
			vertex 5137.26171875 3062.6298828125 -2.00000000000068
			vertex 5137.26171875 3062.6298828125 -3.00000000000068
		endloop
	endfacet
	facet normal 0.9938840496298431 -0.1104286914320001 0
		outer loop
			vertex 4945.2412109375 3313.1416015625 -3.000000000000736
			vertex 4936.89013671875 3237.97998046875 -2.000000000000719
			vertex 4936.89013671875 3237.97998046875 -3.000000000000719
		endloop
	endfacet
	facet normal 0.9938840496298431 -0.1104286914320001 0
		outer loop
			vertex 4945.2412109375 3313.1416015625 -2.000000000000736
			vertex 4936.89013671875 3237.97998046875 -2.000000000000719
			vertex 4945.2412109375 3313.1416015625 -3.000000000000736
		endloop
	endfacet
	facet normal 2.67585035109317e-18 -2.2481867678327314e-16 -1
		outer loop
			vertex 4936.89013671875 3237.97998046875 -2.000000000000719
			vertex 4945.2412109375 3313.1416015625 -2.000000000000736
			vertex 5020.3701171875 3329.83837890625 -2.0000000000007394
		endloop
	endfacet
	facet normal -3.2434855638441116e-19 -2.2209212645734946e-16 -1
		outer loop
			vertex 5162.314453125 3087.682861328125 -2.0000000000006857
			vertex 4936.89013671875 3237.97998046875 -2.000000000000719
			vertex 5020.3701171875 3329.83837890625 -2.0000000000007394
		endloop
	endfacet
	facet normal 5.792490895051819e-18 -2.185066177617225e-16 -1
		outer loop
			vertex 5187.3671875 3112.735595703125 -2.000000000000691
			vertex 5162.314453125 3087.682861328125 -2.0000000000006857
			vertex 5020.3701171875 3329.83837890625 -2.0000000000007394
		endloop
	endfacet
	facet normal -3.5331781447864356e-18 -2.2690491475672383e-16 -1
		outer loop
			vertex 5137.26171875 3062.6298828125 -2.00000000000068
			vertex 4936.89013671875 3237.97998046875 -2.000000000000719
			vertex 5162.314453125 3087.682861328125 -2.0000000000006857
		endloop
	endfacet
	facet normal -4.226785027317635e-18 -2.2621351907824225e-16 -1
		outer loop
			vertex 5212.419921875 3137.788330078125 -2.0000000000006968
			vertex 5187.3671875 3112.735595703125 -2.000000000000691
			vertex 5020.3701171875 3329.83837890625 -2.0000000000007394
		endloop
	endfacet
	facet normal 8.862008982078855e-18 -2.2157613584874952e-16 -1
		outer loop
			vertex 5187.3671875 3062.6298828125 -2.00000000000068
			vertex 5162.314453125 3087.682861328125 -2.0000000000006857
			vertex 5187.3671875 3112.735595703125 -2.000000000000691
		endloop
	endfacet
	facet normal -8.862008982078855e-18 -2.2157613584874952e-16 -1
		outer loop
			vertex 5212.419921875 3087.682861328125 -2.0000000000006857
			vertex 5187.3671875 3062.6298828125 -2.00000000000068
			vertex 5187.3671875 3112.735595703125 -2.000000000000691
		endloop
	endfacet
	facet normal -0.7071067811865476 -0.7071067811865476 0
		outer loop
			vertex 5371.06640625 2929.036376953125 -2.0000000000006506
			vertex 5563.11669921875 2736.986083984375 -3.0000000000006075
			vertex 5563.11669921875 2736.986083984375 -2.0000000000006075
		endloop
	endfacet
	facet normal -0.7071067811865476 -0.7071067811865476 0
		outer loop
			vertex 5371.06640625 2929.036376953125 -3.0000000000006506
			vertex 5563.11669921875 2736.986083984375 -3.0000000000006075
			vertex 5371.06640625 2929.036376953125 -2.0000000000006506
		endloop
	endfacet
	facet normal -0.7071067811865476 0.7071067811865476 0
		outer loop
			vertex 5538.06396484375 2711.933349609375 -3.000000000000602
			vertex 5563.11669921875 2736.986083984375 -2.0000000000006075
			vertex 5563.11669921875 2736.986083984375 -3.0000000000006075
		endloop
	endfacet
	facet normal -0.7071067811865476 0.7071067811865476 0
		outer loop
			vertex 5538.06396484375 2711.933349609375 -2.000000000000602
			vertex 5563.11669921875 2736.986083984375 -2.0000000000006075
			vertex 5538.06396484375 2711.933349609375 -3.000000000000602
		endloop
	endfacet
	facet normal 0.7071067811865476 0.7071067811865476 0
		outer loop
			vertex 5538.06396484375 2711.933349609375 -3.000000000000602
			vertex 5346.013671875 2903.983642578125 -3.000000000000645
			vertex 5346.013671875 2903.983642578125 -2.000000000000645
		endloop
	endfacet
	facet normal 0.7071067811865476 0.7071067811865476 0
		outer loop
			vertex 5538.06396484375 2711.933349609375 -2.000000000000602
			vertex 5538.06396484375 2711.933349609375 -3.000000000000602
			vertex 5346.013671875 2903.983642578125 -2.000000000000645
		endloop
	endfacet
	facet normal 0.7071067811865476 -0.7071067811865476 0
		outer loop
			vertex 5371.06640625 2929.036376953125 -3.0000000000006506
			vertex 5346.013671875 2903.983642578125 -2.000000000000645
			vertex 5346.013671875 2903.983642578125 -3.000000000000645
		endloop
	endfacet
	facet normal 0.7071067811865476 -0.7071067811865476 0
		outer loop
			vertex 5371.06640625 2929.036376953125 -2.0000000000006506
			vertex 5346.013671875 2903.983642578125 -2.000000000000645
			vertex 5371.06640625 2929.036376953125 -3.0000000000006506
		endloop
	endfacet
	facet normal -4.226923439108715e-18 -2.262133806664512e-16 -1
		outer loop
			vertex 5538.06396484375 2711.933349609375 -2.000000000000602
			vertex 5346.013671875 2903.983642578125 -2.000000000000645
			vertex 5371.06640625 2929.036376953125 -2.0000000000006506
		endloop
	endfacet
	facet normal 5.792344645061638e-18 -2.1850647151173233e-16 -1
		outer loop
			vertex 5563.11669921875 2736.986083984375 -2.0000000000006075
			vertex 5538.06396484375 2711.933349609375 -2.000000000000602
			vertex 5371.06640625 2929.036376953125 -2.0000000000006506
		endloop
	endfacet
	facet normal 1 0 0
		outer loop
			vertex -6000 -2000 -2.999999999999556
			vertex -6000 -4000 -2.999999999999112
			vertex -6000 -4000 -399.9999999999991
		endloop
	endfacet
	facet normal 1 0 0
		outer loop
			vertex -6000 4000 -400.0000000000009
			vertex -6000 -2000 -2.999999999999556
			vertex -6000 -4000 -399.9999999999991
		endloop
	endfacet
	facet normal 1 0 0
		outer loop
			vertex -6000 4000 -8.881784197001252e-13
			vertex -6000 -2000 4.440892098500626e-13
			vertex -6000 -2000 -2.999999999999556
		endloop
	endfacet
	facet normal 1 0 0
		outer loop
			vertex -6000 4000 -8.881784197001252e-13
			vertex -6000 -2000 -2.999999999999556
			vertex -6000 4000 -400.0000000000009
		endloop
	endfacet
	facet normal 1.7461129175774207e-18 -2.2063522538773383e-16 -1
		outer loop
			vertex -5020.3701171875 -3329.83837890625 -2.9999999999992606
			vertex -4945.2412109375 -3313.1416015625 -2.999999999999264
			vertex -4500 -4000 -2.999999999999112
		endloop
	endfacet
	facet normal -3.627194633210836e-18 -2.241183566504438e-16 -1
		outer loop
			vertex -4936.89013671875 -3237.97998046875 -2.999999999999281
			vertex -4500 -4000 -2.999999999999112
			vertex -4945.2412109375 -3313.1416015625 -2.999999999999264
		endloop
	endfacet
	facet normal 0 -2.2199105501888973e-16 -1
		outer loop
			vertex -6000 -4000 -2.999999999999112
			vertex -5020.3701171875 -3329.83837890625 -2.9999999999992606
			vertex -4500 -4000 -2.999999999999112
		endloop
	endfacet
	facet normal 3.453914252442016e-19 -2.224728948653588e-16 -1
		outer loop
			vertex -5137.26171875 -3062.6298828125 -2.99999999999932
			vertex -4986.9697265625 -2920.669921875 -2.9999999999993516
			vertex -4936.89013671875 -3237.97998046875 -2.999999999999281
		endloop
	endfacet
	facet normal -8.863088619444612e-18 -2.215772154861153e-16 -1
		outer loop
			vertex -5212.419921875 -3087.682861328125 -2.9999999999993143
			vertex -5187.3671875 -3112.735595703125 -2.999999999999309
			vertex -5212.419921875 -3137.788330078125 -2.9999999999993032
		endloop
	endfacet
	facet normal 0 -2.30438058470781e-16 -1
		outer loop
			vertex -5187.3671875 -3062.6298828125 -2.99999999999932
			vertex -5137.26171875 -3062.6298828125 -2.99999999999932
			vertex -5162.314453125 -3087.682861328125 -2.9999999999993143
		endloop
	endfacet
	facet normal -3.23883423653957e-18 -2.1867830087137898e-16 -1
		outer loop
			vertex -5153.97021484375 -2979.1201171875 -2.9999999999993383
			vertex -4986.9697265625 -2920.669921875 -2.9999999999993516
			vertex -5137.26171875 -3062.6298828125 -2.99999999999932
		endloop
	endfacet
	facet normal 0 -2.180302802622381e-16 -1
		outer loop
			vertex -5153.97021484375 -2979.1201171875 -2.9999999999993383
			vertex -5137.26171875 -3062.6298828125 -2.99999999999932
			vertex -5187.3671875 -3062.6298828125 -2.99999999999932
		endloop
	endfacet
	facet normal 3.239305166187428e-19 -2.2166280931933198e-16 -1
		outer loop
			vertex -5479.60546875 -3296.450927734375 -2.999999999999268
			vertex -5212.419921875 -3137.788330078125 -2.9999999999993032
			vertex -5020.3701171875 -3329.83837890625 -2.9999999999992606
		endloop
	endfacet
	facet normal 2.7124029360981226e-19 -2.2238754907148754e-16 -1
		outer loop
			vertex -5479.60546875 -3296.450927734375 -2.999999999999268
			vertex -5020.3701171875 -3329.83837890625 -2.9999999999992606
			vertex -6000 -4000 -2.999999999999112
		endloop
	endfacet
	facet normal 4.926128613420189e-18 -2.2174993814415519e-16 -1
		outer loop
			vertex -4936.85595703125 -2745.325439453125 -2.9999999999993903
			vertex -4936.89013671875 -3237.97998046875 -2.999999999999281
			vertex -4986.9697265625 -2920.669921875 -2.9999999999993516
		endloop
	endfacet
	facet normal 6.576679555196919e-19 -2.217345445794042e-16 -1
		outer loop
			vertex -5037.06396484375 -2653.460693359375 -2.9999999999994107
			vertex -5095.51416015625 -2903.983642578125 -2.999999999999355
			vertex -5187.3701171875 -2812.12744140625 -2.9999999999993756
		endloop
	endfacet
	facet normal 5.969354149993805e-19 -2.2172037490406582e-16 -1
		outer loop
			vertex -5037.06396484375 -2653.460693359375 -2.9999999999994107
			vertex -4936.85595703125 -2745.325439453125 -2.9999999999993903
			vertex -5095.51416015625 -2903.983642578125 -2.999999999999355
		endloop
	endfacet
	facet normal -4.0072051450782754e-19 -2.2189051944904396e-16 -1
		outer loop
			vertex -5579.85595703125 -3196.200439453125 -2.9999999999992903
			vertex -5479.60546875 -3296.450927734375 -2.999999999999268
			vertex -6000 -4000 -2.999999999999112
		endloop
	endfacet
	facet normal 7.511091201737363e-20 -2.222895921075642e-16 -1
		outer loop
			vertex -4500 -2000 -2.999999999999556
			vertex -4936.85595703125 -2745.325439453125 -2.9999999999993903
			vertex -5037.06396484375 -2653.460693359375 -2.9999999999994107
		endloop
	endfacet
	facet normal -1.017470648473853e-20 -2.220446049250313e-16 -1
		outer loop
			vertex -4500 -2000 -2.999999999999556
			vertex -4500 -4000 -2.999999999999112
			vertex -4936.89013671875 -3237.97998046875 -2.999999999999281
		endloop
	endfacet
	facet normal -8.462827654306139e-19 -2.217495376622746e-16 -1
		outer loop
			vertex -4500 -2000 -2.999999999999556
			vertex -4936.89013671875 -3237.97998046875 -2.999999999999281
			vertex -4936.85595703125 -2745.325439453125 -2.9999999999993903
		endloop
	endfacet
	facet normal -2.3926255476615235e-18 -2.1996362433879894e-16 -1
		outer loop
			vertex -5212.419921875 -2703.544677734375 -2.9999999999993996
			vertex -5262.52978515625 -2870.570068359375 -2.9999999999993627
			vertex -5346.013671875 -2903.983642578125 -2.999999999999355
		endloop
	endfacet
	facet normal 2.5690510887171386e-19 -2.2172955211847074e-16 -1
		outer loop
			vertex -5538.06396484375 -2711.933349609375 -2.999999999999398
			vertex -5212.419921875 -2703.544677734375 -2.9999999999993996
			vertex -5346.013671875 -2903.983642578125 -2.999999999999355
		endloop
	endfacet
	facet normal 1.808407383226999e-18 -2.22490408773567e-16 -1
		outer loop
			vertex -5563.11669921875 -2736.986083984375 -2.9999999999993925
			vertex -5371.06640625 -2929.036376953125 -2.9999999999993494
			vertex -5579.85595703125 -3196.200439453125 -2.9999999999992903
		endloop
	endfacet
	facet normal 5.671395764810005e-18 -2.1838552263148068e-16 -1
		outer loop
			vertex -6000 -2000 -2.999999999999556
			vertex -5538.06396484375 -2711.933349609375 -2.999999999999398
			vertex -5563.11669921875 -2736.986083984375 -2.9999999999993925
		endloop
	endfacet
	facet normal 1.1168123046444515e-19 -2.2206328737802396e-16 -1
		outer loop
			vertex -6000 -2000 -2.999999999999556
			vertex -5037.06396484375 -2653.460693359375 -2.9999999999994107
			vertex -5212.419921875 -2703.544677734375 -2.9999999999993996
		endloop
	endfacet
	facet normal 0 -2.22227860216693e-16 -1
		outer loop
			vertex -6000 -2000 -2.999999999999556
			vertex -4500 -2000 -2.999999999999556
			vertex -5037.06396484375 -2653.460693359375 -2.9999999999994107
		endloop
	endfacet
	facet normal 2.611907756533073e-19 -2.2189591955760428e-16 -1
		outer loop
			vertex -6000 -2000 -2.999999999999556
			vertex -5212.419921875 -2703.544677734375 -2.9999999999993996
			vertex -5538.06396484375 -2711.933349609375 -2.999999999999398
		endloop
	endfacet
	facet normal -1.0758513013331234e-18 -2.2238527192594056e-16 -1
		outer loop
			vertex -6000 -2000 -2.999999999999556
			vertex -5563.11669921875 -2736.986083984375 -2.9999999999993925
			vertex -5579.85595703125 -3196.200439453125 -2.9999999999992903
		endloop
	endfacet
	facet normal -1.0593152497425823e-19 -2.220446049250313e-16 -1
		outer loop
			vertex -6000 -2000 -2.999999999999556
			vertex -5579.85595703125 -3196.200439453125 -2.9999999999992903
			vertex -6000 -4000 -2.999999999999112
		endloop
	endfacet
	facet normal -4.923127646732708e-18 -2.1606143795774072e-16 -1
		outer loop
			vertex -5153.97021484375 -2979.1201171875 -2.9999999999993383
			vertex -5187.3671875 -3062.6298828125 -2.99999999999932
			vertex -5479.60546875 -3296.450927734375 -2.999999999999268
		endloop
	endfacet
	facet normal 3.291417383339225e-17 -2.6335191155640406e-16 -1
		outer loop
			vertex -5187.3671875 -3062.6298828125 -2.99999999999932
			vertex -5212.419921875 -3087.682861328125 -2.9999999999993143
			vertex -5479.60546875 -3296.450927734375 -2.999999999999268
		endloop
	endfacet
	facet normal 2.7310239331511124e-19 -2.2157721548611532e-16 -1
		outer loop
			vertex -5212.419921875 -3087.682861328125 -2.9999999999993143
			vertex -5212.419921875 -3137.788330078125 -2.9999999999993032
			vertex -5479.60546875 -3296.450927734375 -2.999999999999268
		endloop
	endfacet
	facet normal -2.3916948311968013e-18 -2.199659497358786e-16 -1
		outer loop
			vertex -5579.85595703125 -3196.200439453125 -2.9999999999992903
			vertex -5346.013671875 -2903.983642578125 -2.999999999999355
			vertex -5262.52978515625 -2870.570068359375 -2.9999999999993627
		endloop
	endfacet
	facet normal -4.285265649108625e-17 -1.8758764761447366e-16 -1
		outer loop
			vertex -5579.85595703125 -3196.200439453125 -2.9999999999992903
			vertex -5371.06640625 -2929.036376953125 -2.9999999999993494
			vertex -5346.013671875 -2903.983642578125 -2.999999999999355
		endloop
	endfacet
	facet normal 0.9578227400744327 -0.2873597024572268 0
		outer loop
			vertex -5262.52978515625 -2870.570068359375 -1.9999999999993625
			vertex -5262.52978515625 -2870.570068359375 -2.9999999999993627
			vertex -5212.419921875 -2703.544677734375 -2.9999999999993996
		endloop
	endfacet
	facet normal 0.9578227400744326 -0.28735970245722675 0
		outer loop
			vertex -5262.52978515625 -2870.570068359375 -1.9999999999993625
			vertex -5212.419921875 -2703.544677734375 -2.9999999999993996
			vertex -5212.419921875 -2703.544677734375 -1.9999999999993996
		endloop
	endfacet
	facet normal 0.2746313058601538 -0.9615496065422452 0
		outer loop
			vertex -5212.419921875 -2703.544677734375 -1.9999999999993996
			vertex -5212.419921875 -2703.544677734375 -2.9999999999993996
			vertex -5037.06396484375 -2653.460693359375 -2.9999999999994107
		endloop
	endfacet
	facet normal 0.2746313058601538 -0.9615496065422452 0
		outer loop
			vertex -5212.419921875 -2703.544677734375 -1.9999999999993996
			vertex -5037.06396484375 -2653.460693359375 -2.9999999999994107
			vertex -5037.06396484375 -2653.460693359375 -1.999999999999411
		endloop
	endfacet
	facet normal -0.7259748746596179 0.6877212235804215 0
		outer loop
			vertex -5187.3701171875 -2812.12744140625 -1.9999999999993756
			vertex -5037.06396484375 -2653.460693359375 -1.999999999999411
			vertex -5037.06396484375 -2653.460693359375 -2.9999999999994107
		endloop
	endfacet
	facet normal -0.7259748746596179 0.6877212235804215 0
		outer loop
			vertex -5187.3701171875 -2812.12744140625 -2.9999999999993756
			vertex -5187.3701171875 -2812.12744140625 -1.9999999999993756
			vertex -5037.06396484375 -2653.460693359375 -2.9999999999994107
		endloop
	endfacet
	facet normal -0.7071077208814402 -0.7071058414904061 0
		outer loop
			vertex -5095.51416015625 -2903.983642578125 -1.9999999999993552
			vertex -5187.3701171875 -2812.12744140625 -2.9999999999993756
			vertex -5095.51416015625 -2903.983642578125 -2.999999999999355
		endloop
	endfacet
	facet normal -0.7071077208814402 -0.7071058414904061 0
		outer loop
			vertex -5095.51416015625 -2903.983642578125 -1.9999999999993552
			vertex -5187.3701171875 -2812.12744140625 -1.9999999999993756
			vertex -5187.3701171875 -2812.12744140625 -2.9999999999993756
		endloop
	endfacet
	facet normal 0.7071067811865476 -0.7071067811865476 0
		outer loop
			vertex -5095.51416015625 -2903.983642578125 -1.9999999999993552
			vertex -5095.51416015625 -2903.983642578125 -2.999999999999355
			vertex -4936.85595703125 -2745.325439453125 -2.9999999999993903
		endloop
	endfacet
	facet normal 0.7071067811865476 -0.7071067811865476 0
		outer loop
			vertex -5095.51416015625 -2903.983642578125 -1.9999999999993552
			vertex -4936.85595703125 -2745.325439453125 -2.9999999999993903
			vertex -4936.85595703125 -2745.325439453125 -1.9999999999993905
		endloop
	endfacet
	facet normal -0.9615017162668749 0.2747989257909393 0
		outer loop
			vertex -4986.9697265625 -2920.669921875 -1.9999999999993514
			vertex -4936.85595703125 -2745.325439453125 -1.9999999999993905
			vertex -4936.85595703125 -2745.325439453125 -2.9999999999993903
		endloop
	endfacet
	facet normal -0.961501716266875 0.2747989257909394 0
		outer loop
			vertex -4986.9697265625 -2920.669921875 -2.9999999999993516
			vertex -4986.9697265625 -2920.669921875 -1.9999999999993514
			vertex -4936.85595703125 -2745.325439453125 -2.9999999999993903
		endloop
	endfacet
	facet normal -0.33035054765382504 0.9438583133420068 0
		outer loop
			vertex -5153.97021484375 -2979.1201171875 -1.9999999999993385
			vertex -4986.9697265625 -2920.669921875 -1.9999999999993514
			vertex -4986.9697265625 -2920.669921875 -2.9999999999993516
		endloop
	endfacet
	facet normal -0.33035054765382504 0.943858313342007 0
		outer loop
			vertex -5153.97021484375 -2979.1201171875 -2.9999999999993383
			vertex -5153.97021484375 -2979.1201171875 -1.9999999999993385
			vertex -4986.9697265625 -2920.669921875 -2.9999999999993516
		endloop
	endfacet
	facet normal -0.6979156966405504 0.7161799217953092 0
		outer loop
			vertex -5479.60546875 -3296.450927734375 -2.999999999999268
			vertex -5153.97021484375 -2979.1201171875 -1.9999999999993385
			vertex -5153.97021484375 -2979.1201171875 -2.9999999999993383
		endloop
	endfacet
	facet normal -0.6979156966405505 0.7161799217953092 0
		outer loop
			vertex -5479.60546875 -3296.450927734375 -2.999999999999268
			vertex -5479.60546875 -3296.450927734375 -1.9999999999992681
			vertex -5153.97021484375 -2979.1201171875 -1.9999999999993385
		endloop
	endfacet
	facet normal 0.7071067811865476 0.7071067811865476 0
		outer loop
			vertex -5579.85595703125 -3196.200439453125 -2.9999999999992903
			vertex -5579.85595703125 -3196.200439453125 -1.9999999999992903
			vertex -5479.60546875 -3296.450927734375 -1.9999999999992681
		endloop
	endfacet
	facet normal 0.7071067811865476 0.7071067811865476 0
		outer loop
			vertex -5579.85595703125 -3196.200439453125 -2.9999999999992903
			vertex -5479.60546875 -3296.450927734375 -1.9999999999992681
			vertex -5479.60546875 -3296.450927734375 -2.999999999999268
		endloop
	endfacet
	facet normal 0.7161797902976822 -0.6979158315794018 0
		outer loop
			vertex -5579.85595703125 -3196.200439453125 -2.9999999999992903
			vertex -5262.52978515625 -2870.570068359375 -2.9999999999993627
			vertex -5262.52978515625 -2870.570068359375 -1.9999999999993625
		endloop
	endfacet
	facet normal 0.7161797902976822 -0.6979158315794018 0
		outer loop
			vertex -5579.85595703125 -3196.200439453125 -1.9999999999992903
			vertex -5579.85595703125 -3196.200439453125 -2.9999999999992903
			vertex -5262.52978515625 -2870.570068359375 -1.9999999999993625
		endloop
	endfacet
	facet normal 6.285861440847914e-19 -2.2213033180171725e-16 -1
		outer loop
			vertex -5095.51416015625 -2903.983642578125 -1.9999999999993552
			vertex -4986.9697265625 -2920.669921875 -1.9999999999993514
			vertex -5153.97021484375 -2979.1201171875 -1.9999999999993385
		endloop
	endfacet
	facet normal 4.92515824535298e-19 -2.23015470753406e-16 -1
		outer loop
			vertex -5095.51416015625 -2903.983642578125 -1.9999999999993552
			vertex -4936.85595703125 -2745.325439453125 -1.9999999999993905
			vertex -4986.9697265625 -2920.669921875 -1.9999999999993514
		endloop
	endfacet
	facet normal -4.858544787543504e-19 -2.2131455906740623e-16 -1
		outer loop
			vertex -5396.119140625 -3146.139404296875 -1.9999999999993014
			vertex -5153.97021484375 -2979.1201171875 -1.9999999999993385
			vertex -5479.60546875 -3296.450927734375 -1.9999999999992681
		endloop
	endfacet
	facet normal -5.424457732909366e-20 -2.2155428470539015e-16 -1
		outer loop
			vertex -5396.119140625 -3146.139404296875 -1.9999999999993014
			vertex -5479.60546875 -3296.450927734375 -1.9999999999992681
			vertex -5446.2177734375 -3196.23779296875 -1.9999999999992903
		endloop
	endfacet
	facet normal -1.6243205847144875e-18 -2.2103118741405552e-16 -1
		outer loop
			vertex -5479.6142578125 -3162.841064453125 -1.9999999999992977
			vertex -5446.2177734375 -3196.23779296875 -1.9999999999992903
			vertex -5479.60546875 -3296.450927734375 -1.9999999999992681
		endloop
	endfacet
	facet normal -1.0662295821954562e-18 -2.2047311608030733e-16 -1
		outer loop
			vertex -5429.51611328125 -3112.74267578125 -1.9999999999993088
			vertex -5153.97021484375 -2979.1201171875 -1.9999999999993385
			vertex -5396.119140625 -3146.139404296875 -1.9999999999993014
		endloop
	endfacet
	facet normal 4.223395902233579e-19 -2.219698723192314e-16 -1
		outer loop
			vertex -5187.3701171875 -2812.12744140625 -1.9999999999993756
			vertex -5095.51416015625 -2903.983642578125 -1.9999999999993552
			vertex -5153.97021484375 -2979.1201171875 -1.9999999999993385
		endloop
	endfacet
	facet normal 9.755928789169286e-19 -2.2258411767170037e-16 -1
		outer loop
			vertex -5579.85595703125 -3196.200439453125 -1.9999999999992903
			vertex -5429.51611328125 -3112.74267578125 -1.9999999999993088
			vertex -5479.6142578125 -3162.841064453125 -1.9999999999992977
		endloop
	endfacet
	facet normal 4.587485479750415e-19 -2.2103105038656107e-16 -1
		outer loop
			vertex -5579.85595703125 -3196.200439453125 -1.9999999999992903
			vertex -5479.6142578125 -3162.841064453125 -1.9999999999992977
			vertex -5479.60546875 -3296.450927734375 -1.9999999999992681
		endloop
	endfacet
	facet normal -5.72253046735741e-19 -2.214917555204045e-16 -1
		outer loop
			vertex -5262.52978515625 -2870.570068359375 -1.9999999999993625
			vertex -5153.97021484375 -2979.1201171875 -1.9999999999993385
			vertex -5429.51611328125 -3112.74267578125 -1.9999999999993088
		endloop
	endfacet
	facet normal -1.4184732602604228e-18 -2.223380499602665e-16 -1
		outer loop
			vertex -5262.52978515625 -2870.570068359375 -1.9999999999993625
			vertex -5187.3701171875 -2812.12744140625 -1.9999999999993756
			vertex -5153.97021484375 -2979.1201171875 -1.9999999999993385
		endloop
	endfacet
	facet normal 9.530456399621876e-19 -2.2254350133797285e-16 -1
		outer loop
			vertex -5262.52978515625 -2870.570068359375 -1.9999999999993625
			vertex -5429.51611328125 -3112.74267578125 -1.9999999999993088
			vertex -5579.85595703125 -3196.200439453125 -1.9999999999992903
		endloop
	endfacet
	facet normal -1.4075317957543723e-18 -2.211776060614222e-16 -1
		outer loop
			vertex -5212.419921875 -2703.544677734375 -1.9999999999993996
			vertex -5037.06396484375 -2653.460693359375 -1.999999999999411
			vertex -5187.3701171875 -2812.12744140625 -1.9999999999993756
		endloop
	endfacet
	facet normal -2.1819000463918725e-18 -2.213562511131662e-16 -1
		outer loop
			vertex -5212.419921875 -2703.544677734375 -1.9999999999993996
			vertex -5187.3701171875 -2812.12744140625 -1.9999999999993756
			vertex -5262.52978515625 -2870.570068359375 -1.9999999999993625
		endloop
	endfacet
	facet normal -0.7071085041331971 0.7071050582356998 0
		outer loop
			vertex -5479.6142578125 -3162.841064453125 -2.999999999999298
			vertex -5429.51611328125 -3112.74267578125 -1.9999999999993088
			vertex -5429.51611328125 -3112.74267578125 -2.999999999999309
		endloop
	endfacet
	facet normal -0.7071085041331971 0.7071050582356998 0
		outer loop
			vertex -5479.6142578125 -3162.841064453125 -2.999999999999298
			vertex -5479.6142578125 -3162.841064453125 -1.9999999999992977
			vertex -5429.51611328125 -3112.74267578125 -1.9999999999993088
		endloop
	endfacet
	facet normal -0.707109365778133 -0.707104196585515 0
		outer loop
			vertex -5446.2177734375 -3196.23779296875 -2.9999999999992903
			vertex -5479.6142578125 -3162.841064453125 -1.9999999999992977
			vertex -5479.6142578125 -3162.841064453125 -2.999999999999298
		endloop
	endfacet
	facet normal -0.7071093657781329 -0.707104196585515 0
		outer loop
			vertex -5446.2177734375 -3196.23779296875 -1.9999999999992903
			vertex -5479.6142578125 -3162.841064453125 -1.9999999999992977
			vertex -5446.2177734375 -3196.23779296875 -2.9999999999992903
		endloop
	endfacet
	facet normal 0.7071050582440962 -0.7071085041248009 0
		outer loop
			vertex -5446.2177734375 -3196.23779296875 -2.9999999999992903
			vertex -5396.119140625 -3146.139404296875 -2.9999999999993014
			vertex -5396.119140625 -3146.139404296875 -1.9999999999993014
		endloop
	endfacet
	facet normal 0.7071050582440962 -0.7071085041248009 0
		outer loop
			vertex -5446.2177734375 -3196.23779296875 -1.9999999999992903
			vertex -5446.2177734375 -3196.23779296875 -2.9999999999992903
			vertex -5396.119140625 -3146.139404296875 -1.9999999999993014
		endloop
	endfacet
	facet normal 0.7071041966044093 0.7071093657592389 0
		outer loop
			vertex -5429.51611328125 -3112.74267578125 -2.999999999999309
			vertex -5429.51611328125 -3112.74267578125 -1.9999999999993088
			vertex -5396.119140625 -3146.139404296875 -1.9999999999993014
		endloop
	endfacet
	facet normal 0.7071041966044093 0.7071093657592389 0
		outer loop
			vertex -5429.51611328125 -3112.74267578125 -2.999999999999309
			vertex -5396.119140625 -3146.139404296875 -1.9999999999993014
			vertex -5396.119140625 -3146.139404296875 -2.9999999999993014
		endloop
	endfacet
	facet normal 2.223523934777519e-18 -2.238320643175709e-16 -1
		outer loop
			vertex -5479.6142578125 -3162.841064453125 -2.999999999999298
			vertex -5396.119140625 -3146.139404296875 -2.9999999999993014
			vertex -5446.2177734375 -3196.23779296875 -2.9999999999992903
		endloop
	endfacet
	facet normal 2.2235185158506496e-18 -2.2383203722721403e-16 -1
		outer loop
			vertex -5479.6142578125 -3162.841064453125 -2.999999999999298
			vertex -5429.51611328125 -3112.74267578125 -2.999999999999309
			vertex -5396.119140625 -3146.139404296875 -2.9999999999993014
		endloop
	endfacet
	facet normal -0.21694859545482947 0.9761830294213154 0
		outer loop
			vertex -5020.3701171875 -3329.83837890625 -1.9999999999992606
			vertex -4945.2412109375 -3313.1416015625 -1.9999999999992644
			vertex -4945.2412109375 -3313.1416015625 -2.999999999999264
		endloop
	endfacet
	facet normal -0.21694859545482947 0.9761830294213155 0
		outer loop
			vertex -5020.3701171875 -3329.83837890625 -2.9999999999992606
			vertex -5020.3701171875 -3329.83837890625 -1.9999999999992606
			vertex -4945.2412109375 -3313.1416015625 -2.999999999999264
		endloop
	endfacet
	facet normal 0.7071072306359162 0.7071063317368933 0
		outer loop
			vertex -5212.419921875 -3137.788330078125 -1.9999999999993032
			vertex -5020.3701171875 -3329.83837890625 -1.9999999999992606
			vertex -5020.3701171875 -3329.83837890625 -2.9999999999992606
		endloop
	endfacet
	facet normal 0.7071072306359162 0.7071063317368933 0
		outer loop
			vertex -5212.419921875 -3137.788330078125 -2.9999999999993032
			vertex -5212.419921875 -3137.788330078125 -1.9999999999993032
			vertex -5020.3701171875 -3329.83837890625 -2.9999999999992606
		endloop
	endfacet
	facet normal 0.7071067811865476 -0.7071067811865476 0
		outer loop
			vertex -5212.419921875 -3137.788330078125 -2.9999999999993032
			vertex -5187.3671875 -3112.735595703125 -2.999999999999309
			vertex -5187.3671875 -3112.735595703125 -1.9999999999993088
		endloop
	endfacet
	facet normal 0.7071067811865476 -0.7071067811865476 0
		outer loop
			vertex -5212.419921875 -3137.788330078125 -1.9999999999993032
			vertex -5212.419921875 -3137.788330078125 -2.9999999999993032
			vertex -5187.3671875 -3112.735595703125 -1.9999999999993088
		endloop
	endfacet
	facet normal 0.7071067811865476 0.7071067811865476 0
		outer loop
			vertex -5212.419921875 -3087.682861328125 -1.9999999999993143
			vertex -5187.3671875 -3112.735595703125 -1.9999999999993088
			vertex -5187.3671875 -3112.735595703125 -2.999999999999309
		endloop
	endfacet
	facet normal 0.7071067811865476 0.7071067811865476 0
		outer loop
			vertex -5212.419921875 -3087.682861328125 -2.9999999999993143
			vertex -5212.419921875 -3087.682861328125 -1.9999999999993143
			vertex -5187.3671875 -3112.735595703125 -2.999999999999309
		endloop
	endfacet
	facet normal 0.7071102265635507 -0.7071033357927567 0
		outer loop
			vertex -5212.419921875 -3087.682861328125 -2.9999999999993143
			vertex -5187.3671875 -3062.6298828125 -2.99999999999932
			vertex -5187.3671875 -3062.6298828125 -1.9999999999993199
		endloop
	endfacet
	facet normal 0.7071102265635507 -0.7071033357927567 0
		outer loop
			vertex -5212.419921875 -3087.682861328125 -1.9999999999993143
			vertex -5212.419921875 -3087.682861328125 -2.9999999999993143
			vertex -5187.3671875 -3062.6298828125 -1.9999999999993199
		endloop
	endfacet
	facet normal -0.7071102265635507 -0.7071033357927567 0
		outer loop
			vertex -5162.314453125 -3087.682861328125 -1.9999999999993143
			vertex -5187.3671875 -3062.6298828125 -2.99999999999932
			vertex -5162.314453125 -3087.682861328125 -2.9999999999993143
		endloop
	endfacet
	facet normal -0.7071102265635507 -0.7071033357927567 0
		outer loop
			vertex -5162.314453125 -3087.682861328125 -1.9999999999993143
			vertex -5187.3671875 -3062.6298828125 -1.9999999999993199
			vertex -5187.3671875 -3062.6298828125 -2.99999999999932
		endloop
	endfacet
	facet normal 0.7071102265635507 -0.7071033357927567 0
		outer loop
			vertex -5162.314453125 -3087.682861328125 -2.9999999999993143
			vertex -5137.26171875 -3062.6298828125 -2.99999999999932
			vertex -5137.26171875 -3062.6298828125 -1.9999999999993199
		endloop
	endfacet
	facet normal 0.7071102265635507 -0.7071033357927567 0
		outer loop
			vertex -5162.314453125 -3087.682861328125 -1.9999999999993143
			vertex -5162.314453125 -3087.682861328125 -2.9999999999993143
			vertex -5137.26171875 -3062.6298828125 -1.9999999999993199
		endloop
	endfacet
	facet normal -0.6585577060095535 -0.7525302305259468 0
		outer loop
			vertex -5137.26171875 -3062.6298828125 -1.9999999999993199
			vertex -5137.26171875 -3062.6298828125 -2.99999999999932
			vertex -4936.89013671875 -3237.97998046875 -2.999999999999281
		endloop
	endfacet
	facet normal -0.6585577060095535 -0.7525302305259467 0
		outer loop
			vertex -5137.26171875 -3062.6298828125 -1.9999999999993199
			vertex -4936.89013671875 -3237.97998046875 -2.999999999999281
			vertex -4936.89013671875 -3237.97998046875 -1.999999999999281
		endloop
	endfacet
	facet normal -0.9938840496298431 0.1104286914320001 0
		outer loop
			vertex -4945.2412109375 -3313.1416015625 -2.999999999999264
			vertex -4936.89013671875 -3237.97998046875 -1.999999999999281
			vertex -4936.89013671875 -3237.97998046875 -2.999999999999281
		endloop
	endfacet
	facet normal -0.9938840496298431 0.1104286914320001 0
		outer loop
			vertex -4945.2412109375 -3313.1416015625 -2.999999999999264
			vertex -4945.2412109375 -3313.1416015625 -1.9999999999992644
			vertex -4936.89013671875 -3237.97998046875 -1.999999999999281
		endloop
	endfacet
	facet normal -1.0276679617121749e-18 -2.2145295691794146e-16 -1
		outer loop
			vertex -4936.89013671875 -3237.97998046875 -1.999999999999281
			vertex -4945.2412109375 -3313.1416015625 -1.9999999999992644
			vertex -5020.3701171875 -3329.83837890625 -1.9999999999992606
		endloop
	endfacet
	facet normal -3.2434855638441116e-19 -2.2209212645734946e-16 -1
		outer loop
			vertex -5162.314453125 -3087.682861328125 -1.9999999999993143
			vertex -4936.89013671875 -3237.97998046875 -1.999999999999281
			vertex -5020.3701171875 -3329.83837890625 -1.9999999999992606
		endloop
	endfacet
	facet normal 2.047620991722055e-19 -2.217819775852875e-16 -1
		outer loop
			vertex -5187.3671875 -3112.735595703125 -1.9999999999993088
			vertex -5162.314453125 -3087.682861328125 -1.9999999999993143
			vertex -5020.3701171875 -3329.83837890625 -1.9999999999992606
		endloop
	endfacet
	facet normal 1.2238144193683334e-20 -2.215872942468381e-16 -1
		outer loop
			vertex -5137.26171875 -3062.6298828125 -1.9999999999993199
			vertex -4936.89013671875 -3237.97998046875 -1.999999999999281
			vertex -5162.314453125 -3087.682861328125 -1.9999999999993143
		endloop
	endfacet
	facet normal 2.047620991722055e-19 -2.217819775852875e-16 -1
		outer loop
			vertex -5212.419921875 -3137.788330078125 -1.9999999999993032
			vertex -5187.3671875 -3112.735595703125 -1.9999999999993088
			vertex -5020.3701171875 -3329.83837890625 -1.9999999999992606
		endloop
	endfacet
	facet normal -1.0796373657555815e-21 -2.2157613584874952e-16 -1
		outer loop
			vertex -5187.3671875 -3062.6298828125 -1.9999999999993199
			vertex -5162.314453125 -3087.682861328125 -1.9999999999993143
			vertex -5187.3671875 -3112.735595703125 -1.9999999999993088
		endloop
	endfacet
	facet normal 1.0796373657555815e-21 -2.2157613584874952e-16 -1
		outer loop
			vertex -5212.419921875 -3087.682861328125 -1.9999999999993143
			vertex -5187.3671875 -3062.6298828125 -1.9999999999993199
			vertex -5187.3671875 -3112.735595703125 -1.9999999999993088
		endloop
	endfacet
	facet normal 0.7071067811865476 0.7071067811865476 0
		outer loop
			vertex -5563.11669921875 -2736.986083984375 -2.9999999999993925
			vertex -5563.11669921875 -2736.986083984375 -1.9999999999993923
			vertex -5371.06640625 -2929.036376953125 -1.9999999999993496
		endloop
	endfacet
	facet normal 0.7071067811865476 0.7071067811865476 0
		outer loop
			vertex -5563.11669921875 -2736.986083984375 -2.9999999999993925
			vertex -5371.06640625 -2929.036376953125 -1.9999999999993496
			vertex -5371.06640625 -2929.036376953125 -2.9999999999993494
		endloop
	endfacet
	facet normal 0.7071067811865476 -0.7071067811865476 0
		outer loop
			vertex -5563.11669921875 -2736.986083984375 -2.9999999999993925
			vertex -5538.06396484375 -2711.933349609375 -2.999999999999398
			vertex -5538.06396484375 -2711.933349609375 -1.9999999999993978
		endloop
	endfacet
	facet normal 0.7071067811865476 -0.7071067811865476 0
		outer loop
			vertex -5563.11669921875 -2736.986083984375 -1.9999999999993923
			vertex -5563.11669921875 -2736.986083984375 -2.9999999999993925
			vertex -5538.06396484375 -2711.933349609375 -1.9999999999993978
		endloop
	endfacet
	facet normal -0.7071067811865476 -0.7071067811865476 0
		outer loop
			vertex -5346.013671875 -2903.983642578125 -1.9999999999993552
			vertex -5538.06396484375 -2711.933349609375 -2.999999999999398
			vertex -5346.013671875 -2903.983642578125 -2.999999999999355
		endloop
	endfacet
	facet normal -0.7071067811865476 -0.7071067811865476 0
		outer loop
			vertex -5346.013671875 -2903.983642578125 -1.9999999999993552
			vertex -5538.06396484375 -2711.933349609375 -1.9999999999993978
			vertex -5538.06396484375 -2711.933349609375 -2.999999999999398
		endloop
	endfacet
	facet normal -0.7071067811865476 0.7071067811865476 0
		outer loop
			vertex -5371.06640625 -2929.036376953125 -2.9999999999993494
			vertex -5346.013671875 -2903.983642578125 -1.9999999999993552
			vertex -5346.013671875 -2903.983642578125 -2.999999999999355
		endloop
	endfacet
	facet normal -0.7071067811865476 0.7071067811865476 0
		outer loop
			vertex -5371.06640625 -2929.036376953125 -2.9999999999993494
			vertex -5371.06640625 -2929.036376953125 -1.9999999999993496
			vertex -5346.013671875 -2903.983642578125 -1.9999999999993552
		endloop
	endfacet
	facet normal 2.046208706135905e-19 -2.2178183635672888e-16 -1
		outer loop
			vertex -5538.06396484375 -2711.933349609375 -1.9999999999993978
			vertex -5346.013671875 -2903.983642578125 -1.9999999999993552
			vertex -5371.06640625 -2929.036376953125 -1.9999999999993496
		endloop
	endfacet
	facet normal 2.046208706135905e-19 -2.2178183635672888e-16 -1
		outer loop
			vertex -5563.11669921875 -2736.986083984375 -1.9999999999993923
			vertex -5538.06396484375 -2711.933349609375 -1.9999999999993978
			vertex -5371.06640625 -2929.036376953125 -1.9999999999993496
		endloop
	endfacet
	facet normal 1 0 0
		outer loop
			vertex -4500 -4000 8.881784197001252e-13
			vertex -4500 -4000 -2.999999999999112
			vertex -4500 -2000 -2.999999999999556
		endloop
	endfacet
	facet normal 1 0 0
		outer loop
			vertex -4500 -4000 8.881784197001252e-13
			vertex -4500 -2000 -2.999999999999556
			vertex -4500 -2000 4.440892098500626e-13
		endloop
	endfacet
	facet normal 0 1 0
		outer loop
			vertex -4500 -2000 -2.999999999999556
			vertex -6000 -2000 -2.999999999999556
			vertex -6000 -2000 4.440892098500626e-13
		endloop
	endfacet
	facet normal 0 1 0
		outer loop
			vertex -4500 -2000 -2.999999999999556
			vertex -6000 -2000 4.440892098500626e-13
			vertex -4500 -2000 4.440892098500626e-13
		endloop
	endfacet
	facet normal 0 1 0
		outer loop
			vertex -1500 2500 -5.551115123125783e-13
			vertex -3500 2500 -200.00000000000057
			vertex -3500 2500 -5.551115123125783e-13
		endloop
	endfacet
	facet normal 0 1 0
		outer loop
			vertex -1500 2500 -5.551115123125783e-13
			vertex -1500 2500 -200.00000000000057
			vertex -3500 2500 -200.00000000000057
		endloop
	endfacet
	facet normal 0 1 -2.1316282072803012e-16
		outer loop
			vertex -1500 99.99999999999996 -200.00000000000003
			vertex -1650 99.99999999999991 -400
			vertex -1650 99.99999999999996 -200.00000000000003
		endloop
	endfacet
	facet normal 0 1 -2.1316282072803012e-16
		outer loop
			vertex -1500 99.99999999999996 -200.00000000000003
			vertex -1500 99.99999999999991 -400
			vertex -1650 99.99999999999991 -400
		endloop
	endfacet
	facet normal -1 0 0
		outer loop
			vertex -1650 99.99999999999996 -200.00000000000003
			vertex -1650 -1700 -399.9999999999996
			vertex -1650 -1700 -199.99999999999963
		endloop
	endfacet
	facet normal -1 0 0
		outer loop
			vertex -1650 99.99999999999996 -200.00000000000003
			vertex -1650 99.99999999999991 -400
			vertex -1650 -1700 -399.9999999999996
		endloop
	endfacet
	facet normal 0 -1 0
		outer loop
			vertex -1650 -1700 -399.9999999999996
			vertex -1500 -1700 -399.9999999999996
			vertex -1500 -1700 -199.99999999999963
		endloop
	endfacet
	facet normal 0 -1 0
		outer loop
			vertex -1650 -1700 -399.9999999999996
			vertex -1500 -1700 -199.99999999999963
			vertex -1650 -1700 -199.99999999999963
		endloop
	endfacet
	facet normal 0 -2.2105774001425338e-16 -1
		outer loop
			vertex -1500 -1700 -399.9999999999996
			vertex -1650 99.99999999999991 -400
			vertex -1500 99.99999999999991 -400
		endloop
	endfacet
	facet normal 0 -2.2105774001425338e-16 -1
		outer loop
			vertex -1650 -1700 -399.9999999999996
			vertex -1650 99.99999999999991 -400
			vertex -1500 -1700 -399.9999999999996
		endloop
	endfacet
	facet normal -1 0 0
		outer loop
			vertex 2170 -4210 -399.9999999999991
			vertex 2170 -4090 -379.9999999999991
			vertex 2170 -4090 -399.9999999999991
		endloop
	endfacet
	facet normal -1 0 0
		outer loop
			vertex 2170 -4210 -399.9999999999991
			vertex 2170 -4210 -379.9999999999991
			vertex 2170 -4090 -379.9999999999991
		endloop
	endfacet
	facet normal 0 -1 0
		outer loop
			vertex 2170 -4090 -379.9999999999991
			vertex 2120 -4090 -379.9999999999991
			vertex 2120 -4090 -399.9999999999991
		endloop
	endfacet
	facet normal 0 -1 0
		outer loop
			vertex 2170 -4090 -379.9999999999991
			vertex 2120 -4090 -399.9999999999991
			vertex 2170 -4090 -399.9999999999991
		endloop
	endfacet
	facet normal 1 0 0
		outer loop
			vertex 2120 -4090 -379.9999999999991
			vertex 2120 -4210 -379.9999999999991
			vertex 2120 -4210 -399.9999999999991
		endloop
	endfacet
	facet normal 1 0 0
		outer loop
			vertex 2120 -4090 -379.9999999999991
			vertex 2120 -4210 -399.9999999999991
			vertex 2120 -4090 -399.9999999999991
		endloop
	endfacet
	facet normal 0 1 0
		outer loop
			vertex 2120 -4210 -399.9999999999991
			vertex 2170 -4210 -379.9999999999991
			vertex 2170 -4210 -399.9999999999991
		endloop
	endfacet
	facet normal 0 1 0
		outer loop
			vertex 2120 -4210 -399.9999999999991
			vertex 2120 -4210 -379.9999999999991
			vertex 2170 -4210 -379.9999999999991
		endloop
	endfacet
	facet normal 0 8.12048840868686e-16 1
		outer loop
			vertex 2170 -4210 -379.9999999999991
			vertex 2120 -4210 -379.9999999999991
			vertex 2020 -4280 -379.99999999999903
		endloop
	endfacet
	facet normal 1.5303997385602157e-16 2.1862853408003084e-16 1
		outer loop
			vertex 2120 -4090 -379.9999999999991
			vertex 2020 -4020 -379.9999999999991
			vertex 2020 -4280 -379.99999999999903
		endloop
	endfacet
	facet normal 5.684341886080802e-16 0 1
		outer loop
			vertex 2120 -4090 -379.9999999999991
			vertex 2020 -4280 -379.99999999999903
			vertex 2120 -4210 -379.9999999999991
		endloop
	endfacet
	facet normal 0 0 1
		outer loop
			vertex 2170 -4090 -379.9999999999991
			vertex 2020 -4020 -379.9999999999991
			vertex 2120 -4090 -379.9999999999991
		endloop
	endfacet
	facet normal 0 8.120488408686859e-16 1
		outer loop
			vertex 2477.5 -4280 -379.99999999999903
			vertex 2170 -4210 -379.9999999999991
			vertex 2020 -4280 -379.99999999999903
		endloop
	endfacet
	facet normal 0 0 1
		outer loop
			vertex 2477.5 -4020 -379.9999999999991
			vertex 2170 -4090 -379.9999999999991
			vertex 2170 -4210 -379.9999999999991
		endloop
	endfacet
	facet normal -1.3508754951286458e-16 2.1862853408003084e-16 1
		outer loop
			vertex 2477.5 -4020 -379.9999999999991
			vertex 2170 -4210 -379.9999999999991
			vertex 2477.5 -4280 -379.99999999999903
		endloop
	endfacet
	facet normal 0 0 1
		outer loop
			vertex 2477.5 -4020 -379.9999999999991
			vertex 2020 -4020 -379.9999999999991
			vertex 2170 -4090 -379.9999999999991
		endloop
	endfacet
	facet normal -1 0 0
		outer loop
			vertex 2477.5 -4280 -379.99999999999903
			vertex 2477.5 -4280 9.50350909079134e-13
			vertex 2477.5 -4020 8.926193117986259e-13
		endloop
	endfacet
	facet normal -1 0 0
		outer loop
			vertex 2477.5 -4280 -379.99999999999903
			vertex 2477.5 -4020 8.926193117986259e-13
			vertex 2477.5 -4020 -379.9999999999991
		endloop
	endfacet
	facet normal 0 1 0
		outer loop
			vertex 2477.5 -4280 -379.99999999999903
			vertex 2020 -4280 -379.99999999999903
			vertex 2020 -4280 9.50350909079134e-13
		endloop
	endfacet
	facet normal 0 1 0
		outer loop
			vertex 2477.5 -4280 9.50350909079134e-13
			vertex 2477.5 -4280 -379.99999999999903
			vertex 2020 -4280 9.50350909079134e-13
		endloop
	endfacet
	facet normal 1 0 0
		outer loop
			vertex 2020 -4280 -379.99999999999903
			vertex 2020 -4020 -379.9999999999991
			vertex 2020 -4020 8.926193117986259e-13
		endloop
	endfacet
	facet normal 1 0 0
		outer loop
			vertex 2020 -4280 -379.99999999999903
			vertex 2020 -4020 8.926193117986259e-13
			vertex 2020 -4280 9.50350909079134e-13
		endloop
	endfacet
	facet normal 0 -1 0
		outer loop
			vertex 2020 -4020 8.926193117986259e-13
			vertex 2477.5 -4020 -379.9999999999991
			vertex 2477.5 -4020 8.926193117986259e-13
		endloop
	endfacet
	facet normal 0 -1 0
		outer loop
			vertex 2020 -4020 -379.9999999999991
			vertex 2477.5 -4020 -379.9999999999991
			vertex 2020 -4020 8.926193117986259e-13
		endloop
	endfacet
	facet normal 0 -1 0
		outer loop
			vertex 3840 -4090 -379.9999999999991
			vertex 3790 -4090 -379.9999999999991
			vertex 3790 -4090 -399.9999999999991
		endloop
	endfacet
	facet normal 0 -1 0
		outer loop
			vertex 3840 -4090 -379.9999999999991
			vertex 3790 -4090 -399.9999999999991
			vertex 3840 -4090 -399.9999999999991
		endloop
	endfacet
	facet normal 1 0 0
		outer loop
			vertex 3790 -4090 -379.9999999999991
			vertex 3790 -4210 -379.9999999999991
			vertex 3790 -4210 -399.9999999999991
		endloop
	endfacet
	facet normal 1 0 0
		outer loop
			vertex 3790 -4090 -379.9999999999991
			vertex 3790 -4210 -399.9999999999991
			vertex 3790 -4090 -399.9999999999991
		endloop
	endfacet
	facet normal 0 1 0
		outer loop
			vertex 3790 -4210 -399.9999999999991
			vertex 3840 -4210 -379.9999999999991
			vertex 3840 -4210 -399.9999999999991
		endloop
	endfacet
	facet normal 0 1 0
		outer loop
			vertex 3790 -4210 -399.9999999999991
			vertex 3790 -4210 -379.9999999999991
			vertex 3840 -4210 -379.9999999999991
		endloop
	endfacet
	facet normal -1 0 0
		outer loop
			vertex 3840 -4210 -399.9999999999991
			vertex 3840 -4090 -379.9999999999991
			vertex 3840 -4090 -399.9999999999991
		endloop
	endfacet
	facet normal -1 0 0
		outer loop
			vertex 3840 -4210 -399.9999999999991
			vertex 3840 -4210 -379.9999999999991
			vertex 3840 -4090 -379.9999999999991
		endloop
	endfacet
	facet normal 0 8.12048840868686e-16 1
		outer loop
			vertex 3940 -4280 -379.99999999999903
			vertex 3840 -4210 -379.9999999999991
			vertex 3790 -4210 -379.9999999999991
		endloop
	endfacet
	facet normal 0 8.120488408686859e-16 1
		outer loop
			vertex 3940 -4280 -379.99999999999903
			vertex 3790 -4210 -379.9999999999991
			vertex 3522.5 -4280 -379.99999999999903
		endloop
	endfacet
	facet normal 5.721120517982115e-17 2.1862853408003084e-16 1
		outer loop
			vertex 3790 -4090 -379.9999999999991
			vertex 3522.5 -4020 -379.9999999999991
			vertex 3522.5 -4280 -379.99999999999903
		endloop
	endfacet
	facet normal 2.1249876209647854e-16 0 1
		outer loop
			vertex 3790 -4090 -379.9999999999991
			vertex 3522.5 -4280 -379.99999999999903
			vertex 3790 -4210 -379.9999999999991
		endloop
	endfacet
	facet normal 0 0 1
		outer loop
			vertex 3940 -4020 -379.9999999999991
			vertex 3840 -4090 -379.9999999999991
			vertex 3840 -4210 -379.9999999999991
		endloop
	endfacet
	facet normal 0 0 1
		outer loop
			vertex 3940 -4020 -379.9999999999991
			vertex 3790 -4090 -379.9999999999991
			vertex 3840 -4090 -379.9999999999991
		endloop
	endfacet
	facet normal -4.1539421475205856e-16 2.1862853408003084e-16 1
		outer loop
			vertex 3940 -4020 -379.9999999999991
			vertex 3840 -4210 -379.9999999999991
			vertex 3940 -4280 -379.99999999999903
		endloop
	endfacet
	facet normal 0 0 1
		outer loop
			vertex 3940 -4020 -379.9999999999991
			vertex 3522.5 -4020 -379.9999999999991
			vertex 3790 -4090 -379.9999999999991
		endloop
	endfacet
	facet normal 1 0 0
		outer loop
			vertex 3522.5 -4020 8.926193117986259e-13
			vertex 3522.5 -4280 9.50350909079134e-13
			vertex 3522.5 -4280 -379.99999999999903
		endloop
	endfacet
	facet normal 1 0 0
		outer loop
			vertex 3522.5 -4020 8.926193117986259e-13
			vertex 3522.5 -4280 -379.99999999999903
			vertex 3522.5 -4020 -379.9999999999991
		endloop
	endfacet
	facet normal 0 -1 0
		outer loop
			vertex 3522.5 -4020 -379.9999999999991
			vertex 3940 -4020 -379.9999999999991
			vertex 3940 -4020 8.926193117986259e-13
		endloop
	endfacet
	facet normal 0 -1 0
		outer loop
			vertex 3522.5 -4020 -379.9999999999991
			vertex 3940 -4020 8.926193117986259e-13
			vertex 3522.5 -4020 8.926193117986259e-13
		endloop
	endfacet
	facet normal -1 0 0
		outer loop
			vertex 3940 -4020 8.926193117986259e-13
			vertex 3940 -4280 -379.99999999999903
			vertex 3940 -4280 9.50350909079134e-13
		endloop
	endfacet
	facet normal -1 0 0
		outer loop
			vertex 3940 -4020 8.926193117986259e-13
			vertex 3940 -4020 -379.9999999999991
			vertex 3940 -4280 -379.99999999999903
		endloop
	endfacet
	facet normal 0 1 0
		outer loop
			vertex 3940 -4280 9.50350909079134e-13
			vertex 3522.5 -4280 -379.99999999999903
			vertex 3522.5 -4280 9.50350909079134e-13
		endloop
	endfacet
	facet normal 0 1 0
		outer loop
			vertex 3940 -4280 9.50350909079134e-13
			vertex 3940 -4280 -379.99999999999903
			vertex 3522.5 -4280 -379.99999999999903
		endloop
	endfacet
	facet normal 0 -1 0
		outer loop
			vertex 3065 -4022.5 -399.9999999999991
			vertex 2975 -4022.5 8.931744233109384e-13
			vertex 2975 -4022.5 -399.9999999999991
		endloop
	endfacet
	facet normal 0 -1 0
		outer loop
			vertex 3065 -4022.5 -399.9999999999991
			vertex 3065 -4022.5 8.931744233109384e-13
			vertex 2975 -4022.5 8.931744233109384e-13
		endloop
	endfacet
	facet normal -1 0 0
		outer loop
			vertex 3065 -4057.5 9.009459844833145e-13
			vertex 3065 -4022.5 -399.9999999999991
			vertex 3065 -4057.5 -399.9999999999991
		endloop
	endfacet
	facet normal -1 0 0
		outer loop
			vertex 3065 -4057.5 9.009459844833145e-13
			vertex 3065 -4022.5 8.931744233109384e-13
			vertex 3065 -4022.5 -399.9999999999991
		endloop
	endfacet
	facet normal 0 1 0
		outer loop
			vertex 3065 -4057.5 9.009459844833145e-13
			vertex 2975 -4057.5 -399.9999999999991
			vertex 2975 -4057.5 9.009459844833145e-13
		endloop
	endfacet
	facet normal 0 1 0
		outer loop
			vertex 3065 -4057.5 9.009459844833145e-13
			vertex 3065 -4057.5 -399.9999999999991
			vertex 2975 -4057.5 -399.9999999999991
		endloop
	endfacet
	facet normal 1 0 0
		outer loop
			vertex 2975 -4057.5 -399.9999999999991
			vertex 2975 -4022.5 -399.9999999999991
			vertex 2975 -4022.5 8.931744233109384e-13
		endloop
	endfacet
	facet normal 1 0 0
		outer loop
			vertex 2975 -4057.5 -399.9999999999991
			vertex 2975 -4022.5 8.931744233109384e-13
			vertex 2975 -4057.5 9.009459844833145e-13
		endloop
	endfacet
	facet normal -1 0 0
		outer loop
			vertex -1830 -4210 -399.9999999999991
			vertex -1830 -4090 -379.9999999999991
			vertex -1830 -4090 -399.9999999999991
		endloop
	endfacet
	facet normal -1 0 0
		outer loop
			vertex -1830 -4210 -399.9999999999991
			vertex -1830 -4210 -379.9999999999991
			vertex -1830 -4090 -379.9999999999991
		endloop
	endfacet
	facet normal 0 -1 0
		outer loop
			vertex -1830 -4090 -379.9999999999991
			vertex -1880 -4090 -379.9999999999991
			vertex -1880 -4090 -399.9999999999991
		endloop
	endfacet
	facet normal 0 -1 0
		outer loop
			vertex -1830 -4090 -379.9999999999991
			vertex -1880 -4090 -399.9999999999991
			vertex -1830 -4090 -399.9999999999991
		endloop
	endfacet
	facet normal 1 0 0
		outer loop
			vertex -1880 -4090 -379.9999999999991
			vertex -1880 -4210 -379.9999999999991
			vertex -1880 -4210 -399.9999999999991
		endloop
	endfacet
	facet normal 1 0 0
		outer loop
			vertex -1880 -4090 -379.9999999999991
			vertex -1880 -4210 -399.9999999999991
			vertex -1880 -4090 -399.9999999999991
		endloop
	endfacet
	facet normal 0 1 0
		outer loop
			vertex -1880 -4210 -399.9999999999991
			vertex -1830 -4210 -379.9999999999991
			vertex -1830 -4210 -399.9999999999991
		endloop
	endfacet
	facet normal 0 1 0
		outer loop
			vertex -1880 -4210 -399.9999999999991
			vertex -1880 -4210 -379.9999999999991
			vertex -1830 -4210 -379.9999999999991
		endloop
	endfacet
	facet normal 0 8.12048840868686e-16 1
		outer loop
			vertex -1830 -4210 -379.9999999999991
			vertex -1880 -4210 -379.9999999999991
			vertex -1980 -4280 -379.99999999999903
		endloop
	endfacet
	facet normal 1.5303997385602157e-16 2.1862853408003084e-16 1
		outer loop
			vertex -1880 -4090 -379.9999999999991
			vertex -1980 -4020 -379.9999999999991
			vertex -1980 -4280 -379.99999999999903
		endloop
	endfacet
	facet normal 5.684341886080802e-16 0 1
		outer loop
			vertex -1880 -4090 -379.9999999999991
			vertex -1980 -4280 -379.99999999999903
			vertex -1880 -4210 -379.9999999999991
		endloop
	endfacet
	facet normal 0 0 1
		outer loop
			vertex -1830 -4090 -379.9999999999991
			vertex -1980 -4020 -379.9999999999991
			vertex -1880 -4090 -379.9999999999991
		endloop
	endfacet
	facet normal 0 8.120488408686859e-16 1
		outer loop
			vertex -1522.5 -4280 -379.99999999999903
			vertex -1830 -4210 -379.9999999999991
			vertex -1980 -4280 -379.99999999999903
		endloop
	endfacet
	facet normal 0 0 1
		outer loop
			vertex -1522.5 -4020 -379.9999999999991
			vertex -1830 -4090 -379.9999999999991
			vertex -1830 -4210 -379.9999999999991
		endloop
	endfacet
	facet normal -1.3508754951286458e-16 2.1862853408003084e-16 1
		outer loop
			vertex -1522.5 -4020 -379.9999999999991
			vertex -1830 -4210 -379.9999999999991
			vertex -1522.5 -4280 -379.99999999999903
		endloop
	endfacet
	facet normal 0 0 1
		outer loop
			vertex -1522.5 -4020 -379.9999999999991
			vertex -1980 -4020 -379.9999999999991
			vertex -1830 -4090 -379.9999999999991
		endloop
	endfacet
	facet normal -1 0 0
		outer loop
			vertex -1522.5 -4280 -379.99999999999903
			vertex -1522.5 -4280 9.50350909079134e-13
			vertex -1522.5 -4020 8.926193117986259e-13
		endloop
	endfacet
	facet normal -1 0 0
		outer loop
			vertex -1522.5 -4280 -379.99999999999903
			vertex -1522.5 -4020 8.926193117986259e-13
			vertex -1522.5 -4020 -379.9999999999991
		endloop
	endfacet
	facet normal 0 1 0
		outer loop
			vertex -1522.5 -4280 -379.99999999999903
			vertex -1980 -4280 -379.99999999999903
			vertex -1980 -4280 9.50350909079134e-13
		endloop
	endfacet
	facet normal 0 1 0
		outer loop
			vertex -1522.5 -4280 9.50350909079134e-13
			vertex -1522.5 -4280 -379.99999999999903
			vertex -1980 -4280 9.50350909079134e-13
		endloop
	endfacet
	facet normal 1 0 0
		outer loop
			vertex -1980 -4280 -379.99999999999903
			vertex -1980 -4020 -379.9999999999991
			vertex -1980 -4020 8.926193117986259e-13
		endloop
	endfacet
	facet normal 1 0 0
		outer loop
			vertex -1980 -4280 -379.99999999999903
			vertex -1980 -4020 8.926193117986259e-13
			vertex -1980 -4280 9.50350909079134e-13
		endloop
	endfacet
	facet normal 0 -1 0
		outer loop
			vertex -1980 -4020 8.926193117986259e-13
			vertex -1522.5 -4020 -379.9999999999991
			vertex -1522.5 -4020 8.926193117986259e-13
		endloop
	endfacet
	facet normal 0 -1 0
		outer loop
			vertex -1980 -4020 -379.9999999999991
			vertex -1522.5 -4020 -379.9999999999991
			vertex -1980 -4020 8.926193117986259e-13
		endloop
	endfacet
	facet normal 0 -1 0
		outer loop
			vertex -160 -4090 -379.9999999999991
			vertex -210 -4090 -379.9999999999991
			vertex -210 -4090 -399.9999999999991
		endloop
	endfacet
	facet normal 0 -1 0
		outer loop
			vertex -160 -4090 -379.9999999999991
			vertex -210 -4090 -399.9999999999991
			vertex -160 -4090 -399.9999999999991
		endloop
	endfacet
	facet normal 1 0 0
		outer loop
			vertex -210 -4090 -379.9999999999991
			vertex -210 -4210 -379.9999999999991
			vertex -210 -4210 -399.9999999999991
		endloop
	endfacet
	facet normal 1 0 0
		outer loop
			vertex -210 -4090 -379.9999999999991
			vertex -210 -4210 -399.9999999999991
			vertex -210 -4090 -399.9999999999991
		endloop
	endfacet
	facet normal 0 1 0
		outer loop
			vertex -210 -4210 -399.9999999999991
			vertex -160 -4210 -379.9999999999991
			vertex -160 -4210 -399.9999999999991
		endloop
	endfacet
	facet normal 0 1 0
		outer loop
			vertex -210 -4210 -399.9999999999991
			vertex -210 -4210 -379.9999999999991
			vertex -160 -4210 -379.9999999999991
		endloop
	endfacet
	facet normal -1 0 0
		outer loop
			vertex -160 -4210 -399.9999999999991
			vertex -160 -4090 -379.9999999999991
			vertex -160 -4090 -399.9999999999991
		endloop
	endfacet
	facet normal -1 0 0
		outer loop
			vertex -160 -4210 -399.9999999999991
			vertex -160 -4210 -379.9999999999991
			vertex -160 -4090 -379.9999999999991
		endloop
	endfacet
	facet normal 0 8.12048840868686e-16 1
		outer loop
			vertex -60 -4280 -379.99999999999903
			vertex -160 -4210 -379.9999999999991
			vertex -210 -4210 -379.9999999999991
		endloop
	endfacet
	facet normal 0 8.120488408686859e-16 1
		outer loop
			vertex -60 -4280 -379.99999999999903
			vertex -210 -4210 -379.9999999999991
			vertex -477.5 -4280 -379.99999999999903
		endloop
	endfacet
	facet normal 5.721120517982115e-17 2.1862853408003084e-16 1
		outer loop
			vertex -210 -4090 -379.9999999999991
			vertex -477.5 -4020 -379.9999999999991
			vertex -477.5 -4280 -379.99999999999903
		endloop
	endfacet
	facet normal 2.1249876209647854e-16 0 1
		outer loop
			vertex -210 -4090 -379.9999999999991
			vertex -477.5 -4280 -379.99999999999903
			vertex -210 -4210 -379.9999999999991
		endloop
	endfacet
	facet normal 0 0 1
		outer loop
			vertex -60 -4020 -379.9999999999991
			vertex -160 -4090 -379.9999999999991
			vertex -160 -4210 -379.9999999999991
		endloop
	endfacet
	facet normal 0 0 1
		outer loop
			vertex -60 -4020 -379.9999999999991
			vertex -210 -4090 -379.9999999999991
			vertex -160 -4090 -379.9999999999991
		endloop
	endfacet
	facet normal -4.1539421475205856e-16 2.1862853408003084e-16 1
		outer loop
			vertex -60 -4020 -379.9999999999991
			vertex -160 -4210 -379.9999999999991
			vertex -60 -4280 -379.99999999999903
		endloop
	endfacet
	facet normal 0 0 1
		outer loop
			vertex -60 -4020 -379.9999999999991
			vertex -477.5 -4020 -379.9999999999991
			vertex -210 -4090 -379.9999999999991
		endloop
	endfacet
	facet normal 1 0 0
		outer loop
			vertex -477.5 -4020 8.926193117986259e-13
			vertex -477.5 -4280 9.50350909079134e-13
			vertex -477.5 -4280 -379.99999999999903
		endloop
	endfacet
	facet normal 1 0 0
		outer loop
			vertex -477.5 -4020 8.926193117986259e-13
			vertex -477.5 -4280 -379.99999999999903
			vertex -477.5 -4020 -379.9999999999991
		endloop
	endfacet
	facet normal 0 -1 0
		outer loop
			vertex -477.5 -4020 -379.9999999999991
			vertex -60 -4020 -379.9999999999991
			vertex -60 -4020 8.926193117986259e-13
		endloop
	endfacet
	facet normal 0 -1 0
		outer loop
			vertex -477.5 -4020 -379.9999999999991
			vertex -60 -4020 8.926193117986259e-13
			vertex -477.5 -4020 8.926193117986259e-13
		endloop
	endfacet
	facet normal -1 0 0
		outer loop
			vertex -60 -4020 8.926193117986259e-13
			vertex -60 -4280 -379.99999999999903
			vertex -60 -4280 9.50350909079134e-13
		endloop
	endfacet
	facet normal -1 0 0
		outer loop
			vertex -60 -4020 8.926193117986259e-13
			vertex -60 -4020 -379.9999999999991
			vertex -60 -4280 -379.99999999999903
		endloop
	endfacet
	facet normal 0 1 0
		outer loop
			vertex -60 -4280 9.50350909079134e-13
			vertex -477.5 -4280 -379.99999999999903
			vertex -477.5 -4280 9.50350909079134e-13
		endloop
	endfacet
	facet normal 0 1 0
		outer loop
			vertex -60 -4280 9.50350909079134e-13
			vertex -60 -4280 -379.99999999999903
			vertex -477.5 -4280 -379.99999999999903
		endloop
	endfacet
	facet normal 0 -1 0
		outer loop
			vertex -935 -4022.5 -399.9999999999991
			vertex -1025 -4022.5 8.931744233109384e-13
			vertex -1025 -4022.5 -399.9999999999991
		endloop
	endfacet
	facet normal 0 -1 0
		outer loop
			vertex -935 -4022.5 -399.9999999999991
			vertex -935 -4022.5 8.931744233109384e-13
			vertex -1025 -4022.5 8.931744233109384e-13
		endloop
	endfacet
	facet normal -1 0 0
		outer loop
			vertex -935 -4057.5 9.009459844833145e-13
			vertex -935 -4022.5 -399.9999999999991
			vertex -935 -4057.5 -399.9999999999991
		endloop
	endfacet
	facet normal -1 0 0
		outer loop
			vertex -935 -4057.5 9.009459844833145e-13
			vertex -935 -4022.5 8.931744233109384e-13
			vertex -935 -4022.5 -399.9999999999991
		endloop
	endfacet
	facet normal 0 1 0
		outer loop
			vertex -935 -4057.5 9.009459844833145e-13
			vertex -1025 -4057.5 -399.9999999999991
			vertex -1025 -4057.5 9.009459844833145e-13
		endloop
	endfacet
	facet normal 0 1 0
		outer loop
			vertex -935 -4057.5 9.009459844833145e-13
			vertex -935 -4057.5 -399.9999999999991
			vertex -1025 -4057.5 -399.9999999999991
		endloop
	endfacet
	facet normal 1 0 0
		outer loop
			vertex -1025 -4057.5 -399.9999999999991
			vertex -1025 -4022.5 -399.9999999999991
			vertex -1025 -4022.5 8.931744233109384e-13
		endloop
	endfacet
	facet normal 1 0 0
		outer loop
			vertex -1025 -4057.5 -399.9999999999991
			vertex -1025 -4022.5 8.931744233109384e-13
			vertex -1025 -4057.5 9.009459844833145e-13
		endloop
	endfacet
	facet normal 0 -1 0
		outer loop
			vertex -2935 -4022.5 -399.9999999999991
			vertex -3025 -4022.5 8.931744233109384e-13
			vertex -3025 -4022.5 -399.9999999999991
		endloop
	endfacet
	facet normal 0 -1 0
		outer loop
			vertex -2935 -4022.5 -399.9999999999991
			vertex -2935 -4022.5 8.931744233109384e-13
			vertex -3025 -4022.5 8.931744233109384e-13
		endloop
	endfacet
	facet normal -1 0 0
		outer loop
			vertex -2935 -4057.5 9.009459844833145e-13
			vertex -2935 -4022.5 -399.9999999999991
			vertex -2935 -4057.5 -399.9999999999991
		endloop
	endfacet
	facet normal -1 0 0
		outer loop
			vertex -2935 -4057.5 9.009459844833145e-13
			vertex -2935 -4022.5 8.931744233109384e-13
			vertex -2935 -4022.5 -399.9999999999991
		endloop
	endfacet
	facet normal 0 1 0
		outer loop
			vertex -2935 -4057.5 9.009459844833145e-13
			vertex -3025 -4057.5 -399.9999999999991
			vertex -3025 -4057.5 9.009459844833145e-13
		endloop
	endfacet
	facet normal 0 1 0
		outer loop
			vertex -2935 -4057.5 9.009459844833145e-13
			vertex -2935 -4057.5 -399.9999999999991
			vertex -3025 -4057.5 -399.9999999999991
		endloop
	endfacet
	facet normal 1 0 0
		outer loop
			vertex -3025 -4057.5 -399.9999999999991
			vertex -3025 -4022.5 -399.9999999999991
			vertex -3025 -4022.5 8.931744233109384e-13
		endloop
	endfacet
	facet normal 1 0 0
		outer loop
			vertex -3025 -4057.5 -399.9999999999991
			vertex -3025 -4022.5 8.931744233109384e-13
			vertex -3025 -4057.5 9.009459844833145e-13
		endloop
	endfacet
	facet normal 0 -1 0
		outer loop
			vertex -2160 -4090 -379.9999999999991
			vertex -2210 -4090 -379.9999999999991
			vertex -2210 -4090 -399.9999999999991
		endloop
	endfacet
	facet normal 0 -1 0
		outer loop
			vertex -2160 -4090 -379.9999999999991
			vertex -2210 -4090 -399.9999999999991
			vertex -2160 -4090 -399.9999999999991
		endloop
	endfacet
	facet normal 1 0 0
		outer loop
			vertex -2210 -4090 -379.9999999999991
			vertex -2210 -4210 -379.9999999999991
			vertex -2210 -4210 -399.9999999999991
		endloop
	endfacet
	facet normal 1 0 0
		outer loop
			vertex -2210 -4090 -379.9999999999991
			vertex -2210 -4210 -399.9999999999991
			vertex -2210 -4090 -399.9999999999991
		endloop
	endfacet
	facet normal 0 1 0
		outer loop
			vertex -2210 -4210 -399.9999999999991
			vertex -2160 -4210 -379.9999999999991
			vertex -2160 -4210 -399.9999999999991
		endloop
	endfacet
	facet normal 0 1 0
		outer loop
			vertex -2210 -4210 -399.9999999999991
			vertex -2210 -4210 -379.9999999999991
			vertex -2160 -4210 -379.9999999999991
		endloop
	endfacet
	facet normal -1 0 0
		outer loop
			vertex -2160 -4210 -399.9999999999991
			vertex -2160 -4090 -379.9999999999991
			vertex -2160 -4090 -399.9999999999991
		endloop
	endfacet
	facet normal -1 0 0
		outer loop
			vertex -2160 -4210 -399.9999999999991
			vertex -2160 -4210 -379.9999999999991
			vertex -2160 -4090 -379.9999999999991
		endloop
	endfacet
	facet normal 0 8.12048840868686e-16 1
		outer loop
			vertex -2060 -4280 -379.99999999999903
			vertex -2160 -4210 -379.9999999999991
			vertex -2210 -4210 -379.9999999999991
		endloop
	endfacet
	facet normal 0 8.120488408686859e-16 1
		outer loop
			vertex -2060 -4280 -379.99999999999903
			vertex -2210 -4210 -379.9999999999991
			vertex -2477.5 -4280 -379.99999999999903
		endloop
	endfacet
	facet normal 5.721120517982115e-17 2.1862853408003084e-16 1
		outer loop
			vertex -2210 -4090 -379.9999999999991
			vertex -2477.5 -4020 -379.9999999999991
			vertex -2477.5 -4280 -379.99999999999903
		endloop
	endfacet
	facet normal 2.1249876209647854e-16 0 1
		outer loop
			vertex -2210 -4090 -379.9999999999991
			vertex -2477.5 -4280 -379.99999999999903
			vertex -2210 -4210 -379.9999999999991
		endloop
	endfacet
	facet normal 0 0 1
		outer loop
			vertex -2060 -4020 -379.9999999999991
			vertex -2160 -4090 -379.9999999999991
			vertex -2160 -4210 -379.9999999999991
		endloop
	endfacet
	facet normal 0 0 1
		outer loop
			vertex -2060 -4020 -379.9999999999991
			vertex -2210 -4090 -379.9999999999991
			vertex -2160 -4090 -379.9999999999991
		endloop
	endfacet
	facet normal -4.1539421475205856e-16 2.1862853408003084e-16 1
		outer loop
			vertex -2060 -4020 -379.9999999999991
			vertex -2160 -4210 -379.9999999999991
			vertex -2060 -4280 -379.99999999999903
		endloop
	endfacet
	facet normal 0 0 1
		outer loop
			vertex -2060 -4020 -379.9999999999991
			vertex -2477.5 -4020 -379.9999999999991
			vertex -2210 -4090 -379.9999999999991
		endloop
	endfacet
	facet normal 1 0 0
		outer loop
			vertex -2477.5 -4020 8.926193117986259e-13
			vertex -2477.5 -4280 9.50350909079134e-13
			vertex -2477.5 -4280 -379.99999999999903
		endloop
	endfacet
	facet normal 1 0 0
		outer loop
			vertex -2477.5 -4020 8.926193117986259e-13
			vertex -2477.5 -4280 -379.99999999999903
			vertex -2477.5 -4020 -379.9999999999991
		endloop
	endfacet
	facet normal 0 -1 0
		outer loop
			vertex -2477.5 -4020 -379.9999999999991
			vertex -2060 -4020 -379.9999999999991
			vertex -2060 -4020 8.926193117986259e-13
		endloop
	endfacet
	facet normal 0 -1 0
		outer loop
			vertex -2477.5 -4020 -379.9999999999991
			vertex -2060 -4020 8.926193117986259e-13
			vertex -2477.5 -4020 8.926193117986259e-13
		endloop
	endfacet
	facet normal -1 0 0
		outer loop
			vertex -2060 -4020 8.926193117986259e-13
			vertex -2060 -4280 -379.99999999999903
			vertex -2060 -4280 9.50350909079134e-13
		endloop
	endfacet
	facet normal -1 0 0
		outer loop
			vertex -2060 -4020 8.926193117986259e-13
			vertex -2060 -4020 -379.9999999999991
			vertex -2060 -4280 -379.99999999999903
		endloop
	endfacet
	facet normal 0 1 0
		outer loop
			vertex -2060 -4280 9.50350909079134e-13
			vertex -2477.5 -4280 -379.99999999999903
			vertex -2477.5 -4280 9.50350909079134e-13
		endloop
	endfacet
	facet normal 0 1 0
		outer loop
			vertex -2060 -4280 9.50350909079134e-13
			vertex -2060 -4280 -379.99999999999903
			vertex -2477.5 -4280 -379.99999999999903
		endloop
	endfacet
	facet normal -1 0 0
		outer loop
			vertex -3830 -4210 -399.9999999999991
			vertex -3830 -4090 -379.9999999999991
			vertex -3830 -4090 -399.9999999999991
		endloop
	endfacet
	facet normal -1 0 0
		outer loop
			vertex -3830 -4210 -399.9999999999991
			vertex -3830 -4210 -379.9999999999991
			vertex -3830 -4090 -379.9999999999991
		endloop
	endfacet
	facet normal 0 -1 0
		outer loop
			vertex -3830 -4090 -379.9999999999991
			vertex -3880 -4090 -379.9999999999991
			vertex -3880 -4090 -399.9999999999991
		endloop
	endfacet
	facet normal 0 -1 0
		outer loop
			vertex -3830 -4090 -379.9999999999991
			vertex -3880 -4090 -399.9999999999991
			vertex -3830 -4090 -399.9999999999991
		endloop
	endfacet
	facet normal 1 0 0
		outer loop
			vertex -3880 -4090 -379.9999999999991
			vertex -3880 -4210 -379.9999999999991
			vertex -3880 -4210 -399.9999999999991
		endloop
	endfacet
	facet normal 1 0 0
		outer loop
			vertex -3880 -4090 -379.9999999999991
			vertex -3880 -4210 -399.9999999999991
			vertex -3880 -4090 -399.9999999999991
		endloop
	endfacet
	facet normal 0 1 0
		outer loop
			vertex -3880 -4210 -399.9999999999991
			vertex -3830 -4210 -379.9999999999991
			vertex -3830 -4210 -399.9999999999991
		endloop
	endfacet
	facet normal 0 1 0
		outer loop
			vertex -3880 -4210 -399.9999999999991
			vertex -3880 -4210 -379.9999999999991
			vertex -3830 -4210 -379.9999999999991
		endloop
	endfacet
	facet normal 0 8.12048840868686e-16 1
		outer loop
			vertex -3830 -4210 -379.9999999999991
			vertex -3880 -4210 -379.9999999999991
			vertex -3980 -4280 -379.99999999999903
		endloop
	endfacet
	facet normal 1.5303997385602157e-16 2.1862853408003084e-16 1
		outer loop
			vertex -3880 -4090 -379.9999999999991
			vertex -3980 -4020 -379.9999999999991
			vertex -3980 -4280 -379.99999999999903
		endloop
	endfacet
	facet normal 5.684341886080802e-16 0 1
		outer loop
			vertex -3880 -4090 -379.9999999999991
			vertex -3980 -4280 -379.99999999999903
			vertex -3880 -4210 -379.9999999999991
		endloop
	endfacet
	facet normal 0 0 1
		outer loop
			vertex -3830 -4090 -379.9999999999991
			vertex -3980 -4020 -379.9999999999991
			vertex -3880 -4090 -379.9999999999991
		endloop
	endfacet
	facet normal 0 8.120488408686859e-16 1
		outer loop
			vertex -3522.5 -4280 -379.99999999999903
			vertex -3830 -4210 -379.9999999999991
			vertex -3980 -4280 -379.99999999999903
		endloop
	endfacet
	facet normal 0 0 1
		outer loop
			vertex -3522.5 -4020 -379.9999999999991
			vertex -3830 -4090 -379.9999999999991
			vertex -3830 -4210 -379.9999999999991
		endloop
	endfacet
	facet normal -1.3508754951286458e-16 2.1862853408003084e-16 1
		outer loop
			vertex -3522.5 -4020 -379.9999999999991
			vertex -3830 -4210 -379.9999999999991
			vertex -3522.5 -4280 -379.99999999999903
		endloop
	endfacet
	facet normal 0 0 1
		outer loop
			vertex -3522.5 -4020 -379.9999999999991
			vertex -3980 -4020 -379.9999999999991
			vertex -3830 -4090 -379.9999999999991
		endloop
	endfacet
	facet normal -1 0 0
		outer loop
			vertex -3522.5 -4280 -379.99999999999903
			vertex -3522.5 -4280 9.50350909079134e-13
			vertex -3522.5 -4020 8.926193117986259e-13
		endloop
	endfacet
	facet normal -1 0 0
		outer loop
			vertex -3522.5 -4280 -379.99999999999903
			vertex -3522.5 -4020 8.926193117986259e-13
			vertex -3522.5 -4020 -379.9999999999991
		endloop
	endfacet
	facet normal 0 1 0
		outer loop
			vertex -3522.5 -4280 -379.99999999999903
			vertex -3980 -4280 -379.99999999999903
			vertex -3980 -4280 9.50350909079134e-13
		endloop
	endfacet
	facet normal 0 1 0
		outer loop
			vertex -3522.5 -4280 9.50350909079134e-13
			vertex -3522.5 -4280 -379.99999999999903
			vertex -3980 -4280 9.50350909079134e-13
		endloop
	endfacet
	facet normal 1 0 0
		outer loop
			vertex -3980 -4280 -379.99999999999903
			vertex -3980 -4020 -379.9999999999991
			vertex -3980 -4020 8.926193117986259e-13
		endloop
	endfacet
	facet normal 1 0 0
		outer loop
			vertex -3980 -4280 -379.99999999999903
			vertex -3980 -4020 8.926193117986259e-13
			vertex -3980 -4280 9.50350909079134e-13
		endloop
	endfacet
	facet normal 0 -1 0
		outer loop
			vertex -3980 -4020 8.926193117986259e-13
			vertex -3522.5 -4020 -379.9999999999991
			vertex -3522.5 -4020 8.926193117986259e-13
		endloop
	endfacet
	facet normal 0 -1 0
		outer loop
			vertex -3980 -4020 -379.9999999999991
			vertex -3522.5 -4020 -379.9999999999991
			vertex -3980 -4020 8.926193117986259e-13
		endloop
	endfacet
	facet normal 0 -1 0
		outer loop
			vertex -4935 -4022.5 -399.9999999999991
			vertex -5025 -4022.5 8.931744233109384e-13
			vertex -5025 -4022.5 -399.9999999999991
		endloop
	endfacet
	facet normal 0 -1 0
		outer loop
			vertex -4935 -4022.5 -399.9999999999991
			vertex -4935 -4022.5 8.931744233109384e-13
			vertex -5025 -4022.5 8.931744233109384e-13
		endloop
	endfacet
	facet normal -1 0 0
		outer loop
			vertex -4935 -4057.5 9.009459844833145e-13
			vertex -4935 -4022.5 -399.9999999999991
			vertex -4935 -4057.5 -399.9999999999991
		endloop
	endfacet
	facet normal -1 0 0
		outer loop
			vertex -4935 -4057.5 9.009459844833145e-13
			vertex -4935 -4022.5 8.931744233109384e-13
			vertex -4935 -4022.5 -399.9999999999991
		endloop
	endfacet
	facet normal 0 1 0
		outer loop
			vertex -4935 -4057.5 9.009459844833145e-13
			vertex -5025 -4057.5 -399.9999999999991
			vertex -5025 -4057.5 9.009459844833145e-13
		endloop
	endfacet
	facet normal 0 1 0
		outer loop
			vertex -4935 -4057.5 9.009459844833145e-13
			vertex -4935 -4057.5 -399.9999999999991
			vertex -5025 -4057.5 -399.9999999999991
		endloop
	endfacet
	facet normal 1 0 0
		outer loop
			vertex -5025 -4057.5 -399.9999999999991
			vertex -5025 -4022.5 -399.9999999999991
			vertex -5025 -4022.5 8.931744233109384e-13
		endloop
	endfacet
	facet normal 1 0 0
		outer loop
			vertex -5025 -4057.5 -399.9999999999991
			vertex -5025 -4022.5 8.931744233109384e-13
			vertex -5025 -4057.5 9.009459844833145e-13
		endloop
	endfacet
	facet normal 0 -1 0
		outer loop
			vertex -4160 -4090 -379.9999999999991
			vertex -4210 -4090 -379.9999999999991
			vertex -4210 -4090 -399.9999999999991
		endloop
	endfacet
	facet normal 0 -1 0
		outer loop
			vertex -4160 -4090 -379.9999999999991
			vertex -4210 -4090 -399.9999999999991
			vertex -4160 -4090 -399.9999999999991
		endloop
	endfacet
	facet normal 1 0 0
		outer loop
			vertex -4210 -4090 -379.9999999999991
			vertex -4210 -4210 -379.9999999999991
			vertex -4210 -4210 -399.9999999999991
		endloop
	endfacet
	facet normal 1 0 0
		outer loop
			vertex -4210 -4090 -379.9999999999991
			vertex -4210 -4210 -399.9999999999991
			vertex -4210 -4090 -399.9999999999991
		endloop
	endfacet
	facet normal 0 1 0
		outer loop
			vertex -4210 -4210 -399.9999999999991
			vertex -4160 -4210 -379.9999999999991
			vertex -4160 -4210 -399.9999999999991
		endloop
	endfacet
	facet normal 0 1 0
		outer loop
			vertex -4210 -4210 -399.9999999999991
			vertex -4210 -4210 -379.9999999999991
			vertex -4160 -4210 -379.9999999999991
		endloop
	endfacet
	facet normal -1 0 0
		outer loop
			vertex -4160 -4210 -399.9999999999991
			vertex -4160 -4090 -379.9999999999991
			vertex -4160 -4090 -399.9999999999991
		endloop
	endfacet
	facet normal -1 0 0
		outer loop
			vertex -4160 -4210 -399.9999999999991
			vertex -4160 -4210 -379.9999999999991
			vertex -4160 -4090 -379.9999999999991
		endloop
	endfacet
	facet normal 0 8.12048840868686e-16 1
		outer loop
			vertex -4060 -4280 -379.99999999999903
			vertex -4160 -4210 -379.9999999999991
			vertex -4210 -4210 -379.9999999999991
		endloop
	endfacet
	facet normal 0 8.120488408686859e-16 1
		outer loop
			vertex -4060 -4280 -379.99999999999903
			vertex -4210 -4210 -379.9999999999991
			vertex -4477.5 -4280 -379.99999999999903
		endloop
	endfacet
	facet normal 5.721120517982115e-17 2.1862853408003084e-16 1
		outer loop
			vertex -4210 -4090 -379.9999999999991
			vertex -4477.5 -4020 -379.9999999999991
			vertex -4477.5 -4280 -379.99999999999903
		endloop
	endfacet
	facet normal 2.1249876209647854e-16 0 1
		outer loop
			vertex -4210 -4090 -379.9999999999991
			vertex -4477.5 -4280 -379.99999999999903
			vertex -4210 -4210 -379.9999999999991
		endloop
	endfacet
	facet normal 0 0 1
		outer loop
			vertex -4060 -4020 -379.9999999999991
			vertex -4160 -4090 -379.9999999999991
			vertex -4160 -4210 -379.9999999999991
		endloop
	endfacet
	facet normal 0 0 1
		outer loop
			vertex -4060 -4020 -379.9999999999991
			vertex -4210 -4090 -379.9999999999991
			vertex -4160 -4090 -379.9999999999991
		endloop
	endfacet
	facet normal -4.1539421475205856e-16 2.1862853408003084e-16 1
		outer loop
			vertex -4060 -4020 -379.9999999999991
			vertex -4160 -4210 -379.9999999999991
			vertex -4060 -4280 -379.99999999999903
		endloop
	endfacet
	facet normal 0 0 1
		outer loop
			vertex -4060 -4020 -379.9999999999991
			vertex -4477.5 -4020 -379.9999999999991
			vertex -4210 -4090 -379.9999999999991
		endloop
	endfacet
	facet normal 1 0 0
		outer loop
			vertex -4477.5 -4020 8.926193117986259e-13
			vertex -4477.5 -4280 9.50350909079134e-13
			vertex -4477.5 -4280 -379.99999999999903
		endloop
	endfacet
	facet normal 1 0 0
		outer loop
			vertex -4477.5 -4020 8.926193117986259e-13
			vertex -4477.5 -4280 -379.99999999999903
			vertex -4477.5 -4020 -379.9999999999991
		endloop
	endfacet
	facet normal 0 -1 0
		outer loop
			vertex -4477.5 -4020 -379.9999999999991
			vertex -4060 -4020 -379.9999999999991
			vertex -4060 -4020 8.926193117986259e-13
		endloop
	endfacet
	facet normal 0 -1 0
		outer loop
			vertex -4477.5 -4020 -379.9999999999991
			vertex -4060 -4020 8.926193117986259e-13
			vertex -4477.5 -4020 8.926193117986259e-13
		endloop
	endfacet
	facet normal -1 0 0
		outer loop
			vertex -4060 -4020 8.926193117986259e-13
			vertex -4060 -4280 -379.99999999999903
			vertex -4060 -4280 9.50350909079134e-13
		endloop
	endfacet
	facet normal -1 0 0
		outer loop
			vertex -4060 -4020 8.926193117986259e-13
			vertex -4060 -4020 -379.9999999999991
			vertex -4060 -4280 -379.99999999999903
		endloop
	endfacet
	facet normal 0 1 0
		outer loop
			vertex -4060 -4280 9.50350909079134e-13
			vertex -4477.5 -4280 -379.99999999999903
			vertex -4477.5 -4280 9.50350909079134e-13
		endloop
	endfacet
	facet normal 0 1 0
		outer loop
			vertex -4060 -4280 9.50350909079134e-13
			vertex -4060 -4280 -379.99999999999903
			vertex -4477.5 -4280 -379.99999999999903
		endloop
	endfacet
	facet normal -1 0 0
		outer loop
			vertex -5830 -4210 -399.9999999999991
			vertex -5830 -4090 -379.9999999999991
			vertex -5830 -4090 -399.9999999999991
		endloop
	endfacet
	facet normal -1 0 0
		outer loop
			vertex -5830 -4210 -399.9999999999991
			vertex -5830 -4210 -379.9999999999991
			vertex -5830 -4090 -379.9999999999991
		endloop
	endfacet
	facet normal 0 -1 0
		outer loop
			vertex -5830 -4090 -379.9999999999991
			vertex -5880 -4090 -379.9999999999991
			vertex -5880 -4090 -399.9999999999991
		endloop
	endfacet
	facet normal 0 -1 0
		outer loop
			vertex -5830 -4090 -379.9999999999991
			vertex -5880 -4090 -399.9999999999991
			vertex -5830 -4090 -399.9999999999991
		endloop
	endfacet
	facet normal 1 0 0
		outer loop
			vertex -5880 -4090 -379.9999999999991
			vertex -5880 -4210 -379.9999999999991
			vertex -5880 -4210 -399.9999999999991
		endloop
	endfacet
	facet normal 1 0 0
		outer loop
			vertex -5880 -4090 -379.9999999999991
			vertex -5880 -4210 -399.9999999999991
			vertex -5880 -4090 -399.9999999999991
		endloop
	endfacet
	facet normal 0 1 0
		outer loop
			vertex -5880 -4210 -399.9999999999991
			vertex -5830 -4210 -379.9999999999991
			vertex -5830 -4210 -399.9999999999991
		endloop
	endfacet
	facet normal 0 1 0
		outer loop
			vertex -5880 -4210 -399.9999999999991
			vertex -5880 -4210 -379.9999999999991
			vertex -5830 -4210 -379.9999999999991
		endloop
	endfacet
	facet normal 0 8.12048840868686e-16 1
		outer loop
			vertex -5830 -4210 -379.9999999999991
			vertex -5880 -4210 -379.9999999999991
			vertex -5980 -4280 -379.99999999999903
		endloop
	endfacet
	facet normal 1.5303997385602157e-16 2.1862853408003084e-16 1
		outer loop
			vertex -5880 -4090 -379.9999999999991
			vertex -5980 -4020 -379.9999999999991
			vertex -5980 -4280 -379.99999999999903
		endloop
	endfacet
	facet normal 5.684341886080802e-16 0 1
		outer loop
			vertex -5880 -4090 -379.9999999999991
			vertex -5980 -4280 -379.99999999999903
			vertex -5880 -4210 -379.9999999999991
		endloop
	endfacet
	facet normal 0 0 1
		outer loop
			vertex -5830 -4090 -379.9999999999991
			vertex -5980 -4020 -379.9999999999991
			vertex -5880 -4090 -379.9999999999991
		endloop
	endfacet
	facet normal 0 8.120488408686859e-16 1
		outer loop
			vertex -5522.5 -4280 -379.99999999999903
			vertex -5830 -4210 -379.9999999999991
			vertex -5980 -4280 -379.99999999999903
		endloop
	endfacet
	facet normal 0 0 1
		outer loop
			vertex -5522.5 -4020 -379.9999999999991
			vertex -5830 -4090 -379.9999999999991
			vertex -5830 -4210 -379.9999999999991
		endloop
	endfacet
	facet normal -1.3508754951286458e-16 2.1862853408003084e-16 1
		outer loop
			vertex -5522.5 -4020 -379.9999999999991
			vertex -5830 -4210 -379.9999999999991
			vertex -5522.5 -4280 -379.99999999999903
		endloop
	endfacet
	facet normal 0 0 1
		outer loop
			vertex -5522.5 -4020 -379.9999999999991
			vertex -5980 -4020 -379.9999999999991
			vertex -5830 -4090 -379.9999999999991
		endloop
	endfacet
	facet normal -1 0 0
		outer loop
			vertex -5522.5 -4280 -379.99999999999903
			vertex -5522.5 -4280 9.50350909079134e-13
			vertex -5522.5 -4020 8.926193117986259e-13
		endloop
	endfacet
	facet normal -1 0 0
		outer loop
			vertex -5522.5 -4280 -379.99999999999903
			vertex -5522.5 -4020 8.926193117986259e-13
			vertex -5522.5 -4020 -379.9999999999991
		endloop
	endfacet
	facet normal 0 1 0
		outer loop
			vertex -5522.5 -4280 -379.99999999999903
			vertex -5980 -4280 -379.99999999999903
			vertex -5980 -4280 9.50350909079134e-13
		endloop
	endfacet
	facet normal 0 1 0
		outer loop
			vertex -5522.5 -4280 9.50350909079134e-13
			vertex -5522.5 -4280 -379.99999999999903
			vertex -5980 -4280 9.50350909079134e-13
		endloop
	endfacet
	facet normal 1 0 0
		outer loop
			vertex -5980 -4280 -379.99999999999903
			vertex -5980 -4020 -379.9999999999991
			vertex -5980 -4020 8.926193117986259e-13
		endloop
	endfacet
	facet normal 1 0 0
		outer loop
			vertex -5980 -4280 -379.99999999999903
			vertex -5980 -4020 8.926193117986259e-13
			vertex -5980 -4280 9.50350909079134e-13
		endloop
	endfacet
	facet normal 0 -1 0
		outer loop
			vertex -5980 -4020 8.926193117986259e-13
			vertex -5522.5 -4020 -379.9999999999991
			vertex -5522.5 -4020 8.926193117986259e-13
		endloop
	endfacet
	facet normal 0 -1 0
		outer loop
			vertex -5980 -4020 -379.9999999999991
			vertex -5522.5 -4020 -379.9999999999991
			vertex -5980 -4020 8.926193117986259e-13
		endloop
	endfacet
	facet normal 0 -1 0
		outer loop
			vertex 1065 -4022.5 -399.9999999999991
			vertex 975 -4022.5 8.931744233109384e-13
			vertex 975 -4022.5 -399.9999999999991
		endloop
	endfacet
	facet normal 0 -1 0
		outer loop
			vertex 1065 -4022.5 -399.9999999999991
			vertex 1065 -4022.5 8.931744233109384e-13
			vertex 975 -4022.5 8.931744233109384e-13
		endloop
	endfacet
	facet normal -1 0 0
		outer loop
			vertex 1065 -4057.5 9.009459844833145e-13
			vertex 1065 -4022.5 -399.9999999999991
			vertex 1065 -4057.5 -399.9999999999991
		endloop
	endfacet
	facet normal -1 0 0
		outer loop
			vertex 1065 -4057.5 9.009459844833145e-13
			vertex 1065 -4022.5 8.931744233109384e-13
			vertex 1065 -4022.5 -399.9999999999991
		endloop
	endfacet
	facet normal 0 1 0
		outer loop
			vertex 1065 -4057.5 9.009459844833145e-13
			vertex 975 -4057.5 -399.9999999999991
			vertex 975 -4057.5 9.009459844833145e-13
		endloop
	endfacet
	facet normal 0 1 0
		outer loop
			vertex 1065 -4057.5 9.009459844833145e-13
			vertex 1065 -4057.5 -399.9999999999991
			vertex 975 -4057.5 -399.9999999999991
		endloop
	endfacet
	facet normal 1 0 0
		outer loop
			vertex 975 -4057.5 -399.9999999999991
			vertex 975 -4022.5 -399.9999999999991
			vertex 975 -4022.5 8.931744233109384e-13
		endloop
	endfacet
	facet normal 1 0 0
		outer loop
			vertex 975 -4057.5 -399.9999999999991
			vertex 975 -4022.5 8.931744233109384e-13
			vertex 975 -4057.5 9.009459844833145e-13
		endloop
	endfacet
	facet normal 0 -1 0
		outer loop
			vertex 1840 -4090 -379.9999999999991
			vertex 1790 -4090 -379.9999999999991
			vertex 1790 -4090 -399.9999999999991
		endloop
	endfacet
	facet normal 0 -1 0
		outer loop
			vertex 1840 -4090 -379.9999999999991
			vertex 1790 -4090 -399.9999999999991
			vertex 1840 -4090 -399.9999999999991
		endloop
	endfacet
	facet normal 1 0 0
		outer loop
			vertex 1790 -4090 -379.9999999999991
			vertex 1790 -4210 -379.9999999999991
			vertex 1790 -4210 -399.9999999999991
		endloop
	endfacet
	facet normal 1 0 0
		outer loop
			vertex 1790 -4090 -379.9999999999991
			vertex 1790 -4210 -399.9999999999991
			vertex 1790 -4090 -399.9999999999991
		endloop
	endfacet
	facet normal 0 1 0
		outer loop
			vertex 1790 -4210 -399.9999999999991
			vertex 1840 -4210 -379.9999999999991
			vertex 1840 -4210 -399.9999999999991
		endloop
	endfacet
	facet normal 0 1 0
		outer loop
			vertex 1790 -4210 -399.9999999999991
			vertex 1790 -4210 -379.9999999999991
			vertex 1840 -4210 -379.9999999999991
		endloop
	endfacet
	facet normal -1 0 0
		outer loop
			vertex 1840 -4210 -399.9999999999991
			vertex 1840 -4090 -379.9999999999991
			vertex 1840 -4090 -399.9999999999991
		endloop
	endfacet
	facet normal -1 0 0
		outer loop
			vertex 1840 -4210 -399.9999999999991
			vertex 1840 -4210 -379.9999999999991
			vertex 1840 -4090 -379.9999999999991
		endloop
	endfacet
	facet normal 0 8.12048840868686e-16 1
		outer loop
			vertex 1940 -4280 -379.99999999999903
			vertex 1840 -4210 -379.9999999999991
			vertex 1790 -4210 -379.9999999999991
		endloop
	endfacet
	facet normal 0 8.120488408686859e-16 1
		outer loop
			vertex 1940 -4280 -379.99999999999903
			vertex 1790 -4210 -379.9999999999991
			vertex 1522.5 -4280 -379.99999999999903
		endloop
	endfacet
	facet normal 5.721120517982115e-17 2.1862853408003084e-16 1
		outer loop
			vertex 1790 -4090 -379.9999999999991
			vertex 1522.5 -4020 -379.9999999999991
			vertex 1522.5 -4280 -379.99999999999903
		endloop
	endfacet
	facet normal 2.1249876209647854e-16 0 1
		outer loop
			vertex 1790 -4090 -379.9999999999991
			vertex 1522.5 -4280 -379.99999999999903
			vertex 1790 -4210 -379.9999999999991
		endloop
	endfacet
	facet normal 0 0 1
		outer loop
			vertex 1940 -4020 -379.9999999999991
			vertex 1840 -4090 -379.9999999999991
			vertex 1840 -4210 -379.9999999999991
		endloop
	endfacet
	facet normal 0 0 1
		outer loop
			vertex 1940 -4020 -379.9999999999991
			vertex 1790 -4090 -379.9999999999991
			vertex 1840 -4090 -379.9999999999991
		endloop
	endfacet
	facet normal -4.1539421475205856e-16 2.1862853408003084e-16 1
		outer loop
			vertex 1940 -4020 -379.9999999999991
			vertex 1840 -4210 -379.9999999999991
			vertex 1940 -4280 -379.99999999999903
		endloop
	endfacet
	facet normal 0 0 1
		outer loop
			vertex 1940 -4020 -379.9999999999991
			vertex 1522.5 -4020 -379.9999999999991
			vertex 1790 -4090 -379.9999999999991
		endloop
	endfacet
	facet normal 1 0 0
		outer loop
			vertex 1522.5 -4020 8.926193117986259e-13
			vertex 1522.5 -4280 9.50350909079134e-13
			vertex 1522.5 -4280 -379.99999999999903
		endloop
	endfacet
	facet normal 1 0 0
		outer loop
			vertex 1522.5 -4020 8.926193117986259e-13
			vertex 1522.5 -4280 -379.99999999999903
			vertex 1522.5 -4020 -379.9999999999991
		endloop
	endfacet
	facet normal 0 -1 0
		outer loop
			vertex 1522.5 -4020 -379.9999999999991
			vertex 1940 -4020 -379.9999999999991
			vertex 1940 -4020 8.926193117986259e-13
		endloop
	endfacet
	facet normal 0 -1 0
		outer loop
			vertex 1522.5 -4020 -379.9999999999991
			vertex 1940 -4020 8.926193117986259e-13
			vertex 1522.5 -4020 8.926193117986259e-13
		endloop
	endfacet
	facet normal 0 1 0
		outer loop
			vertex 1940 -4280 9.50350909079134e-13
			vertex 1522.5 -4280 -379.99999999999903
			vertex 1522.5 -4280 9.50350909079134e-13
		endloop
	endfacet
	facet normal 0 1 0
		outer loop
			vertex 1940 -4280 9.50350909079134e-13
			vertex 1940 -4280 -379.99999999999903
			vertex 1522.5 -4280 -379.99999999999903
		endloop
	endfacet
	facet normal -1 0 0
		outer loop
			vertex 170 -4210 -399.9999999999991
			vertex 170 -4090 -379.9999999999991
			vertex 170 -4090 -399.9999999999991
		endloop
	endfacet
	facet normal -1 0 0
		outer loop
			vertex 170 -4210 -399.9999999999991
			vertex 170 -4210 -379.9999999999991
			vertex 170 -4090 -379.9999999999991
		endloop
	endfacet
	facet normal 0 -1 0
		outer loop
			vertex 170 -4090 -379.9999999999991
			vertex 120 -4090 -379.9999999999991
			vertex 120 -4090 -399.9999999999991
		endloop
	endfacet
	facet normal 0 -1 0
		outer loop
			vertex 170 -4090 -379.9999999999991
			vertex 120 -4090 -399.9999999999991
			vertex 170 -4090 -399.9999999999991
		endloop
	endfacet
	facet normal 1 0 0
		outer loop
			vertex 120 -4090 -379.9999999999991
			vertex 120 -4210 -379.9999999999991
			vertex 120 -4210 -399.9999999999991
		endloop
	endfacet
	facet normal 1 0 0
		outer loop
			vertex 120 -4090 -379.9999999999991
			vertex 120 -4210 -399.9999999999991
			vertex 120 -4090 -399.9999999999991
		endloop
	endfacet
	facet normal 0 1 0
		outer loop
			vertex 120 -4210 -399.9999999999991
			vertex 170 -4210 -379.9999999999991
			vertex 170 -4210 -399.9999999999991
		endloop
	endfacet
	facet normal 0 1 0
		outer loop
			vertex 120 -4210 -399.9999999999991
			vertex 120 -4210 -379.9999999999991
			vertex 170 -4210 -379.9999999999991
		endloop
	endfacet
	facet normal 0 8.12048840868686e-16 1
		outer loop
			vertex 170 -4210 -379.9999999999991
			vertex 120 -4210 -379.9999999999991
			vertex 20 -4280 -379.99999999999903
		endloop
	endfacet
	facet normal 1.5303997385602157e-16 2.1862853408003084e-16 1
		outer loop
			vertex 120 -4090 -379.9999999999991
			vertex 20 -4020 -379.9999999999991
			vertex 20 -4280 -379.99999999999903
		endloop
	endfacet
	facet normal 5.684341886080802e-16 0 1
		outer loop
			vertex 120 -4090 -379.9999999999991
			vertex 20 -4280 -379.99999999999903
			vertex 120 -4210 -379.9999999999991
		endloop
	endfacet
	facet normal 0 0 1
		outer loop
			vertex 170 -4090 -379.9999999999991
			vertex 20 -4020 -379.9999999999991
			vertex 120 -4090 -379.9999999999991
		endloop
	endfacet
	facet normal 0 8.120488408686859e-16 1
		outer loop
			vertex 477.5 -4280 -379.99999999999903
			vertex 170 -4210 -379.9999999999991
			vertex 20 -4280 -379.99999999999903
		endloop
	endfacet
	facet normal 0 0 1
		outer loop
			vertex 477.5 -4020 -379.9999999999991
			vertex 170 -4090 -379.9999999999991
			vertex 170 -4210 -379.9999999999991
		endloop
	endfacet
	facet normal -1.3508754951286458e-16 2.1862853408003084e-16 1
		outer loop
			vertex 477.5 -4020 -379.9999999999991
			vertex 170 -4210 -379.9999999999991
			vertex 477.5 -4280 -379.99999999999903
		endloop
	endfacet
	facet normal 0 0 1
		outer loop
			vertex 477.5 -4020 -379.9999999999991
			vertex 20 -4020 -379.9999999999991
			vertex 170 -4090 -379.9999999999991
		endloop
	endfacet
	facet normal -1 0 0
		outer loop
			vertex 477.5 -4280 -379.99999999999903
			vertex 477.5 -4280 9.50350909079134e-13
			vertex 477.5 -4020 8.926193117986259e-13
		endloop
	endfacet
	facet normal -1 0 0
		outer loop
			vertex 477.5 -4280 -379.99999999999903
			vertex 477.5 -4020 8.926193117986259e-13
			vertex 477.5 -4020 -379.9999999999991
		endloop
	endfacet
	facet normal 0 1 0
		outer loop
			vertex 477.5 -4280 -379.99999999999903
			vertex 20 -4280 -379.99999999999903
			vertex 20 -4280 9.50350909079134e-13
		endloop
	endfacet
	facet normal 0 1 0
		outer loop
			vertex 477.5 -4280 9.50350909079134e-13
			vertex 477.5 -4280 -379.99999999999903
			vertex 20 -4280 9.50350909079134e-13
		endloop
	endfacet
	facet normal 1 0 0
		outer loop
			vertex 20 -4280 -379.99999999999903
			vertex 20 -4020 -379.9999999999991
			vertex 20 -4020 8.926193117986259e-13
		endloop
	endfacet
	facet normal 1 0 0
		outer loop
			vertex 20 -4280 -379.99999999999903
			vertex 20 -4020 8.926193117986259e-13
			vertex 20 -4280 9.50350909079134e-13
		endloop
	endfacet
	facet normal 0 -1 0
		outer loop
			vertex 20 -4020 8.926193117986259e-13
			vertex 477.5 -4020 -379.9999999999991
			vertex 477.5 -4020 8.926193117986259e-13
		endloop
	endfacet
	facet normal 0 -1 0
		outer loop
			vertex 20 -4020 -379.9999999999991
			vertex 477.5 -4020 -379.9999999999991
			vertex 20 -4020 8.926193117986259e-13
		endloop
	endfacet
	facet normal 0 -1 0
		outer loop
			vertex -6090 -4050 -379.9999999999991
			vertex -6210 -4050 -379.9999999999991
			vertex -6210 -4050 -399.9999999999991
		endloop
	endfacet
	facet normal 0 -1 0
		outer loop
			vertex -6090 -4050 -379.9999999999991
			vertex -6210 -4050 -399.9999999999991
			vertex -6090 -4050 -399.9999999999991
		endloop
	endfacet
	facet normal 1 0 0
		outer loop
			vertex -6210 -4050 -379.9999999999991
			vertex -6210 -4100 -379.9999999999991
			vertex -6210 -4100 -399.9999999999991
		endloop
	endfacet
	facet normal 1 0 0
		outer loop
			vertex -6210 -4050 -379.9999999999991
			vertex -6210 -4100 -399.9999999999991
			vertex -6210 -4050 -399.9999999999991
		endloop
	endfacet
	facet normal 0 1 0
		outer loop
			vertex -6210 -4100 -399.9999999999991
			vertex -6090 -4100 -379.9999999999991
			vertex -6090 -4100 -399.9999999999991
		endloop
	endfacet
	facet normal 0 1 0
		outer loop
			vertex -6210 -4100 -399.9999999999991
			vertex -6210 -4100 -379.9999999999991
			vertex -6090 -4100 -379.9999999999991
		endloop
	endfacet
	facet normal -1 0 0
		outer loop
			vertex -6090 -4100 -399.9999999999991
			vertex -6090 -4050 -379.9999999999991
			vertex -6090 -4050 -399.9999999999991
		endloop
	endfacet
	facet normal -1 0 0
		outer loop
			vertex -6090 -4100 -399.9999999999991
			vertex -6090 -4100 -379.9999999999991
			vertex -6090 -4050 -379.9999999999991
		endloop
	endfacet
	facet normal 0 0 1
		outer loop
			vertex -6210 -4100 -379.9999999999991
			vertex -6210 -4050 -379.9999999999991
			vertex -6280 -4020 -379.9999999999991
		endloop
	endfacet
	facet normal 0 0 1
		outer loop
			vertex -6060 -4020 -379.9999999999991
			vertex -6210 -4050 -379.9999999999991
			vertex -6090 -4050 -379.9999999999991
		endloop
	endfacet
	facet normal 0 0 1
		outer loop
			vertex -6060 -4020 -379.9999999999991
			vertex -6280 -4020 -379.9999999999991
			vertex -6210 -4050 -379.9999999999991
		endloop
	endfacet
	facet normal 2.498611818057495e-16 2.1862853408003084e-16 1
		outer loop
			vertex -6280 -4280 -379.99999999999903
			vertex -6210 -4100 -379.9999999999991
			vertex -6280 -4020 -379.9999999999991
		endloop
	endfacet
	facet normal 8.12048840868686e-16 0 1
		outer loop
			vertex -6280 -4280 -379.99999999999903
			vertex -6210 -4200 -379.9999999999991
			vertex -6210 -4100 -379.9999999999991
		endloop
	endfacet
	facet normal 0 0 1
		outer loop
			vertex -6090 -4100 -379.9999999999991
			vertex -6060 -4020 -379.9999999999991
			vertex -6090 -4050 -379.9999999999991
		endloop
	endfacet
	facet normal 0 0 1
		outer loop
			vertex -6090 -4100 -379.9999999999991
			vertex -6210 -4100 -379.9999999999991
			vertex -6210 -4200 -379.9999999999991
		endloop
	endfacet
	facet normal -4.872293045212116e-16 1.1368683772161603e-15 1
		outer loop
			vertex -6210 -4250 -379.99999999999903
			vertex -6210 -4200 -379.9999999999991
			vertex -6280 -4280 -379.99999999999903
		endloop
	endfacet
	facet normal 0 0 1
		outer loop
			vertex -6090 -4200 -379.9999999999991
			vertex -6090 -4100 -379.9999999999991
			vertex -6210 -4200 -379.9999999999991
		endloop
	endfacet
	facet normal 1.1368683772161603e-15 1.1368683772161603e-15 1
		outer loop
			vertex -6060 -4280 -379.99999999999903
			vertex -6090 -4200 -379.9999999999991
			vertex -6090 -4250 -379.99999999999903
		endloop
	endfacet
	facet normal 0 0 1
		outer loop
			vertex -6060 -4280 -379.99999999999903
			vertex -6090 -4250 -379.99999999999903
			vertex -6210 -4250 -379.99999999999903
		endloop
	endfacet
	facet normal 0 0 1
		outer loop
			vertex -6060 -4280 -379.99999999999903
			vertex -6210 -4250 -379.99999999999903
			vertex -6280 -4280 -379.99999999999903
		endloop
	endfacet
	facet normal -5.830094242134155e-16 2.1862853408003084e-16 1
		outer loop
			vertex -6060 -4280 -379.99999999999903
			vertex -6060 -4020 -379.9999999999991
			vertex -6090 -4100 -379.9999999999991
		endloop
	endfacet
	facet normal -1.8947806286936005e-15 0 1
		outer loop
			vertex -6060 -4280 -379.99999999999903
			vertex -6090 -4100 -379.9999999999991
			vertex -6090 -4200 -379.9999999999991
		endloop
	endfacet
	facet normal 0 -1 0
		outer loop
			vertex -6280 -4020 -379.9999999999991
			vertex -6060 -4020 -379.9999999999991
			vertex -6060 -4020 -19.99999999999911
		endloop
	endfacet
	facet normal 0 -1 0
		outer loop
			vertex -6280 -4020 -379.9999999999991
			vertex -6060 -4020 -19.99999999999911
			vertex -6280 -4020 -19.99999999999911
		endloop
	endfacet
	facet normal 0 -2.3229281746003277e-16 -1
		outer loop
			vertex -6060 -4280 -19.999999999999048
			vertex -6280 -4020 -19.99999999999911
			vertex -6060 -4020 -19.99999999999911
		endloop
	endfacet
	facet normal 0 -2.3229281746003277e-16 -1
		outer loop
			vertex -6060 -4280 -19.999999999999048
			vertex -6280 -4280 -19.999999999999048
			vertex -6280 -4020 -19.99999999999911
		endloop
	endfacet
	facet normal 1 0 0
		outer loop
			vertex -6280 -4280 -379.99999999999903
			vertex -6280 -4020 -379.9999999999991
			vertex -6280 -4020 -19.99999999999911
		endloop
	endfacet
	facet normal 1 0 0
		outer loop
			vertex -6280 -4280 -379.99999999999903
			vertex -6280 -4020 -19.99999999999911
			vertex -6280 -4280 -19.999999999999048
		endloop
	endfacet
	facet normal 0 1 0
		outer loop
			vertex -6060 -4280 -19.999999999999048
			vertex -6280 -4280 -379.99999999999903
			vertex -6280 -4280 -19.999999999999048
		endloop
	endfacet
	facet normal 0 1 0
		outer loop
			vertex -6060 -4280 -19.999999999999048
			vertex -6060 -4280 -379.99999999999903
			vertex -6280 -4280 -379.99999999999903
		endloop
	endfacet
	facet normal -1 0 0
		outer loop
			vertex -6060 -4020 -19.99999999999911
			vertex -6060 -4280 -379.99999999999903
			vertex -6060 -4280 -19.999999999999048
		endloop
	endfacet
	facet normal -1 0 0
		outer loop
			vertex -6060 -4020 -19.99999999999911
			vertex -6060 -4020 -379.9999999999991
			vertex -6060 -4280 -379.99999999999903
		endloop
	endfacet
	facet normal 0 -1 0
		outer loop
			vertex -6090 -4200 -379.9999999999991
			vertex -6210 -4200 -379.9999999999991
			vertex -6210 -4200 -399.9999999999991
		endloop
	endfacet
	facet normal 0 -1 0
		outer loop
			vertex -6090 -4200 -379.9999999999991
			vertex -6210 -4200 -399.9999999999991
			vertex -6090 -4200 -399.9999999999991
		endloop
	endfacet
	facet normal 1 0 0
		outer loop
			vertex -6210 -4200 -379.9999999999991
			vertex -6210 -4250 -379.99999999999903
			vertex -6210 -4250 -399.99999999999903
		endloop
	endfacet
	facet normal 1 0 0
		outer loop
			vertex -6210 -4200 -379.9999999999991
			vertex -6210 -4250 -399.99999999999903
			vertex -6210 -4200 -399.9999999999991
		endloop
	endfacet
	facet normal 0 1 0
		outer loop
			vertex -6210 -4250 -399.99999999999903
			vertex -6090 -4250 -379.99999999999903
			vertex -6090 -4250 -399.99999999999903
		endloop
	endfacet
	facet normal 0 1 0
		outer loop
			vertex -6210 -4250 -399.99999999999903
			vertex -6210 -4250 -379.99999999999903
			vertex -6090 -4250 -379.99999999999903
		endloop
	endfacet
	facet normal -1 0 0
		outer loop
			vertex -6090 -4250 -399.99999999999903
			vertex -6090 -4200 -379.9999999999991
			vertex -6090 -4200 -399.9999999999991
		endloop
	endfacet
	facet normal -1 0 0
		outer loop
			vertex -6090 -4250 -399.99999999999903
			vertex -6090 -4250 -379.99999999999903
			vertex -6090 -4200 -379.9999999999991
		endloop
	endfacet
	facet normal -1 0 0
		outer loop
			vertex -6022.5 -2975 -399.9999999999993
			vertex -6022.5 -3065 6.80566714095221e-13
			vertex -6022.5 -2975 6.605826996519681e-13
		endloop
	endfacet
	facet normal -1 0 0
		outer loop
			vertex -6022.5 -2975 -399.9999999999993
			vertex -6022.5 -3065 -399.9999999999993
			vertex -6022.5 -3065 6.80566714095221e-13
		endloop
	endfacet
	facet normal 0 1 0
		outer loop
			vertex -6057.5 -3065 6.80566714095221e-13
			vertex -6022.5 -3065 -399.9999999999993
			vertex -6057.5 -3065 -399.9999999999993
		endloop
	endfacet
	facet normal 0 1 0
		outer loop
			vertex -6057.5 -3065 6.80566714095221e-13
			vertex -6022.5 -3065 6.80566714095221e-13
			vertex -6022.5 -3065 -399.9999999999993
		endloop
	endfacet
	facet normal 1 0 0
		outer loop
			vertex -6057.5 -3065 -399.9999999999993
			vertex -6057.5 -2975 -399.9999999999993
			vertex -6057.5 -2975 6.605826996519681e-13
		endloop
	endfacet
	facet normal 1 0 0
		outer loop
			vertex -6057.5 -3065 -399.9999999999993
			vertex -6057.5 -2975 6.605826996519681e-13
			vertex -6057.5 -3065 6.80566714095221e-13
		endloop
	endfacet
	facet normal 0 -1 0
		outer loop
			vertex -6057.5 -2975 -399.9999999999993
			vertex -6022.5 -2975 -399.9999999999993
			vertex -6022.5 -2975 6.605826996519681e-13
		endloop
	endfacet
	facet normal 0 -1 0
		outer loop
			vertex -6057.5 -2975 -399.9999999999993
			vertex -6022.5 -2975 6.605826996519681e-13
			vertex -6057.5 -2975 6.605826996519681e-13
		endloop
	endfacet
	facet normal -1 0 0
		outer loop
			vertex -6090 -3840 -399.99999999999915
			vertex -6090 -3790 -379.99999999999915
			vertex -6090 -3790 -399.99999999999915
		endloop
	endfacet
	facet normal -1 0 0
		outer loop
			vertex -6090 -3840 -399.99999999999915
			vertex -6090 -3840 -379.99999999999915
			vertex -6090 -3790 -379.99999999999915
		endloop
	endfacet
	facet normal 0 -1 0
		outer loop
			vertex -6090 -3790 -379.99999999999915
			vertex -6210 -3790 -379.99999999999915
			vertex -6210 -3790 -399.99999999999915
		endloop
	endfacet
	facet normal 0 -1 0
		outer loop
			vertex -6090 -3790 -379.99999999999915
			vertex -6210 -3790 -399.99999999999915
			vertex -6090 -3790 -399.99999999999915
		endloop
	endfacet
	facet normal 1 0 0
		outer loop
			vertex -6210 -3790 -379.99999999999915
			vertex -6210 -3840 -379.99999999999915
			vertex -6210 -3840 -399.99999999999915
		endloop
	endfacet
	facet normal 1 0 0
		outer loop
			vertex -6210 -3790 -379.99999999999915
			vertex -6210 -3840 -399.99999999999915
			vertex -6210 -3790 -399.99999999999915
		endloop
	endfacet
	facet normal 0 1 0
		outer loop
			vertex -6210 -3840 -399.99999999999915
			vertex -6090 -3840 -379.99999999999915
			vertex -6090 -3840 -399.99999999999915
		endloop
	endfacet
	facet normal 0 1 0
		outer loop
			vertex -6210 -3840 -399.99999999999915
			vertex -6210 -3840 -379.99999999999915
			vertex -6090 -3840 -379.99999999999915
		endloop
	endfacet
	facet normal 0 0 1
		outer loop
			vertex -6280 -3940 -379.99999999999915
			vertex -6210 -3840 -379.99999999999915
			vertex -6210 -3790 -379.99999999999915
		endloop
	endfacet
	facet normal -2.9175407456359974e-16 1.361519014630132e-16 1
		outer loop
			vertex -6280 -3940 -379.99999999999915
			vertex -6210 -3790 -379.99999999999915
			vertex -6280 -3522.5 -379.9999999999992
		endloop
	endfacet
	facet normal 0 2.1249876209647857e-16 1
		outer loop
			vertex -6090 -3790 -379.99999999999915
			vertex -6020 -3522.5 -379.9999999999992
			vertex -6280 -3522.5 -379.9999999999992
		endloop
	endfacet
	facet normal 0 2.1249876209647854e-16 1
		outer loop
			vertex -6090 -3790 -379.99999999999915
			vertex -6280 -3522.5 -379.9999999999992
			vertex -6210 -3790 -379.99999999999915
		endloop
	endfacet
	facet normal 0 0 1
		outer loop
			vertex -6020 -3940 -379.99999999999915
			vertex -6090 -3840 -379.99999999999915
			vertex -6210 -3840 -379.99999999999915
		endloop
	endfacet
	facet normal 0 0 1
		outer loop
			vertex -6020 -3940 -379.99999999999915
			vertex -6090 -3790 -379.99999999999915
			vertex -6090 -3840 -379.99999999999915
		endloop
	endfacet
	facet normal 0 0 1
		outer loop
			vertex -6020 -3940 -379.99999999999915
			vertex -6210 -3840 -379.99999999999915
			vertex -6280 -3940 -379.99999999999915
		endloop
	endfacet
	facet normal 2.9175407456359974e-16 1.361519014630132e-16 1
		outer loop
			vertex -6020 -3940 -379.99999999999915
			vertex -6020 -3522.5 -379.9999999999992
			vertex -6090 -3790 -379.99999999999915
		endloop
	endfacet
	facet normal 0 -1 0
		outer loop
			vertex -6020 -3522.5 7.821521208484228e-13
			vertex -6280 -3522.5 7.821521208484228e-13
			vertex -6280 -3522.5 -379.9999999999992
		endloop
	endfacet
	facet normal 0 -1 0
		outer loop
			vertex -6020 -3522.5 7.821521208484228e-13
			vertex -6280 -3522.5 -379.9999999999992
			vertex -6020 -3522.5 -379.9999999999992
		endloop
	endfacet
	facet normal -1 0 0
		outer loop
			vertex -6020 -3522.5 7.821521208484228e-13
			vertex -6020 -3940 -379.99999999999915
			vertex -6020 -3940 8.748557434046234e-13
		endloop
	endfacet
	facet normal -1 0 0
		outer loop
			vertex -6020 -3522.5 7.821521208484228e-13
			vertex -6020 -3522.5 -379.9999999999992
			vertex -6020 -3940 -379.99999999999915
		endloop
	endfacet
	facet normal 0 1 0
		outer loop
			vertex -6020 -3940 8.748557434046234e-13
			vertex -6280 -3940 -379.99999999999915
			vertex -6280 -3940 8.748557434046234e-13
		endloop
	endfacet
	facet normal 0 1 0
		outer loop
			vertex -6020 -3940 8.748557434046234e-13
			vertex -6020 -3940 -379.99999999999915
			vertex -6280 -3940 -379.99999999999915
		endloop
	endfacet
	facet normal 1 0 0
		outer loop
			vertex -6280 -3940 -379.99999999999915
			vertex -6280 -3522.5 -379.9999999999992
			vertex -6280 -3522.5 7.821521208484228e-13
		endloop
	endfacet
	facet normal 1 0 0
		outer loop
			vertex -6280 -3940 -379.99999999999915
			vertex -6280 -3522.5 7.821521208484228e-13
			vertex -6280 -3940 8.748557434046234e-13
		endloop
	endfacet
	facet normal 0 1 0
		outer loop
			vertex -6210 -2170 -399.99999999999955
			vertex -6090 -2170 -379.99999999999955
			vertex -6090 -2170 -399.99999999999955
		endloop
	endfacet
	facet normal 0 1 0
		outer loop
			vertex -6210 -2170 -399.99999999999955
			vertex -6210 -2170 -379.99999999999955
			vertex -6090 -2170 -379.99999999999955
		endloop
	endfacet
	facet normal -1 0 0
		outer loop
			vertex -6090 -2170 -399.99999999999955
			vertex -6090 -2120 -379.99999999999955
			vertex -6090 -2120 -399.99999999999955
		endloop
	endfacet
	facet normal -1 0 0
		outer loop
			vertex -6090 -2170 -399.99999999999955
			vertex -6090 -2170 -379.99999999999955
			vertex -6090 -2120 -379.99999999999955
		endloop
	endfacet
	facet normal 0 -1 0
		outer loop
			vertex -6090 -2120 -379.99999999999955
			vertex -6210 -2120 -379.99999999999955
			vertex -6210 -2120 -399.99999999999955
		endloop
	endfacet
	facet normal 0 -1 0
		outer loop
			vertex -6090 -2120 -379.99999999999955
			vertex -6210 -2120 -399.99999999999955
			vertex -6090 -2120 -399.99999999999955
		endloop
	endfacet
	facet normal 1 0 0
		outer loop
			vertex -6210 -2120 -379.99999999999955
			vertex -6210 -2170 -379.99999999999955
			vertex -6210 -2170 -399.99999999999955
		endloop
	endfacet
	facet normal 1 0 0
		outer loop
			vertex -6210 -2120 -379.99999999999955
			vertex -6210 -2170 -399.99999999999955
			vertex -6210 -2120 -399.99999999999955
		endloop
	endfacet
	facet normal 0 0 1
		outer loop
			vertex -6210 -2170 -379.99999999999955
			vertex -6210 -2120 -379.99999999999955
			vertex -6280 -2020 -379.99999999999955
		endloop
	endfacet
	facet normal 0 0 1
		outer loop
			vertex -6090 -2120 -379.99999999999955
			vertex -6020 -2020 -379.99999999999955
			vertex -6280 -2020 -379.99999999999955
		endloop
	endfacet
	facet normal 0 0 1
		outer loop
			vertex -6090 -2120 -379.99999999999955
			vertex -6280 -2020 -379.99999999999955
			vertex -6210 -2120 -379.99999999999955
		endloop
	endfacet
	facet normal 0 0 1
		outer loop
			vertex -6090 -2170 -379.99999999999955
			vertex -6020 -2020 -379.99999999999955
			vertex -6090 -2120 -379.99999999999955
		endloop
	endfacet
	facet normal 5.324910431925809e-16 2.4849582015653777e-16 1
		outer loop
			vertex -6280 -2477.5 -379.99999999999943
			vertex -6210 -2170 -379.99999999999955
			vertex -6280 -2020 -379.99999999999955
		endloop
	endfacet
	facet normal 0 3.6971329340362936e-16 1
		outer loop
			vertex -6020 -2477.5 -379.99999999999943
			vertex -6090 -2170 -379.99999999999955
			vertex -6210 -2170 -379.99999999999955
		endloop
	endfacet
	facet normal 0 3.6971329340362936e-16 1
		outer loop
			vertex -6020 -2477.5 -379.99999999999943
			vertex -6210 -2170 -379.99999999999955
			vertex -6280 -2477.5 -379.99999999999943
		endloop
	endfacet
	facet normal -5.324910431925809e-16 2.4849582015653777e-16 1
		outer loop
			vertex -6020 -2477.5 -379.99999999999943
			vertex -6020 -2020 -379.99999999999955
			vertex -6090 -2170 -379.99999999999955
		endloop
	endfacet
	facet normal 0 1 0
		outer loop
			vertex -6280 -2477.5 -379.99999999999943
			vertex -6280 -2477.5 5.501155087017651e-13
			vertex -6020 -2477.5 5.501155087017651e-13
		endloop
	endfacet
	facet normal 0 1 0
		outer loop
			vertex -6280 -2477.5 -379.99999999999943
			vertex -6020 -2477.5 5.501155087017651e-13
			vertex -6020 -2477.5 -379.99999999999943
		endloop
	endfacet
	facet normal 1 0 0
		outer loop
			vertex -6280 -2477.5 5.501155087017651e-13
			vertex -6280 -2020 -379.99999999999955
			vertex -6280 -2020 4.4853010194856324e-13
		endloop
	endfacet
	facet normal 1 0 0
		outer loop
			vertex -6280 -2477.5 -379.99999999999943
			vertex -6280 -2020 -379.99999999999955
			vertex -6280 -2477.5 5.501155087017651e-13
		endloop
	endfacet
	facet normal 0 -1 0
		outer loop
			vertex -6280 -2020 -379.99999999999955
			vertex -6020 -2020 -379.99999999999955
			vertex -6020 -2020 4.4853010194856324e-13
		endloop
	endfacet
	facet normal 0 -1 0
		outer loop
			vertex -6280 -2020 -379.99999999999955
			vertex -6020 -2020 4.4853010194856324e-13
			vertex -6280 -2020 4.4853010194856324e-13
		endloop
	endfacet
	facet normal -1 0 0
		outer loop
			vertex -6020 -2020 -379.99999999999955
			vertex -6020 -2477.5 -379.99999999999943
			vertex -6020 -2477.5 5.501155087017651e-13
		endloop
	endfacet
	facet normal -1 0 0
		outer loop
			vertex -6020 -2020 4.4853010194856324e-13
			vertex -6020 -2020 -379.99999999999955
			vertex -6020 -2477.5 5.501155087017651e-13
		endloop
	endfacet
	facet normal 0 1 0
		outer loop
			vertex -6210 -170.00000000000009 -399.99999999999994
			vertex -6090 -170.00000000000009 -379.99999999999994
			vertex -6090 -170.00000000000009 -399.99999999999994
		endloop
	endfacet
	facet normal 0 1 0
		outer loop
			vertex -6210 -170.00000000000009 -399.99999999999994
			vertex -6210 -170.00000000000009 -379.99999999999994
			vertex -6090 -170.00000000000009 -379.99999999999994
		endloop
	endfacet
	facet normal -1 0 0
		outer loop
			vertex -6090 -170.00000000000009 -399.99999999999994
			vertex -6090 -120.00000000000009 -380
			vertex -6090 -120.00000000000009 -400
		endloop
	endfacet
	facet normal -1 0 0
		outer loop
			vertex -6090 -170.00000000000009 -399.99999999999994
			vertex -6090 -170.00000000000009 -379.99999999999994
			vertex -6090 -120.00000000000009 -380
		endloop
	endfacet
	facet normal 0 -1 0
		outer loop
			vertex -6090 -120.00000000000009 -380
			vertex -6210 -120.00000000000009 -380
			vertex -6210 -120.00000000000009 -400
		endloop
	endfacet
	facet normal 0 -1 0
		outer loop
			vertex -6090 -120.00000000000009 -380
			vertex -6210 -120.00000000000009 -400
			vertex -6090 -120.00000000000009 -400
		endloop
	endfacet
	facet normal 1 0 0
		outer loop
			vertex -6210 -120.00000000000009 -380
			vertex -6210 -170.00000000000009 -379.99999999999994
			vertex -6210 -170.00000000000009 -399.99999999999994
		endloop
	endfacet
	facet normal 1 0 0
		outer loop
			vertex -6210 -120.00000000000009 -380
			vertex -6210 -170.00000000000009 -399.99999999999994
			vertex -6210 -120.00000000000009 -400
		endloop
	endfacet
	facet normal 1.624097681737372e-15 1.1368683772161603e-15 1
		outer loop
			vertex -6210 -170.00000000000009 -379.99999999999994
			vertex -6210 -120.00000000000009 -380
			vertex -6280 -20.000000000000085 -380
		endloop
	endfacet
	facet normal 0 0 1
		outer loop
			vertex -6090 -120.00000000000009 -380
			vertex -6020 -20.000000000000085 -380
			vertex -6280 -20.000000000000085 -380
		endloop
	endfacet
	facet normal 0 0 1
		outer loop
			vertex -6090 -120.00000000000009 -380
			vertex -6280 -20.000000000000085 -380
			vertex -6210 -120.00000000000009 -380
		endloop
	endfacet
	facet normal -1.624097681737372e-15 1.1368683772161603e-15 1
		outer loop
			vertex -6090 -170.00000000000009 -379.99999999999994
			vertex -6020 -20.000000000000085 -380
			vertex -6090 -120.00000000000009 -380
		endloop
	endfacet
	facet normal -2.7955779767610497e-16 2.4849582015653777e-16 1
		outer loop
			vertex -6280 -477.50000000000006 -379.9999999999999
			vertex -6210 -170.00000000000009 -379.99999999999994
			vertex -6280 -20.000000000000085 -380
		endloop
	endfacet
	facet normal 0 1.8485664670181468e-16 1
		outer loop
			vertex -6020 -477.50000000000006 -379.9999999999999
			vertex -6090 -170.00000000000009 -379.99999999999994
			vertex -6210 -170.00000000000009 -379.99999999999994
		endloop
	endfacet
	facet normal 0 1.8485664670181468e-16 1
		outer loop
			vertex -6020 -477.50000000000006 -379.9999999999999
			vertex -6210 -170.00000000000009 -379.99999999999994
			vertex -6280 -477.50000000000006 -379.9999999999999
		endloop
	endfacet
	facet normal 2.7955779767610497e-16 2.4849582015653777e-16 1
		outer loop
			vertex -6020 -477.50000000000006 -379.9999999999999
			vertex -6020 -20.000000000000085 -380
			vertex -6090 -170.00000000000009 -379.99999999999994
		endloop
	endfacet
	facet normal 0 1 -1.495879443705474e-16
		outer loop
			vertex -6280 -477.50000000000006 -379.9999999999999
			vertex -6280 -477.5 1.0602629885170245e-13
			vertex -6020 -477.5 1.0602629885170245e-13
		endloop
	endfacet
	facet normal 0 1 -1.495879443705474e-16
		outer loop
			vertex -6280 -477.50000000000006 -379.9999999999999
			vertex -6020 -477.5 1.0602629885170245e-13
			vertex -6020 -477.50000000000006 -379.9999999999999
		endloop
	endfacet
	facet normal 1 0 0
		outer loop
			vertex -6280 -477.5 1.0602629885170245e-13
			vertex -6280 -20.000000000000085 -380
			vertex -6280 -20 4.440892098500626e-15
		endloop
	endfacet
	facet normal 1 0 0
		outer loop
			vertex -6280 -477.50000000000006 -379.9999999999999
			vertex -6280 -20.000000000000085 -380
			vertex -6280 -477.5 1.0602629885170245e-13
		endloop
	endfacet
	facet normal 0 -1 2.243819165558211e-16
		outer loop
			vertex -6280 -20.000000000000085 -380
			vertex -6020 -20.000000000000085 -380
			vertex -6020 -20 4.440892098500626e-15
		endloop
	endfacet
	facet normal 0 -1 2.243819165558211e-16
		outer loop
			vertex -6280 -20.000000000000085 -380
			vertex -6020 -20 4.440892098500626e-15
			vertex -6280 -20 4.440892098500626e-15
		endloop
	endfacet
	facet normal -1 0 0
		outer loop
			vertex -6020 -20.000000000000085 -380
			vertex -6020 -477.50000000000006 -379.9999999999999
			vertex -6020 -477.5 1.0602629885170245e-13
		endloop
	endfacet
	facet normal -1 0 0
		outer loop
			vertex -6020 -20 4.440892098500626e-15
			vertex -6020 -20.000000000000085 -380
			vertex -6020 -477.5 1.0602629885170245e-13
		endloop
	endfacet
	facet normal -1 0 0
		outer loop
			vertex -6090 -1840 -399.9999999999996
			vertex -6090 -1790 -379.9999999999996
			vertex -6090 -1790 -399.9999999999996
		endloop
	endfacet
	facet normal -1 0 0
		outer loop
			vertex -6090 -1840 -399.9999999999996
			vertex -6090 -1840 -379.9999999999996
			vertex -6090 -1790 -379.9999999999996
		endloop
	endfacet
	facet normal 0 -1 0
		outer loop
			vertex -6090 -1790 -379.9999999999996
			vertex -6210 -1790 -379.9999999999996
			vertex -6210 -1790 -399.9999999999996
		endloop
	endfacet
	facet normal 0 -1 0
		outer loop
			vertex -6090 -1790 -379.9999999999996
			vertex -6210 -1790 -399.9999999999996
			vertex -6090 -1790 -399.9999999999996
		endloop
	endfacet
	facet normal 1 0 0
		outer loop
			vertex -6210 -1790 -379.9999999999996
			vertex -6210 -1840 -379.9999999999996
			vertex -6210 -1840 -399.9999999999996
		endloop
	endfacet
	facet normal 1 0 0
		outer loop
			vertex -6210 -1790 -379.9999999999996
			vertex -6210 -1840 -399.9999999999996
			vertex -6210 -1790 -399.9999999999996
		endloop
	endfacet
	facet normal 0 1 0
		outer loop
			vertex -6210 -1840 -399.9999999999996
			vertex -6090 -1840 -379.9999999999996
			vertex -6090 -1840 -399.9999999999996
		endloop
	endfacet
	facet normal 0 1 0
		outer loop
			vertex -6210 -1840 -399.9999999999996
			vertex -6210 -1840 -379.9999999999996
			vertex -6090 -1840 -379.9999999999996
		endloop
	endfacet
	facet normal 8.12048840868686e-16 0 1
		outer loop
			vertex -6280 -1940 -379.99999999999955
			vertex -6210 -1840 -379.9999999999996
			vertex -6210 -1790 -379.9999999999996
		endloop
	endfacet
	facet normal 2.2854069174148646e-16 2.723038029260264e-16 1
		outer loop
			vertex -6280 -1940 -379.99999999999955
			vertex -6210 -1790 -379.9999999999996
			vertex -6280 -1522.5 -379.99999999999966
		endloop
	endfacet
	facet normal 0 2.1249876209647857e-16 1
		outer loop
			vertex -6090 -1790 -379.9999999999996
			vertex -6020 -1522.5 -379.99999999999966
			vertex -6280 -1522.5 -379.99999999999966
		endloop
	endfacet
	facet normal 0 2.1249876209647854e-16 1
		outer loop
			vertex -6090 -1790 -379.9999999999996
			vertex -6280 -1522.5 -379.99999999999966
			vertex -6210 -1790 -379.9999999999996
		endloop
	endfacet
	facet normal 0 5.684341886080802e-16 1
		outer loop
			vertex -6020 -1940 -379.99999999999955
			vertex -6090 -1840 -379.9999999999996
			vertex -6210 -1840 -379.9999999999996
		endloop
	endfacet
	facet normal -8.12048840868686e-16 0 1
		outer loop
			vertex -6020 -1940 -379.99999999999955
			vertex -6090 -1790 -379.9999999999996
			vertex -6090 -1840 -379.9999999999996
		endloop
	endfacet
	facet normal 0 5.684341886080802e-16 1
		outer loop
			vertex -6020 -1940 -379.99999999999955
			vertex -6210 -1840 -379.9999999999996
			vertex -6280 -1940 -379.99999999999955
		endloop
	endfacet
	facet normal -2.2854069174148646e-16 2.723038029260264e-16 1
		outer loop
			vertex -6020 -1940 -379.99999999999955
			vertex -6020 -1522.5 -379.99999999999966
			vertex -6090 -1790 -379.9999999999996
		endloop
	endfacet
	facet normal 0 -1 0
		outer loop
			vertex -6020 -1522.5 3.3806291099836017e-13
			vertex -6280 -1522.5 3.3806291099836017e-13
			vertex -6280 -1522.5 -379.99999999999966
		endloop
	endfacet
	facet normal 0 -1 0
		outer loop
			vertex -6020 -1522.5 3.3806291099836017e-13
			vertex -6280 -1522.5 -379.99999999999966
			vertex -6020 -1522.5 -379.99999999999966
		endloop
	endfacet
	facet normal -1 0 0
		outer loop
			vertex -6020 -1522.5 3.3806291099836017e-13
			vertex -6020 -1940 -379.99999999999955
			vertex -6020 -1940 4.3076653355456074e-13
		endloop
	endfacet
	facet normal -1 0 0
		outer loop
			vertex -6020 -1522.5 3.3806291099836017e-13
			vertex -6020 -1522.5 -379.99999999999966
			vertex -6020 -1940 -379.99999999999955
		endloop
	endfacet
	facet normal 0 1 0
		outer loop
			vertex -6020 -1940 4.3076653355456074e-13
			vertex -6280 -1940 -379.99999999999955
			vertex -6280 -1940 4.3076653355456074e-13
		endloop
	endfacet
	facet normal 0 1 0
		outer loop
			vertex -6020 -1940 4.3076653355456074e-13
			vertex -6020 -1940 -379.99999999999955
			vertex -6280 -1940 -379.99999999999955
		endloop
	endfacet
	facet normal 1 0 0
		outer loop
			vertex -6280 -1940 -379.99999999999955
			vertex -6280 -1522.5 -379.99999999999966
			vertex -6280 -1522.5 3.3806291099836017e-13
		endloop
	endfacet
	facet normal 1 0 0
		outer loop
			vertex -6280 -1940 -379.99999999999955
			vertex -6280 -1522.5 3.3806291099836017e-13
			vertex -6280 -1940 4.3076653355456074e-13
		endloop
	endfacet
	facet normal -1 0 0
		outer loop
			vertex -6022.5 -975.0000000000001 -399.9999999999998
			vertex -6022.5 -1065 2.3647750424515834e-13
			vertex -6022.5 -975 2.1649348980190553e-13
		endloop
	endfacet
	facet normal -1 0 0
		outer loop
			vertex -6022.5 -975.0000000000001 -399.9999999999998
			vertex -6022.5 -1065 -399.9999999999998
			vertex -6022.5 -1065 2.3647750424515834e-13
		endloop
	endfacet
	facet normal 0 1 0
		outer loop
			vertex -6057.5 -1065 2.3647750424515834e-13
			vertex -6022.5 -1065 -399.9999999999998
			vertex -6057.5 -1065 -399.9999999999998
		endloop
	endfacet
	facet normal 0 1 0
		outer loop
			vertex -6057.5 -1065 2.3647750424515834e-13
			vertex -6022.5 -1065 2.3647750424515834e-13
			vertex -6022.5 -1065 -399.9999999999998
		endloop
	endfacet
	facet normal 1 0 0
		outer loop
			vertex -6057.5 -1065 -399.9999999999998
			vertex -6057.5 -975.0000000000001 -399.9999999999998
			vertex -6057.5 -975 2.1649348980190553e-13
		endloop
	endfacet
	facet normal 1 0 0
		outer loop
			vertex -6057.5 -1065 -399.9999999999998
			vertex -6057.5 -975 2.1649348980190553e-13
			vertex -6057.5 -1065 2.3647750424515834e-13
		endloop
	endfacet
	facet normal 0 -1 2.842170943040401e-16
		outer loop
			vertex -6057.5 -975.0000000000001 -399.9999999999998
			vertex -6022.5 -975.0000000000001 -399.9999999999998
			vertex -6022.5 -975 2.1649348980190553e-13
		endloop
	endfacet
	facet normal 0 -1 2.842170943040401e-16
		outer loop
			vertex -6057.5 -975.0000000000001 -399.9999999999998
			vertex -6022.5 -975 2.1649348980190553e-13
			vertex -6057.5 -975 2.1649348980190553e-13
		endloop
	endfacet
	facet normal -1 0 0
		outer loop
			vertex -6200 4090 -400.0000000000009
			vertex -6200 4210 -380.0000000000009
			vertex -6200 4210 -400.0000000000009
		endloop
	endfacet
	facet normal -1 0 0
		outer loop
			vertex -6200 4090 -400.0000000000009
			vertex -6200 4090 -380.0000000000009
			vertex -6200 4210 -380.0000000000009
		endloop
	endfacet
	facet normal 0 -1 0
		outer loop
			vertex -6200 4210 -380.0000000000009
			vertex -6250 4210 -380.0000000000009
			vertex -6250 4210 -400.0000000000009
		endloop
	endfacet
	facet normal 0 -1 0
		outer loop
			vertex -6200 4210 -380.0000000000009
			vertex -6250 4210 -400.0000000000009
			vertex -6200 4210 -400.0000000000009
		endloop
	endfacet
	facet normal 1 0 0
		outer loop
			vertex -6250 4210 -380.0000000000009
			vertex -6250 4090 -380.0000000000009
			vertex -6250 4090 -400.0000000000009
		endloop
	endfacet
	facet normal 1 0 0
		outer loop
			vertex -6250 4210 -380.0000000000009
			vertex -6250 4090 -400.0000000000009
			vertex -6250 4210 -400.0000000000009
		endloop
	endfacet
	facet normal 0 1 0
		outer loop
			vertex -6250 4090 -400.0000000000009
			vertex -6200 4090 -380.0000000000009
			vertex -6200 4090 -400.0000000000009
		endloop
	endfacet
	facet normal 0 1 0
		outer loop
			vertex -6250 4090 -400.0000000000009
			vertex -6250 4090 -380.0000000000009
			vertex -6200 4090 -380.0000000000009
		endloop
	endfacet
	facet normal 0 8.12048840868686e-16 1
		outer loop
			vertex -6100 4210 -380.0000000000009
			vertex -6050 4210 -380.0000000000009
			vertex -6020 4280 -380.00000000000097
		endloop
	endfacet
	facet normal 0 0 1
		outer loop
			vertex -6020 4060 -380.0000000000009
			vertex -6050 4210 -380.0000000000009
			vertex -6050 4090 -380.0000000000009
		endloop
	endfacet
	facet normal 1.2918958832001822e-15 2.583791766400364e-16 1
		outer loop
			vertex -6020 4060 -380.0000000000009
			vertex -6020 4280 -380.00000000000097
			vertex -6050 4210 -380.0000000000009
		endloop
	endfacet
	facet normal 0 8.120488408686859e-16 1
		outer loop
			vertex -6280 4280 -380.00000000000097
			vertex -6100 4210 -380.0000000000009
			vertex -6020 4280 -380.00000000000097
		endloop
	endfacet
	facet normal 0 8.12048840868686e-16 1
		outer loop
			vertex -6280 4280 -380.00000000000097
			vertex -6200 4210 -380.0000000000009
			vertex -6100 4210 -380.0000000000009
		endloop
	endfacet
	facet normal 0 0 1
		outer loop
			vertex -6100 4090 -380.0000000000009
			vertex -6020 4060 -380.0000000000009
			vertex -6050 4090 -380.0000000000009
		endloop
	endfacet
	facet normal 0 0 1
		outer loop
			vertex -6100 4090 -380.0000000000009
			vertex -6100 4210 -380.0000000000009
			vertex -6200 4210 -380.0000000000009
		endloop
	endfacet
	facet normal 0 8.12048840868686e-16 1
		outer loop
			vertex -6250 4210 -380.0000000000009
			vertex -6200 4210 -380.0000000000009
			vertex -6280 4280 -380.00000000000097
		endloop
	endfacet
	facet normal 0 0 1
		outer loop
			vertex -6200 4090 -380.0000000000009
			vertex -6100 4090 -380.0000000000009
			vertex -6200 4210 -380.0000000000009
		endloop
	endfacet
	facet normal 0 0 1
		outer loop
			vertex -6280 4060 -380.0000000000009
			vertex -6200 4090 -380.0000000000009
			vertex -6250 4090 -380.0000000000009
		endloop
	endfacet
	facet normal 0 0 1
		outer loop
			vertex -6280 4060 -380.0000000000009
			vertex -6250 4090 -380.0000000000009
			vertex -6250 4210 -380.0000000000009
		endloop
	endfacet
	facet normal -1.2918958832001822e-15 2.583791766400364e-16 1
		outer loop
			vertex -6280 4060 -380.0000000000009
			vertex -6250 4210 -380.0000000000009
			vertex -6280 4280 -380.00000000000097
		endloop
	endfacet
	facet normal 0 0 1
		outer loop
			vertex -6280 4060 -380.0000000000009
			vertex -6020 4060 -380.0000000000009
			vertex -6100 4090 -380.0000000000009
		endloop
	endfacet
	facet normal 0 0 1
		outer loop
			vertex -6280 4060 -380.0000000000009
			vertex -6100 4090 -380.0000000000009
			vertex -6200 4090 -380.0000000000009
		endloop
	endfacet
	facet normal -1 0 0
		outer loop
			vertex -6020 4280 -20.000000000000952
			vertex -6020 4060 -380.0000000000009
			vertex -6020 4060 -20.000000000000902
		endloop
	endfacet
	facet normal -1 0 0
		outer loop
			vertex -6020 4280 -20.000000000000952
			vertex -6020 4280 -380.00000000000097
			vertex -6020 4060 -380.0000000000009
		endloop
	endfacet
	facet normal 0 -2.2608177956003185e-16 -1
		outer loop
			vertex -6280 4060 -20.000000000000902
			vertex -6020 4280 -20.000000000000952
			vertex -6020 4060 -20.000000000000902
		endloop
	endfacet
	facet normal 0 -2.2608177956003185e-16 -1
		outer loop
			vertex -6280 4060 -20.000000000000902
			vertex -6280 4280 -20.000000000000952
			vertex -6020 4280 -20.000000000000952
		endloop
	endfacet
	facet normal 0 -1 0
		outer loop
			vertex -6280 4280 -380.00000000000097
			vertex -6020 4280 -380.00000000000097
			vertex -6020 4280 -20.000000000000952
		endloop
	endfacet
	facet normal 0 -1 0
		outer loop
			vertex -6280 4280 -380.00000000000097
			vertex -6020 4280 -20.000000000000952
			vertex -6280 4280 -20.000000000000952
		endloop
	endfacet
	facet normal 1 0 0
		outer loop
			vertex -6280 4060 -380.0000000000009
			vertex -6280 4280 -380.00000000000097
			vertex -6280 4280 -20.000000000000952
		endloop
	endfacet
	facet normal 1 0 0
		outer loop
			vertex -6280 4060 -380.0000000000009
			vertex -6280 4280 -20.000000000000952
			vertex -6280 4060 -20.000000000000902
		endloop
	endfacet
	facet normal 0 1 0
		outer loop
			vertex -6020 4060 -20.000000000000902
			vertex -6280 4060 -380.0000000000009
			vertex -6280 4060 -20.000000000000902
		endloop
	endfacet
	facet normal 0 1 0
		outer loop
			vertex -6020 4060 -20.000000000000902
			vertex -6020 4060 -380.0000000000009
			vertex -6280 4060 -380.0000000000009
		endloop
	endfacet
	facet normal -1 0 0
		outer loop
			vertex -6050 4090 -400.0000000000009
			vertex -6050 4210 -380.0000000000009
			vertex -6050 4210 -400.0000000000009
		endloop
	endfacet
	facet normal -1 0 0
		outer loop
			vertex -6050 4090 -400.0000000000009
			vertex -6050 4090 -380.0000000000009
			vertex -6050 4210 -380.0000000000009
		endloop
	endfacet
	facet normal 0 -1 0
		outer loop
			vertex -6050 4210 -380.0000000000009
			vertex -6100 4210 -380.0000000000009
			vertex -6100 4210 -400.0000000000009
		endloop
	endfacet
	facet normal 0 -1 0
		outer loop
			vertex -6050 4210 -380.0000000000009
			vertex -6100 4210 -400.0000000000009
			vertex -6050 4210 -400.0000000000009
		endloop
	endfacet
	facet normal 1 0 0
		outer loop
			vertex -6100 4210 -380.0000000000009
			vertex -6100 4090 -380.0000000000009
			vertex -6100 4090 -400.0000000000009
		endloop
	endfacet
	facet normal 1 0 0
		outer loop
			vertex -6100 4210 -380.0000000000009
			vertex -6100 4090 -400.0000000000009
			vertex -6100 4210 -400.0000000000009
		endloop
	endfacet
	facet normal 0 1 0
		outer loop
			vertex -6100 4090 -400.0000000000009
			vertex -6050 4090 -380.0000000000009
			vertex -6050 4090 -400.0000000000009
		endloop
	endfacet
	facet normal 0 1 0
		outer loop
			vertex -6100 4090 -400.0000000000009
			vertex -6100 4090 -380.0000000000009
			vertex -6050 4090 -380.0000000000009
		endloop
	endfacet
	facet normal -1 0 0
		outer loop
			vertex -6022.5 3025 -400.0000000000007
			vertex -6022.5 2935 -6.517009154549669e-13
			vertex -6022.5 3025 -6.716849298982197e-13
		endloop
	endfacet
	facet normal -1 0 0
		outer loop
			vertex -6022.5 3025 -400.0000000000007
			vertex -6022.5 2935 -400.0000000000006
			vertex -6022.5 2935 -6.517009154549669e-13
		endloop
	endfacet
	facet normal 0 1 0
		outer loop
			vertex -6057.5 2935 -6.517009154549669e-13
			vertex -6022.5 2935 -400.0000000000006
			vertex -6057.5 2935 -400.0000000000006
		endloop
	endfacet
	facet normal 0 1 0
		outer loop
			vertex -6057.5 2935 -6.517009154549669e-13
			vertex -6022.5 2935 -6.517009154549669e-13
			vertex -6022.5 2935 -400.0000000000006
		endloop
	endfacet
	facet normal 1 0 0
		outer loop
			vertex -6057.5 2935 -400.0000000000006
			vertex -6057.5 3025 -400.0000000000007
			vertex -6057.5 3025 -6.716849298982197e-13
		endloop
	endfacet
	facet normal 1 0 0
		outer loop
			vertex -6057.5 2935 -400.0000000000006
			vertex -6057.5 3025 -6.716849298982197e-13
			vertex -6057.5 2935 -6.517009154549669e-13
		endloop
	endfacet
	facet normal 0 -1 0
		outer loop
			vertex -6057.5 3025 -400.0000000000007
			vertex -6022.5 3025 -400.0000000000007
			vertex -6022.5 3025 -6.716849298982197e-13
		endloop
	endfacet
	facet normal 0 -1 0
		outer loop
			vertex -6057.5 3025 -400.0000000000007
			vertex -6022.5 3025 -6.716849298982197e-13
			vertex -6057.5 3025 -6.716849298982197e-13
		endloop
	endfacet
	facet normal -1 0 0
		outer loop
			vertex -6090 2160 -400.00000000000045
			vertex -6090 2210 -380.0000000000005
			vertex -6090 2210 -400.0000000000005
		endloop
	endfacet
	facet normal -1 0 0
		outer loop
			vertex -6090 2160 -400.00000000000045
			vertex -6090 2160 -380.00000000000045
			vertex -6090 2210 -380.0000000000005
		endloop
	endfacet
	facet normal 0 -1 0
		outer loop
			vertex -6090 2210 -380.0000000000005
			vertex -6210 2210 -380.0000000000005
			vertex -6210 2210 -400.0000000000005
		endloop
	endfacet
	facet normal 0 -1 0
		outer loop
			vertex -6090 2210 -380.0000000000005
			vertex -6210 2210 -400.0000000000005
			vertex -6090 2210 -400.0000000000005
		endloop
	endfacet
	facet normal 1 0 0
		outer loop
			vertex -6210 2210 -380.0000000000005
			vertex -6210 2160 -380.00000000000045
			vertex -6210 2160 -400.00000000000045
		endloop
	endfacet
	facet normal 1 0 0
		outer loop
			vertex -6210 2210 -380.0000000000005
			vertex -6210 2160 -400.00000000000045
			vertex -6210 2210 -400.0000000000005
		endloop
	endfacet
	facet normal 0 1 0
		outer loop
			vertex -6210 2160 -400.00000000000045
			vertex -6090 2160 -380.00000000000045
			vertex -6090 2160 -400.00000000000045
		endloop
	endfacet
	facet normal 0 1 0
		outer loop
			vertex -6210 2160 -400.00000000000045
			vertex -6210 2160 -380.00000000000045
			vertex -6090 2160 -380.00000000000045
		endloop
	endfacet
	facet normal -1.624097681737372e-15 1.1368683772161603e-15 1
		outer loop
			vertex -6280 2060 -380.00000000000045
			vertex -6210 2160 -380.00000000000045
			vertex -6210 2210 -380.0000000000005
		endloop
	endfacet
	facet normal 2.2854069174148646e-16 2.723038029260264e-16 1
		outer loop
			vertex -6280 2060 -380.00000000000045
			vertex -6210 2210 -380.0000000000005
			vertex -6280 2477.5 -380.00000000000057
		endloop
	endfacet
	facet normal 0 2.1249876209647857e-16 1
		outer loop
			vertex -6090 2210 -380.0000000000005
			vertex -6020 2477.5 -380.00000000000057
			vertex -6280 2477.5 -380.00000000000057
		endloop
	endfacet
	facet normal 0 2.1249876209647854e-16 1
		outer loop
			vertex -6090 2210 -380.0000000000005
			vertex -6280 2477.5 -380.00000000000057
			vertex -6210 2210 -380.0000000000005
		endloop
	endfacet
	facet normal 0 0 1
		outer loop
			vertex -6020 2060 -380.00000000000045
			vertex -6090 2160 -380.00000000000045
			vertex -6210 2160 -380.00000000000045
		endloop
	endfacet
	facet normal 1.624097681737372e-15 1.1368683772161603e-15 1
		outer loop
			vertex -6020 2060 -380.00000000000045
			vertex -6090 2210 -380.0000000000005
			vertex -6090 2160 -380.00000000000045
		endloop
	endfacet
	facet normal 0 0 1
		outer loop
			vertex -6020 2060 -380.00000000000045
			vertex -6210 2160 -380.00000000000045
			vertex -6280 2060 -380.00000000000045
		endloop
	endfacet
	facet normal -2.2854069174148646e-16 2.723038029260264e-16 1
		outer loop
			vertex -6020 2060 -380.00000000000045
			vertex -6020 2477.5 -380.00000000000057
			vertex -6090 2210 -380.0000000000005
		endloop
	endfacet
	facet normal 0 -1 0
		outer loop
			vertex -6020 2477.5 -5.501155087017651e-13
			vertex -6280 2477.5 -5.501155087017651e-13
			vertex -6280 2477.5 -380.00000000000057
		endloop
	endfacet
	facet normal 0 -1 0
		outer loop
			vertex -6020 2477.5 -5.501155087017651e-13
			vertex -6280 2477.5 -380.00000000000057
			vertex -6020 2477.5 -380.00000000000057
		endloop
	endfacet
	facet normal -1 0 0
		outer loop
			vertex -6020 2477.5 -5.501155087017651e-13
			vertex -6020 2060 -380.00000000000045
			vertex -6020 2060 -4.574118861455645e-13
		endloop
	endfacet
	facet normal -1 0 0
		outer loop
			vertex -6020 2477.5 -5.501155087017651e-13
			vertex -6020 2477.5 -380.00000000000057
			vertex -6020 2060 -380.00000000000045
		endloop
	endfacet
	facet normal 0 1 0
		outer loop
			vertex -6020 2060 -4.574118861455645e-13
			vertex -6280 2060 -380.00000000000045
			vertex -6280 2060 -4.574118861455645e-13
		endloop
	endfacet
	facet normal 0 1 0
		outer loop
			vertex -6020 2060 -4.574118861455645e-13
			vertex -6020 2060 -380.00000000000045
			vertex -6280 2060 -380.00000000000045
		endloop
	endfacet
	facet normal 1 0 0
		outer loop
			vertex -6280 2060 -380.00000000000045
			vertex -6280 2477.5 -380.00000000000057
			vertex -6280 2477.5 -5.501155087017651e-13
		endloop
	endfacet
	facet normal 1 0 0
		outer loop
			vertex -6280 2060 -380.00000000000045
			vertex -6280 2477.5 -5.501155087017651e-13
			vertex -6280 2060 -4.574118861455645e-13
		endloop
	endfacet
	facet normal 0 1 0
		outer loop
			vertex -6210 3830 -400.00000000000085
			vertex -6090 3830 -380.00000000000085
			vertex -6090 3830 -400.00000000000085
		endloop
	endfacet
	facet normal 0 1 0
		outer loop
			vertex -6210 3830 -400.00000000000085
			vertex -6210 3830 -380.00000000000085
			vertex -6090 3830 -380.00000000000085
		endloop
	endfacet
	facet normal -1 0 0
		outer loop
			vertex -6090 3830 -400.00000000000085
			vertex -6090 3880 -380.00000000000085
			vertex -6090 3880 -400.00000000000085
		endloop
	endfacet
	facet normal -1 0 0
		outer loop
			vertex -6090 3830 -400.00000000000085
			vertex -6090 3830 -380.00000000000085
			vertex -6090 3880 -380.00000000000085
		endloop
	endfacet
	facet normal 0 -1 0
		outer loop
			vertex -6090 3880 -380.00000000000085
			vertex -6210 3880 -380.00000000000085
			vertex -6210 3880 -400.00000000000085
		endloop
	endfacet
	facet normal 0 -1 0
		outer loop
			vertex -6090 3880 -380.00000000000085
			vertex -6210 3880 -400.00000000000085
			vertex -6090 3880 -400.00000000000085
		endloop
	endfacet
	facet normal 1 0 0
		outer loop
			vertex -6210 3880 -380.00000000000085
			vertex -6210 3830 -380.00000000000085
			vertex -6210 3830 -400.00000000000085
		endloop
	endfacet
	facet normal 1 0 0
		outer loop
			vertex -6210 3880 -380.00000000000085
			vertex -6210 3830 -400.00000000000085
			vertex -6210 3880 -400.00000000000085
		endloop
	endfacet
	facet normal -8.12048840868686e-16 0 1
		outer loop
			vertex -6210 3830 -380.00000000000085
			vertex -6210 3880 -380.00000000000085
			vertex -6280 3980 -380.0000000000009
		endloop
	endfacet
	facet normal 0 5.684341886080802e-16 1
		outer loop
			vertex -6090 3880 -380.00000000000085
			vertex -6020 3980 -380.0000000000009
			vertex -6280 3980 -380.0000000000009
		endloop
	endfacet
	facet normal 0 5.684341886080802e-16 1
		outer loop
			vertex -6090 3880 -380.00000000000085
			vertex -6280 3980 -380.0000000000009
			vertex -6210 3880 -380.00000000000085
		endloop
	endfacet
	facet normal 8.12048840868686e-16 0 1
		outer loop
			vertex -6090 3830 -380.00000000000085
			vertex -6020 3980 -380.0000000000009
			vertex -6090 3880 -380.00000000000085
		endloop
	endfacet
	facet normal -2.7955779767610497e-16 2.4849582015653777e-16 1
		outer loop
			vertex -6280 3522.5 -380.0000000000008
			vertex -6210 3830 -380.00000000000085
			vertex -6280 3980 -380.0000000000009
		endloop
	endfacet
	facet normal 0 1.8485664670181468e-16 1
		outer loop
			vertex -6020 3522.5 -380.0000000000008
			vertex -6090 3830 -380.00000000000085
			vertex -6210 3830 -380.00000000000085
		endloop
	endfacet
	facet normal 0 1.8485664670181468e-16 1
		outer loop
			vertex -6020 3522.5 -380.0000000000008
			vertex -6210 3830 -380.00000000000085
			vertex -6280 3522.5 -380.0000000000008
		endloop
	endfacet
	facet normal 2.7955779767610497e-16 2.4849582015653777e-16 1
		outer loop
			vertex -6020 3522.5 -380.0000000000008
			vertex -6020 3980 -380.0000000000009
			vertex -6090 3830 -380.00000000000085
		endloop
	endfacet
	facet normal 0 1 0
		outer loop
			vertex -6280 3522.5 -380.0000000000008
			vertex -6280 3522.5 -7.821521208484228e-13
			vertex -6020 3522.5 -7.821521208484228e-13
		endloop
	endfacet
	facet normal 0 1 0
		outer loop
			vertex -6280 3522.5 -380.0000000000008
			vertex -6020 3522.5 -7.821521208484228e-13
			vertex -6020 3522.5 -380.0000000000008
		endloop
	endfacet
	facet normal 1 0 0
		outer loop
			vertex -6280 3522.5 -7.821521208484228e-13
			vertex -6280 3980 -380.0000000000009
			vertex -6280 3980 -8.837375276016246e-13
		endloop
	endfacet
	facet normal 1 0 0
		outer loop
			vertex -6280 3522.5 -380.0000000000008
			vertex -6280 3980 -380.0000000000009
			vertex -6280 3522.5 -7.821521208484228e-13
		endloop
	endfacet
	facet normal 0 -1 0
		outer loop
			vertex -6280 3980 -380.0000000000009
			vertex -6020 3980 -380.0000000000009
			vertex -6020 3980 -8.837375276016246e-13
		endloop
	endfacet
	facet normal 0 -1 0
		outer loop
			vertex -6280 3980 -380.0000000000009
			vertex -6020 3980 -8.837375276016246e-13
			vertex -6280 3980 -8.837375276016246e-13
		endloop
	endfacet
	facet normal -1 0 0
		outer loop
			vertex -6020 3980 -380.0000000000009
			vertex -6020 3522.5 -380.0000000000008
			vertex -6020 3522.5 -7.821521208484228e-13
		endloop
	endfacet
	facet normal -1 0 0
		outer loop
			vertex -6020 3980 -8.837375276016246e-13
			vertex -6020 3980 -380.0000000000009
			vertex -6020 3522.5 -7.821521208484228e-13
		endloop
	endfacet
	facet normal -1 0 0
		outer loop
			vertex -6022.5 1025 -400.0000000000002
			vertex -6022.5 935 -2.0761170560490427e-13
			vertex -6022.5 1025 -2.275957200481571e-13
		endloop
	endfacet
	facet normal -1 0 0
		outer loop
			vertex -6022.5 1025 -400.0000000000002
			vertex -6022.5 934.9999999999999 -400.0000000000002
			vertex -6022.5 935 -2.0761170560490427e-13
		endloop
	endfacet
	facet normal 0 1 -2.842170943040401e-16
		outer loop
			vertex -6057.5 935 -2.0761170560490427e-13
			vertex -6022.5 934.9999999999999 -400.0000000000002
			vertex -6057.5 934.9999999999999 -400.0000000000002
		endloop
	endfacet
	facet normal 0 1 -2.842170943040401e-16
		outer loop
			vertex -6057.5 935 -2.0761170560490427e-13
			vertex -6022.5 935 -2.0761170560490427e-13
			vertex -6022.5 934.9999999999999 -400.0000000000002
		endloop
	endfacet
	facet normal 1 0 0
		outer loop
			vertex -6057.5 934.9999999999999 -400.0000000000002
			vertex -6057.5 1025 -400.0000000000002
			vertex -6057.5 1025 -2.275957200481571e-13
		endloop
	endfacet
	facet normal 1 0 0
		outer loop
			vertex -6057.5 934.9999999999999 -400.0000000000002
			vertex -6057.5 1025 -2.275957200481571e-13
			vertex -6057.5 935 -2.0761170560490427e-13
		endloop
	endfacet
	facet normal 0 -1 0
		outer loop
			vertex -6057.5 1025 -400.0000000000002
			vertex -6022.5 1025 -400.0000000000002
			vertex -6022.5 1025 -2.275957200481571e-13
		endloop
	endfacet
	facet normal 0 -1 0
		outer loop
			vertex -6057.5 1025 -400.0000000000002
			vertex -6022.5 1025 -2.275957200481571e-13
			vertex -6057.5 1025 -2.275957200481571e-13
		endloop
	endfacet
	facet normal -1 0 0
		outer loop
			vertex -6090 159.99999999999991 -400.00000000000006
			vertex -6090 209.99999999999991 -380.00000000000006
			vertex -6090 209.99999999999991 -400.00000000000006
		endloop
	endfacet
	facet normal -1 0 0
		outer loop
			vertex -6090 159.99999999999991 -400.00000000000006
			vertex -6090 159.99999999999991 -380.00000000000006
			vertex -6090 209.99999999999991 -380.00000000000006
		endloop
	endfacet
	facet normal 0 -1 0
		outer loop
			vertex -6090 209.99999999999991 -380.00000000000006
			vertex -6210 209.99999999999991 -380.00000000000006
			vertex -6210 209.99999999999991 -400.00000000000006
		endloop
	endfacet
	facet normal 0 -1 0
		outer loop
			vertex -6090 209.99999999999991 -380.00000000000006
			vertex -6210 209.99999999999991 -400.00000000000006
			vertex -6090 209.99999999999991 -400.00000000000006
		endloop
	endfacet
	facet normal 1 0 0
		outer loop
			vertex -6210 209.99999999999991 -380.00000000000006
			vertex -6210 159.99999999999991 -380.00000000000006
			vertex -6210 159.99999999999991 -400.00000000000006
		endloop
	endfacet
	facet normal 1 0 0
		outer loop
			vertex -6210 209.99999999999991 -380.00000000000006
			vertex -6210 159.99999999999991 -400.00000000000006
			vertex -6210 209.99999999999991 -400.00000000000006
		endloop
	endfacet
	facet normal 0 1 0
		outer loop
			vertex -6210 159.99999999999991 -400.00000000000006
			vertex -6090 159.99999999999991 -380.00000000000006
			vertex -6090 159.99999999999991 -400.00000000000006
		endloop
	endfacet
	facet normal 0 1 0
		outer loop
			vertex -6210 159.99999999999991 -400.00000000000006
			vertex -6210 159.99999999999991 -380.00000000000006
			vertex -6090 159.99999999999991 -380.00000000000006
		endloop
	endfacet
	facet normal 8.12048840868686e-16 0 1
		outer loop
			vertex -6280 59.999999999999915 -380
			vertex -6210 159.99999999999991 -380.00000000000006
			vertex -6210 209.99999999999991 -380.00000000000006
		endloop
	endfacet
	facet normal 2.2854069174148646e-16 2.723038029260264e-16 1
		outer loop
			vertex -6280 59.999999999999915 -380
			vertex -6210 209.99999999999991 -380.00000000000006
			vertex -6280 477.49999999999994 -380.0000000000001
		endloop
	endfacet
	facet normal 0 2.1249876209647857e-16 1
		outer loop
			vertex -6090 209.99999999999991 -380.00000000000006
			vertex -6020 477.49999999999994 -380.0000000000001
			vertex -6280 477.49999999999994 -380.0000000000001
		endloop
	endfacet
	facet normal 0 2.1249876209647854e-16 1
		outer loop
			vertex -6090 209.99999999999991 -380.00000000000006
			vertex -6280 477.49999999999994 -380.0000000000001
			vertex -6210 209.99999999999991 -380.00000000000006
		endloop
	endfacet
	facet normal 0 5.684341886080802e-16 1
		outer loop
			vertex -6020 59.999999999999915 -380
			vertex -6090 159.99999999999991 -380.00000000000006
			vertex -6210 159.99999999999991 -380.00000000000006
		endloop
	endfacet
	facet normal -8.12048840868686e-16 0 1
		outer loop
			vertex -6020 59.999999999999915 -380
			vertex -6090 209.99999999999991 -380.00000000000006
			vertex -6090 159.99999999999991 -380.00000000000006
		endloop
	endfacet
	facet normal 0 5.684341886080802e-16 1
		outer loop
			vertex -6020 59.999999999999915 -380
			vertex -6210 159.99999999999991 -380.00000000000006
			vertex -6280 59.999999999999915 -380
		endloop
	endfacet
	facet normal -2.2854069174148646e-16 2.723038029260264e-16 1
		outer loop
			vertex -6020 59.999999999999915 -380
			vertex -6020 477.49999999999994 -380.0000000000001
			vertex -6090 209.99999999999991 -380.00000000000006
		endloop
	endfacet
	facet normal 0 -1 1.495879443705474e-16
		outer loop
			vertex -6020 477.5 -1.0602629885170245e-13
			vertex -6280 477.5 -1.0602629885170245e-13
			vertex -6280 477.49999999999994 -380.0000000000001
		endloop
	endfacet
	facet normal 0 -1 1.495879443705474e-16
		outer loop
			vertex -6020 477.5 -1.0602629885170245e-13
			vertex -6280 477.49999999999994 -380.0000000000001
			vertex -6020 477.49999999999994 -380.0000000000001
		endloop
	endfacet
	facet normal -1 0 0
		outer loop
			vertex -6020 477.5 -1.0602629885170245e-13
			vertex -6020 59.999999999999915 -380
			vertex -6020 60 -1.3322676295501878e-14
		endloop
	endfacet
	facet normal -1 0 0
		outer loop
			vertex -6020 477.5 -1.0602629885170245e-13
			vertex -6020 477.49999999999994 -380.0000000000001
			vertex -6020 59.999999999999915 -380
		endloop
	endfacet
	facet normal 0 1 -2.243819165558211e-16
		outer loop
			vertex -6020 60 -1.3322676295501878e-14
			vertex -6280 59.999999999999915 -380
			vertex -6280 60 -1.3322676295501878e-14
		endloop
	endfacet
	facet normal 0 1 -2.243819165558211e-16
		outer loop
			vertex -6020 60 -1.3322676295501878e-14
			vertex -6020 59.999999999999915 -380
			vertex -6280 59.999999999999915 -380
		endloop
	endfacet
	facet normal 1 0 0
		outer loop
			vertex -6280 59.999999999999915 -380
			vertex -6280 477.49999999999994 -380.0000000000001
			vertex -6280 477.5 -1.0602629885170245e-13
		endloop
	endfacet
	facet normal 1 0 0
		outer loop
			vertex -6280 59.999999999999915 -380
			vertex -6280 477.5 -1.0602629885170245e-13
			vertex -6280 60 -1.3322676295501878e-14
		endloop
	endfacet
	facet normal 0 1 0
		outer loop
			vertex -6210 1830 -400.0000000000004
			vertex -6090 1830 -380.0000000000004
			vertex -6090 1830 -400.0000000000004
		endloop
	endfacet
	facet normal 0 1 0
		outer loop
			vertex -6210 1830 -400.0000000000004
			vertex -6210 1830 -380.0000000000004
			vertex -6090 1830 -380.0000000000004
		endloop
	endfacet
	facet normal -1 0 0
		outer loop
			vertex -6090 1830 -400.0000000000004
			vertex -6090 1880 -380.0000000000004
			vertex -6090 1880 -400.0000000000004
		endloop
	endfacet
	facet normal -1 0 0
		outer loop
			vertex -6090 1830 -400.0000000000004
			vertex -6090 1830 -380.0000000000004
			vertex -6090 1880 -380.0000000000004
		endloop
	endfacet
	facet normal 0 -1 0
		outer loop
			vertex -6090 1880 -380.0000000000004
			vertex -6210 1880 -380.0000000000004
			vertex -6210 1880 -400.0000000000004
		endloop
	endfacet
	facet normal 0 -1 0
		outer loop
			vertex -6090 1880 -380.0000000000004
			vertex -6210 1880 -400.0000000000004
			vertex -6090 1880 -400.0000000000004
		endloop
	endfacet
	facet normal 1 0 0
		outer loop
			vertex -6210 1880 -380.0000000000004
			vertex -6210 1830 -380.0000000000004
			vertex -6210 1830 -400.0000000000004
		endloop
	endfacet
	facet normal 1 0 0
		outer loop
			vertex -6210 1880 -380.0000000000004
			vertex -6210 1830 -400.0000000000004
			vertex -6210 1880 -400.0000000000004
		endloop
	endfacet
	facet normal -8.12048840868686e-16 0 1
		outer loop
			vertex -6210 1830 -380.0000000000004
			vertex -6210 1880 -380.0000000000004
			vertex -6280 1980 -380.00000000000045
		endloop
	endfacet
	facet normal 0 5.684341886080802e-16 1
		outer loop
			vertex -6090 1880 -380.0000000000004
			vertex -6020 1980 -380.00000000000045
			vertex -6280 1980 -380.00000000000045
		endloop
	endfacet
	facet normal 0 5.684341886080802e-16 1
		outer loop
			vertex -6090 1880 -380.0000000000004
			vertex -6280 1980 -380.00000000000045
			vertex -6210 1880 -380.0000000000004
		endloop
	endfacet
	facet normal 8.12048840868686e-16 0 1
		outer loop
			vertex -6090 1830 -380.0000000000004
			vertex -6020 1980 -380.00000000000045
			vertex -6090 1880 -380.0000000000004
		endloop
	endfacet
	facet normal -2.7955779767610497e-16 2.4849582015653777e-16 1
		outer loop
			vertex -6280 1522.5 -380.00000000000034
			vertex -6210 1830 -380.0000000000004
			vertex -6280 1980 -380.00000000000045
		endloop
	endfacet
	facet normal 0 1.8485664670181468e-16 1
		outer loop
			vertex -6020 1522.5 -380.00000000000034
			vertex -6090 1830 -380.0000000000004
			vertex -6210 1830 -380.0000000000004
		endloop
	endfacet
	facet normal 0 1.8485664670181468e-16 1
		outer loop
			vertex -6020 1522.5 -380.00000000000034
			vertex -6210 1830 -380.0000000000004
			vertex -6280 1522.5 -380.00000000000034
		endloop
	endfacet
	facet normal 2.7955779767610497e-16 2.4849582015653777e-16 1
		outer loop
			vertex -6020 1522.5 -380.00000000000034
			vertex -6020 1980 -380.00000000000045
			vertex -6090 1830 -380.0000000000004
		endloop
	endfacet
	facet normal 0 1 0
		outer loop
			vertex -6280 1522.5 -380.00000000000034
			vertex -6280 1522.5 -3.3806291099836017e-13
			vertex -6020 1522.5 -3.3806291099836017e-13
		endloop
	endfacet
	facet normal 0 1 0
		outer loop
			vertex -6280 1522.5 -380.00000000000034
			vertex -6020 1522.5 -3.3806291099836017e-13
			vertex -6020 1522.5 -380.00000000000034
		endloop
	endfacet
	facet normal 1 0 0
		outer loop
			vertex -6280 1522.5 -3.3806291099836017e-13
			vertex -6280 1980 -380.00000000000045
			vertex -6280 1980 -4.39648317751562e-13
		endloop
	endfacet
	facet normal 1 0 0
		outer loop
			vertex -6280 1522.5 -380.00000000000034
			vertex -6280 1980 -380.00000000000045
			vertex -6280 1522.5 -3.3806291099836017e-13
		endloop
	endfacet
	facet normal 0 -1 0
		outer loop
			vertex -6280 1980 -380.00000000000045
			vertex -6020 1980 -380.00000000000045
			vertex -6020 1980 -4.39648317751562e-13
		endloop
	endfacet
	facet normal 0 -1 0
		outer loop
			vertex -6280 1980 -380.00000000000045
			vertex -6020 1980 -4.39648317751562e-13
			vertex -6280 1980 -4.39648317751562e-13
		endloop
	endfacet
	facet normal -1 0 0
		outer loop
			vertex -6020 1980 -380.00000000000045
			vertex -6020 1522.5 -380.00000000000034
			vertex -6020 1522.5 -3.3806291099836017e-13
		endloop
	endfacet
	facet normal -1 0 0
		outer loop
			vertex -6020 1980 -4.39648317751562e-13
			vertex -6020 1980 -380.00000000000045
			vertex -6020 1522.5 -3.3806291099836017e-13
		endloop
	endfacet
	facet normal 0 1 0
		outer loop
			vertex -4975 4022.5 -400.0000000000009
			vertex -5065 4022.5 -8.931744233109384e-13
			vertex -4975 4022.5 -8.931744233109384e-13
		endloop
	endfacet
	facet normal 0 1 0
		outer loop
			vertex -4975 4022.5 -400.0000000000009
			vertex -5065 4022.5 -400.0000000000009
			vertex -5065 4022.5 -8.931744233109384e-13
		endloop
	endfacet
	facet normal 1 0 0
		outer loop
			vertex -5065 4022.5 -8.931744233109384e-13
			vertex -5065 4022.5 -400.0000000000009
			vertex -5065 4057.5 -400.0000000000009
		endloop
	endfacet
	facet normal 1 0 0
		outer loop
			vertex -5065 4022.5 -8.931744233109384e-13
			vertex -5065 4057.5 -400.0000000000009
			vertex -5065 4057.5 -9.009459844833145e-13
		endloop
	endfacet
	facet normal 0 -1 0
		outer loop
			vertex -5065 4057.5 -400.0000000000009
			vertex -4975 4057.5 -400.0000000000009
			vertex -4975 4057.5 -9.009459844833145e-13
		endloop
	endfacet
	facet normal 0 -1 0
		outer loop
			vertex -5065 4057.5 -400.0000000000009
			vertex -4975 4057.5 -9.009459844833145e-13
			vertex -5065 4057.5 -9.009459844833145e-13
		endloop
	endfacet
	facet normal -1 0 0
		outer loop
			vertex -4975 4057.5 -9.009459844833145e-13
			vertex -4975 4022.5 -400.0000000000009
			vertex -4975 4022.5 -8.931744233109384e-13
		endloop
	endfacet
	facet normal -1 0 0
		outer loop
			vertex -4975 4057.5 -9.009459844833145e-13
			vertex -4975 4057.5 -400.0000000000009
			vertex -4975 4022.5 -400.0000000000009
		endloop
	endfacet
	facet normal 0 1 0
		outer loop
			vertex -5840 4090 -400.0000000000009
			vertex -5790 4090 -380.0000000000009
			vertex -5790 4090 -400.0000000000009
		endloop
	endfacet
	facet normal 0 1 0
		outer loop
			vertex -5840 4090 -400.0000000000009
			vertex -5840 4090 -380.0000000000009
			vertex -5790 4090 -380.0000000000009
		endloop
	endfacet
	facet normal -1 0 0
		outer loop
			vertex -5790 4090 -400.0000000000009
			vertex -5790 4210 -380.0000000000009
			vertex -5790 4210 -400.0000000000009
		endloop
	endfacet
	facet normal -1 0 0
		outer loop
			vertex -5790 4090 -400.0000000000009
			vertex -5790 4090 -380.0000000000009
			vertex -5790 4210 -380.0000000000009
		endloop
	endfacet
	facet normal 0 -1 0
		outer loop
			vertex -5790 4210 -380.0000000000009
			vertex -5840 4210 -380.0000000000009
			vertex -5840 4210 -400.0000000000009
		endloop
	endfacet
	facet normal 0 -1 0
		outer loop
			vertex -5790 4210 -380.0000000000009
			vertex -5840 4210 -400.0000000000009
			vertex -5790 4210 -400.0000000000009
		endloop
	endfacet
	facet normal 1 0 0
		outer loop
			vertex -5840 4210 -380.0000000000009
			vertex -5840 4090 -380.0000000000009
			vertex -5840 4090 -400.0000000000009
		endloop
	endfacet
	facet normal 1 0 0
		outer loop
			vertex -5840 4210 -380.0000000000009
			vertex -5840 4090 -400.0000000000009
			vertex -5840 4210 -400.0000000000009
		endloop
	endfacet
	facet normal 0 8.12048840868686e-16 1
		outer loop
			vertex -5940 4280 -380.00000000000097
			vertex -5840 4210 -380.0000000000009
			vertex -5790 4210 -380.0000000000009
		endloop
	endfacet
	facet normal 0 8.120488408686859e-16 1
		outer loop
			vertex -5940 4280 -380.00000000000097
			vertex -5790 4210 -380.0000000000009
			vertex -5522.5 4280 -380.00000000000097
		endloop
	endfacet
	facet normal 5.721120517982115e-17 2.1862853408003084e-16 1
		outer loop
			vertex -5790 4090 -380.0000000000009
			vertex -5522.5 4020 -380.0000000000009
			vertex -5522.5 4280 -380.00000000000097
		endloop
	endfacet
	facet normal 2.1249876209647854e-16 0 1
		outer loop
			vertex -5790 4090 -380.0000000000009
			vertex -5522.5 4280 -380.00000000000097
			vertex -5790 4210 -380.0000000000009
		endloop
	endfacet
	facet normal 0 0 1
		outer loop
			vertex -5940 4020 -380.0000000000009
			vertex -5840 4090 -380.0000000000009
			vertex -5840 4210 -380.0000000000009
		endloop
	endfacet
	facet normal 0 0 1
		outer loop
			vertex -5940 4020 -380.0000000000009
			vertex -5790 4090 -380.0000000000009
			vertex -5840 4090 -380.0000000000009
		endloop
	endfacet
	facet normal -4.1539421475205856e-16 2.1862853408003084e-16 1
		outer loop
			vertex -5940 4020 -380.0000000000009
			vertex -5840 4210 -380.0000000000009
			vertex -5940 4280 -380.00000000000097
		endloop
	endfacet
	facet normal 0 0 1
		outer loop
			vertex -5940 4020 -380.0000000000009
			vertex -5522.5 4020 -380.0000000000009
			vertex -5790 4090 -380.0000000000009
		endloop
	endfacet
	facet normal -1 0 0
		outer loop
			vertex -5522.5 4020 -380.0000000000009
			vertex -5522.5 4020 -8.926193117986259e-13
			vertex -5522.5 4280 -9.50350909079134e-13
		endloop
	endfacet
	facet normal -1 0 0
		outer loop
			vertex -5522.5 4020 -380.0000000000009
			vertex -5522.5 4280 -9.50350909079134e-13
			vertex -5522.5 4280 -380.00000000000097
		endloop
	endfacet
	facet normal 0 1 0
		outer loop
			vertex -5522.5 4020 -8.926193117986259e-13
			vertex -5940 4020 -380.0000000000009
			vertex -5940 4020 -8.926193117986259e-13
		endloop
	endfacet
	facet normal 0 1 0
		outer loop
			vertex -5522.5 4020 -8.926193117986259e-13
			vertex -5522.5 4020 -380.0000000000009
			vertex -5940 4020 -380.0000000000009
		endloop
	endfacet
	facet normal 1 0 0
		outer loop
			vertex -5940 4020 -380.0000000000009
			vertex -5940 4280 -380.00000000000097
			vertex -5940 4280 -9.50350909079134e-13
		endloop
	endfacet
	facet normal 1 0 0
		outer loop
			vertex -5940 4020 -380.0000000000009
			vertex -5940 4280 -9.50350909079134e-13
			vertex -5940 4020 -8.926193117986259e-13
		endloop
	endfacet
	facet normal 0 -1 0
		outer loop
			vertex -5940 4280 -380.00000000000097
			vertex -5522.5 4280 -380.00000000000097
			vertex -5522.5 4280 -9.50350909079134e-13
		endloop
	endfacet
	facet normal 0 -1 0
		outer loop
			vertex -5940 4280 -380.00000000000097
			vertex -5522.5 4280 -9.50350909079134e-13
			vertex -5940 4280 -9.50350909079134e-13
		endloop
	endfacet
	facet normal 1 0 0
		outer loop
			vertex -4170 4210 -380.0000000000009
			vertex -4170 4090 -380.0000000000009
			vertex -4170 4090 -400.0000000000009
		endloop
	endfacet
	facet normal 1 0 0
		outer loop
			vertex -4170 4210 -380.0000000000009
			vertex -4170 4090 -400.0000000000009
			vertex -4170 4210 -400.0000000000009
		endloop
	endfacet
	facet normal 0 1 0
		outer loop
			vertex -4170 4090 -400.0000000000009
			vertex -4120 4090 -380.0000000000009
			vertex -4120 4090 -400.0000000000009
		endloop
	endfacet
	facet normal 0 1 0
		outer loop
			vertex -4170 4090 -400.0000000000009
			vertex -4170 4090 -380.0000000000009
			vertex -4120 4090 -380.0000000000009
		endloop
	endfacet
	facet normal -1 0 0
		outer loop
			vertex -4120 4090 -400.0000000000009
			vertex -4120 4210 -380.0000000000009
			vertex -4120 4210 -400.0000000000009
		endloop
	endfacet
	facet normal -1 0 0
		outer loop
			vertex -4120 4090 -400.0000000000009
			vertex -4120 4090 -380.0000000000009
			vertex -4120 4210 -380.0000000000009
		endloop
	endfacet
	facet normal 0 -1 0
		outer loop
			vertex -4120 4210 -380.0000000000009
			vertex -4170 4210 -380.0000000000009
			vertex -4170 4210 -400.0000000000009
		endloop
	endfacet
	facet normal 0 -1 0
		outer loop
			vertex -4120 4210 -380.0000000000009
			vertex -4170 4210 -400.0000000000009
			vertex -4120 4210 -400.0000000000009
		endloop
	endfacet
	facet normal 0 8.12048840868686e-16 1
		outer loop
			vertex -4170 4210 -380.0000000000009
			vertex -4120 4210 -380.0000000000009
			vertex -4020 4280 -380.00000000000097
		endloop
	endfacet
	facet normal 1.5303997385602157e-16 2.1862853408003084e-16 1
		outer loop
			vertex -4120 4090 -380.0000000000009
			vertex -4020 4020 -380.0000000000009
			vertex -4020 4280 -380.00000000000097
		endloop
	endfacet
	facet normal 5.684341886080802e-16 0 1
		outer loop
			vertex -4120 4090 -380.0000000000009
			vertex -4020 4280 -380.00000000000097
			vertex -4120 4210 -380.0000000000009
		endloop
	endfacet
	facet normal 0 0 1
		outer loop
			vertex -4170 4090 -380.0000000000009
			vertex -4020 4020 -380.0000000000009
			vertex -4120 4090 -380.0000000000009
		endloop
	endfacet
	facet normal 0 8.120488408686859e-16 1
		outer loop
			vertex -4477.5 4280 -380.00000000000097
			vertex -4170 4210 -380.0000000000009
			vertex -4020 4280 -380.00000000000097
		endloop
	endfacet
	facet normal 0 0 1
		outer loop
			vertex -4477.5 4020 -380.0000000000009
			vertex -4170 4090 -380.0000000000009
			vertex -4170 4210 -380.0000000000009
		endloop
	endfacet
	facet normal -1.3508754951286458e-16 2.1862853408003084e-16 1
		outer loop
			vertex -4477.5 4020 -380.0000000000009
			vertex -4170 4210 -380.0000000000009
			vertex -4477.5 4280 -380.00000000000097
		endloop
	endfacet
	facet normal 0 0 1
		outer loop
			vertex -4477.5 4020 -380.0000000000009
			vertex -4020 4020 -380.0000000000009
			vertex -4170 4090 -380.0000000000009
		endloop
	endfacet
	facet normal 1 0 0
		outer loop
			vertex -4477.5 4280 -9.50350909079134e-13
			vertex -4477.5 4020 -8.926193117986259e-13
			vertex -4477.5 4020 -380.0000000000009
		endloop
	endfacet
	facet normal 1 0 0
		outer loop
			vertex -4477.5 4280 -9.50350909079134e-13
			vertex -4477.5 4020 -380.0000000000009
			vertex -4477.5 4280 -380.00000000000097
		endloop
	endfacet
	facet normal 0 -1 0
		outer loop
			vertex -4477.5 4280 -9.50350909079134e-13
			vertex -4020 4280 -380.00000000000097
			vertex -4020 4280 -9.50350909079134e-13
		endloop
	endfacet
	facet normal 0 -1 0
		outer loop
			vertex -4477.5 4280 -380.00000000000097
			vertex -4020 4280 -380.00000000000097
			vertex -4477.5 4280 -9.50350909079134e-13
		endloop
	endfacet
	facet normal -1 0 0
		outer loop
			vertex -4020 4280 -9.50350909079134e-13
			vertex -4020 4020 -380.0000000000009
			vertex -4020 4020 -8.926193117986259e-13
		endloop
	endfacet
	facet normal -1 0 0
		outer loop
			vertex -4020 4280 -9.50350909079134e-13
			vertex -4020 4280 -380.00000000000097
			vertex -4020 4020 -380.0000000000009
		endloop
	endfacet
	facet normal 0 1 0
		outer loop
			vertex -4020 4020 -380.0000000000009
			vertex -4477.5 4020 -380.0000000000009
			vertex -4477.5 4020 -8.926193117986259e-13
		endloop
	endfacet
	facet normal 0 1 0
		outer loop
			vertex -4020 4020 -8.926193117986259e-13
			vertex -4020 4020 -380.0000000000009
			vertex -4477.5 4020 -8.926193117986259e-13
		endloop
	endfacet
	facet normal 1 0 0
		outer loop
			vertex -2170 4210 -380.0000000000009
			vertex -2170 4090 -380.0000000000009
			vertex -2170 4090 -400.0000000000009
		endloop
	endfacet
	facet normal 1 0 0
		outer loop
			vertex -2170 4210 -380.0000000000009
			vertex -2170 4090 -400.0000000000009
			vertex -2170 4210 -400.0000000000009
		endloop
	endfacet
	facet normal 0 1 0
		outer loop
			vertex -2170 4090 -400.0000000000009
			vertex -2120 4090 -380.0000000000009
			vertex -2120 4090 -400.0000000000009
		endloop
	endfacet
	facet normal 0 1 0
		outer loop
			vertex -2170 4090 -400.0000000000009
			vertex -2170 4090 -380.0000000000009
			vertex -2120 4090 -380.0000000000009
		endloop
	endfacet
	facet normal -1 0 0
		outer loop
			vertex -2120 4090 -400.0000000000009
			vertex -2120 4210 -380.0000000000009
			vertex -2120 4210 -400.0000000000009
		endloop
	endfacet
	facet normal -1 0 0
		outer loop
			vertex -2120 4090 -400.0000000000009
			vertex -2120 4090 -380.0000000000009
			vertex -2120 4210 -380.0000000000009
		endloop
	endfacet
	facet normal 0 -1 0
		outer loop
			vertex -2120 4210 -380.0000000000009
			vertex -2170 4210 -380.0000000000009
			vertex -2170 4210 -400.0000000000009
		endloop
	endfacet
	facet normal 0 -1 0
		outer loop
			vertex -2120 4210 -380.0000000000009
			vertex -2170 4210 -400.0000000000009
			vertex -2120 4210 -400.0000000000009
		endloop
	endfacet
	facet normal 0 8.12048840868686e-16 1
		outer loop
			vertex -2170 4210 -380.0000000000009
			vertex -2120 4210 -380.0000000000009
			vertex -2020 4280 -380.00000000000097
		endloop
	endfacet
	facet normal 1.5303997385602157e-16 2.1862853408003084e-16 1
		outer loop
			vertex -2120 4090 -380.0000000000009
			vertex -2020 4020 -380.0000000000009
			vertex -2020 4280 -380.00000000000097
		endloop
	endfacet
	facet normal 5.684341886080802e-16 0 1
		outer loop
			vertex -2120 4090 -380.0000000000009
			vertex -2020 4280 -380.00000000000097
			vertex -2120 4210 -380.0000000000009
		endloop
	endfacet
	facet normal 0 0 1
		outer loop
			vertex -2170 4090 -380.0000000000009
			vertex -2020 4020 -380.0000000000009
			vertex -2120 4090 -380.0000000000009
		endloop
	endfacet
	facet normal 0 8.120488408686859e-16 1
		outer loop
			vertex -2477.5 4280 -380.00000000000097
			vertex -2170 4210 -380.0000000000009
			vertex -2020 4280 -380.00000000000097
		endloop
	endfacet
	facet normal 0 0 1
		outer loop
			vertex -2477.5 4020 -380.0000000000009
			vertex -2170 4090 -380.0000000000009
			vertex -2170 4210 -380.0000000000009
		endloop
	endfacet
	facet normal -1.3508754951286458e-16 2.1862853408003084e-16 1
		outer loop
			vertex -2477.5 4020 -380.0000000000009
			vertex -2170 4210 -380.0000000000009
			vertex -2477.5 4280 -380.00000000000097
		endloop
	endfacet
	facet normal 0 0 1
		outer loop
			vertex -2477.5 4020 -380.0000000000009
			vertex -2020 4020 -380.0000000000009
			vertex -2170 4090 -380.0000000000009
		endloop
	endfacet
	facet normal 1 0 0
		outer loop
			vertex -2477.5 4280 -9.50350909079134e-13
			vertex -2477.5 4020 -8.926193117986259e-13
			vertex -2477.5 4020 -380.0000000000009
		endloop
	endfacet
	facet normal 1 0 0
		outer loop
			vertex -2477.5 4280 -9.50350909079134e-13
			vertex -2477.5 4020 -380.0000000000009
			vertex -2477.5 4280 -380.00000000000097
		endloop
	endfacet
	facet normal 0 -1 0
		outer loop
			vertex -2477.5 4280 -9.50350909079134e-13
			vertex -2020 4280 -380.00000000000097
			vertex -2020 4280 -9.50350909079134e-13
		endloop
	endfacet
	facet normal 0 -1 0
		outer loop
			vertex -2477.5 4280 -380.00000000000097
			vertex -2020 4280 -380.00000000000097
			vertex -2477.5 4280 -9.50350909079134e-13
		endloop
	endfacet
	facet normal -1 0 0
		outer loop
			vertex -2020 4280 -9.50350909079134e-13
			vertex -2020 4020 -380.0000000000009
			vertex -2020 4020 -8.926193117986259e-13
		endloop
	endfacet
	facet normal -1 0 0
		outer loop
			vertex -2020 4280 -9.50350909079134e-13
			vertex -2020 4280 -380.00000000000097
			vertex -2020 4020 -380.0000000000009
		endloop
	endfacet
	facet normal 0 1 0
		outer loop
			vertex -2020 4020 -380.0000000000009
			vertex -2477.5 4020 -380.0000000000009
			vertex -2477.5 4020 -8.926193117986259e-13
		endloop
	endfacet
	facet normal 0 1 0
		outer loop
			vertex -2020 4020 -8.926193117986259e-13
			vertex -2020 4020 -380.0000000000009
			vertex -2477.5 4020 -8.926193117986259e-13
		endloop
	endfacet
	facet normal 0 1 0
		outer loop
			vertex -3840 4090 -400.0000000000009
			vertex -3790 4090 -380.0000000000009
			vertex -3790 4090 -400.0000000000009
		endloop
	endfacet
	facet normal 0 1 0
		outer loop
			vertex -3840 4090 -400.0000000000009
			vertex -3840 4090 -380.0000000000009
			vertex -3790 4090 -380.0000000000009
		endloop
	endfacet
	facet normal -1 0 0
		outer loop
			vertex -3790 4090 -400.0000000000009
			vertex -3790 4210 -380.0000000000009
			vertex -3790 4210 -400.0000000000009
		endloop
	endfacet
	facet normal -1 0 0
		outer loop
			vertex -3790 4090 -400.0000000000009
			vertex -3790 4090 -380.0000000000009
			vertex -3790 4210 -380.0000000000009
		endloop
	endfacet
	facet normal 0 -1 0
		outer loop
			vertex -3790 4210 -380.0000000000009
			vertex -3840 4210 -380.0000000000009
			vertex -3840 4210 -400.0000000000009
		endloop
	endfacet
	facet normal 0 -1 0
		outer loop
			vertex -3790 4210 -380.0000000000009
			vertex -3840 4210 -400.0000000000009
			vertex -3790 4210 -400.0000000000009
		endloop
	endfacet
	facet normal 1 0 0
		outer loop
			vertex -3840 4210 -380.0000000000009
			vertex -3840 4090 -380.0000000000009
			vertex -3840 4090 -400.0000000000009
		endloop
	endfacet
	facet normal 1 0 0
		outer loop
			vertex -3840 4210 -380.0000000000009
			vertex -3840 4090 -400.0000000000009
			vertex -3840 4210 -400.0000000000009
		endloop
	endfacet
	facet normal 0 8.12048840868686e-16 1
		outer loop
			vertex -3940 4280 -380.00000000000097
			vertex -3840 4210 -380.0000000000009
			vertex -3790 4210 -380.0000000000009
		endloop
	endfacet
	facet normal 0 8.120488408686859e-16 1
		outer loop
			vertex -3940 4280 -380.00000000000097
			vertex -3790 4210 -380.0000000000009
			vertex -3522.5 4280 -380.00000000000097
		endloop
	endfacet
	facet normal 5.721120517982115e-17 2.1862853408003084e-16 1
		outer loop
			vertex -3790 4090 -380.0000000000009
			vertex -3522.5 4020 -380.0000000000009
			vertex -3522.5 4280 -380.00000000000097
		endloop
	endfacet
	facet normal 2.1249876209647854e-16 0 1
		outer loop
			vertex -3790 4090 -380.0000000000009
			vertex -3522.5 4280 -380.00000000000097
			vertex -3790 4210 -380.0000000000009
		endloop
	endfacet
	facet normal 0 0 1
		outer loop
			vertex -3940 4020 -380.0000000000009
			vertex -3840 4090 -380.0000000000009
			vertex -3840 4210 -380.0000000000009
		endloop
	endfacet
	facet normal 0 0 1
		outer loop
			vertex -3940 4020 -380.0000000000009
			vertex -3790 4090 -380.0000000000009
			vertex -3840 4090 -380.0000000000009
		endloop
	endfacet
	facet normal -4.1539421475205856e-16 2.1862853408003084e-16 1
		outer loop
			vertex -3940 4020 -380.0000000000009
			vertex -3840 4210 -380.0000000000009
			vertex -3940 4280 -380.00000000000097
		endloop
	endfacet
	facet normal 0 0 1
		outer loop
			vertex -3940 4020 -380.0000000000009
			vertex -3522.5 4020 -380.0000000000009
			vertex -3790 4090 -380.0000000000009
		endloop
	endfacet
	facet normal -1 0 0
		outer loop
			vertex -3522.5 4020 -380.0000000000009
			vertex -3522.5 4020 -8.926193117986259e-13
			vertex -3522.5 4280 -9.50350909079134e-13
		endloop
	endfacet
	facet normal -1 0 0
		outer loop
			vertex -3522.5 4020 -380.0000000000009
			vertex -3522.5 4280 -9.50350909079134e-13
			vertex -3522.5 4280 -380.00000000000097
		endloop
	endfacet
	facet normal 0 1 0
		outer loop
			vertex -3522.5 4020 -8.926193117986259e-13
			vertex -3940 4020 -380.0000000000009
			vertex -3940 4020 -8.926193117986259e-13
		endloop
	endfacet
	facet normal 0 1 0
		outer loop
			vertex -3522.5 4020 -8.926193117986259e-13
			vertex -3522.5 4020 -380.0000000000009
			vertex -3940 4020 -380.0000000000009
		endloop
	endfacet
	facet normal 1 0 0
		outer loop
			vertex -3940 4020 -380.0000000000009
			vertex -3940 4280 -380.00000000000097
			vertex -3940 4280 -9.50350909079134e-13
		endloop
	endfacet
	facet normal 1 0 0
		outer loop
			vertex -3940 4020 -380.0000000000009
			vertex -3940 4280 -9.50350909079134e-13
			vertex -3940 4020 -8.926193117986259e-13
		endloop
	endfacet
	facet normal 0 -1 0
		outer loop
			vertex -3940 4280 -380.00000000000097
			vertex -3522.5 4280 -380.00000000000097
			vertex -3522.5 4280 -9.50350909079134e-13
		endloop
	endfacet
	facet normal 0 -1 0
		outer loop
			vertex -3940 4280 -380.00000000000097
			vertex -3522.5 4280 -9.50350909079134e-13
			vertex -3940 4280 -9.50350909079134e-13
		endloop
	endfacet
	facet normal 0 1 0
		outer loop
			vertex -2975 4022.5 -400.0000000000009
			vertex -3065 4022.5 -8.931744233109384e-13
			vertex -2975 4022.5 -8.931744233109384e-13
		endloop
	endfacet
	facet normal 0 1 0
		outer loop
			vertex -2975 4022.5 -400.0000000000009
			vertex -3065 4022.5 -400.0000000000009
			vertex -3065 4022.5 -8.931744233109384e-13
		endloop
	endfacet
	facet normal 1 0 0
		outer loop
			vertex -3065 4022.5 -8.931744233109384e-13
			vertex -3065 4022.5 -400.0000000000009
			vertex -3065 4057.5 -400.0000000000009
		endloop
	endfacet
	facet normal 1 0 0
		outer loop
			vertex -3065 4022.5 -8.931744233109384e-13
			vertex -3065 4057.5 -400.0000000000009
			vertex -3065 4057.5 -9.009459844833145e-13
		endloop
	endfacet
	facet normal 0 -1 0
		outer loop
			vertex -3065 4057.5 -400.0000000000009
			vertex -2975 4057.5 -400.0000000000009
			vertex -2975 4057.5 -9.009459844833145e-13
		endloop
	endfacet
	facet normal 0 -1 0
		outer loop
			vertex -3065 4057.5 -400.0000000000009
			vertex -2975 4057.5 -9.009459844833145e-13
			vertex -3065 4057.5 -9.009459844833145e-13
		endloop
	endfacet
	facet normal -1 0 0
		outer loop
			vertex -2975 4057.5 -9.009459844833145e-13
			vertex -2975 4022.5 -400.0000000000009
			vertex -2975 4022.5 -8.931744233109384e-13
		endloop
	endfacet
	facet normal -1 0 0
		outer loop
			vertex -2975 4057.5 -9.009459844833145e-13
			vertex -2975 4057.5 -400.0000000000009
			vertex -2975 4022.5 -400.0000000000009
		endloop
	endfacet
	facet normal 1 0 0
		outer loop
			vertex 6200 -4090 -379.9999999999991
			vertex 6200 -4210 -379.9999999999991
			vertex 6200 -4210 -399.9999999999991
		endloop
	endfacet
	facet normal 1 0 0
		outer loop
			vertex 6200 -4090 -379.9999999999991
			vertex 6200 -4210 -399.9999999999991
			vertex 6200 -4090 -399.9999999999991
		endloop
	endfacet
	facet normal 0 1 0
		outer loop
			vertex 6200 -4210 -399.9999999999991
			vertex 6250 -4210 -379.9999999999991
			vertex 6250 -4210 -399.9999999999991
		endloop
	endfacet
	facet normal 0 1 0
		outer loop
			vertex 6200 -4210 -399.9999999999991
			vertex 6200 -4210 -379.9999999999991
			vertex 6250 -4210 -379.9999999999991
		endloop
	endfacet
	facet normal -1 0 0
		outer loop
			vertex 6250 -4210 -399.9999999999991
			vertex 6250 -4090 -379.9999999999991
			vertex 6250 -4090 -399.9999999999991
		endloop
	endfacet
	facet normal -1 0 0
		outer loop
			vertex 6250 -4210 -399.9999999999991
			vertex 6250 -4210 -379.9999999999991
			vertex 6250 -4090 -379.9999999999991
		endloop
	endfacet
	facet normal 0 -1 0
		outer loop
			vertex 6250 -4090 -379.9999999999991
			vertex 6200 -4090 -379.9999999999991
			vertex 6200 -4090 -399.9999999999991
		endloop
	endfacet
	facet normal 0 -1 0
		outer loop
			vertex 6250 -4090 -379.9999999999991
			vertex 6200 -4090 -399.9999999999991
			vertex 6250 -4090 -399.9999999999991
		endloop
	endfacet
	facet normal 0 8.12048840868686e-16 1
		outer loop
			vertex 6100 -4210 -379.9999999999991
			vertex 6050 -4210 -379.9999999999991
			vertex 6020 -4280 -379.99999999999903
		endloop
	endfacet
	facet normal 0 0 1
		outer loop
			vertex 6020 -4060 -379.9999999999991
			vertex 6050 -4210 -379.9999999999991
			vertex 6050 -4090 -379.9999999999991
		endloop
	endfacet
	facet normal 1.2918958832001822e-15 2.583791766400364e-16 1
		outer loop
			vertex 6020 -4060 -379.9999999999991
			vertex 6020 -4280 -379.99999999999903
			vertex 6050 -4210 -379.9999999999991
		endloop
	endfacet
	facet normal 0 8.120488408686859e-16 1
		outer loop
			vertex 6280 -4280 -379.99999999999903
			vertex 6100 -4210 -379.9999999999991
			vertex 6020 -4280 -379.99999999999903
		endloop
	endfacet
	facet normal 0 8.12048840868686e-16 1
		outer loop
			vertex 6280 -4280 -379.99999999999903
			vertex 6200 -4210 -379.9999999999991
			vertex 6100 -4210 -379.9999999999991
		endloop
	endfacet
	facet normal 0 0 1
		outer loop
			vertex 6100 -4090 -379.9999999999991
			vertex 6020 -4060 -379.9999999999991
			vertex 6050 -4090 -379.9999999999991
		endloop
	endfacet
	facet normal 0 0 1
		outer loop
			vertex 6100 -4090 -379.9999999999991
			vertex 6100 -4210 -379.9999999999991
			vertex 6200 -4210 -379.9999999999991
		endloop
	endfacet
	facet normal 0 8.12048840868686e-16 1
		outer loop
			vertex 6250 -4210 -379.9999999999991
			vertex 6200 -4210 -379.9999999999991
			vertex 6280 -4280 -379.99999999999903
		endloop
	endfacet
	facet normal 0 0 1
		outer loop
			vertex 6200 -4090 -379.9999999999991
			vertex 6100 -4090 -379.9999999999991
			vertex 6200 -4210 -379.9999999999991
		endloop
	endfacet
	facet normal 0 0 1
		outer loop
			vertex 6280 -4060 -379.9999999999991
			vertex 6200 -4090 -379.9999999999991
			vertex 6250 -4090 -379.9999999999991
		endloop
	endfacet
	facet normal 0 0 1
		outer loop
			vertex 6280 -4060 -379.9999999999991
			vertex 6250 -4090 -379.9999999999991
			vertex 6250 -4210 -379.9999999999991
		endloop
	endfacet
	facet normal -1.2918958832001822e-15 2.583791766400364e-16 1
		outer loop
			vertex 6280 -4060 -379.9999999999991
			vertex 6250 -4210 -379.9999999999991
			vertex 6280 -4280 -379.99999999999903
		endloop
	endfacet
	facet normal 0 0 1
		outer loop
			vertex 6280 -4060 -379.9999999999991
			vertex 6020 -4060 -379.9999999999991
			vertex 6100 -4090 -379.9999999999991
		endloop
	endfacet
	facet normal 0 0 1
		outer loop
			vertex 6280 -4060 -379.9999999999991
			vertex 6100 -4090 -379.9999999999991
			vertex 6200 -4090 -379.9999999999991
		endloop
	endfacet
	facet normal 1 0 0
		outer loop
			vertex 6020 -4280 -379.99999999999903
			vertex 6020 -4060 -379.9999999999991
			vertex 6020 -4060 -19.999999999999098
		endloop
	endfacet
	facet normal 1 0 0
		outer loop
			vertex 6020 -4280 -379.99999999999903
			vertex 6020 -4060 -19.999999999999098
			vertex 6020 -4280 -19.999999999999048
		endloop
	endfacet
	facet normal 0 -2.2608177956003185e-16 -1
		outer loop
			vertex 6280 -4060 -19.999999999999098
			vertex 6020 -4280 -19.999999999999048
			vertex 6020 -4060 -19.999999999999098
		endloop
	endfacet
	facet normal 0 -2.2608177956003185e-16 -1
		outer loop
			vertex 6280 -4060 -19.999999999999098
			vertex 6280 -4280 -19.999999999999048
			vertex 6020 -4280 -19.999999999999048
		endloop
	endfacet
	facet normal 0 1 0
		outer loop
			vertex 6280 -4280 -19.999999999999048
			vertex 6020 -4280 -379.99999999999903
			vertex 6020 -4280 -19.999999999999048
		endloop
	endfacet
	facet normal 0 1 0
		outer loop
			vertex 6280 -4280 -19.999999999999048
			vertex 6280 -4280 -379.99999999999903
			vertex 6020 -4280 -379.99999999999903
		endloop
	endfacet
	facet normal -1 0 0
		outer loop
			vertex 6280 -4060 -19.999999999999098
			vertex 6280 -4280 -379.99999999999903
			vertex 6280 -4280 -19.999999999999048
		endloop
	endfacet
	facet normal -1 0 0
		outer loop
			vertex 6280 -4060 -19.999999999999098
			vertex 6280 -4060 -379.9999999999991
			vertex 6280 -4280 -379.99999999999903
		endloop
	endfacet
	facet normal 0 -1 0
		outer loop
			vertex 6020 -4060 -379.9999999999991
			vertex 6280 -4060 -379.9999999999991
			vertex 6280 -4060 -19.999999999999098
		endloop
	endfacet
	facet normal 0 -1 0
		outer loop
			vertex 6020 -4060 -379.9999999999991
			vertex 6280 -4060 -19.999999999999098
			vertex 6020 -4060 -19.999999999999098
		endloop
	endfacet
	facet normal 1 0 0
		outer loop
			vertex 6050 -4090 -379.9999999999991
			vertex 6050 -4210 -379.9999999999991
			vertex 6050 -4210 -399.9999999999991
		endloop
	endfacet
	facet normal 1 0 0
		outer loop
			vertex 6050 -4090 -379.9999999999991
			vertex 6050 -4210 -399.9999999999991
			vertex 6050 -4090 -399.9999999999991
		endloop
	endfacet
	facet normal 0 1 0
		outer loop
			vertex 6050 -4210 -399.9999999999991
			vertex 6100 -4210 -379.9999999999991
			vertex 6100 -4210 -399.9999999999991
		endloop
	endfacet
	facet normal 0 1 0
		outer loop
			vertex 6050 -4210 -399.9999999999991
			vertex 6050 -4210 -379.9999999999991
			vertex 6100 -4210 -379.9999999999991
		endloop
	endfacet
	facet normal -1 0 0
		outer loop
			vertex 6100 -4210 -399.9999999999991
			vertex 6100 -4090 -379.9999999999991
			vertex 6100 -4090 -399.9999999999991
		endloop
	endfacet
	facet normal -1 0 0
		outer loop
			vertex 6100 -4210 -399.9999999999991
			vertex 6100 -4210 -379.9999999999991
			vertex 6100 -4090 -379.9999999999991
		endloop
	endfacet
	facet normal 0 -1 0
		outer loop
			vertex 6100 -4090 -379.9999999999991
			vertex 6050 -4090 -379.9999999999991
			vertex 6050 -4090 -399.9999999999991
		endloop
	endfacet
	facet normal 0 -1 0
		outer loop
			vertex 6100 -4090 -379.9999999999991
			vertex 6050 -4090 -399.9999999999991
			vertex 6100 -4090 -399.9999999999991
		endloop
	endfacet
	facet normal 0 -1 0
		outer loop
			vertex 5065 -4022.5 -399.9999999999991
			vertex 4975 -4022.5 8.931744233109384e-13
			vertex 4975 -4022.5 -399.9999999999991
		endloop
	endfacet
	facet normal 0 -1 0
		outer loop
			vertex 5065 -4022.5 -399.9999999999991
			vertex 5065 -4022.5 8.931744233109384e-13
			vertex 4975 -4022.5 8.931744233109384e-13
		endloop
	endfacet
	facet normal -1 0 0
		outer loop
			vertex 5065 -4057.5 9.009459844833145e-13
			vertex 5065 -4022.5 -399.9999999999991
			vertex 5065 -4057.5 -399.9999999999991
		endloop
	endfacet
	facet normal -1 0 0
		outer loop
			vertex 5065 -4057.5 9.009459844833145e-13
			vertex 5065 -4022.5 8.931744233109384e-13
			vertex 5065 -4022.5 -399.9999999999991
		endloop
	endfacet
	facet normal 0 1 0
		outer loop
			vertex 5065 -4057.5 9.009459844833145e-13
			vertex 4975 -4057.5 -399.9999999999991
			vertex 4975 -4057.5 9.009459844833145e-13
		endloop
	endfacet
	facet normal 0 1 0
		outer loop
			vertex 5065 -4057.5 9.009459844833145e-13
			vertex 5065 -4057.5 -399.9999999999991
			vertex 4975 -4057.5 -399.9999999999991
		endloop
	endfacet
	facet normal 1 0 0
		outer loop
			vertex 4975 -4057.5 -399.9999999999991
			vertex 4975 -4022.5 -399.9999999999991
			vertex 4975 -4022.5 8.931744233109384e-13
		endloop
	endfacet
	facet normal 1 0 0
		outer loop
			vertex 4975 -4057.5 -399.9999999999991
			vertex 4975 -4022.5 8.931744233109384e-13
			vertex 4975 -4057.5 9.009459844833145e-13
		endloop
	endfacet
	facet normal 0 -1 0
		outer loop
			vertex 5840 -4090 -379.9999999999991
			vertex 5790 -4090 -379.9999999999991
			vertex 5790 -4090 -399.9999999999991
		endloop
	endfacet
	facet normal 0 -1 0
		outer loop
			vertex 5840 -4090 -379.9999999999991
			vertex 5790 -4090 -399.9999999999991
			vertex 5840 -4090 -399.9999999999991
		endloop
	endfacet
	facet normal 1 0 0
		outer loop
			vertex 5790 -4090 -379.9999999999991
			vertex 5790 -4210 -379.9999999999991
			vertex 5790 -4210 -399.9999999999991
		endloop
	endfacet
	facet normal 1 0 0
		outer loop
			vertex 5790 -4090 -379.9999999999991
			vertex 5790 -4210 -399.9999999999991
			vertex 5790 -4090 -399.9999999999991
		endloop
	endfacet
	facet normal 0 1 0
		outer loop
			vertex 5790 -4210 -399.9999999999991
			vertex 5840 -4210 -379.9999999999991
			vertex 5840 -4210 -399.9999999999991
		endloop
	endfacet
	facet normal 0 1 0
		outer loop
			vertex 5790 -4210 -399.9999999999991
			vertex 5790 -4210 -379.9999999999991
			vertex 5840 -4210 -379.9999999999991
		endloop
	endfacet
	facet normal -1 0 0
		outer loop
			vertex 5840 -4210 -399.9999999999991
			vertex 5840 -4090 -379.9999999999991
			vertex 5840 -4090 -399.9999999999991
		endloop
	endfacet
	facet normal -1 0 0
		outer loop
			vertex 5840 -4210 -399.9999999999991
			vertex 5840 -4210 -379.9999999999991
			vertex 5840 -4090 -379.9999999999991
		endloop
	endfacet
	facet normal 0 8.12048840868686e-16 1
		outer loop
			vertex 5940 -4280 -379.99999999999903
			vertex 5840 -4210 -379.9999999999991
			vertex 5790 -4210 -379.9999999999991
		endloop
	endfacet
	facet normal 0 8.120488408686859e-16 1
		outer loop
			vertex 5940 -4280 -379.99999999999903
			vertex 5790 -4210 -379.9999999999991
			vertex 5522.5 -4280 -379.99999999999903
		endloop
	endfacet
	facet normal 5.721120517982115e-17 2.1862853408003084e-16 1
		outer loop
			vertex 5790 -4090 -379.9999999999991
			vertex 5522.5 -4020 -379.9999999999991
			vertex 5522.5 -4280 -379.99999999999903
		endloop
	endfacet
	facet normal 2.1249876209647854e-16 0 1
		outer loop
			vertex 5790 -4090 -379.9999999999991
			vertex 5522.5 -4280 -379.99999999999903
			vertex 5790 -4210 -379.9999999999991
		endloop
	endfacet
	facet normal 0 0 1
		outer loop
			vertex 5940 -4020 -379.9999999999991
			vertex 5840 -4090 -379.9999999999991
			vertex 5840 -4210 -379.9999999999991
		endloop
	endfacet
	facet normal 0 0 1
		outer loop
			vertex 5940 -4020 -379.9999999999991
			vertex 5790 -4090 -379.9999999999991
			vertex 5840 -4090 -379.9999999999991
		endloop
	endfacet
	facet normal -4.1539421475205856e-16 2.1862853408003084e-16 1
		outer loop
			vertex 5940 -4020 -379.9999999999991
			vertex 5840 -4210 -379.9999999999991
			vertex 5940 -4280 -379.99999999999903
		endloop
	endfacet
	facet normal 0 0 1
		outer loop
			vertex 5940 -4020 -379.9999999999991
			vertex 5522.5 -4020 -379.9999999999991
			vertex 5790 -4090 -379.9999999999991
		endloop
	endfacet
	facet normal 1 0 0
		outer loop
			vertex 5522.5 -4020 8.926193117986259e-13
			vertex 5522.5 -4280 9.50350909079134e-13
			vertex 5522.5 -4280 -379.99999999999903
		endloop
	endfacet
	facet normal 1 0 0
		outer loop
			vertex 5522.5 -4020 8.926193117986259e-13
			vertex 5522.5 -4280 -379.99999999999903
			vertex 5522.5 -4020 -379.9999999999991
		endloop
	endfacet
	facet normal 0 -1 0
		outer loop
			vertex 5522.5 -4020 -379.9999999999991
			vertex 5940 -4020 -379.9999999999991
			vertex 5940 -4020 8.926193117986259e-13
		endloop
	endfacet
	facet normal 0 -1 0
		outer loop
			vertex 5522.5 -4020 -379.9999999999991
			vertex 5940 -4020 8.926193117986259e-13
			vertex 5522.5 -4020 8.926193117986259e-13
		endloop
	endfacet
	facet normal -1 0 0
		outer loop
			vertex 5940 -4020 8.926193117986259e-13
			vertex 5940 -4280 -379.99999999999903
			vertex 5940 -4280 9.50350909079134e-13
		endloop
	endfacet
	facet normal -1 0 0
		outer loop
			vertex 5940 -4020 8.926193117986259e-13
			vertex 5940 -4020 -379.9999999999991
			vertex 5940 -4280 -379.99999999999903
		endloop
	endfacet
	facet normal 0 1 0
		outer loop
			vertex 5940 -4280 9.50350909079134e-13
			vertex 5522.5 -4280 -379.99999999999903
			vertex 5522.5 -4280 9.50350909079134e-13
		endloop
	endfacet
	facet normal 0 1 0
		outer loop
			vertex 5940 -4280 9.50350909079134e-13
			vertex 5940 -4280 -379.99999999999903
			vertex 5522.5 -4280 -379.99999999999903
		endloop
	endfacet
	facet normal -1 0 0
		outer loop
			vertex 4170 -4210 -399.9999999999991
			vertex 4170 -4090 -379.9999999999991
			vertex 4170 -4090 -399.9999999999991
		endloop
	endfacet
	facet normal -1 0 0
		outer loop
			vertex 4170 -4210 -399.9999999999991
			vertex 4170 -4210 -379.9999999999991
			vertex 4170 -4090 -379.9999999999991
		endloop
	endfacet
	facet normal 0 -1 0
		outer loop
			vertex 4170 -4090 -379.9999999999991
			vertex 4120 -4090 -379.9999999999991
			vertex 4120 -4090 -399.9999999999991
		endloop
	endfacet
	facet normal 0 -1 0
		outer loop
			vertex 4170 -4090 -379.9999999999991
			vertex 4120 -4090 -399.9999999999991
			vertex 4170 -4090 -399.9999999999991
		endloop
	endfacet
	facet normal 1 0 0
		outer loop
			vertex 4120 -4090 -379.9999999999991
			vertex 4120 -4210 -379.9999999999991
			vertex 4120 -4210 -399.9999999999991
		endloop
	endfacet
	facet normal 1 0 0
		outer loop
			vertex 4120 -4090 -379.9999999999991
			vertex 4120 -4210 -399.9999999999991
			vertex 4120 -4090 -399.9999999999991
		endloop
	endfacet
	facet normal 0 1 0
		outer loop
			vertex 4120 -4210 -399.9999999999991
			vertex 4170 -4210 -379.9999999999991
			vertex 4170 -4210 -399.9999999999991
		endloop
	endfacet
	facet normal 0 1 0
		outer loop
			vertex 4120 -4210 -399.9999999999991
			vertex 4120 -4210 -379.9999999999991
			vertex 4170 -4210 -379.9999999999991
		endloop
	endfacet
	facet normal 0 8.12048840868686e-16 1
		outer loop
			vertex 4170 -4210 -379.9999999999991
			vertex 4120 -4210 -379.9999999999991
			vertex 4020 -4280 -379.99999999999903
		endloop
	endfacet
	facet normal 1.5303997385602157e-16 2.1862853408003084e-16 1
		outer loop
			vertex 4120 -4090 -379.9999999999991
			vertex 4020 -4020 -379.9999999999991
			vertex 4020 -4280 -379.99999999999903
		endloop
	endfacet
	facet normal 5.684341886080802e-16 0 1
		outer loop
			vertex 4120 -4090 -379.9999999999991
			vertex 4020 -4280 -379.99999999999903
			vertex 4120 -4210 -379.9999999999991
		endloop
	endfacet
	facet normal 0 0 1
		outer loop
			vertex 4170 -4090 -379.9999999999991
			vertex 4020 -4020 -379.9999999999991
			vertex 4120 -4090 -379.9999999999991
		endloop
	endfacet
	facet normal 0 8.120488408686859e-16 1
		outer loop
			vertex 4477.5 -4280 -379.99999999999903
			vertex 4170 -4210 -379.9999999999991
			vertex 4020 -4280 -379.99999999999903
		endloop
	endfacet
	facet normal 0 0 1
		outer loop
			vertex 4477.5 -4020 -379.9999999999991
			vertex 4170 -4090 -379.9999999999991
			vertex 4170 -4210 -379.9999999999991
		endloop
	endfacet
	facet normal -1.3508754951286458e-16 2.1862853408003084e-16 1
		outer loop
			vertex 4477.5 -4020 -379.9999999999991
			vertex 4170 -4210 -379.9999999999991
			vertex 4477.5 -4280 -379.99999999999903
		endloop
	endfacet
	facet normal 0 0 1
		outer loop
			vertex 4477.5 -4020 -379.9999999999991
			vertex 4020 -4020 -379.9999999999991
			vertex 4170 -4090 -379.9999999999991
		endloop
	endfacet
	facet normal -1 0 0
		outer loop
			vertex 4477.5 -4280 -379.99999999999903
			vertex 4477.5 -4280 9.50350909079134e-13
			vertex 4477.5 -4020 8.926193117986259e-13
		endloop
	endfacet
	facet normal -1 0 0
		outer loop
			vertex 4477.5 -4280 -379.99999999999903
			vertex 4477.5 -4020 8.926193117986259e-13
			vertex 4477.5 -4020 -379.9999999999991
		endloop
	endfacet
	facet normal 0 1 0
		outer loop
			vertex 4477.5 -4280 -379.99999999999903
			vertex 4020 -4280 -379.99999999999903
			vertex 4020 -4280 9.50350909079134e-13
		endloop
	endfacet
	facet normal 0 1 0
		outer loop
			vertex 4477.5 -4280 9.50350909079134e-13
			vertex 4477.5 -4280 -379.99999999999903
			vertex 4020 -4280 9.50350909079134e-13
		endloop
	endfacet
	facet normal 1 0 0
		outer loop
			vertex 4020 -4280 -379.99999999999903
			vertex 4020 -4020 -379.9999999999991
			vertex 4020 -4020 8.926193117986259e-13
		endloop
	endfacet
	facet normal 1 0 0
		outer loop
			vertex 4020 -4280 -379.99999999999903
			vertex 4020 -4020 8.926193117986259e-13
			vertex 4020 -4280 9.50350909079134e-13
		endloop
	endfacet
	facet normal 0 -1 0
		outer loop
			vertex 4020 -4020 8.926193117986259e-13
			vertex 4477.5 -4020 -379.9999999999991
			vertex 4477.5 -4020 8.926193117986259e-13
		endloop
	endfacet
	facet normal 0 -1 0
		outer loop
			vertex 4020 -4020 -379.9999999999991
			vertex 4477.5 -4020 -379.9999999999991
			vertex 4020 -4020 8.926193117986259e-13
		endloop
	endfacet
	facet normal 1 0 0
		outer loop
			vertex 6022.5 -2935 -399.9999999999994
			vertex 6022.5 -3025 6.716849298982197e-13
			vertex 6022.5 -3025 -399.9999999999993
		endloop
	endfacet
	facet normal 1 0 0
		outer loop
			vertex 6022.5 -2935 -399.9999999999994
			vertex 6022.5 -2935 6.517009154549669e-13
			vertex 6022.5 -3025 6.716849298982197e-13
		endloop
	endfacet
	facet normal 0 -1 0
		outer loop
			vertex 6022.5 -2935 6.517009154549669e-13
			vertex 6022.5 -2935 -399.9999999999994
			vertex 6057.5 -2935 -399.9999999999994
		endloop
	endfacet
	facet normal 0 -1 0
		outer loop
			vertex 6022.5 -2935 6.517009154549669e-13
			vertex 6057.5 -2935 -399.9999999999994
			vertex 6057.5 -2935 6.517009154549669e-13
		endloop
	endfacet
	facet normal -1 0 0
		outer loop
			vertex 6057.5 -2935 6.517009154549669e-13
			vertex 6057.5 -3025 -399.9999999999993
			vertex 6057.5 -3025 6.716849298982197e-13
		endloop
	endfacet
	facet normal -1 0 0
		outer loop
			vertex 6057.5 -2935 6.517009154549669e-13
			vertex 6057.5 -2935 -399.9999999999994
			vertex 6057.5 -3025 -399.9999999999993
		endloop
	endfacet
	facet normal 0 1 0
		outer loop
			vertex 6057.5 -3025 6.716849298982197e-13
			vertex 6022.5 -3025 -399.9999999999993
			vertex 6022.5 -3025 6.716849298982197e-13
		endloop
	endfacet
	facet normal 0 1 0
		outer loop
			vertex 6057.5 -3025 6.716849298982197e-13
			vertex 6057.5 -3025 -399.9999999999993
			vertex 6022.5 -3025 -399.9999999999993
		endloop
	endfacet
	facet normal 1 0 0
		outer loop
			vertex 6090 -2160 -379.99999999999955
			vertex 6090 -2210 -379.9999999999995
			vertex 6090 -2210 -399.9999999999995
		endloop
	endfacet
	facet normal 1 0 0
		outer loop
			vertex 6090 -2160 -379.99999999999955
			vertex 6090 -2210 -399.9999999999995
			vertex 6090 -2160 -399.99999999999955
		endloop
	endfacet
	facet normal 0 1 0
		outer loop
			vertex 6090 -2210 -399.9999999999995
			vertex 6210 -2210 -379.9999999999995
			vertex 6210 -2210 -399.9999999999995
		endloop
	endfacet
	facet normal 0 1 0
		outer loop
			vertex 6090 -2210 -399.9999999999995
			vertex 6090 -2210 -379.9999999999995
			vertex 6210 -2210 -379.9999999999995
		endloop
	endfacet
	facet normal -1 0 0
		outer loop
			vertex 6210 -2210 -399.9999999999995
			vertex 6210 -2160 -379.99999999999955
			vertex 6210 -2160 -399.99999999999955
		endloop
	endfacet
	facet normal -1 0 0
		outer loop
			vertex 6210 -2210 -399.9999999999995
			vertex 6210 -2210 -379.9999999999995
			vertex 6210 -2160 -379.99999999999955
		endloop
	endfacet
	facet normal 0 -1 0
		outer loop
			vertex 6210 -2160 -379.99999999999955
			vertex 6090 -2160 -379.99999999999955
			vertex 6090 -2160 -399.99999999999955
		endloop
	endfacet
	facet normal 0 -1 0
		outer loop
			vertex 6210 -2160 -379.99999999999955
			vertex 6090 -2160 -399.99999999999955
			vertex 6210 -2160 -399.99999999999955
		endloop
	endfacet
	facet normal -1.624097681737372e-15 1.1368683772161603e-15 1
		outer loop
			vertex 6280 -2060 -379.99999999999955
			vertex 6210 -2160 -379.99999999999955
			vertex 6210 -2210 -379.9999999999995
		endloop
	endfacet
	facet normal 2.2854069174148646e-16 2.723038029260264e-16 1
		outer loop
			vertex 6280 -2060 -379.99999999999955
			vertex 6210 -2210 -379.9999999999995
			vertex 6280 -2477.5 -379.99999999999943
		endloop
	endfacet
	facet normal 0 2.1249876209647857e-16 1
		outer loop
			vertex 6090 -2210 -379.9999999999995
			vertex 6020 -2477.5 -379.99999999999943
			vertex 6280 -2477.5 -379.99999999999943
		endloop
	endfacet
	facet normal 0 2.1249876209647854e-16 1
		outer loop
			vertex 6090 -2210 -379.9999999999995
			vertex 6280 -2477.5 -379.99999999999943
			vertex 6210 -2210 -379.9999999999995
		endloop
	endfacet
	facet normal 0 0 1
		outer loop
			vertex 6020 -2060 -379.99999999999955
			vertex 6090 -2160 -379.99999999999955
			vertex 6210 -2160 -379.99999999999955
		endloop
	endfacet
	facet normal 1.624097681737372e-15 1.1368683772161603e-15 1
		outer loop
			vertex 6020 -2060 -379.99999999999955
			vertex 6090 -2210 -379.9999999999995
			vertex 6090 -2160 -379.99999999999955
		endloop
	endfacet
	facet normal 0 0 1
		outer loop
			vertex 6020 -2060 -379.99999999999955
			vertex 6210 -2160 -379.99999999999955
			vertex 6280 -2060 -379.99999999999955
		endloop
	endfacet
	facet normal -2.2854069174148646e-16 2.723038029260264e-16 1
		outer loop
			vertex 6020 -2060 -379.99999999999955
			vertex 6020 -2477.5 -379.99999999999943
			vertex 6090 -2210 -379.9999999999995
		endloop
	endfacet
	facet normal 0 1 0
		outer loop
			vertex 6020 -2477.5 -379.99999999999943
			vertex 6020 -2477.5 5.501155087017651e-13
			vertex 6280 -2477.5 5.501155087017651e-13
		endloop
	endfacet
	facet normal 0 1 0
		outer loop
			vertex 6020 -2477.5 -379.99999999999943
			vertex 6280 -2477.5 5.501155087017651e-13
			vertex 6280 -2477.5 -379.99999999999943
		endloop
	endfacet
	facet normal 1 0 0
		outer loop
			vertex 6020 -2477.5 -379.99999999999943
			vertex 6020 -2060 -379.99999999999955
			vertex 6020 -2060 4.574118861455645e-13
		endloop
	endfacet
	facet normal 1 0 0
		outer loop
			vertex 6020 -2477.5 -379.99999999999943
			vertex 6020 -2060 4.574118861455645e-13
			vertex 6020 -2477.5 5.501155087017651e-13
		endloop
	endfacet
	facet normal 0 -1 0
		outer loop
			vertex 6020 -2060 -379.99999999999955
			vertex 6280 -2060 -379.99999999999955
			vertex 6280 -2060 4.574118861455645e-13
		endloop
	endfacet
	facet normal 0 -1 0
		outer loop
			vertex 6020 -2060 -379.99999999999955
			vertex 6280 -2060 4.574118861455645e-13
			vertex 6020 -2060 4.574118861455645e-13
		endloop
	endfacet
	facet normal -1 0 0
		outer loop
			vertex 6280 -2060 4.574118861455645e-13
			vertex 6280 -2477.5 -379.99999999999943
			vertex 6280 -2477.5 5.501155087017651e-13
		endloop
	endfacet
	facet normal -1 0 0
		outer loop
			vertex 6280 -2060 4.574118861455645e-13
			vertex 6280 -2060 -379.99999999999955
			vertex 6280 -2477.5 -379.99999999999943
		endloop
	endfacet
	facet normal 0 -1 0
		outer loop
			vertex 6210 -3830 -379.99999999999915
			vertex 6090 -3830 -379.99999999999915
			vertex 6090 -3830 -399.99999999999915
		endloop
	endfacet
	facet normal 0 -1 0
		outer loop
			vertex 6210 -3830 -379.99999999999915
			vertex 6090 -3830 -399.99999999999915
			vertex 6210 -3830 -399.99999999999915
		endloop
	endfacet
	facet normal 1 0 0
		outer loop
			vertex 6090 -3830 -379.99999999999915
			vertex 6090 -3880 -379.99999999999915
			vertex 6090 -3880 -399.99999999999915
		endloop
	endfacet
	facet normal 1 0 0
		outer loop
			vertex 6090 -3830 -379.99999999999915
			vertex 6090 -3880 -399.99999999999915
			vertex 6090 -3830 -399.99999999999915
		endloop
	endfacet
	facet normal 0 1 0
		outer loop
			vertex 6090 -3880 -399.99999999999915
			vertex 6210 -3880 -379.99999999999915
			vertex 6210 -3880 -399.99999999999915
		endloop
	endfacet
	facet normal 0 1 0
		outer loop
			vertex 6090 -3880 -399.99999999999915
			vertex 6090 -3880 -379.99999999999915
			vertex 6210 -3880 -379.99999999999915
		endloop
	endfacet
	facet normal -1 0 0
		outer loop
			vertex 6210 -3880 -399.99999999999915
			vertex 6210 -3830 -379.99999999999915
			vertex 6210 -3830 -399.99999999999915
		endloop
	endfacet
	facet normal -1 0 0
		outer loop
			vertex 6210 -3880 -399.99999999999915
			vertex 6210 -3880 -379.99999999999915
			vertex 6210 -3830 -379.99999999999915
		endloop
	endfacet
	facet normal -8.12048840868686e-16 0 1
		outer loop
			vertex 6210 -3830 -379.99999999999915
			vertex 6210 -3880 -379.99999999999915
			vertex 6280 -3980 -379.9999999999991
		endloop
	endfacet
	facet normal 0 5.684341886080802e-16 1
		outer loop
			vertex 6090 -3880 -379.99999999999915
			vertex 6020 -3980 -379.9999999999991
			vertex 6280 -3980 -379.9999999999991
		endloop
	endfacet
	facet normal 0 5.684341886080802e-16 1
		outer loop
			vertex 6090 -3880 -379.99999999999915
			vertex 6280 -3980 -379.9999999999991
			vertex 6210 -3880 -379.99999999999915
		endloop
	endfacet
	facet normal 8.12048840868686e-16 0 1
		outer loop
			vertex 6090 -3830 -379.99999999999915
			vertex 6020 -3980 -379.9999999999991
			vertex 6090 -3880 -379.99999999999915
		endloop
	endfacet
	facet normal -2.7955779767610497e-16 2.4849582015653777e-16 1
		outer loop
			vertex 6280 -3522.5 -379.9999999999992
			vertex 6210 -3830 -379.99999999999915
			vertex 6280 -3980 -379.9999999999991
		endloop
	endfacet
	facet normal 0 1.8485664670181468e-16 1
		outer loop
			vertex 6020 -3522.5 -379.9999999999992
			vertex 6090 -3830 -379.99999999999915
			vertex 6210 -3830 -379.99999999999915
		endloop
	endfacet
	facet normal 0 1.8485664670181468e-16 1
		outer loop
			vertex 6020 -3522.5 -379.9999999999992
			vertex 6210 -3830 -379.99999999999915
			vertex 6280 -3522.5 -379.9999999999992
		endloop
	endfacet
	facet normal 2.7955779767610497e-16 2.4849582015653777e-16 1
		outer loop
			vertex 6020 -3522.5 -379.9999999999992
			vertex 6020 -3980 -379.9999999999991
			vertex 6090 -3830 -379.99999999999915
		endloop
	endfacet
	facet normal 0 -1 0
		outer loop
			vertex 6280 -3522.5 7.821521208484228e-13
			vertex 6020 -3522.5 7.821521208484228e-13
			vertex 6020 -3522.5 -379.9999999999992
		endloop
	endfacet
	facet normal 0 -1 0
		outer loop
			vertex 6280 -3522.5 7.821521208484228e-13
			vertex 6020 -3522.5 -379.9999999999992
			vertex 6280 -3522.5 -379.9999999999992
		endloop
	endfacet
	facet normal -1 0 0
		outer loop
			vertex 6280 -3522.5 -379.9999999999992
			vertex 6280 -3980 -379.9999999999991
			vertex 6280 -3980 8.837375276016246e-13
		endloop
	endfacet
	facet normal -1 0 0
		outer loop
			vertex 6280 -3522.5 7.821521208484228e-13
			vertex 6280 -3522.5 -379.9999999999992
			vertex 6280 -3980 8.837375276016246e-13
		endloop
	endfacet
	facet normal 0 1 0
		outer loop
			vertex 6280 -3980 8.837375276016246e-13
			vertex 6020 -3980 -379.9999999999991
			vertex 6020 -3980 8.837375276016246e-13
		endloop
	endfacet
	facet normal 0 1 0
		outer loop
			vertex 6280 -3980 8.837375276016246e-13
			vertex 6280 -3980 -379.9999999999991
			vertex 6020 -3980 -379.9999999999991
		endloop
	endfacet
	facet normal 1 0 0
		outer loop
			vertex 6020 -3980 8.837375276016246e-13
			vertex 6020 -3522.5 -379.9999999999992
			vertex 6020 -3522.5 7.821521208484228e-13
		endloop
	endfacet
	facet normal 1 0 0
		outer loop
			vertex 6020 -3980 -379.9999999999991
			vertex 6020 -3522.5 -379.9999999999992
			vertex 6020 -3980 8.837375276016246e-13
		endloop
	endfacet
	facet normal 1 0 0
		outer loop
			vertex 6022.5 -935.0000000000001 -399.9999999999998
			vertex 6022.5 -1025 2.275957200481571e-13
			vertex 6022.5 -1025 -399.9999999999998
		endloop
	endfacet
	facet normal 1 0 0
		outer loop
			vertex 6022.5 -935.0000000000001 -399.9999999999998
			vertex 6022.5 -935 2.0761170560490427e-13
			vertex 6022.5 -1025 2.275957200481571e-13
		endloop
	endfacet
	facet normal 0 -1 2.842170943040401e-16
		outer loop
			vertex 6022.5 -935 2.0761170560490427e-13
			vertex 6022.5 -935.0000000000001 -399.9999999999998
			vertex 6057.5 -935.0000000000001 -399.9999999999998
		endloop
	endfacet
	facet normal 0 -1 2.842170943040401e-16
		outer loop
			vertex 6022.5 -935 2.0761170560490427e-13
			vertex 6057.5 -935.0000000000001 -399.9999999999998
			vertex 6057.5 -935 2.0761170560490427e-13
		endloop
	endfacet
	facet normal -1 0 0
		outer loop
			vertex 6057.5 -935 2.0761170560490427e-13
			vertex 6057.5 -1025 -399.9999999999998
			vertex 6057.5 -1025 2.275957200481571e-13
		endloop
	endfacet
	facet normal -1 0 0
		outer loop
			vertex 6057.5 -935 2.0761170560490427e-13
			vertex 6057.5 -935.0000000000001 -399.9999999999998
			vertex 6057.5 -1025 -399.9999999999998
		endloop
	endfacet
	facet normal 0 1 0
		outer loop
			vertex 6057.5 -1025 2.275957200481571e-13
			vertex 6022.5 -1025 -399.9999999999998
			vertex 6022.5 -1025 2.275957200481571e-13
		endloop
	endfacet
	facet normal 0 1 0
		outer loop
			vertex 6057.5 -1025 2.275957200481571e-13
			vertex 6057.5 -1025 -399.9999999999998
			vertex 6022.5 -1025 -399.9999999999998
		endloop
	endfacet
	facet normal 1 0 0
		outer loop
			vertex 6090 -160.00000000000009 -379.99999999999994
			vertex 6090 -210.00000000000009 -379.99999999999994
			vertex 6090 -210.00000000000009 -399.99999999999994
		endloop
	endfacet
	facet normal 1 0 0
		outer loop
			vertex 6090 -160.00000000000009 -379.99999999999994
			vertex 6090 -210.00000000000009 -399.99999999999994
			vertex 6090 -160.00000000000009 -399.99999999999994
		endloop
	endfacet
	facet normal 0 1 0
		outer loop
			vertex 6090 -210.00000000000009 -399.99999999999994
			vertex 6210 -210.00000000000009 -379.99999999999994
			vertex 6210 -210.00000000000009 -399.99999999999994
		endloop
	endfacet
	facet normal 0 1 0
		outer loop
			vertex 6090 -210.00000000000009 -399.99999999999994
			vertex 6090 -210.00000000000009 -379.99999999999994
			vertex 6210 -210.00000000000009 -379.99999999999994
		endloop
	endfacet
	facet normal -1 0 0
		outer loop
			vertex 6210 -210.00000000000009 -399.99999999999994
			vertex 6210 -160.00000000000009 -379.99999999999994
			vertex 6210 -160.00000000000009 -399.99999999999994
		endloop
	endfacet
	facet normal -1 0 0
		outer loop
			vertex 6210 -210.00000000000009 -399.99999999999994
			vertex 6210 -210.00000000000009 -379.99999999999994
			vertex 6210 -160.00000000000009 -379.99999999999994
		endloop
	endfacet
	facet normal 0 -1 0
		outer loop
			vertex 6210 -160.00000000000009 -379.99999999999994
			vertex 6090 -160.00000000000009 -379.99999999999994
			vertex 6090 -160.00000000000009 -399.99999999999994
		endloop
	endfacet
	facet normal 0 -1 0
		outer loop
			vertex 6210 -160.00000000000009 -379.99999999999994
			vertex 6090 -160.00000000000009 -399.99999999999994
			vertex 6210 -160.00000000000009 -399.99999999999994
		endloop
	endfacet
	facet normal 8.12048840868686e-16 0 1
		outer loop
			vertex 6280 -60.000000000000085 -380
			vertex 6210 -160.00000000000009 -379.99999999999994
			vertex 6210 -210.00000000000009 -379.99999999999994
		endloop
	endfacet
	facet normal 2.2854069174148646e-16 2.723038029260264e-16 1
		outer loop
			vertex 6280 -60.000000000000085 -380
			vertex 6210 -210.00000000000009 -379.99999999999994
			vertex 6280 -477.50000000000006 -379.9999999999999
		endloop
	endfacet
	facet normal 0 2.1249876209647857e-16 1
		outer loop
			vertex 6090 -210.00000000000009 -379.99999999999994
			vertex 6020 -477.50000000000006 -379.9999999999999
			vertex 6280 -477.50000000000006 -379.9999999999999
		endloop
	endfacet
	facet normal 0 2.1249876209647854e-16 1
		outer loop
			vertex 6090 -210.00000000000009 -379.99999999999994
			vertex 6280 -477.50000000000006 -379.9999999999999
			vertex 6210 -210.00000000000009 -379.99999999999994
		endloop
	endfacet
	facet normal 0 5.684341886080802e-16 1
		outer loop
			vertex 6020 -60.000000000000085 -380
			vertex 6090 -160.00000000000009 -379.99999999999994
			vertex 6210 -160.00000000000009 -379.99999999999994
		endloop
	endfacet
	facet normal -8.12048840868686e-16 0 1
		outer loop
			vertex 6020 -60.000000000000085 -380
			vertex 6090 -210.00000000000009 -379.99999999999994
			vertex 6090 -160.00000000000009 -379.99999999999994
		endloop
	endfacet
	facet normal 0 5.684341886080802e-16 1
		outer loop
			vertex 6020 -60.000000000000085 -380
			vertex 6210 -160.00000000000009 -379.99999999999994
			vertex 6280 -60.000000000000085 -380
		endloop
	endfacet
	facet normal -2.2854069174148646e-16 2.723038029260264e-16 1
		outer loop
			vertex 6020 -60.000000000000085 -380
			vertex 6020 -477.50000000000006 -379.9999999999999
			vertex 6090 -210.00000000000009 -379.99999999999994
		endloop
	endfacet
	facet normal 0 1 -1.495879443705474e-16
		outer loop
			vertex 6020 -477.50000000000006 -379.9999999999999
			vertex 6020 -477.5 1.0602629885170245e-13
			vertex 6280 -477.5 1.0602629885170245e-13
		endloop
	endfacet
	facet normal 0 1 -1.495879443705474e-16
		outer loop
			vertex 6020 -477.50000000000006 -379.9999999999999
			vertex 6280 -477.5 1.0602629885170245e-13
			vertex 6280 -477.50000000000006 -379.9999999999999
		endloop
	endfacet
	facet normal 1 0 0
		outer loop
			vertex 6020 -477.50000000000006 -379.9999999999999
			vertex 6020 -60.000000000000085 -380
			vertex 6020 -60 1.3322676295501878e-14
		endloop
	endfacet
	facet normal 1 0 0
		outer loop
			vertex 6020 -477.50000000000006 -379.9999999999999
			vertex 6020 -60 1.3322676295501878e-14
			vertex 6020 -477.5 1.0602629885170245e-13
		endloop
	endfacet
	facet normal 0 -1 2.243819165558211e-16
		outer loop
			vertex 6020 -60.000000000000085 -380
			vertex 6280 -60.000000000000085 -380
			vertex 6280 -60 1.3322676295501878e-14
		endloop
	endfacet
	facet normal 0 -1 2.243819165558211e-16
		outer loop
			vertex 6020 -60.000000000000085 -380
			vertex 6280 -60 1.3322676295501878e-14
			vertex 6020 -60 1.3322676295501878e-14
		endloop
	endfacet
	facet normal -1 0 0
		outer loop
			vertex 6280 -60 1.3322676295501878e-14
			vertex 6280 -477.50000000000006 -379.9999999999999
			vertex 6280 -477.5 1.0602629885170245e-13
		endloop
	endfacet
	facet normal -1 0 0
		outer loop
			vertex 6280 -60 1.3322676295501878e-14
			vertex 6280 -60.000000000000085 -380
			vertex 6280 -477.50000000000006 -379.9999999999999
		endloop
	endfacet
	facet normal 0 -1 0
		outer loop
			vertex 6210 -1830 -379.9999999999996
			vertex 6090 -1830 -379.9999999999996
			vertex 6090 -1830 -399.9999999999996
		endloop
	endfacet
	facet normal 0 -1 0
		outer loop
			vertex 6210 -1830 -379.9999999999996
			vertex 6090 -1830 -399.9999999999996
			vertex 6210 -1830 -399.9999999999996
		endloop
	endfacet
	facet normal 1 0 0
		outer loop
			vertex 6090 -1830 -379.9999999999996
			vertex 6090 -1880 -379.9999999999996
			vertex 6090 -1880 -399.9999999999996
		endloop
	endfacet
	facet normal 1 0 0
		outer loop
			vertex 6090 -1830 -379.9999999999996
			vertex 6090 -1880 -399.9999999999996
			vertex 6090 -1830 -399.9999999999996
		endloop
	endfacet
	facet normal 0 1 0
		outer loop
			vertex 6090 -1880 -399.9999999999996
			vertex 6210 -1880 -379.9999999999996
			vertex 6210 -1880 -399.9999999999996
		endloop
	endfacet
	facet normal 0 1 0
		outer loop
			vertex 6090 -1880 -399.9999999999996
			vertex 6090 -1880 -379.9999999999996
			vertex 6210 -1880 -379.9999999999996
		endloop
	endfacet
	facet normal -1 0 0
		outer loop
			vertex 6210 -1880 -399.9999999999996
			vertex 6210 -1830 -379.9999999999996
			vertex 6210 -1830 -399.9999999999996
		endloop
	endfacet
	facet normal -1 0 0
		outer loop
			vertex 6210 -1880 -399.9999999999996
			vertex 6210 -1880 -379.9999999999996
			vertex 6210 -1830 -379.9999999999996
		endloop
	endfacet
	facet normal -8.12048840868686e-16 0 1
		outer loop
			vertex 6210 -1830 -379.9999999999996
			vertex 6210 -1880 -379.9999999999996
			vertex 6280 -1980 -379.99999999999955
		endloop
	endfacet
	facet normal 0 5.684341886080802e-16 1
		outer loop
			vertex 6090 -1880 -379.9999999999996
			vertex 6020 -1980 -379.99999999999955
			vertex 6280 -1980 -379.99999999999955
		endloop
	endfacet
	facet normal 0 5.684341886080802e-16 1
		outer loop
			vertex 6090 -1880 -379.9999999999996
			vertex 6280 -1980 -379.99999999999955
			vertex 6210 -1880 -379.9999999999996
		endloop
	endfacet
	facet normal 8.12048840868686e-16 0 1
		outer loop
			vertex 6090 -1830 -379.9999999999996
			vertex 6020 -1980 -379.99999999999955
			vertex 6090 -1880 -379.9999999999996
		endloop
	endfacet
	facet normal -2.7955779767610497e-16 2.4849582015653777e-16 1
		outer loop
			vertex 6280 -1522.5 -379.99999999999966
			vertex 6210 -1830 -379.9999999999996
			vertex 6280 -1980 -379.99999999999955
		endloop
	endfacet
	facet normal 0 1.8485664670181468e-16 1
		outer loop
			vertex 6020 -1522.5 -379.99999999999966
			vertex 6090 -1830 -379.9999999999996
			vertex 6210 -1830 -379.9999999999996
		endloop
	endfacet
	facet normal 0 1.8485664670181468e-16 1
		outer loop
			vertex 6020 -1522.5 -379.99999999999966
			vertex 6210 -1830 -379.9999999999996
			vertex 6280 -1522.5 -379.99999999999966
		endloop
	endfacet
	facet normal 2.7955779767610497e-16 2.4849582015653777e-16 1
		outer loop
			vertex 6020 -1522.5 -379.99999999999966
			vertex 6020 -1980 -379.99999999999955
			vertex 6090 -1830 -379.9999999999996
		endloop
	endfacet
	facet normal 0 -1 0
		outer loop
			vertex 6280 -1522.5 3.3806291099836017e-13
			vertex 6020 -1522.5 3.3806291099836017e-13
			vertex 6020 -1522.5 -379.99999999999966
		endloop
	endfacet
	facet normal 0 -1 0
		outer loop
			vertex 6280 -1522.5 3.3806291099836017e-13
			vertex 6020 -1522.5 -379.99999999999966
			vertex 6280 -1522.5 -379.99999999999966
		endloop
	endfacet
	facet normal -1 0 0
		outer loop
			vertex 6280 -1522.5 -379.99999999999966
			vertex 6280 -1980 -379.99999999999955
			vertex 6280 -1980 4.39648317751562e-13
		endloop
	endfacet
	facet normal -1 0 0
		outer loop
			vertex 6280 -1522.5 3.3806291099836017e-13
			vertex 6280 -1522.5 -379.99999999999966
			vertex 6280 -1980 4.39648317751562e-13
		endloop
	endfacet
	facet normal 0 1 0
		outer loop
			vertex 6280 -1980 4.39648317751562e-13
			vertex 6020 -1980 -379.99999999999955
			vertex 6020 -1980 4.39648317751562e-13
		endloop
	endfacet
	facet normal 0 1 0
		outer loop
			vertex 6280 -1980 4.39648317751562e-13
			vertex 6280 -1980 -379.99999999999955
			vertex 6020 -1980 -379.99999999999955
		endloop
	endfacet
	facet normal 1 0 0
		outer loop
			vertex 6020 -1980 4.39648317751562e-13
			vertex 6020 -1522.5 -379.99999999999966
			vertex 6020 -1522.5 3.3806291099836017e-13
		endloop
	endfacet
	facet normal 1 0 0
		outer loop
			vertex 6020 -1980 -379.99999999999955
			vertex 6020 -1522.5 -379.99999999999966
			vertex 6020 -1980 4.39648317751562e-13
		endloop
	endfacet
	facet normal 0 -1 0
		outer loop
			vertex 6210 169.99999999999991 -380.00000000000006
			vertex 6090 169.99999999999991 -380.00000000000006
			vertex 6090 169.99999999999991 -400.00000000000006
		endloop
	endfacet
	facet normal 0 -1 0
		outer loop
			vertex 6210 169.99999999999991 -380.00000000000006
			vertex 6090 169.99999999999991 -400.00000000000006
			vertex 6210 169.99999999999991 -400.00000000000006
		endloop
	endfacet
	facet normal 1 0 0
		outer loop
			vertex 6090 169.99999999999991 -380.00000000000006
			vertex 6090 119.99999999999991 -380
			vertex 6090 119.99999999999991 -400
		endloop
	endfacet
	facet normal 1 0 0
		outer loop
			vertex 6090 169.99999999999991 -380.00000000000006
			vertex 6090 119.99999999999991 -400
			vertex 6090 169.99999999999991 -400.00000000000006
		endloop
	endfacet
	facet normal 0 1 0
		outer loop
			vertex 6090 119.99999999999991 -400
			vertex 6210 119.99999999999991 -380
			vertex 6210 119.99999999999991 -400
		endloop
	endfacet
	facet normal 0 1 0
		outer loop
			vertex 6090 119.99999999999991 -400
			vertex 6090 119.99999999999991 -380
			vertex 6210 119.99999999999991 -380
		endloop
	endfacet
	facet normal -1 0 0
		outer loop
			vertex 6210 119.99999999999991 -400
			vertex 6210 169.99999999999991 -380.00000000000006
			vertex 6210 169.99999999999991 -400.00000000000006
		endloop
	endfacet
	facet normal -1 0 0
		outer loop
			vertex 6210 119.99999999999991 -400
			vertex 6210 119.99999999999991 -380
			vertex 6210 169.99999999999991 -380.00000000000006
		endloop
	endfacet
	facet normal 1.624097681737372e-15 1.1368683772161603e-15 1
		outer loop
			vertex 6210 169.99999999999991 -380.00000000000006
			vertex 6210 119.99999999999991 -380
			vertex 6280 19.999999999999915 -380
		endloop
	endfacet
	facet normal 0 0 1
		outer loop
			vertex 6090 119.99999999999991 -380
			vertex 6020 19.999999999999915 -380
			vertex 6280 19.999999999999915 -380
		endloop
	endfacet
	facet normal 0 0 1
		outer loop
			vertex 6090 119.99999999999991 -380
			vertex 6280 19.999999999999915 -380
			vertex 6210 119.99999999999991 -380
		endloop
	endfacet
	facet normal -1.624097681737372e-15 1.1368683772161603e-15 1
		outer loop
			vertex 6090 169.99999999999991 -380.00000000000006
			vertex 6020 19.999999999999915 -380
			vertex 6090 119.99999999999991 -380
		endloop
	endfacet
	facet normal -2.7955779767610497e-16 2.4849582015653777e-16 1
		outer loop
			vertex 6280 477.49999999999994 -380.0000000000001
			vertex 6210 169.99999999999991 -380.00000000000006
			vertex 6280 19.999999999999915 -380
		endloop
	endfacet
	facet normal 0 1.8485664670181468e-16 1
		outer loop
			vertex 6020 477.49999999999994 -380.0000000000001
			vertex 6090 169.99999999999991 -380.00000000000006
			vertex 6210 169.99999999999991 -380.00000000000006
		endloop
	endfacet
	facet normal 0 1.8485664670181468e-16 1
		outer loop
			vertex 6020 477.49999999999994 -380.0000000000001
			vertex 6210 169.99999999999991 -380.00000000000006
			vertex 6280 477.49999999999994 -380.0000000000001
		endloop
	endfacet
	facet normal 2.7955779767610497e-16 2.4849582015653777e-16 1
		outer loop
			vertex 6020 477.49999999999994 -380.0000000000001
			vertex 6020 19.999999999999915 -380
			vertex 6090 169.99999999999991 -380.00000000000006
		endloop
	endfacet
	facet normal 0 -1 1.495879443705474e-16
		outer loop
			vertex 6280 477.5 -1.0602629885170245e-13
			vertex 6020 477.5 -1.0602629885170245e-13
			vertex 6020 477.49999999999994 -380.0000000000001
		endloop
	endfacet
	facet normal 0 -1 1.495879443705474e-16
		outer loop
			vertex 6280 477.5 -1.0602629885170245e-13
			vertex 6020 477.49999999999994 -380.0000000000001
			vertex 6280 477.49999999999994 -380.0000000000001
		endloop
	endfacet
	facet normal -1 0 0
		outer loop
			vertex 6280 477.49999999999994 -380.0000000000001
			vertex 6280 19.999999999999915 -380
			vertex 6280 20 -4.440892098500626e-15
		endloop
	endfacet
	facet normal -1 0 0
		outer loop
			vertex 6280 477.5 -1.0602629885170245e-13
			vertex 6280 477.49999999999994 -380.0000000000001
			vertex 6280 20 -4.440892098500626e-15
		endloop
	endfacet
	facet normal 0 1 -2.243819165558211e-16
		outer loop
			vertex 6280 20 -4.440892098500626e-15
			vertex 6020 19.999999999999915 -380
			vertex 6020 20 -4.440892098500626e-15
		endloop
	endfacet
	facet normal 0 1 -2.243819165558211e-16
		outer loop
			vertex 6280 20 -4.440892098500626e-15
			vertex 6280 19.999999999999915 -380
			vertex 6020 19.999999999999915 -380
		endloop
	endfacet
	facet normal 1 0 0
		outer loop
			vertex 6020 20 -4.440892098500626e-15
			vertex 6020 477.49999999999994 -380.0000000000001
			vertex 6020 477.5 -1.0602629885170245e-13
		endloop
	endfacet
	facet normal 1 0 0
		outer loop
			vertex 6020 19.999999999999915 -380
			vertex 6020 477.49999999999994 -380.0000000000001
			vertex 6020 20 -4.440892098500626e-15
		endloop
	endfacet
	facet normal 1 0 0
		outer loop
			vertex 6090 1840 -380.0000000000004
			vertex 6090 1790 -380.0000000000004
			vertex 6090 1790 -400.0000000000004
		endloop
	endfacet
	facet normal 1 0 0
		outer loop
			vertex 6090 1840 -380.0000000000004
			vertex 6090 1790 -400.0000000000004
			vertex 6090 1840 -400.0000000000004
		endloop
	endfacet
	facet normal 0 1 0
		outer loop
			vertex 6090 1790 -400.0000000000004
			vertex 6210 1790 -380.0000000000004
			vertex 6210 1790 -400.0000000000004
		endloop
	endfacet
	facet normal 0 1 0
		outer loop
			vertex 6090 1790 -400.0000000000004
			vertex 6090 1790 -380.0000000000004
			vertex 6210 1790 -380.0000000000004
		endloop
	endfacet
	facet normal -1 0 0
		outer loop
			vertex 6210 1790 -400.0000000000004
			vertex 6210 1840 -380.0000000000004
			vertex 6210 1840 -400.0000000000004
		endloop
	endfacet
	facet normal -1 0 0
		outer loop
			vertex 6210 1790 -400.0000000000004
			vertex 6210 1790 -380.0000000000004
			vertex 6210 1840 -380.0000000000004
		endloop
	endfacet
	facet normal 0 -1 0
		outer loop
			vertex 6210 1840 -380.0000000000004
			vertex 6090 1840 -380.0000000000004
			vertex 6090 1840 -400.0000000000004
		endloop
	endfacet
	facet normal 0 -1 0
		outer loop
			vertex 6210 1840 -380.0000000000004
			vertex 6090 1840 -400.0000000000004
			vertex 6210 1840 -400.0000000000004
		endloop
	endfacet
	facet normal 8.12048840868686e-16 0 1
		outer loop
			vertex 6280 1940 -380.00000000000045
			vertex 6210 1840 -380.0000000000004
			vertex 6210 1790 -380.0000000000004
		endloop
	endfacet
	facet normal 2.2854069174148646e-16 2.723038029260264e-16 1
		outer loop
			vertex 6280 1940 -380.00000000000045
			vertex 6210 1790 -380.0000000000004
			vertex 6280 1522.5 -380.00000000000034
		endloop
	endfacet
	facet normal 0 2.1249876209647857e-16 1
		outer loop
			vertex 6090 1790 -380.0000000000004
			vertex 6020 1522.5 -380.00000000000034
			vertex 6280 1522.5 -380.00000000000034
		endloop
	endfacet
	facet normal 0 2.1249876209647854e-16 1
		outer loop
			vertex 6090 1790 -380.0000000000004
			vertex 6280 1522.5 -380.00000000000034
			vertex 6210 1790 -380.0000000000004
		endloop
	endfacet
	facet normal 0 5.684341886080802e-16 1
		outer loop
			vertex 6020 1940 -380.00000000000045
			vertex 6090 1840 -380.0000000000004
			vertex 6210 1840 -380.0000000000004
		endloop
	endfacet
	facet normal -8.12048840868686e-16 0 1
		outer loop
			vertex 6020 1940 -380.00000000000045
			vertex 6090 1790 -380.0000000000004
			vertex 6090 1840 -380.0000000000004
		endloop
	endfacet
	facet normal 0 5.684341886080802e-16 1
		outer loop
			vertex 6020 1940 -380.00000000000045
			vertex 6210 1840 -380.0000000000004
			vertex 6280 1940 -380.00000000000045
		endloop
	endfacet
	facet normal -2.2854069174148646e-16 2.723038029260264e-16 1
		outer loop
			vertex 6020 1940 -380.00000000000045
			vertex 6020 1522.5 -380.00000000000034
			vertex 6090 1790 -380.0000000000004
		endloop
	endfacet
	facet normal 0 1 0
		outer loop
			vertex 6020 1522.5 -380.00000000000034
			vertex 6020 1522.5 -3.3806291099836017e-13
			vertex 6280 1522.5 -3.3806291099836017e-13
		endloop
	endfacet
	facet normal 0 1 0
		outer loop
			vertex 6020 1522.5 -380.00000000000034
			vertex 6280 1522.5 -3.3806291099836017e-13
			vertex 6280 1522.5 -380.00000000000034
		endloop
	endfacet
	facet normal 1 0 0
		outer loop
			vertex 6020 1522.5 -380.00000000000034
			vertex 6020 1940 -380.00000000000045
			vertex 6020 1940 -4.3076653355456074e-13
		endloop
	endfacet
	facet normal 1 0 0
		outer loop
			vertex 6020 1522.5 -380.00000000000034
			vertex 6020 1940 -4.3076653355456074e-13
			vertex 6020 1522.5 -3.3806291099836017e-13
		endloop
	endfacet
	facet normal 0 -1 0
		outer loop
			vertex 6020 1940 -380.00000000000045
			vertex 6280 1940 -380.00000000000045
			vertex 6280 1940 -4.3076653355456074e-13
		endloop
	endfacet
	facet normal 0 -1 0
		outer loop
			vertex 6020 1940 -380.00000000000045
			vertex 6280 1940 -4.3076653355456074e-13
			vertex 6020 1940 -4.3076653355456074e-13
		endloop
	endfacet
	facet normal -1 0 0
		outer loop
			vertex 6280 1940 -4.3076653355456074e-13
			vertex 6280 1522.5 -380.00000000000034
			vertex 6280 1522.5 -3.3806291099836017e-13
		endloop
	endfacet
	facet normal -1 0 0
		outer loop
			vertex 6280 1940 -4.3076653355456074e-13
			vertex 6280 1940 -380.00000000000045
			vertex 6280 1522.5 -380.00000000000034
		endloop
	endfacet
	facet normal 1 0 0
		outer loop
			vertex 6022.5 1065 -400.0000000000002
			vertex 6022.5 975 -2.1649348980190553e-13
			vertex 6022.5 974.9999999999999 -400.0000000000002
		endloop
	endfacet
	facet normal 1 0 0
		outer loop
			vertex 6022.5 1065 -400.0000000000002
			vertex 6022.5 1065 -2.3647750424515834e-13
			vertex 6022.5 975 -2.1649348980190553e-13
		endloop
	endfacet
	facet normal 0 -1 0
		outer loop
			vertex 6022.5 1065 -2.3647750424515834e-13
			vertex 6022.5 1065 -400.0000000000002
			vertex 6057.5 1065 -400.0000000000002
		endloop
	endfacet
	facet normal 0 -1 0
		outer loop
			vertex 6022.5 1065 -2.3647750424515834e-13
			vertex 6057.5 1065 -400.0000000000002
			vertex 6057.5 1065 -2.3647750424515834e-13
		endloop
	endfacet
	facet normal -1 0 0
		outer loop
			vertex 6057.5 1065 -2.3647750424515834e-13
			vertex 6057.5 974.9999999999999 -400.0000000000002
			vertex 6057.5 975 -2.1649348980190553e-13
		endloop
	endfacet
	facet normal -1 0 0
		outer loop
			vertex 6057.5 1065 -2.3647750424515834e-13
			vertex 6057.5 1065 -400.0000000000002
			vertex 6057.5 974.9999999999999 -400.0000000000002
		endloop
	endfacet
	facet normal 0 1 -2.842170943040401e-16
		outer loop
			vertex 6057.5 975 -2.1649348980190553e-13
			vertex 6022.5 974.9999999999999 -400.0000000000002
			vertex 6022.5 975 -2.1649348980190553e-13
		endloop
	endfacet
	facet normal 0 1 -2.842170943040401e-16
		outer loop
			vertex 6057.5 975 -2.1649348980190553e-13
			vertex 6057.5 974.9999999999999 -400.0000000000002
			vertex 6022.5 974.9999999999999 -400.0000000000002
		endloop
	endfacet
	facet normal 1 0 0
		outer loop
			vertex -170 4210 -380.0000000000009
			vertex -170 4090 -380.0000000000009
			vertex -170 4090 -400.0000000000009
		endloop
	endfacet
	facet normal 1 0 0
		outer loop
			vertex -170 4210 -380.0000000000009
			vertex -170 4090 -400.0000000000009
			vertex -170 4210 -400.0000000000009
		endloop
	endfacet
	facet normal 0 1 0
		outer loop
			vertex -170 4090 -400.0000000000009
			vertex -120 4090 -380.0000000000009
			vertex -120 4090 -400.0000000000009
		endloop
	endfacet
	facet normal 0 1 0
		outer loop
			vertex -170 4090 -400.0000000000009
			vertex -170 4090 -380.0000000000009
			vertex -120 4090 -380.0000000000009
		endloop
	endfacet
	facet normal -1 0 0
		outer loop
			vertex -120 4090 -400.0000000000009
			vertex -120 4210 -380.0000000000009
			vertex -120 4210 -400.0000000000009
		endloop
	endfacet
	facet normal -1 0 0
		outer loop
			vertex -120 4090 -400.0000000000009
			vertex -120 4090 -380.0000000000009
			vertex -120 4210 -380.0000000000009
		endloop
	endfacet
	facet normal 0 -1 0
		outer loop
			vertex -120 4210 -380.0000000000009
			vertex -170 4210 -380.0000000000009
			vertex -170 4210 -400.0000000000009
		endloop
	endfacet
	facet normal 0 -1 0
		outer loop
			vertex -120 4210 -380.0000000000009
			vertex -170 4210 -400.0000000000009
			vertex -120 4210 -400.0000000000009
		endloop
	endfacet
	facet normal 0 8.12048840868686e-16 1
		outer loop
			vertex -170 4210 -380.0000000000009
			vertex -120 4210 -380.0000000000009
			vertex -20 4280 -380.00000000000097
		endloop
	endfacet
	facet normal 1.5303997385602157e-16 2.1862853408003084e-16 1
		outer loop
			vertex -120 4090 -380.0000000000009
			vertex -20 4020 -380.0000000000009
			vertex -20 4280 -380.00000000000097
		endloop
	endfacet
	facet normal 5.684341886080802e-16 0 1
		outer loop
			vertex -120 4090 -380.0000000000009
			vertex -20 4280 -380.00000000000097
			vertex -120 4210 -380.0000000000009
		endloop
	endfacet
	facet normal 0 0 1
		outer loop
			vertex -170 4090 -380.0000000000009
			vertex -20 4020 -380.0000000000009
			vertex -120 4090 -380.0000000000009
		endloop
	endfacet
	facet normal 0 8.120488408686859e-16 1
		outer loop
			vertex -477.5 4280 -380.00000000000097
			vertex -170 4210 -380.0000000000009
			vertex -20 4280 -380.00000000000097
		endloop
	endfacet
	facet normal 0 0 1
		outer loop
			vertex -477.5 4020 -380.0000000000009
			vertex -170 4090 -380.0000000000009
			vertex -170 4210 -380.0000000000009
		endloop
	endfacet
	facet normal -1.3508754951286458e-16 2.1862853408003084e-16 1
		outer loop
			vertex -477.5 4020 -380.0000000000009
			vertex -170 4210 -380.0000000000009
			vertex -477.5 4280 -380.00000000000097
		endloop
	endfacet
	facet normal 0 0 1
		outer loop
			vertex -477.5 4020 -380.0000000000009
			vertex -20 4020 -380.0000000000009
			vertex -170 4090 -380.0000000000009
		endloop
	endfacet
	facet normal 1 0 0
		outer loop
			vertex -477.5 4280 -9.50350909079134e-13
			vertex -477.5 4020 -8.926193117986259e-13
			vertex -477.5 4020 -380.0000000000009
		endloop
	endfacet
	facet normal 1 0 0
		outer loop
			vertex -477.5 4280 -9.50350909079134e-13
			vertex -477.5 4020 -380.0000000000009
			vertex -477.5 4280 -380.00000000000097
		endloop
	endfacet
	facet normal 0 -1 0
		outer loop
			vertex -477.5 4280 -9.50350909079134e-13
			vertex -20 4280 -380.00000000000097
			vertex -20 4280 -9.50350909079134e-13
		endloop
	endfacet
	facet normal 0 -1 0
		outer loop
			vertex -477.5 4280 -380.00000000000097
			vertex -20 4280 -380.00000000000097
			vertex -477.5 4280 -9.50350909079134e-13
		endloop
	endfacet
	facet normal -1 0 0
		outer loop
			vertex -20 4280 -9.50350909079134e-13
			vertex -20 4020 -380.0000000000009
			vertex -20 4020 -8.926193117986259e-13
		endloop
	endfacet
	facet normal -1 0 0
		outer loop
			vertex -20 4280 -9.50350909079134e-13
			vertex -20 4280 -380.00000000000097
			vertex -20 4020 -380.0000000000009
		endloop
	endfacet
	facet normal 0 1 0
		outer loop
			vertex -20 4020 -380.0000000000009
			vertex -477.5 4020 -380.0000000000009
			vertex -477.5 4020 -8.926193117986259e-13
		endloop
	endfacet
	facet normal 0 1 0
		outer loop
			vertex -20 4020 -8.926193117986259e-13
			vertex -20 4020 -380.0000000000009
			vertex -477.5 4020 -8.926193117986259e-13
		endloop
	endfacet
	facet normal 0 1 0
		outer loop
			vertex -1840 4090 -400.0000000000009
			vertex -1790 4090 -380.0000000000009
			vertex -1790 4090 -400.0000000000009
		endloop
	endfacet
	facet normal 0 1 0
		outer loop
			vertex -1840 4090 -400.0000000000009
			vertex -1840 4090 -380.0000000000009
			vertex -1790 4090 -380.0000000000009
		endloop
	endfacet
	facet normal -1 0 0
		outer loop
			vertex -1790 4090 -400.0000000000009
			vertex -1790 4210 -380.0000000000009
			vertex -1790 4210 -400.0000000000009
		endloop
	endfacet
	facet normal -1 0 0
		outer loop
			vertex -1790 4090 -400.0000000000009
			vertex -1790 4090 -380.0000000000009
			vertex -1790 4210 -380.0000000000009
		endloop
	endfacet
	facet normal 0 -1 0
		outer loop
			vertex -1790 4210 -380.0000000000009
			vertex -1840 4210 -380.0000000000009
			vertex -1840 4210 -400.0000000000009
		endloop
	endfacet
	facet normal 0 -1 0
		outer loop
			vertex -1790 4210 -380.0000000000009
			vertex -1840 4210 -400.0000000000009
			vertex -1790 4210 -400.0000000000009
		endloop
	endfacet
	facet normal 1 0 0
		outer loop
			vertex -1840 4210 -380.0000000000009
			vertex -1840 4090 -380.0000000000009
			vertex -1840 4090 -400.0000000000009
		endloop
	endfacet
	facet normal 1 0 0
		outer loop
			vertex -1840 4210 -380.0000000000009
			vertex -1840 4090 -400.0000000000009
			vertex -1840 4210 -400.0000000000009
		endloop
	endfacet
	facet normal 0 8.12048840868686e-16 1
		outer loop
			vertex -1940 4280 -380.00000000000097
			vertex -1840 4210 -380.0000000000009
			vertex -1790 4210 -380.0000000000009
		endloop
	endfacet
	facet normal 0 8.120488408686859e-16 1
		outer loop
			vertex -1940 4280 -380.00000000000097
			vertex -1790 4210 -380.0000000000009
			vertex -1522.5 4280 -380.00000000000097
		endloop
	endfacet
	facet normal 5.721120517982115e-17 2.1862853408003084e-16 1
		outer loop
			vertex -1790 4090 -380.0000000000009
			vertex -1522.5 4020 -380.0000000000009
			vertex -1522.5 4280 -380.00000000000097
		endloop
	endfacet
	facet normal 2.1249876209647854e-16 0 1
		outer loop
			vertex -1790 4090 -380.0000000000009
			vertex -1522.5 4280 -380.00000000000097
			vertex -1790 4210 -380.0000000000009
		endloop
	endfacet
	facet normal 0 0 1
		outer loop
			vertex -1940 4020 -380.0000000000009
			vertex -1840 4090 -380.0000000000009
			vertex -1840 4210 -380.0000000000009
		endloop
	endfacet
	facet normal 0 0 1
		outer loop
			vertex -1940 4020 -380.0000000000009
			vertex -1790 4090 -380.0000000000009
			vertex -1840 4090 -380.0000000000009
		endloop
	endfacet
	facet normal -4.1539421475205856e-16 2.1862853408003084e-16 1
		outer loop
			vertex -1940 4020 -380.0000000000009
			vertex -1840 4210 -380.0000000000009
			vertex -1940 4280 -380.00000000000097
		endloop
	endfacet
	facet normal 0 0 1
		outer loop
			vertex -1940 4020 -380.0000000000009
			vertex -1522.5 4020 -380.0000000000009
			vertex -1790 4090 -380.0000000000009
		endloop
	endfacet
	facet normal -1 0 0
		outer loop
			vertex -1522.5 4020 -380.0000000000009
			vertex -1522.5 4020 -8.926193117986259e-13
			vertex -1522.5 4280 -9.50350909079134e-13
		endloop
	endfacet
	facet normal -1 0 0
		outer loop
			vertex -1522.5 4020 -380.0000000000009
			vertex -1522.5 4280 -9.50350909079134e-13
			vertex -1522.5 4280 -380.00000000000097
		endloop
	endfacet
	facet normal 0 1 0
		outer loop
			vertex -1522.5 4020 -8.926193117986259e-13
			vertex -1940 4020 -380.0000000000009
			vertex -1940 4020 -8.926193117986259e-13
		endloop
	endfacet
	facet normal 0 1 0
		outer loop
			vertex -1522.5 4020 -8.926193117986259e-13
			vertex -1522.5 4020 -380.0000000000009
			vertex -1940 4020 -380.0000000000009
		endloop
	endfacet
	facet normal 1 0 0
		outer loop
			vertex -1940 4020 -380.0000000000009
			vertex -1940 4280 -380.00000000000097
			vertex -1940 4280 -9.50350909079134e-13
		endloop
	endfacet
	facet normal 1 0 0
		outer loop
			vertex -1940 4020 -380.0000000000009
			vertex -1940 4280 -9.50350909079134e-13
			vertex -1940 4020 -8.926193117986259e-13
		endloop
	endfacet
	facet normal 0 -1 0
		outer loop
			vertex -1940 4280 -380.00000000000097
			vertex -1522.5 4280 -380.00000000000097
			vertex -1522.5 4280 -9.50350909079134e-13
		endloop
	endfacet
	facet normal 0 -1 0
		outer loop
			vertex -1940 4280 -380.00000000000097
			vertex -1522.5 4280 -9.50350909079134e-13
			vertex -1940 4280 -9.50350909079134e-13
		endloop
	endfacet
	facet normal 0 1 0
		outer loop
			vertex -975 4022.5 -400.0000000000009
			vertex -1065 4022.5 -8.931744233109384e-13
			vertex -975 4022.5 -8.931744233109384e-13
		endloop
	endfacet
	facet normal 0 1 0
		outer loop
			vertex -975 4022.5 -400.0000000000009
			vertex -1065 4022.5 -400.0000000000009
			vertex -1065 4022.5 -8.931744233109384e-13
		endloop
	endfacet
	facet normal 1 0 0
		outer loop
			vertex -1065 4022.5 -8.931744233109384e-13
			vertex -1065 4022.5 -400.0000000000009
			vertex -1065 4057.5 -400.0000000000009
		endloop
	endfacet
	facet normal 1 0 0
		outer loop
			vertex -1065 4022.5 -8.931744233109384e-13
			vertex -1065 4057.5 -400.0000000000009
			vertex -1065 4057.5 -9.009459844833145e-13
		endloop
	endfacet
	facet normal 0 -1 0
		outer loop
			vertex -1065 4057.5 -400.0000000000009
			vertex -975 4057.5 -400.0000000000009
			vertex -975 4057.5 -9.009459844833145e-13
		endloop
	endfacet
	facet normal 0 -1 0
		outer loop
			vertex -1065 4057.5 -400.0000000000009
			vertex -975 4057.5 -9.009459844833145e-13
			vertex -1065 4057.5 -9.009459844833145e-13
		endloop
	endfacet
	facet normal -1 0 0
		outer loop
			vertex -975 4057.5 -9.009459844833145e-13
			vertex -975 4022.5 -400.0000000000009
			vertex -975 4022.5 -8.931744233109384e-13
		endloop
	endfacet
	facet normal -1 0 0
		outer loop
			vertex -975 4057.5 -9.009459844833145e-13
			vertex -975 4057.5 -400.0000000000009
			vertex -975 4022.5 -400.0000000000009
		endloop
	endfacet
	facet normal 1 0 0
		outer loop
			vertex 1830 4210 -380.0000000000009
			vertex 1830 4090 -380.0000000000009
			vertex 1830 4090 -400.0000000000009
		endloop
	endfacet
	facet normal 1 0 0
		outer loop
			vertex 1830 4210 -380.0000000000009
			vertex 1830 4090 -400.0000000000009
			vertex 1830 4210 -400.0000000000009
		endloop
	endfacet
	facet normal 0 1 0
		outer loop
			vertex 1830 4090 -400.0000000000009
			vertex 1880 4090 -380.0000000000009
			vertex 1880 4090 -400.0000000000009
		endloop
	endfacet
	facet normal 0 1 0
		outer loop
			vertex 1830 4090 -400.0000000000009
			vertex 1830 4090 -380.0000000000009
			vertex 1880 4090 -380.0000000000009
		endloop
	endfacet
	facet normal -1 0 0
		outer loop
			vertex 1880 4090 -400.0000000000009
			vertex 1880 4210 -380.0000000000009
			vertex 1880 4210 -400.0000000000009
		endloop
	endfacet
	facet normal -1 0 0
		outer loop
			vertex 1880 4090 -400.0000000000009
			vertex 1880 4090 -380.0000000000009
			vertex 1880 4210 -380.0000000000009
		endloop
	endfacet
	facet normal 0 -1 0
		outer loop
			vertex 1880 4210 -380.0000000000009
			vertex 1830 4210 -380.0000000000009
			vertex 1830 4210 -400.0000000000009
		endloop
	endfacet
	facet normal 0 -1 0
		outer loop
			vertex 1880 4210 -380.0000000000009
			vertex 1830 4210 -400.0000000000009
			vertex 1880 4210 -400.0000000000009
		endloop
	endfacet
	facet normal 0 8.12048840868686e-16 1
		outer loop
			vertex 1830 4210 -380.0000000000009
			vertex 1880 4210 -380.0000000000009
			vertex 1980 4280 -380.00000000000097
		endloop
	endfacet
	facet normal 1.5303997385602157e-16 2.1862853408003084e-16 1
		outer loop
			vertex 1880 4090 -380.0000000000009
			vertex 1980 4020 -380.0000000000009
			vertex 1980 4280 -380.00000000000097
		endloop
	endfacet
	facet normal 5.684341886080802e-16 0 1
		outer loop
			vertex 1880 4090 -380.0000000000009
			vertex 1980 4280 -380.00000000000097
			vertex 1880 4210 -380.0000000000009
		endloop
	endfacet
	facet normal 0 0 1
		outer loop
			vertex 1830 4090 -380.0000000000009
			vertex 1980 4020 -380.0000000000009
			vertex 1880 4090 -380.0000000000009
		endloop
	endfacet
	facet normal 0 8.120488408686859e-16 1
		outer loop
			vertex 1522.5 4280 -380.00000000000097
			vertex 1830 4210 -380.0000000000009
			vertex 1980 4280 -380.00000000000097
		endloop
	endfacet
	facet normal 0 0 1
		outer loop
			vertex 1522.5 4020 -380.0000000000009
			vertex 1830 4090 -380.0000000000009
			vertex 1830 4210 -380.0000000000009
		endloop
	endfacet
	facet normal -1.3508754951286458e-16 2.1862853408003084e-16 1
		outer loop
			vertex 1522.5 4020 -380.0000000000009
			vertex 1830 4210 -380.0000000000009
			vertex 1522.5 4280 -380.00000000000097
		endloop
	endfacet
	facet normal 0 0 1
		outer loop
			vertex 1522.5 4020 -380.0000000000009
			vertex 1980 4020 -380.0000000000009
			vertex 1830 4090 -380.0000000000009
		endloop
	endfacet
	facet normal 1 0 0
		outer loop
			vertex 1522.5 4280 -9.50350909079134e-13
			vertex 1522.5 4020 -8.926193117986259e-13
			vertex 1522.5 4020 -380.0000000000009
		endloop
	endfacet
	facet normal 1 0 0
		outer loop
			vertex 1522.5 4280 -9.50350909079134e-13
			vertex 1522.5 4020 -380.0000000000009
			vertex 1522.5 4280 -380.00000000000097
		endloop
	endfacet
	facet normal 0 -1 0
		outer loop
			vertex 1522.5 4280 -9.50350909079134e-13
			vertex 1980 4280 -380.00000000000097
			vertex 1980 4280 -9.50350909079134e-13
		endloop
	endfacet
	facet normal 0 -1 0
		outer loop
			vertex 1522.5 4280 -380.00000000000097
			vertex 1980 4280 -380.00000000000097
			vertex 1522.5 4280 -9.50350909079134e-13
		endloop
	endfacet
	facet normal -1 0 0
		outer loop
			vertex 1980 4280 -9.50350909079134e-13
			vertex 1980 4020 -380.0000000000009
			vertex 1980 4020 -8.926193117986259e-13
		endloop
	endfacet
	facet normal -1 0 0
		outer loop
			vertex 1980 4280 -9.50350909079134e-13
			vertex 1980 4280 -380.00000000000097
			vertex 1980 4020 -380.0000000000009
		endloop
	endfacet
	facet normal 0 1 0
		outer loop
			vertex 1980 4020 -380.0000000000009
			vertex 1522.5 4020 -380.0000000000009
			vertex 1522.5 4020 -8.926193117986259e-13
		endloop
	endfacet
	facet normal 0 1 0
		outer loop
			vertex 1980 4020 -8.926193117986259e-13
			vertex 1980 4020 -380.0000000000009
			vertex 1522.5 4020 -8.926193117986259e-13
		endloop
	endfacet
	facet normal 0 1 0
		outer loop
			vertex 160 4090 -400.0000000000009
			vertex 210 4090 -380.0000000000009
			vertex 210 4090 -400.0000000000009
		endloop
	endfacet
	facet normal 0 1 0
		outer loop
			vertex 160 4090 -400.0000000000009
			vertex 160 4090 -380.0000000000009
			vertex 210 4090 -380.0000000000009
		endloop
	endfacet
	facet normal -1 0 0
		outer loop
			vertex 210 4090 -400.0000000000009
			vertex 210 4210 -380.0000000000009
			vertex 210 4210 -400.0000000000009
		endloop
	endfacet
	facet normal -1 0 0
		outer loop
			vertex 210 4090 -400.0000000000009
			vertex 210 4090 -380.0000000000009
			vertex 210 4210 -380.0000000000009
		endloop
	endfacet
	facet normal 0 -1 0
		outer loop
			vertex 210 4210 -380.0000000000009
			vertex 160 4210 -380.0000000000009
			vertex 160 4210 -400.0000000000009
		endloop
	endfacet
	facet normal 0 -1 0
		outer loop
			vertex 210 4210 -380.0000000000009
			vertex 160 4210 -400.0000000000009
			vertex 210 4210 -400.0000000000009
		endloop
	endfacet
	facet normal 1 0 0
		outer loop
			vertex 160 4210 -380.0000000000009
			vertex 160 4090 -380.0000000000009
			vertex 160 4090 -400.0000000000009
		endloop
	endfacet
	facet normal 1 0 0
		outer loop
			vertex 160 4210 -380.0000000000009
			vertex 160 4090 -400.0000000000009
			vertex 160 4210 -400.0000000000009
		endloop
	endfacet
	facet normal 0 8.12048840868686e-16 1
		outer loop
			vertex 60 4280 -380.00000000000097
			vertex 160 4210 -380.0000000000009
			vertex 210 4210 -380.0000000000009
		endloop
	endfacet
	facet normal 0 8.120488408686859e-16 1
		outer loop
			vertex 60 4280 -380.00000000000097
			vertex 210 4210 -380.0000000000009
			vertex 477.5 4280 -380.00000000000097
		endloop
	endfacet
	facet normal 5.721120517982115e-17 2.1862853408003084e-16 1
		outer loop
			vertex 210 4090 -380.0000000000009
			vertex 477.5 4020 -380.0000000000009
			vertex 477.5 4280 -380.00000000000097
		endloop
	endfacet
	facet normal 2.1249876209647854e-16 0 1
		outer loop
			vertex 210 4090 -380.0000000000009
			vertex 477.5 4280 -380.00000000000097
			vertex 210 4210 -380.0000000000009
		endloop
	endfacet
	facet normal 0 0 1
		outer loop
			vertex 60 4020 -380.0000000000009
			vertex 160 4090 -380.0000000000009
			vertex 160 4210 -380.0000000000009
		endloop
	endfacet
	facet normal 0 0 1
		outer loop
			vertex 60 4020 -380.0000000000009
			vertex 210 4090 -380.0000000000009
			vertex 160 4090 -380.0000000000009
		endloop
	endfacet
	facet normal -4.1539421475205856e-16 2.1862853408003084e-16 1
		outer loop
			vertex 60 4020 -380.0000000000009
			vertex 160 4210 -380.0000000000009
			vertex 60 4280 -380.00000000000097
		endloop
	endfacet
	facet normal 0 0 1
		outer loop
			vertex 60 4020 -380.0000000000009
			vertex 477.5 4020 -380.0000000000009
			vertex 210 4090 -380.0000000000009
		endloop
	endfacet
	facet normal -1 0 0
		outer loop
			vertex 477.5 4020 -380.0000000000009
			vertex 477.5 4020 -8.926193117986259e-13
			vertex 477.5 4280 -9.50350909079134e-13
		endloop
	endfacet
	facet normal -1 0 0
		outer loop
			vertex 477.5 4020 -380.0000000000009
			vertex 477.5 4280 -9.50350909079134e-13
			vertex 477.5 4280 -380.00000000000097
		endloop
	endfacet
	facet normal 0 1 0
		outer loop
			vertex 477.5 4020 -8.926193117986259e-13
			vertex 60 4020 -380.0000000000009
			vertex 60 4020 -8.926193117986259e-13
		endloop
	endfacet
	facet normal 0 1 0
		outer loop
			vertex 477.5 4020 -8.926193117986259e-13
			vertex 477.5 4020 -380.0000000000009
			vertex 60 4020 -380.0000000000009
		endloop
	endfacet
	facet normal 1 0 0
		outer loop
			vertex 60 4020 -380.0000000000009
			vertex 60 4280 -380.00000000000097
			vertex 60 4280 -9.50350909079134e-13
		endloop
	endfacet
	facet normal 1 0 0
		outer loop
			vertex 60 4020 -380.0000000000009
			vertex 60 4280 -9.50350909079134e-13
			vertex 60 4020 -8.926193117986259e-13
		endloop
	endfacet
	facet normal 0 -1 0
		outer loop
			vertex 60 4280 -380.00000000000097
			vertex 477.5 4280 -380.00000000000097
			vertex 477.5 4280 -9.50350909079134e-13
		endloop
	endfacet
	facet normal 0 -1 0
		outer loop
			vertex 60 4280 -380.00000000000097
			vertex 477.5 4280 -9.50350909079134e-13
			vertex 60 4280 -9.50350909079134e-13
		endloop
	endfacet
	facet normal 0 1 0
		outer loop
			vertex 1025 4022.5 -400.0000000000009
			vertex 935 4022.5 -8.931744233109384e-13
			vertex 1025 4022.5 -8.931744233109384e-13
		endloop
	endfacet
	facet normal 0 1 0
		outer loop
			vertex 1025 4022.5 -400.0000000000009
			vertex 935 4022.5 -400.0000000000009
			vertex 935 4022.5 -8.931744233109384e-13
		endloop
	endfacet
	facet normal 1 0 0
		outer loop
			vertex 935 4022.5 -8.931744233109384e-13
			vertex 935 4022.5 -400.0000000000009
			vertex 935 4057.5 -400.0000000000009
		endloop
	endfacet
	facet normal 1 0 0
		outer loop
			vertex 935 4022.5 -8.931744233109384e-13
			vertex 935 4057.5 -400.0000000000009
			vertex 935 4057.5 -9.009459844833145e-13
		endloop
	endfacet
	facet normal 0 -1 0
		outer loop
			vertex 935 4057.5 -400.0000000000009
			vertex 1025 4057.5 -400.0000000000009
			vertex 1025 4057.5 -9.009459844833145e-13
		endloop
	endfacet
	facet normal 0 -1 0
		outer loop
			vertex 935 4057.5 -400.0000000000009
			vertex 1025 4057.5 -9.009459844833145e-13
			vertex 935 4057.5 -9.009459844833145e-13
		endloop
	endfacet
	facet normal -1 0 0
		outer loop
			vertex 1025 4057.5 -9.009459844833145e-13
			vertex 1025 4022.5 -400.0000000000009
			vertex 1025 4022.5 -8.931744233109384e-13
		endloop
	endfacet
	facet normal -1 0 0
		outer loop
			vertex 1025 4057.5 -9.009459844833145e-13
			vertex 1025 4057.5 -400.0000000000009
			vertex 1025 4022.5 -400.0000000000009
		endloop
	endfacet
	facet normal 0 -1 0
		outer loop
			vertex 6210 2170 -380.00000000000045
			vertex 6090 2170 -380.00000000000045
			vertex 6090 2170 -400.00000000000045
		endloop
	endfacet
	facet normal 0 -1 0
		outer loop
			vertex 6210 2170 -380.00000000000045
			vertex 6090 2170 -400.00000000000045
			vertex 6210 2170 -400.00000000000045
		endloop
	endfacet
	facet normal 1 0 0
		outer loop
			vertex 6090 2170 -380.00000000000045
			vertex 6090 2120 -380.00000000000045
			vertex 6090 2120 -400.00000000000045
		endloop
	endfacet
	facet normal 1 0 0
		outer loop
			vertex 6090 2170 -380.00000000000045
			vertex 6090 2120 -400.00000000000045
			vertex 6090 2170 -400.00000000000045
		endloop
	endfacet
	facet normal 0 1 0
		outer loop
			vertex 6090 2120 -400.00000000000045
			vertex 6210 2120 -380.00000000000045
			vertex 6210 2120 -400.00000000000045
		endloop
	endfacet
	facet normal 0 1 0
		outer loop
			vertex 6090 2120 -400.00000000000045
			vertex 6090 2120 -380.00000000000045
			vertex 6210 2120 -380.00000000000045
		endloop
	endfacet
	facet normal -1 0 0
		outer loop
			vertex 6210 2120 -400.00000000000045
			vertex 6210 2170 -380.00000000000045
			vertex 6210 2170 -400.00000000000045
		endloop
	endfacet
	facet normal -1 0 0
		outer loop
			vertex 6210 2120 -400.00000000000045
			vertex 6210 2120 -380.00000000000045
			vertex 6210 2170 -380.00000000000045
		endloop
	endfacet
	facet normal 0 0 1
		outer loop
			vertex 6210 2170 -380.00000000000045
			vertex 6210 2120 -380.00000000000045
			vertex 6280 2020 -380.00000000000045
		endloop
	endfacet
	facet normal 0 0 1
		outer loop
			vertex 6090 2120 -380.00000000000045
			vertex 6020 2020 -380.00000000000045
			vertex 6280 2020 -380.00000000000045
		endloop
	endfacet
	facet normal 0 0 1
		outer loop
			vertex 6090 2120 -380.00000000000045
			vertex 6280 2020 -380.00000000000045
			vertex 6210 2120 -380.00000000000045
		endloop
	endfacet
	facet normal 0 0 1
		outer loop
			vertex 6090 2170 -380.00000000000045
			vertex 6020 2020 -380.00000000000045
			vertex 6090 2120 -380.00000000000045
		endloop
	endfacet
	facet normal 5.324910431925809e-16 2.4849582015653777e-16 1
		outer loop
			vertex 6280 2477.5 -380.00000000000057
			vertex 6210 2170 -380.00000000000045
			vertex 6280 2020 -380.00000000000045
		endloop
	endfacet
	facet normal 0 3.6971329340362936e-16 1
		outer loop
			vertex 6020 2477.5 -380.00000000000057
			vertex 6090 2170 -380.00000000000045
			vertex 6210 2170 -380.00000000000045
		endloop
	endfacet
	facet normal 0 3.6971329340362936e-16 1
		outer loop
			vertex 6020 2477.5 -380.00000000000057
			vertex 6210 2170 -380.00000000000045
			vertex 6280 2477.5 -380.00000000000057
		endloop
	endfacet
	facet normal -5.324910431925809e-16 2.4849582015653777e-16 1
		outer loop
			vertex 6020 2477.5 -380.00000000000057
			vertex 6020 2020 -380.00000000000045
			vertex 6090 2170 -380.00000000000045
		endloop
	endfacet
	facet normal 0 -1 0
		outer loop
			vertex 6280 2477.5 -5.501155087017651e-13
			vertex 6020 2477.5 -5.501155087017651e-13
			vertex 6020 2477.5 -380.00000000000057
		endloop
	endfacet
	facet normal 0 -1 0
		outer loop
			vertex 6280 2477.5 -5.501155087017651e-13
			vertex 6020 2477.5 -380.00000000000057
			vertex 6280 2477.5 -380.00000000000057
		endloop
	endfacet
	facet normal -1 0 0
		outer loop
			vertex 6280 2477.5 -380.00000000000057
			vertex 6280 2020 -380.00000000000045
			vertex 6280 2020 -4.4853010194856324e-13
		endloop
	endfacet
	facet normal -1 0 0
		outer loop
			vertex 6280 2477.5 -5.501155087017651e-13
			vertex 6280 2477.5 -380.00000000000057
			vertex 6280 2020 -4.4853010194856324e-13
		endloop
	endfacet
	facet normal 0 1 0
		outer loop
			vertex 6280 2020 -4.4853010194856324e-13
			vertex 6020 2020 -380.00000000000045
			vertex 6020 2020 -4.4853010194856324e-13
		endloop
	endfacet
	facet normal 0 1 0
		outer loop
			vertex 6280 2020 -4.4853010194856324e-13
			vertex 6280 2020 -380.00000000000045
			vertex 6020 2020 -380.00000000000045
		endloop
	endfacet
	facet normal 1 0 0
		outer loop
			vertex 6020 2020 -4.4853010194856324e-13
			vertex 6020 2477.5 -380.00000000000057
			vertex 6020 2477.5 -5.501155087017651e-13
		endloop
	endfacet
	facet normal 1 0 0
		outer loop
			vertex 6020 2020 -380.00000000000045
			vertex 6020 2477.5 -380.00000000000057
			vertex 6020 2020 -4.4853010194856324e-13
		endloop
	endfacet
	facet normal 1 0 0
		outer loop
			vertex 6090 3840 -380.00000000000085
			vertex 6090 3790 -380.00000000000085
			vertex 6090 3790 -400.00000000000085
		endloop
	endfacet
	facet normal 1 0 0
		outer loop
			vertex 6090 3840 -380.00000000000085
			vertex 6090 3790 -400.00000000000085
			vertex 6090 3840 -400.00000000000085
		endloop
	endfacet
	facet normal 0 1 0
		outer loop
			vertex 6090 3790 -400.00000000000085
			vertex 6210 3790 -380.00000000000085
			vertex 6210 3790 -400.00000000000085
		endloop
	endfacet
	facet normal 0 1 0
		outer loop
			vertex 6090 3790 -400.00000000000085
			vertex 6090 3790 -380.00000000000085
			vertex 6210 3790 -380.00000000000085
		endloop
	endfacet
	facet normal -1 0 0
		outer loop
			vertex 6210 3790 -400.00000000000085
			vertex 6210 3840 -380.00000000000085
			vertex 6210 3840 -400.00000000000085
		endloop
	endfacet
	facet normal -1 0 0
		outer loop
			vertex 6210 3790 -400.00000000000085
			vertex 6210 3790 -380.00000000000085
			vertex 6210 3840 -380.00000000000085
		endloop
	endfacet
	facet normal 0 -1 0
		outer loop
			vertex 6210 3840 -380.00000000000085
			vertex 6090 3840 -380.00000000000085
			vertex 6090 3840 -400.00000000000085
		endloop
	endfacet
	facet normal 0 -1 0
		outer loop
			vertex 6210 3840 -380.00000000000085
			vertex 6090 3840 -400.00000000000085
			vertex 6210 3840 -400.00000000000085
		endloop
	endfacet
	facet normal 0 0 1
		outer loop
			vertex 6280 3940 -380.00000000000085
			vertex 6210 3840 -380.00000000000085
			vertex 6210 3790 -380.00000000000085
		endloop
	endfacet
	facet normal -2.9175407456359974e-16 1.361519014630132e-16 1
		outer loop
			vertex 6280 3940 -380.00000000000085
			vertex 6210 3790 -380.00000000000085
			vertex 6280 3522.5 -380.0000000000008
		endloop
	endfacet
	facet normal 0 2.1249876209647857e-16 1
		outer loop
			vertex 6090 3790 -380.00000000000085
			vertex 6020 3522.5 -380.0000000000008
			vertex 6280 3522.5 -380.0000000000008
		endloop
	endfacet
	facet normal 0 2.1249876209647854e-16 1
		outer loop
			vertex 6090 3790 -380.00000000000085
			vertex 6280 3522.5 -380.0000000000008
			vertex 6210 3790 -380.00000000000085
		endloop
	endfacet
	facet normal 0 0 1
		outer loop
			vertex 6020 3940 -380.00000000000085
			vertex 6090 3840 -380.00000000000085
			vertex 6210 3840 -380.00000000000085
		endloop
	endfacet
	facet normal 0 0 1
		outer loop
			vertex 6020 3940 -380.00000000000085
			vertex 6090 3790 -380.00000000000085
			vertex 6090 3840 -380.00000000000085
		endloop
	endfacet
	facet normal 0 0 1
		outer loop
			vertex 6020 3940 -380.00000000000085
			vertex 6210 3840 -380.00000000000085
			vertex 6280 3940 -380.00000000000085
		endloop
	endfacet
	facet normal 2.9175407456359974e-16 1.361519014630132e-16 1
		outer loop
			vertex 6020 3940 -380.00000000000085
			vertex 6020 3522.5 -380.0000000000008
			vertex 6090 3790 -380.00000000000085
		endloop
	endfacet
	facet normal 0 1 0
		outer loop
			vertex 6020 3522.5 -380.0000000000008
			vertex 6020 3522.5 -7.821521208484228e-13
			vertex 6280 3522.5 -7.821521208484228e-13
		endloop
	endfacet
	facet normal 0 1 0
		outer loop
			vertex 6020 3522.5 -380.0000000000008
			vertex 6280 3522.5 -7.821521208484228e-13
			vertex 6280 3522.5 -380.0000000000008
		endloop
	endfacet
	facet normal 1 0 0
		outer loop
			vertex 6020 3522.5 -380.0000000000008
			vertex 6020 3940 -380.00000000000085
			vertex 6020 3940 -8.748557434046234e-13
		endloop
	endfacet
	facet normal 1 0 0
		outer loop
			vertex 6020 3522.5 -380.0000000000008
			vertex 6020 3940 -8.748557434046234e-13
			vertex 6020 3522.5 -7.821521208484228e-13
		endloop
	endfacet
	facet normal 0 -1 0
		outer loop
			vertex 6020 3940 -380.00000000000085
			vertex 6280 3940 -380.00000000000085
			vertex 6280 3940 -8.748557434046234e-13
		endloop
	endfacet
	facet normal 0 -1 0
		outer loop
			vertex 6020 3940 -380.00000000000085
			vertex 6280 3940 -8.748557434046234e-13
			vertex 6020 3940 -8.748557434046234e-13
		endloop
	endfacet
	facet normal -1 0 0
		outer loop
			vertex 6280 3940 -8.748557434046234e-13
			vertex 6280 3522.5 -380.0000000000008
			vertex 6280 3522.5 -7.821521208484228e-13
		endloop
	endfacet
	facet normal -1 0 0
		outer loop
			vertex 6280 3940 -8.748557434046234e-13
			vertex 6280 3940 -380.00000000000085
			vertex 6280 3522.5 -380.0000000000008
		endloop
	endfacet
	facet normal 1 0 0
		outer loop
			vertex 6022.5 3065 -400.0000000000007
			vertex 6022.5 2975 -6.605826996519681e-13
			vertex 6022.5 2975 -400.0000000000007
		endloop
	endfacet
	facet normal 1 0 0
		outer loop
			vertex 6022.5 3065 -400.0000000000007
			vertex 6022.5 3065 -6.80566714095221e-13
			vertex 6022.5 2975 -6.605826996519681e-13
		endloop
	endfacet
	facet normal 0 -1 0
		outer loop
			vertex 6022.5 3065 -6.80566714095221e-13
			vertex 6022.5 3065 -400.0000000000007
			vertex 6057.5 3065 -400.0000000000007
		endloop
	endfacet
	facet normal 0 -1 0
		outer loop
			vertex 6022.5 3065 -6.80566714095221e-13
			vertex 6057.5 3065 -400.0000000000007
			vertex 6057.5 3065 -6.80566714095221e-13
		endloop
	endfacet
	facet normal -1 0 0
		outer loop
			vertex 6057.5 3065 -6.80566714095221e-13
			vertex 6057.5 2975 -400.0000000000007
			vertex 6057.5 2975 -6.605826996519681e-13
		endloop
	endfacet
	facet normal -1 0 0
		outer loop
			vertex 6057.5 3065 -6.80566714095221e-13
			vertex 6057.5 3065 -400.0000000000007
			vertex 6057.5 2975 -400.0000000000007
		endloop
	endfacet
	facet normal 0 1 0
		outer loop
			vertex 6057.5 2975 -6.605826996519681e-13
			vertex 6022.5 2975 -400.0000000000007
			vertex 6022.5 2975 -6.605826996519681e-13
		endloop
	endfacet
	facet normal 0 1 0
		outer loop
			vertex 6057.5 2975 -6.605826996519681e-13
			vertex 6057.5 2975 -400.0000000000007
			vertex 6022.5 2975 -400.0000000000007
		endloop
	endfacet
	facet normal 0 1 0
		outer loop
			vertex 6090 4200 -400.0000000000009
			vertex 6210 4200 -380.0000000000009
			vertex 6210 4200 -400.0000000000009
		endloop
	endfacet
	facet normal 0 1 0
		outer loop
			vertex 6090 4200 -400.0000000000009
			vertex 6090 4200 -380.0000000000009
			vertex 6210 4200 -380.0000000000009
		endloop
	endfacet
	facet normal -1 0 0
		outer loop
			vertex 6210 4200 -400.0000000000009
			vertex 6210 4250 -380.00000000000097
			vertex 6210 4250 -400.00000000000097
		endloop
	endfacet
	facet normal -1 0 0
		outer loop
			vertex 6210 4200 -400.0000000000009
			vertex 6210 4200 -380.0000000000009
			vertex 6210 4250 -380.00000000000097
		endloop
	endfacet
	facet normal 0 -1 0
		outer loop
			vertex 6210 4250 -380.00000000000097
			vertex 6090 4250 -380.00000000000097
			vertex 6090 4250 -400.00000000000097
		endloop
	endfacet
	facet normal 0 -1 0
		outer loop
			vertex 6210 4250 -380.00000000000097
			vertex 6090 4250 -400.00000000000097
			vertex 6210 4250 -400.00000000000097
		endloop
	endfacet
	facet normal 1 0 0
		outer loop
			vertex 6090 4250 -380.00000000000097
			vertex 6090 4200 -380.0000000000009
			vertex 6090 4200 -400.0000000000009
		endloop
	endfacet
	facet normal 1 0 0
		outer loop
			vertex 6090 4250 -380.00000000000097
			vertex 6090 4200 -400.0000000000009
			vertex 6090 4250 -400.00000000000097
		endloop
	endfacet
	facet normal 0 0 1
		outer loop
			vertex 6210 4100 -380.0000000000009
			vertex 6210 4050 -380.0000000000009
			vertex 6280 4020 -380.0000000000009
		endloop
	endfacet
	facet normal 0 0 1
		outer loop
			vertex 6060 4020 -380.0000000000009
			vertex 6210 4050 -380.0000000000009
			vertex 6090 4050 -380.0000000000009
		endloop
	endfacet
	facet normal 0 0 1
		outer loop
			vertex 6060 4020 -380.0000000000009
			vertex 6280 4020 -380.0000000000009
			vertex 6210 4050 -380.0000000000009
		endloop
	endfacet
	facet normal 2.498611818057495e-16 2.1862853408003084e-16 1
		outer loop
			vertex 6280 4280 -380.00000000000097
			vertex 6210 4100 -380.0000000000009
			vertex 6280 4020 -380.0000000000009
		endloop
	endfacet
	facet normal 8.12048840868686e-16 0 1
		outer loop
			vertex 6280 4280 -380.00000000000097
			vertex 6210 4200 -380.0000000000009
			vertex 6210 4100 -380.0000000000009
		endloop
	endfacet
	facet normal 0 0 1
		outer loop
			vertex 6090 4100 -380.0000000000009
			vertex 6060 4020 -380.0000000000009
			vertex 6090 4050 -380.0000000000009
		endloop
	endfacet
	facet normal 0 0 1
		outer loop
			vertex 6090 4100 -380.0000000000009
			vertex 6210 4100 -380.0000000000009
			vertex 6210 4200 -380.0000000000009
		endloop
	endfacet
	facet normal -4.872293045212116e-16 1.1368683772161603e-15 1
		outer loop
			vertex 6210 4250 -380.00000000000097
			vertex 6210 4200 -380.0000000000009
			vertex 6280 4280 -380.00000000000097
		endloop
	endfacet
	facet normal 0 0 1
		outer loop
			vertex 6090 4200 -380.0000000000009
			vertex 6090 4100 -380.0000000000009
			vertex 6210 4200 -380.0000000000009
		endloop
	endfacet
	facet normal 1.1368683772161603e-15 1.1368683772161603e-15 1
		outer loop
			vertex 6060 4280 -380.00000000000097
			vertex 6090 4200 -380.0000000000009
			vertex 6090 4250 -380.00000000000097
		endloop
	endfacet
	facet normal 0 0 1
		outer loop
			vertex 6060 4280 -380.00000000000097
			vertex 6090 4250 -380.00000000000097
			vertex 6210 4250 -380.00000000000097
		endloop
	endfacet
	facet normal 0 0 1
		outer loop
			vertex 6060 4280 -380.00000000000097
			vertex 6210 4250 -380.00000000000097
			vertex 6280 4280 -380.00000000000097
		endloop
	endfacet
	facet normal -5.830094242134155e-16 2.1862853408003084e-16 1
		outer loop
			vertex 6060 4280 -380.00000000000097
			vertex 6060 4020 -380.0000000000009
			vertex 6090 4100 -380.0000000000009
		endloop
	endfacet
	facet normal -1.8947806286936005e-15 0 1
		outer loop
			vertex 6060 4280 -380.00000000000097
			vertex 6090 4100 -380.0000000000009
			vertex 6090 4200 -380.0000000000009
		endloop
	endfacet
	facet normal 0 1 0
		outer loop
			vertex 6280 4020 -20.00000000000089
			vertex 6060 4020 -380.0000000000009
			vertex 6060 4020 -20.00000000000089
		endloop
	endfacet
	facet normal 0 1 0
		outer loop
			vertex 6280 4020 -20.00000000000089
			vertex 6280 4020 -380.0000000000009
			vertex 6060 4020 -380.0000000000009
		endloop
	endfacet
	facet normal 0 -2.3229281746003277e-16 -1
		outer loop
			vertex 6060 4280 -20.000000000000952
			vertex 6280 4020 -20.00000000000089
			vertex 6060 4020 -20.00000000000089
		endloop
	endfacet
	facet normal 0 -2.3229281746003277e-16 -1
		outer loop
			vertex 6060 4280 -20.000000000000952
			vertex 6280 4280 -20.000000000000952
			vertex 6280 4020 -20.00000000000089
		endloop
	endfacet
	facet normal -1 0 0
		outer loop
			vertex 6280 4280 -20.000000000000952
			vertex 6280 4020 -380.0000000000009
			vertex 6280 4020 -20.00000000000089
		endloop
	endfacet
	facet normal -1 0 0
		outer loop
			vertex 6280 4280 -20.000000000000952
			vertex 6280 4280 -380.00000000000097
			vertex 6280 4020 -380.0000000000009
		endloop
	endfacet
	facet normal 0 -1 0
		outer loop
			vertex 6060 4280 -380.00000000000097
			vertex 6280 4280 -380.00000000000097
			vertex 6280 4280 -20.000000000000952
		endloop
	endfacet
	facet normal 0 -1 0
		outer loop
			vertex 6060 4280 -380.00000000000097
			vertex 6280 4280 -20.000000000000952
			vertex 6060 4280 -20.000000000000952
		endloop
	endfacet
	facet normal 1 0 0
		outer loop
			vertex 6060 4020 -380.0000000000009
			vertex 6060 4280 -380.00000000000097
			vertex 6060 4280 -20.000000000000952
		endloop
	endfacet
	facet normal 1 0 0
		outer loop
			vertex 6060 4020 -380.0000000000009
			vertex 6060 4280 -20.000000000000952
			vertex 6060 4020 -20.00000000000089
		endloop
	endfacet
	facet normal 0 1 0
		outer loop
			vertex 6090 4050 -400.0000000000009
			vertex 6210 4050 -380.0000000000009
			vertex 6210 4050 -400.0000000000009
		endloop
	endfacet
	facet normal 0 1 0
		outer loop
			vertex 6090 4050 -400.0000000000009
			vertex 6090 4050 -380.0000000000009
			vertex 6210 4050 -380.0000000000009
		endloop
	endfacet
	facet normal -1 0 0
		outer loop
			vertex 6210 4050 -400.0000000000009
			vertex 6210 4100 -380.0000000000009
			vertex 6210 4100 -400.0000000000009
		endloop
	endfacet
	facet normal -1 0 0
		outer loop
			vertex 6210 4050 -400.0000000000009
			vertex 6210 4050 -380.0000000000009
			vertex 6210 4100 -380.0000000000009
		endloop
	endfacet
	facet normal 0 -1 0
		outer loop
			vertex 6210 4100 -380.0000000000009
			vertex 6090 4100 -380.0000000000009
			vertex 6090 4100 -400.0000000000009
		endloop
	endfacet
	facet normal 0 -1 0
		outer loop
			vertex 6210 4100 -380.0000000000009
			vertex 6090 4100 -400.0000000000009
			vertex 6210 4100 -400.0000000000009
		endloop
	endfacet
	facet normal 1 0 0
		outer loop
			vertex 6090 4100 -380.0000000000009
			vertex 6090 4050 -380.0000000000009
			vertex 6090 4050 -400.0000000000009
		endloop
	endfacet
	facet normal 1 0 0
		outer loop
			vertex 6090 4100 -380.0000000000009
			vertex 6090 4050 -400.0000000000009
			vertex 6090 4100 -400.0000000000009
		endloop
	endfacet
	facet normal 1 0 0
		outer loop
			vertex 5830 4210 -380.0000000000009
			vertex 5830 4090 -380.0000000000009
			vertex 5830 4090 -400.0000000000009
		endloop
	endfacet
	facet normal 1 0 0
		outer loop
			vertex 5830 4210 -380.0000000000009
			vertex 5830 4090 -400.0000000000009
			vertex 5830 4210 -400.0000000000009
		endloop
	endfacet
	facet normal 0 1 0
		outer loop
			vertex 5830 4090 -400.0000000000009
			vertex 5880 4090 -380.0000000000009
			vertex 5880 4090 -400.0000000000009
		endloop
	endfacet
	facet normal 0 1 0
		outer loop
			vertex 5830 4090 -400.0000000000009
			vertex 5830 4090 -380.0000000000009
			vertex 5880 4090 -380.0000000000009
		endloop
	endfacet
	facet normal -1 0 0
		outer loop
			vertex 5880 4090 -400.0000000000009
			vertex 5880 4210 -380.0000000000009
			vertex 5880 4210 -400.0000000000009
		endloop
	endfacet
	facet normal -1 0 0
		outer loop
			vertex 5880 4090 -400.0000000000009
			vertex 5880 4090 -380.0000000000009
			vertex 5880 4210 -380.0000000000009
		endloop
	endfacet
	facet normal 0 -1 0
		outer loop
			vertex 5880 4210 -380.0000000000009
			vertex 5830 4210 -380.0000000000009
			vertex 5830 4210 -400.0000000000009
		endloop
	endfacet
	facet normal 0 -1 0
		outer loop
			vertex 5880 4210 -380.0000000000009
			vertex 5830 4210 -400.0000000000009
			vertex 5880 4210 -400.0000000000009
		endloop
	endfacet
	facet normal 0 8.12048840868686e-16 1
		outer loop
			vertex 5830 4210 -380.0000000000009
			vertex 5880 4210 -380.0000000000009
			vertex 5980 4280 -380.00000000000097
		endloop
	endfacet
	facet normal 1.5303997385602157e-16 2.1862853408003084e-16 1
		outer loop
			vertex 5880 4090 -380.0000000000009
			vertex 5980 4020 -380.0000000000009
			vertex 5980 4280 -380.00000000000097
		endloop
	endfacet
	facet normal 5.684341886080802e-16 0 1
		outer loop
			vertex 5880 4090 -380.0000000000009
			vertex 5980 4280 -380.00000000000097
			vertex 5880 4210 -380.0000000000009
		endloop
	endfacet
	facet normal 0 0 1
		outer loop
			vertex 5830 4090 -380.0000000000009
			vertex 5980 4020 -380.0000000000009
			vertex 5880 4090 -380.0000000000009
		endloop
	endfacet
	facet normal 0 8.120488408686859e-16 1
		outer loop
			vertex 5522.5 4280 -380.00000000000097
			vertex 5830 4210 -380.0000000000009
			vertex 5980 4280 -380.00000000000097
		endloop
	endfacet
	facet normal 0 0 1
		outer loop
			vertex 5522.5 4020 -380.0000000000009
			vertex 5830 4090 -380.0000000000009
			vertex 5830 4210 -380.0000000000009
		endloop
	endfacet
	facet normal -1.3508754951286458e-16 2.1862853408003084e-16 1
		outer loop
			vertex 5522.5 4020 -380.0000000000009
			vertex 5830 4210 -380.0000000000009
			vertex 5522.5 4280 -380.00000000000097
		endloop
	endfacet
	facet normal 0 0 1
		outer loop
			vertex 5522.5 4020 -380.0000000000009
			vertex 5980 4020 -380.0000000000009
			vertex 5830 4090 -380.0000000000009
		endloop
	endfacet
	facet normal 1 0 0
		outer loop
			vertex 5522.5 4280 -9.50350909079134e-13
			vertex 5522.5 4020 -8.926193117986259e-13
			vertex 5522.5 4020 -380.0000000000009
		endloop
	endfacet
	facet normal 1 0 0
		outer loop
			vertex 5522.5 4280 -9.50350909079134e-13
			vertex 5522.5 4020 -380.0000000000009
			vertex 5522.5 4280 -380.00000000000097
		endloop
	endfacet
	facet normal 0 -1 0
		outer loop
			vertex 5522.5 4280 -9.50350909079134e-13
			vertex 5980 4280 -380.00000000000097
			vertex 5980 4280 -9.50350909079134e-13
		endloop
	endfacet
	facet normal 0 -1 0
		outer loop
			vertex 5522.5 4280 -380.00000000000097
			vertex 5980 4280 -380.00000000000097
			vertex 5522.5 4280 -9.50350909079134e-13
		endloop
	endfacet
	facet normal -1 0 0
		outer loop
			vertex 5980 4280 -9.50350909079134e-13
			vertex 5980 4020 -380.0000000000009
			vertex 5980 4020 -8.926193117986259e-13
		endloop
	endfacet
	facet normal -1 0 0
		outer loop
			vertex 5980 4280 -9.50350909079134e-13
			vertex 5980 4280 -380.00000000000097
			vertex 5980 4020 -380.0000000000009
		endloop
	endfacet
	facet normal 0 1 0
		outer loop
			vertex 5980 4020 -380.0000000000009
			vertex 5522.5 4020 -380.0000000000009
			vertex 5522.5 4020 -8.926193117986259e-13
		endloop
	endfacet
	facet normal 0 1 0
		outer loop
			vertex 5980 4020 -8.926193117986259e-13
			vertex 5980 4020 -380.0000000000009
			vertex 5522.5 4020 -8.926193117986259e-13
		endloop
	endfacet
	facet normal 0 1 0
		outer loop
			vertex 4160 4090 -400.0000000000009
			vertex 4210 4090 -380.0000000000009
			vertex 4210 4090 -400.0000000000009
		endloop
	endfacet
	facet normal 0 1 0
		outer loop
			vertex 4160 4090 -400.0000000000009
			vertex 4160 4090 -380.0000000000009
			vertex 4210 4090 -380.0000000000009
		endloop
	endfacet
	facet normal -1 0 0
		outer loop
			vertex 4210 4090 -400.0000000000009
			vertex 4210 4210 -380.0000000000009
			vertex 4210 4210 -400.0000000000009
		endloop
	endfacet
	facet normal -1 0 0
		outer loop
			vertex 4210 4090 -400.0000000000009
			vertex 4210 4090 -380.0000000000009
			vertex 4210 4210 -380.0000000000009
		endloop
	endfacet
	facet normal 0 -1 0
		outer loop
			vertex 4210 4210 -380.0000000000009
			vertex 4160 4210 -380.0000000000009
			vertex 4160 4210 -400.0000000000009
		endloop
	endfacet
	facet normal 0 -1 0
		outer loop
			vertex 4210 4210 -380.0000000000009
			vertex 4160 4210 -400.0000000000009
			vertex 4210 4210 -400.0000000000009
		endloop
	endfacet
	facet normal 1 0 0
		outer loop
			vertex 4160 4210 -380.0000000000009
			vertex 4160 4090 -380.0000000000009
			vertex 4160 4090 -400.0000000000009
		endloop
	endfacet
	facet normal 1 0 0
		outer loop
			vertex 4160 4210 -380.0000000000009
			vertex 4160 4090 -400.0000000000009
			vertex 4160 4210 -400.0000000000009
		endloop
	endfacet
	facet normal 0 8.12048840868686e-16 1
		outer loop
			vertex 4060 4280 -380.00000000000097
			vertex 4160 4210 -380.0000000000009
			vertex 4210 4210 -380.0000000000009
		endloop
	endfacet
	facet normal 0 8.120488408686859e-16 1
		outer loop
			vertex 4060 4280 -380.00000000000097
			vertex 4210 4210 -380.0000000000009
			vertex 4477.5 4280 -380.00000000000097
		endloop
	endfacet
	facet normal 5.721120517982115e-17 2.1862853408003084e-16 1
		outer loop
			vertex 4210 4090 -380.0000000000009
			vertex 4477.5 4020 -380.0000000000009
			vertex 4477.5 4280 -380.00000000000097
		endloop
	endfacet
	facet normal 2.1249876209647854e-16 0 1
		outer loop
			vertex 4210 4090 -380.0000000000009
			vertex 4477.5 4280 -380.00000000000097
			vertex 4210 4210 -380.0000000000009
		endloop
	endfacet
	facet normal 0 0 1
		outer loop
			vertex 4060 4020 -380.0000000000009
			vertex 4160 4090 -380.0000000000009
			vertex 4160 4210 -380.0000000000009
		endloop
	endfacet
	facet normal 0 0 1
		outer loop
			vertex 4060 4020 -380.0000000000009
			vertex 4210 4090 -380.0000000000009
			vertex 4160 4090 -380.0000000000009
		endloop
	endfacet
	facet normal -4.1539421475205856e-16 2.1862853408003084e-16 1
		outer loop
			vertex 4060 4020 -380.0000000000009
			vertex 4160 4210 -380.0000000000009
			vertex 4060 4280 -380.00000000000097
		endloop
	endfacet
	facet normal 0 0 1
		outer loop
			vertex 4060 4020 -380.0000000000009
			vertex 4477.5 4020 -380.0000000000009
			vertex 4210 4090 -380.0000000000009
		endloop
	endfacet
	facet normal -1 0 0
		outer loop
			vertex 4477.5 4020 -380.0000000000009
			vertex 4477.5 4020 -8.926193117986259e-13
			vertex 4477.5 4280 -9.50350909079134e-13
		endloop
	endfacet
	facet normal -1 0 0
		outer loop
			vertex 4477.5 4020 -380.0000000000009
			vertex 4477.5 4280 -9.50350909079134e-13
			vertex 4477.5 4280 -380.00000000000097
		endloop
	endfacet
	facet normal 0 1 0
		outer loop
			vertex 4477.5 4020 -8.926193117986259e-13
			vertex 4060 4020 -380.0000000000009
			vertex 4060 4020 -8.926193117986259e-13
		endloop
	endfacet
	facet normal 0 1 0
		outer loop
			vertex 4477.5 4020 -8.926193117986259e-13
			vertex 4477.5 4020 -380.0000000000009
			vertex 4060 4020 -380.0000000000009
		endloop
	endfacet
	facet normal 1 0 0
		outer loop
			vertex 4060 4020 -380.0000000000009
			vertex 4060 4280 -380.00000000000097
			vertex 4060 4280 -9.50350909079134e-13
		endloop
	endfacet
	facet normal 1 0 0
		outer loop
			vertex 4060 4020 -380.0000000000009
			vertex 4060 4280 -9.50350909079134e-13
			vertex 4060 4020 -8.926193117986259e-13
		endloop
	endfacet
	facet normal 0 -1 0
		outer loop
			vertex 4060 4280 -380.00000000000097
			vertex 4477.5 4280 -380.00000000000097
			vertex 4477.5 4280 -9.50350909079134e-13
		endloop
	endfacet
	facet normal 0 -1 0
		outer loop
			vertex 4060 4280 -380.00000000000097
			vertex 4477.5 4280 -9.50350909079134e-13
			vertex 4060 4280 -9.50350909079134e-13
		endloop
	endfacet
	facet normal 0 1 0
		outer loop
			vertex 5025 4022.5 -400.0000000000009
			vertex 4935 4022.5 -8.931744233109384e-13
			vertex 5025 4022.5 -8.931744233109384e-13
		endloop
	endfacet
	facet normal 0 1 0
		outer loop
			vertex 5025 4022.5 -400.0000000000009
			vertex 4935 4022.5 -400.0000000000009
			vertex 4935 4022.5 -8.931744233109384e-13
		endloop
	endfacet
	facet normal 1 0 0
		outer loop
			vertex 4935 4022.5 -8.931744233109384e-13
			vertex 4935 4022.5 -400.0000000000009
			vertex 4935 4057.5 -400.0000000000009
		endloop
	endfacet
	facet normal 1 0 0
		outer loop
			vertex 4935 4022.5 -8.931744233109384e-13
			vertex 4935 4057.5 -400.0000000000009
			vertex 4935 4057.5 -9.009459844833145e-13
		endloop
	endfacet
	facet normal 0 -1 0
		outer loop
			vertex 4935 4057.5 -400.0000000000009
			vertex 5025 4057.5 -400.0000000000009
			vertex 5025 4057.5 -9.009459844833145e-13
		endloop
	endfacet
	facet normal 0 -1 0
		outer loop
			vertex 4935 4057.5 -400.0000000000009
			vertex 5025 4057.5 -9.009459844833145e-13
			vertex 4935 4057.5 -9.009459844833145e-13
		endloop
	endfacet
	facet normal -1 0 0
		outer loop
			vertex 5025 4057.5 -9.009459844833145e-13
			vertex 5025 4022.5 -400.0000000000009
			vertex 5025 4022.5 -8.931744233109384e-13
		endloop
	endfacet
	facet normal -1 0 0
		outer loop
			vertex 5025 4057.5 -9.009459844833145e-13
			vertex 5025 4057.5 -400.0000000000009
			vertex 5025 4022.5 -400.0000000000009
		endloop
	endfacet
	facet normal 0 1 0
		outer loop
			vertex 3025 4022.5 -400.0000000000009
			vertex 2935 4022.5 -8.931744233109384e-13
			vertex 3025 4022.5 -8.931744233109384e-13
		endloop
	endfacet
	facet normal 0 1 0
		outer loop
			vertex 3025 4022.5 -400.0000000000009
			vertex 2935 4022.5 -400.0000000000009
			vertex 2935 4022.5 -8.931744233109384e-13
		endloop
	endfacet
	facet normal 1 0 0
		outer loop
			vertex 2935 4022.5 -8.931744233109384e-13
			vertex 2935 4022.5 -400.0000000000009
			vertex 2935 4057.5 -400.0000000000009
		endloop
	endfacet
	facet normal 1 0 0
		outer loop
			vertex 2935 4022.5 -8.931744233109384e-13
			vertex 2935 4057.5 -400.0000000000009
			vertex 2935 4057.5 -9.009459844833145e-13
		endloop
	endfacet
	facet normal 0 -1 0
		outer loop
			vertex 2935 4057.5 -400.0000000000009
			vertex 3025 4057.5 -400.0000000000009
			vertex 3025 4057.5 -9.009459844833145e-13
		endloop
	endfacet
	facet normal 0 -1 0
		outer loop
			vertex 2935 4057.5 -400.0000000000009
			vertex 3025 4057.5 -9.009459844833145e-13
			vertex 2935 4057.5 -9.009459844833145e-13
		endloop
	endfacet
	facet normal -1 0 0
		outer loop
			vertex 3025 4057.5 -9.009459844833145e-13
			vertex 3025 4022.5 -400.0000000000009
			vertex 3025 4022.5 -8.931744233109384e-13
		endloop
	endfacet
	facet normal -1 0 0
		outer loop
			vertex 3025 4057.5 -9.009459844833145e-13
			vertex 3025 4057.5 -400.0000000000009
			vertex 3025 4022.5 -400.0000000000009
		endloop
	endfacet
	facet normal 0 1 0
		outer loop
			vertex 2160 4090 -400.0000000000009
			vertex 2210 4090 -380.0000000000009
			vertex 2210 4090 -400.0000000000009
		endloop
	endfacet
	facet normal 0 1 0
		outer loop
			vertex 2160 4090 -400.0000000000009
			vertex 2160 4090 -380.0000000000009
			vertex 2210 4090 -380.0000000000009
		endloop
	endfacet
	facet normal -1 0 0
		outer loop
			vertex 2210 4090 -400.0000000000009
			vertex 2210 4210 -380.0000000000009
			vertex 2210 4210 -400.0000000000009
		endloop
	endfacet
	facet normal -1 0 0
		outer loop
			vertex 2210 4090 -400.0000000000009
			vertex 2210 4090 -380.0000000000009
			vertex 2210 4210 -380.0000000000009
		endloop
	endfacet
	facet normal 0 -1 0
		outer loop
			vertex 2210 4210 -380.0000000000009
			vertex 2160 4210 -380.0000000000009
			vertex 2160 4210 -400.0000000000009
		endloop
	endfacet
	facet normal 0 -1 0
		outer loop
			vertex 2210 4210 -380.0000000000009
			vertex 2160 4210 -400.0000000000009
			vertex 2210 4210 -400.0000000000009
		endloop
	endfacet
	facet normal 1 0 0
		outer loop
			vertex 2160 4210 -380.0000000000009
			vertex 2160 4090 -380.0000000000009
			vertex 2160 4090 -400.0000000000009
		endloop
	endfacet
	facet normal 1 0 0
		outer loop
			vertex 2160 4210 -380.0000000000009
			vertex 2160 4090 -400.0000000000009
			vertex 2160 4210 -400.0000000000009
		endloop
	endfacet
	facet normal 0 8.12048840868686e-16 1
		outer loop
			vertex 2060 4280 -380.00000000000097
			vertex 2160 4210 -380.0000000000009
			vertex 2210 4210 -380.0000000000009
		endloop
	endfacet
	facet normal 0 8.120488408686859e-16 1
		outer loop
			vertex 2060 4280 -380.00000000000097
			vertex 2210 4210 -380.0000000000009
			vertex 2477.5 4280 -380.00000000000097
		endloop
	endfacet
	facet normal 5.721120517982115e-17 2.1862853408003084e-16 1
		outer loop
			vertex 2210 4090 -380.0000000000009
			vertex 2477.5 4020 -380.0000000000009
			vertex 2477.5 4280 -380.00000000000097
		endloop
	endfacet
	facet normal 2.1249876209647854e-16 0 1
		outer loop
			vertex 2210 4090 -380.0000000000009
			vertex 2477.5 4280 -380.00000000000097
			vertex 2210 4210 -380.0000000000009
		endloop
	endfacet
	facet normal 0 0 1
		outer loop
			vertex 2060 4020 -380.0000000000009
			vertex 2160 4090 -380.0000000000009
			vertex 2160 4210 -380.0000000000009
		endloop
	endfacet
	facet normal 0 0 1
		outer loop
			vertex 2060 4020 -380.0000000000009
			vertex 2210 4090 -380.0000000000009
			vertex 2160 4090 -380.0000000000009
		endloop
	endfacet
	facet normal -4.1539421475205856e-16 2.1862853408003084e-16 1
		outer loop
			vertex 2060 4020 -380.0000000000009
			vertex 2160 4210 -380.0000000000009
			vertex 2060 4280 -380.00000000000097
		endloop
	endfacet
	facet normal 0 0 1
		outer loop
			vertex 2060 4020 -380.0000000000009
			vertex 2477.5 4020 -380.0000000000009
			vertex 2210 4090 -380.0000000000009
		endloop
	endfacet
	facet normal -1 0 0
		outer loop
			vertex 2477.5 4020 -380.0000000000009
			vertex 2477.5 4020 -8.926193117986259e-13
			vertex 2477.5 4280 -9.50350909079134e-13
		endloop
	endfacet
	facet normal -1 0 0
		outer loop
			vertex 2477.5 4020 -380.0000000000009
			vertex 2477.5 4280 -9.50350909079134e-13
			vertex 2477.5 4280 -380.00000000000097
		endloop
	endfacet
	facet normal 0 1 0
		outer loop
			vertex 2477.5 4020 -8.926193117986259e-13
			vertex 2060 4020 -380.0000000000009
			vertex 2060 4020 -8.926193117986259e-13
		endloop
	endfacet
	facet normal 0 1 0
		outer loop
			vertex 2477.5 4020 -8.926193117986259e-13
			vertex 2477.5 4020 -380.0000000000009
			vertex 2060 4020 -380.0000000000009
		endloop
	endfacet
	facet normal 1 0 0
		outer loop
			vertex 2060 4020 -380.0000000000009
			vertex 2060 4280 -380.00000000000097
			vertex 2060 4280 -9.50350909079134e-13
		endloop
	endfacet
	facet normal 1 0 0
		outer loop
			vertex 2060 4020 -380.0000000000009
			vertex 2060 4280 -9.50350909079134e-13
			vertex 2060 4020 -8.926193117986259e-13
		endloop
	endfacet
	facet normal 0 -1 0
		outer loop
			vertex 2060 4280 -380.00000000000097
			vertex 2477.5 4280 -380.00000000000097
			vertex 2477.5 4280 -9.50350909079134e-13
		endloop
	endfacet
	facet normal 0 -1 0
		outer loop
			vertex 2060 4280 -380.00000000000097
			vertex 2477.5 4280 -9.50350909079134e-13
			vertex 2060 4280 -9.50350909079134e-13
		endloop
	endfacet
	facet normal 0 -1 0
		outer loop
			vertex 3880 4210 -380.0000000000009
			vertex 3830 4210 -380.0000000000009
			vertex 3830 4210 -400.0000000000009
		endloop
	endfacet
	facet normal 0 -1 0
		outer loop
			vertex 3880 4210 -380.0000000000009
			vertex 3830 4210 -400.0000000000009
			vertex 3880 4210 -400.0000000000009
		endloop
	endfacet
	facet normal -1 0 0
		outer loop
			vertex 3880 4090 -400.0000000000009
			vertex 3880 4210 -380.0000000000009
			vertex 3880 4210 -400.0000000000009
		endloop
	endfacet
	facet normal -1 0 0
		outer loop
			vertex 3880 4090 -400.0000000000009
			vertex 3880 4090 -380.0000000000009
			vertex 3880 4210 -380.0000000000009
		endloop
	endfacet
	facet normal 0 1 0
		outer loop
			vertex 3830 4090 -400.0000000000009
			vertex 3880 4090 -380.0000000000009
			vertex 3880 4090 -400.0000000000009
		endloop
	endfacet
	facet normal 0 1 0
		outer loop
			vertex 3830 4090 -400.0000000000009
			vertex 3830 4090 -380.0000000000009
			vertex 3880 4090 -380.0000000000009
		endloop
	endfacet
	facet normal 0 -1 0
		outer loop
			vertex 6300 -4300 100.00000000000095
			vertex -6300 -4300 -399.99999999999903
			vertex 6300 -4300 -399.99999999999903
		endloop
	endfacet
	facet normal 0 -1 0
		outer loop
			vertex 6300 -4300 100.00000000000095
			vertex -6300 -4300 100.00000000000095
			vertex -6300 -4300 -399.99999999999903
		endloop
	endfacet
	facet normal -1 0 0
		outer loop
			vertex -6300 -4300 100.00000000000095
			vertex -6300 4300 99.99999999999905
			vertex -6300 4300 -400.00000000000097
		endloop
	endfacet
	facet normal -1 0 0
		outer loop
			vertex -6300 -4300 100.00000000000095
			vertex -6300 4300 -400.00000000000097
			vertex -6300 -4300 -399.99999999999903
		endloop
	endfacet
	facet normal 0 1 0
		outer loop
			vertex -6300 4300 -400.00000000000097
			vertex 6300 4300 99.99999999999905
			vertex 6300 4300 -400.00000000000097
		endloop
	endfacet
	facet normal 0 1 0
		outer loop
			vertex -6300 4300 -400.00000000000097
			vertex -6300 4300 99.99999999999905
			vertex 6300 4300 99.99999999999905
		endloop
	endfacet
	facet normal 1 0 0
		outer loop
			vertex 6300 -4300 100.00000000000095
			vertex 6300 -4300 -399.99999999999903
			vertex 6300 4300 -400.00000000000097
		endloop
	endfacet
	facet normal 1 0 0
		outer loop
			vertex 6300 -4300 100.00000000000095
			vertex 6300 4300 -400.00000000000097
			vertex 6300 4300 99.99999999999905
		endloop
	endfacet
	facet normal 0 2.2142494556244987e-16 1
		outer loop
			vertex -6300 -4300 100.00000000000095
			vertex 6300 -4300 100.00000000000095
			vertex 6300 4300 99.99999999999905
		endloop
	endfacet
	facet normal 0 2.2142494556244987e-16 1
		outer loop
			vertex -6300 -4300 100.00000000000095
			vertex 6300 4300 99.99999999999905
			vertex -6300 4300 99.99999999999905
		endloop
	endfacet
	facet normal 0 -2.220446049250313e-16 -1
		outer loop
			vertex 2497.5 4020 -8.926193117986259e-13
			vertex 2915 4280 -9.50350909079134e-13
			vertex 2915 4020 -8.926193117986259e-13
		endloop
	endfacet
	facet normal 0 -2.220446049250313e-16 -1
		outer loop
			vertex 2497.5 4020 -8.926193117986259e-13
			vertex 2497.5 4280 -9.50350909079134e-13
			vertex 2915 4280 -9.50350909079134e-13
		endloop
	endfacet
	facet normal 0 -1 0
		outer loop
			vertex 2497.5 4280 -380.00000000000097
			vertex 2915 4280 -9.50350909079134e-13
			vertex 2497.5 4280 -9.50350909079134e-13
		endloop
	endfacet
	facet normal 0 -1 0
		outer loop
			vertex 2497.5 4280 -380.00000000000097
			vertex 2915 4280 -380.00000000000097
			vertex 2915 4280 -9.50350909079134e-13
		endloop
	endfacet
	facet normal 1 0 0
		outer loop
			vertex 2497.5 4280 -9.50350909079134e-13
			vertex 2497.5 4020 -8.926193117986259e-13
			vertex 2497.5 4020 -380.0000000000009
		endloop
	endfacet
	facet normal 1 0 0
		outer loop
			vertex 2497.5 4280 -9.50350909079134e-13
			vertex 2497.5 4020 -380.0000000000009
			vertex 2497.5 4280 -380.00000000000097
		endloop
	endfacet
	facet normal 0 1 0
		outer loop
			vertex 2915 4020 -8.926193117986259e-13
			vertex 2497.5 4020 -380.0000000000009
			vertex 2497.5 4020 -8.926193117986259e-13
		endloop
	endfacet
	facet normal 0 1 0
		outer loop
			vertex 2915 4020 -8.926193117986259e-13
			vertex 2915 4020 -380.0000000000009
			vertex 2497.5 4020 -380.0000000000009
		endloop
	endfacet
	facet normal -1 0 0
		outer loop
			vertex 2915 4280 -9.50350909079134e-13
			vertex 2915 4020 -380.0000000000009
			vertex 2915 4020 -8.926193117986259e-13
		endloop
	endfacet
	facet normal -1 0 0
		outer loop
			vertex 2915 4280 -9.50350909079134e-13
			vertex 2915 4280 -380.00000000000097
			vertex 2915 4020 -380.0000000000009
		endloop
	endfacet
	facet normal 0 2.1862853408003084e-16 1
		outer loop
			vertex 2497.5 4020 -380.0000000000009
			vertex 2915 4020 -380.0000000000009
			vertex 2915 4280 -380.00000000000097
		endloop
	endfacet
	facet normal 0 2.1862853408003084e-16 1
		outer loop
			vertex 2497.5 4020 -380.0000000000009
			vertex 2915 4280 -380.00000000000097
			vertex 2497.5 4280 -380.00000000000097
		endloop
	endfacet
	facet normal 0 -2.220446049250313e-16 -1
		outer loop
			vertex 3045 4020 -8.926193117986259e-13
			vertex 3502.5 4280 -9.50350909079134e-13
			vertex 3502.5 4020 -8.926193117986259e-13
		endloop
	endfacet
	facet normal 0 -2.220446049250313e-16 -1
		outer loop
			vertex 3045 4020 -8.926193117986259e-13
			vertex 3045 4280 -9.50350909079134e-13
			vertex 3502.5 4280 -9.50350909079134e-13
		endloop
	endfacet
	facet normal 0 -1 0
		outer loop
			vertex 3045 4280 -9.50350909079134e-13
			vertex 3502.5 4280 -380.00000000000097
			vertex 3502.5 4280 -9.50350909079134e-13
		endloop
	endfacet
	facet normal 0 -1 0
		outer loop
			vertex 3045 4280 -380.00000000000097
			vertex 3502.5 4280 -380.00000000000097
			vertex 3045 4280 -9.50350909079134e-13
		endloop
	endfacet
	facet normal 1 0 0
		outer loop
			vertex 3045 4020 -380.0000000000009
			vertex 3045 4280 -9.50350909079134e-13
			vertex 3045 4020 -8.926193117986259e-13
		endloop
	endfacet
	facet normal 1 0 0
		outer loop
			vertex 3045 4020 -380.0000000000009
			vertex 3045 4280 -380.00000000000097
			vertex 3045 4280 -9.50350909079134e-13
		endloop
	endfacet
	facet normal 0 1 0
		outer loop
			vertex 3502.5 4020 -380.0000000000009
			vertex 3045 4020 -380.0000000000009
			vertex 3045 4020 -8.926193117986259e-13
		endloop
	endfacet
	facet normal 0 1 0
		outer loop
			vertex 3502.5 4020 -8.926193117986259e-13
			vertex 3502.5 4020 -380.0000000000009
			vertex 3045 4020 -8.926193117986259e-13
		endloop
	endfacet
	facet normal -1 0 0
		outer loop
			vertex 3502.5 4020 -380.0000000000009
			vertex 3502.5 4280 -9.50350909079134e-13
			vertex 3502.5 4280 -380.00000000000097
		endloop
	endfacet
	facet normal -1 0 0
		outer loop
			vertex 3502.5 4020 -380.0000000000009
			vertex 3502.5 4020 -8.926193117986259e-13
			vertex 3502.5 4280 -9.50350909079134e-13
		endloop
	endfacet
	facet normal 0 2.1862853408003084e-16 1
		outer loop
			vertex 3045 4020 -380.0000000000009
			vertex 3502.5 4020 -380.0000000000009
			vertex 3502.5 4280 -380.00000000000097
		endloop
	endfacet
	facet normal 0 2.1862853408003084e-16 1
		outer loop
			vertex 3045 4020 -380.0000000000009
			vertex 3502.5 4280 -380.00000000000097
			vertex 3045 4280 -380.00000000000097
		endloop
	endfacet
	facet normal 0 -2.220446049250313e-16 -1
		outer loop
			vertex 3025 4077.5 -9.053868765818152e-13
			vertex 2935 4280 -9.50350909079134e-13
			vertex 3025 4280 -9.50350909079134e-13
		endloop
	endfacet
	facet normal 0 -2.220446049250313e-16 -1
		outer loop
			vertex 2935 4077.5 -9.053868765818152e-13
			vertex 2935 4280 -9.50350909079134e-13
			vertex 3025 4077.5 -9.053868765818152e-13
		endloop
	endfacet
	facet normal 0 -1 0
		outer loop
			vertex 2935 4280 -380.00000000000097
			vertex 3025 4280 -9.50350909079134e-13
			vertex 2935 4280 -9.50350909079134e-13
		endloop
	endfacet
	facet normal 0 -1 0
		outer loop
			vertex 2935 4280 -380.00000000000097
			vertex 3025 4280 -380.00000000000097
			vertex 3025 4280 -9.50350909079134e-13
		endloop
	endfacet
	facet normal 1 0 0
		outer loop
			vertex 2935 4280 -9.50350909079134e-13
			vertex 2935 4077.5 -9.053868765818152e-13
			vertex 2935 4077.5 -380.0000000000009
		endloop
	endfacet
	facet normal 1 0 0
		outer loop
			vertex 2935 4280 -9.50350909079134e-13
			vertex 2935 4077.5 -380.0000000000009
			vertex 2935 4280 -380.00000000000097
		endloop
	endfacet
	facet normal 0 1 0
		outer loop
			vertex 3025 4077.5 -9.053868765818152e-13
			vertex 2935 4077.5 -380.0000000000009
			vertex 2935 4077.5 -9.053868765818152e-13
		endloop
	endfacet
	facet normal 0 1 0
		outer loop
			vertex 3025 4077.5 -9.053868765818152e-13
			vertex 3025 4077.5 -380.0000000000009
			vertex 2935 4077.5 -380.0000000000009
		endloop
	endfacet
	facet normal -1 0 0
		outer loop
			vertex 3025 4077.5 -380.0000000000009
			vertex 3025 4280 -9.50350909079134e-13
			vertex 3025 4280 -380.00000000000097
		endloop
	endfacet
	facet normal -1 0 0
		outer loop
			vertex 3025 4077.5 -380.0000000000009
			vertex 3025 4077.5 -9.053868765818152e-13
			vertex 3025 4280 -9.50350909079134e-13
		endloop
	endfacet
	facet normal 0 2.807082412879408e-16 1
		outer loop
			vertex 3025 4077.5 -380.0000000000009
			vertex 3025 4280 -380.00000000000097
			vertex 2935 4280 -380.00000000000097
		endloop
	endfacet
	facet normal 0 2.807082412879408e-16 1
		outer loop
			vertex 2935 4077.5 -380.0000000000009
			vertex 3025 4077.5 -380.0000000000009
			vertex 2935 4280 -380.00000000000097
		endloop
	endfacet
	facet normal 0 -2.220446049250313e-16 -1
		outer loop
			vertex 4497.5 4020 -8.926193117986259e-13
			vertex 4915 4280 -9.50350909079134e-13
			vertex 4915 4020 -8.926193117986259e-13
		endloop
	endfacet
	facet normal 0 -2.220446049250313e-16 -1
		outer loop
			vertex 4497.5 4020 -8.926193117986259e-13
			vertex 4497.5 4280 -9.50350909079134e-13
			vertex 4915 4280 -9.50350909079134e-13
		endloop
	endfacet
	facet normal 0 -1 0
		outer loop
			vertex 4497.5 4280 -380.00000000000097
			vertex 4915 4280 -9.50350909079134e-13
			vertex 4497.5 4280 -9.50350909079134e-13
		endloop
	endfacet
	facet normal 0 -1 0
		outer loop
			vertex 4497.5 4280 -380.00000000000097
			vertex 4915 4280 -380.00000000000097
			vertex 4915 4280 -9.50350909079134e-13
		endloop
	endfacet
	facet normal 1 0 0
		outer loop
			vertex 4497.5 4280 -9.50350909079134e-13
			vertex 4497.5 4020 -8.926193117986259e-13
			vertex 4497.5 4020 -380.0000000000009
		endloop
	endfacet
	facet normal 1 0 0
		outer loop
			vertex 4497.5 4280 -9.50350909079134e-13
			vertex 4497.5 4020 -380.0000000000009
			vertex 4497.5 4280 -380.00000000000097
		endloop
	endfacet
	facet normal 0 1 0
		outer loop
			vertex 4915 4020 -8.926193117986259e-13
			vertex 4497.5 4020 -380.0000000000009
			vertex 4497.5 4020 -8.926193117986259e-13
		endloop
	endfacet
	facet normal 0 1 0
		outer loop
			vertex 4915 4020 -8.926193117986259e-13
			vertex 4915 4020 -380.0000000000009
			vertex 4497.5 4020 -380.0000000000009
		endloop
	endfacet
	facet normal -1 0 0
		outer loop
			vertex 4915 4280 -9.50350909079134e-13
			vertex 4915 4020 -380.0000000000009
			vertex 4915 4020 -8.926193117986259e-13
		endloop
	endfacet
	facet normal -1 0 0
		outer loop
			vertex 4915 4280 -9.50350909079134e-13
			vertex 4915 4280 -380.00000000000097
			vertex 4915 4020 -380.0000000000009
		endloop
	endfacet
	facet normal 0 2.1862853408003084e-16 1
		outer loop
			vertex 4497.5 4020 -380.0000000000009
			vertex 4915 4020 -380.0000000000009
			vertex 4915 4280 -380.00000000000097
		endloop
	endfacet
	facet normal 0 2.1862853408003084e-16 1
		outer loop
			vertex 4497.5 4020 -380.0000000000009
			vertex 4915 4280 -380.00000000000097
			vertex 4497.5 4280 -380.00000000000097
		endloop
	endfacet
	facet normal 0 -2.220446049250313e-16 -1
		outer loop
			vertex 5045 4020 -8.926193117986259e-13
			vertex 5502.5 4280 -9.50350909079134e-13
			vertex 5502.5 4020 -8.926193117986259e-13
		endloop
	endfacet
	facet normal 0 -2.220446049250313e-16 -1
		outer loop
			vertex 5045 4020 -8.926193117986259e-13
			vertex 5045 4280 -9.50350909079134e-13
			vertex 5502.5 4280 -9.50350909079134e-13
		endloop
	endfacet
	facet normal 0 -1 0
		outer loop
			vertex 5045 4280 -9.50350909079134e-13
			vertex 5502.5 4280 -380.00000000000097
			vertex 5502.5 4280 -9.50350909079134e-13
		endloop
	endfacet
	facet normal 0 -1 0
		outer loop
			vertex 5045 4280 -380.00000000000097
			vertex 5502.5 4280 -380.00000000000097
			vertex 5045 4280 -9.50350909079134e-13
		endloop
	endfacet
	facet normal 1 0 0
		outer loop
			vertex 5045 4020 -380.0000000000009
			vertex 5045 4280 -9.50350909079134e-13
			vertex 5045 4020 -8.926193117986259e-13
		endloop
	endfacet
	facet normal 1 0 0
		outer loop
			vertex 5045 4020 -380.0000000000009
			vertex 5045 4280 -380.00000000000097
			vertex 5045 4280 -9.50350909079134e-13
		endloop
	endfacet
	facet normal 0 1 0
		outer loop
			vertex 5502.5 4020 -380.0000000000009
			vertex 5045 4020 -380.0000000000009
			vertex 5045 4020 -8.926193117986259e-13
		endloop
	endfacet
	facet normal 0 1 0
		outer loop
			vertex 5502.5 4020 -8.926193117986259e-13
			vertex 5502.5 4020 -380.0000000000009
			vertex 5045 4020 -8.926193117986259e-13
		endloop
	endfacet
	facet normal -1 0 0
		outer loop
			vertex 5502.5 4020 -380.0000000000009
			vertex 5502.5 4280 -9.50350909079134e-13
			vertex 5502.5 4280 -380.00000000000097
		endloop
	endfacet
	facet normal -1 0 0
		outer loop
			vertex 5502.5 4020 -380.0000000000009
			vertex 5502.5 4020 -8.926193117986259e-13
			vertex 5502.5 4280 -9.50350909079134e-13
		endloop
	endfacet
	facet normal 0 2.1862853408003084e-16 1
		outer loop
			vertex 5045 4020 -380.0000000000009
			vertex 5502.5 4020 -380.0000000000009
			vertex 5502.5 4280 -380.00000000000097
		endloop
	endfacet
	facet normal 0 2.1862853408003084e-16 1
		outer loop
			vertex 5045 4020 -380.0000000000009
			vertex 5502.5 4280 -380.00000000000097
			vertex 5045 4280 -380.00000000000097
		endloop
	endfacet
	facet normal 0 -2.220446049250313e-16 -1
		outer loop
			vertex 5025 4077.5 -9.053868765818152e-13
			vertex 4935 4280 -9.50350909079134e-13
			vertex 5025 4280 -9.50350909079134e-13
		endloop
	endfacet
	facet normal 0 -2.220446049250313e-16 -1
		outer loop
			vertex 4935 4077.5 -9.053868765818152e-13
			vertex 4935 4280 -9.50350909079134e-13
			vertex 5025 4077.5 -9.053868765818152e-13
		endloop
	endfacet
	facet normal 0 -1 0
		outer loop
			vertex 4935 4280 -380.00000000000097
			vertex 5025 4280 -9.50350909079134e-13
			vertex 4935 4280 -9.50350909079134e-13
		endloop
	endfacet
	facet normal 0 -1 0
		outer loop
			vertex 4935 4280 -380.00000000000097
			vertex 5025 4280 -380.00000000000097
			vertex 5025 4280 -9.50350909079134e-13
		endloop
	endfacet
	facet normal 1 0 0
		outer loop
			vertex 4935 4280 -9.50350909079134e-13
			vertex 4935 4077.5 -9.053868765818152e-13
			vertex 4935 4077.5 -380.0000000000009
		endloop
	endfacet
	facet normal 1 0 0
		outer loop
			vertex 4935 4280 -9.50350909079134e-13
			vertex 4935 4077.5 -380.0000000000009
			vertex 4935 4280 -380.00000000000097
		endloop
	endfacet
	facet normal 0 1 0
		outer loop
			vertex 5025 4077.5 -9.053868765818152e-13
			vertex 4935 4077.5 -380.0000000000009
			vertex 4935 4077.5 -9.053868765818152e-13
		endloop
	endfacet
	facet normal 0 1 0
		outer loop
			vertex 5025 4077.5 -9.053868765818152e-13
			vertex 5025 4077.5 -380.0000000000009
			vertex 4935 4077.5 -380.0000000000009
		endloop
	endfacet
	facet normal -1 0 0
		outer loop
			vertex 5025 4077.5 -380.0000000000009
			vertex 5025 4280 -9.50350909079134e-13
			vertex 5025 4280 -380.00000000000097
		endloop
	endfacet
	facet normal -1 0 0
		outer loop
			vertex 5025 4077.5 -380.0000000000009
			vertex 5025 4077.5 -9.053868765818152e-13
			vertex 5025 4280 -9.50350909079134e-13
		endloop
	endfacet
	facet normal 0 2.807082412879408e-16 1
		outer loop
			vertex 5025 4077.5 -380.0000000000009
			vertex 5025 4280 -380.00000000000097
			vertex 4935 4280 -380.00000000000097
		endloop
	endfacet
	facet normal 0 2.807082412879408e-16 1
		outer loop
			vertex 4935 4077.5 -380.0000000000009
			vertex 5025 4077.5 -380.0000000000009
			vertex 4935 4280 -380.00000000000097
		endloop
	endfacet
	facet normal 0 -2.220446049250313e-16 -1
		outer loop
			vertex -6280 497.5 -1.1046719095020308e-13
			vertex -6020 915 -2.0317081350640365e-13
			vertex -6020 497.5 -1.1046719095020308e-13
		endloop
	endfacet
	facet normal 0 -2.220446049250313e-16 -1
		outer loop
			vertex -6280 497.5 -1.1046719095020308e-13
			vertex -6280 915 -2.0317081350640365e-13
			vertex -6020 915 -2.0317081350640365e-13
		endloop
	endfacet
	facet normal 1 0 0
		outer loop
			vertex -6280 497.49999999999994 -380.0000000000001
			vertex -6280 915 -2.0317081350640365e-13
			vertex -6280 497.5 -1.1046719095020308e-13
		endloop
	endfacet
	facet normal 1 0 0
		outer loop
			vertex -6280 497.49999999999994 -380.0000000000001
			vertex -6280 914.9999999999999 -380.0000000000002
			vertex -6280 915 -2.0317081350640365e-13
		endloop
	endfacet
	facet normal 0 1 -1.495879443705474e-16
		outer loop
			vertex -6280 497.49999999999994 -380.0000000000001
			vertex -6020 497.5 -1.1046719095020308e-13
			vertex -6020 497.49999999999994 -380.0000000000001
		endloop
	endfacet
	facet normal 0 1 -1.495879443705474e-16
		outer loop
			vertex -6280 497.49999999999994 -380.0000000000001
			vertex -6280 497.5 -1.1046719095020308e-13
			vertex -6020 497.5 -1.1046719095020308e-13
		endloop
	endfacet
	facet normal -1 0 0
		outer loop
			vertex -6020 915 -2.0317081350640365e-13
			vertex -6020 497.49999999999994 -380.0000000000001
			vertex -6020 497.5 -1.1046719095020308e-13
		endloop
	endfacet
	facet normal -1 0 0
		outer loop
			vertex -6020 915 -2.0317081350640365e-13
			vertex -6020 914.9999999999999 -380.0000000000002
			vertex -6020 497.49999999999994 -380.0000000000001
		endloop
	endfacet
	facet normal 0 -1 2.991758887410948e-16
		outer loop
			vertex -6280 914.9999999999999 -380.0000000000002
			vertex -6020 915 -2.0317081350640365e-13
			vertex -6280 915 -2.0317081350640365e-13
		endloop
	endfacet
	facet normal 0 -1 2.991758887410948e-16
		outer loop
			vertex -6280 914.9999999999999 -380.0000000000002
			vertex -6020 914.9999999999999 -380.0000000000002
			vertex -6020 915 -2.0317081350640365e-13
		endloop
	endfacet
	facet normal 0 2.7230380292602646e-16 1
		outer loop
			vertex -6020 497.49999999999994 -380.0000000000001
			vertex -6020 914.9999999999999 -380.0000000000002
			vertex -6280 914.9999999999999 -380.0000000000002
		endloop
	endfacet
	facet normal 0 2.7230380292602646e-16 1
		outer loop
			vertex -6020 497.49999999999994 -380.0000000000001
			vertex -6280 914.9999999999999 -380.0000000000002
			vertex -6280 497.49999999999994 -380.0000000000001
		endloop
	endfacet
	facet normal 0 -2.220446049250313e-16 -1
		outer loop
			vertex -6280 1045 -2.320366121466577e-13
			vertex -6020 1502.5 -3.3362201889985954e-13
			vertex -6020 1045 -2.320366121466577e-13
		endloop
	endfacet
	facet normal 0 -2.220446049250313e-16 -1
		outer loop
			vertex -6280 1045 -2.320366121466577e-13
			vertex -6280 1502.5 -3.3362201889985954e-13
			vertex -6020 1502.5 -3.3362201889985954e-13
		endloop
	endfacet
	facet normal 1 0 0
		outer loop
			vertex -6280 1045 -2.320366121466577e-13
			vertex -6280 1502.5 -380.00000000000034
			vertex -6280 1502.5 -3.3362201889985954e-13
		endloop
	endfacet
	facet normal 1 0 0
		outer loop
			vertex -6280 1045 -380.0000000000002
			vertex -6280 1502.5 -380.00000000000034
			vertex -6280 1045 -2.320366121466577e-13
		endloop
	endfacet
	facet normal 0 1 0
		outer loop
			vertex -6020 1045 -2.320366121466577e-13
			vertex -6280 1045 -380.0000000000002
			vertex -6280 1045 -2.320366121466577e-13
		endloop
	endfacet
	facet normal 0 1 0
		outer loop
			vertex -6020 1045 -2.320366121466577e-13
			vertex -6020 1045 -380.0000000000002
			vertex -6280 1045 -380.0000000000002
		endloop
	endfacet
	facet normal -1 0 0
		outer loop
			vertex -6020 1502.5 -380.00000000000034
			vertex -6020 1045 -380.0000000000002
			vertex -6020 1045 -2.320366121466577e-13
		endloop
	endfacet
	facet normal -1 0 0
		outer loop
			vertex -6020 1502.5 -3.3362201889985954e-13
			vertex -6020 1502.5 -380.00000000000034
			vertex -6020 1045 -2.320366121466577e-13
		endloop
	endfacet
	facet normal 0 -1 0
		outer loop
			vertex -6020 1502.5 -3.3362201889985954e-13
			vertex -6280 1502.5 -3.3362201889985954e-13
			vertex -6280 1502.5 -380.00000000000034
		endloop
	endfacet
	facet normal 0 -1 0
		outer loop
			vertex -6020 1502.5 -3.3362201889985954e-13
			vertex -6280 1502.5 -380.00000000000034
			vertex -6020 1502.5 -380.00000000000034
		endloop
	endfacet
	facet normal 0 2.4849582015653777e-16 1
		outer loop
			vertex -6020 1045 -380.0000000000002
			vertex -6020 1502.5 -380.00000000000034
			vertex -6280 1502.5 -380.00000000000034
		endloop
	endfacet
	facet normal 0 2.4849582015653777e-16 1
		outer loop
			vertex -6020 1045 -380.0000000000002
			vertex -6280 1502.5 -380.00000000000034
			vertex -6280 1045 -380.0000000000002
		endloop
	endfacet
	facet normal 0 -2.220446049250313e-16 -1
		outer loop
			vertex -6280 1025 -2.275957200481571e-13
			vertex -6077.5 1025 -2.275957200481571e-13
			vertex -6077.5 935 -2.0761170560490427e-13
		endloop
	endfacet
	facet normal 0 -2.220446049250313e-16 -1
		outer loop
			vertex -6280 935 -2.0761170560490427e-13
			vertex -6280 1025 -2.275957200481571e-13
			vertex -6077.5 935 -2.0761170560490427e-13
		endloop
	endfacet
	facet normal 1 0 0
		outer loop
			vertex -6280 934.9999999999999 -380.0000000000002
			vertex -6280 1025 -2.275957200481571e-13
			vertex -6280 935 -2.0761170560490427e-13
		endloop
	endfacet
	facet normal 1 0 0
		outer loop
			vertex -6280 934.9999999999999 -380.0000000000002
			vertex -6280 1025 -380.0000000000002
			vertex -6280 1025 -2.275957200481571e-13
		endloop
	endfacet
	facet normal 0 1 -2.991758887410948e-16
		outer loop
			vertex -6280 934.9999999999999 -380.0000000000002
			vertex -6077.5 935 -2.0761170560490427e-13
			vertex -6077.5 934.9999999999999 -380.0000000000002
		endloop
	endfacet
	facet normal 0 1 -2.991758887410948e-16
		outer loop
			vertex -6280 934.9999999999999 -380.0000000000002
			vertex -6280 935 -2.0761170560490427e-13
			vertex -6077.5 935 -2.0761170560490427e-13
		endloop
	endfacet
	facet normal -1 0 0
		outer loop
			vertex -6077.5 1025 -2.275957200481571e-13
			vertex -6077.5 934.9999999999999 -380.0000000000002
			vertex -6077.5 935 -2.0761170560490427e-13
		endloop
	endfacet
	facet normal -1 0 0
		outer loop
			vertex -6077.5 1025 -2.275957200481571e-13
			vertex -6077.5 1025 -380.0000000000002
			vertex -6077.5 934.9999999999999 -380.0000000000002
		endloop
	endfacet
	facet normal 0 -1 0
		outer loop
			vertex -6077.5 1025 -2.275957200481571e-13
			vertex -6280 1025 -2.275957200481571e-13
			vertex -6280 1025 -380.0000000000002
		endloop
	endfacet
	facet normal 0 -1 0
		outer loop
			vertex -6077.5 1025 -2.275957200481571e-13
			vertex -6280 1025 -380.0000000000002
			vertex -6077.5 1025 -380.0000000000002
		endloop
	endfacet
	facet normal 0 0 1
		outer loop
			vertex -6077.5 1025 -380.0000000000002
			vertex -6280 1025 -380.0000000000002
			vertex -6280 934.9999999999999 -380.0000000000002
		endloop
	endfacet
	facet normal 0 0 1
		outer loop
			vertex -6077.5 934.9999999999999 -380.0000000000002
			vertex -6077.5 1025 -380.0000000000002
			vertex -6280 934.9999999999999 -380.0000000000002
		endloop
	endfacet
	facet normal 0 -2.220446049250313e-16 -1
		outer loop
			vertex 6020 -915 2.0317081350640365e-13
			vertex 6020 -497.5 1.1046719095020308e-13
			vertex 6280 -497.5 1.1046719095020308e-13
		endloop
	endfacet
	facet normal 0 -2.220446049250313e-16 -1
		outer loop
			vertex 6020 -915 2.0317081350640365e-13
			vertex 6280 -497.5 1.1046719095020308e-13
			vertex 6280 -915 2.0317081350640365e-13
		endloop
	endfacet
	facet normal -1 0 0
		outer loop
			vertex 6280 -497.5 1.1046719095020308e-13
			vertex 6280 -915.0000000000001 -379.9999999999998
			vertex 6280 -915 2.0317081350640365e-13
		endloop
	endfacet
	facet normal -1 0 0
		outer loop
			vertex 6280 -497.5 1.1046719095020308e-13
			vertex 6280 -497.50000000000006 -379.9999999999999
			vertex 6280 -915.0000000000001 -379.9999999999998
		endloop
	endfacet
	facet normal 0 -1 1.495879443705474e-16
		outer loop
			vertex 6280 -497.5 1.1046719095020308e-13
			vertex 6020 -497.5 1.1046719095020308e-13
			vertex 6020 -497.50000000000006 -379.9999999999999
		endloop
	endfacet
	facet normal 0 -1 1.495879443705474e-16
		outer loop
			vertex 6280 -497.5 1.1046719095020308e-13
			vertex 6020 -497.50000000000006 -379.9999999999999
			vertex 6280 -497.50000000000006 -379.9999999999999
		endloop
	endfacet
	facet normal 1 0 0
		outer loop
			vertex 6020 -915.0000000000001 -379.9999999999998
			vertex 6020 -497.5 1.1046719095020308e-13
			vertex 6020 -915 2.0317081350640365e-13
		endloop
	endfacet
	facet normal 1 0 0
		outer loop
			vertex 6020 -915.0000000000001 -379.9999999999998
			vertex 6020 -497.50000000000006 -379.9999999999999
			vertex 6020 -497.5 1.1046719095020308e-13
		endloop
	endfacet
	facet normal 0 1 -2.991758887410948e-16
		outer loop
			vertex 6280 -915 2.0317081350640365e-13
			vertex 6020 -915.0000000000001 -379.9999999999998
			vertex 6020 -915 2.0317081350640365e-13
		endloop
	endfacet
	facet normal 0 1 -2.991758887410948e-16
		outer loop
			vertex 6280 -915 2.0317081350640365e-13
			vertex 6280 -915.0000000000001 -379.9999999999998
			vertex 6020 -915.0000000000001 -379.9999999999998
		endloop
	endfacet
	facet normal 0 2.7230380292602637e-16 1
		outer loop
			vertex 6020 -497.50000000000006 -379.9999999999999
			vertex 6020 -915.0000000000001 -379.9999999999998
			vertex 6280 -915.0000000000001 -379.9999999999998
		endloop
	endfacet
	facet normal 0 2.7230380292602637e-16 1
		outer loop
			vertex 6020 -497.50000000000006 -379.9999999999999
			vertex 6280 -915.0000000000001 -379.9999999999998
			vertex 6280 -497.50000000000006 -379.9999999999999
		endloop
	endfacet
	facet normal 0 -2.220446049250313e-16 -1
		outer loop
			vertex 6020 -1502.5 3.3362201889985954e-13
			vertex 6020 -1045 2.320366121466577e-13
			vertex 6280 -1045 2.320366121466577e-13
		endloop
	endfacet
	facet normal 0 -2.220446049250313e-16 -1
		outer loop
			vertex 6020 -1502.5 3.3362201889985954e-13
			vertex 6280 -1045 2.320366121466577e-13
			vertex 6280 -1502.5 3.3362201889985954e-13
		endloop
	endfacet
	facet normal -1 0 0
		outer loop
			vertex 6280 -1045 -379.9999999999998
			vertex 6280 -1502.5 -379.99999999999966
			vertex 6280 -1502.5 3.3362201889985954e-13
		endloop
	endfacet
	facet normal -1 0 0
		outer loop
			vertex 6280 -1045 2.320366121466577e-13
			vertex 6280 -1045 -379.9999999999998
			vertex 6280 -1502.5 3.3362201889985954e-13
		endloop
	endfacet
	facet normal 0 -1 0
		outer loop
			vertex 6020 -1045 -379.9999999999998
			vertex 6280 -1045 2.320366121466577e-13
			vertex 6020 -1045 2.320366121466577e-13
		endloop
	endfacet
	facet normal 0 -1 0
		outer loop
			vertex 6020 -1045 -379.9999999999998
			vertex 6280 -1045 -379.9999999999998
			vertex 6280 -1045 2.320366121466577e-13
		endloop
	endfacet
	facet normal 1 0 0
		outer loop
			vertex 6020 -1502.5 3.3362201889985954e-13
			vertex 6020 -1045 -379.9999999999998
			vertex 6020 -1045 2.320366121466577e-13
		endloop
	endfacet
	facet normal 1 0 0
		outer loop
			vertex 6020 -1502.5 -379.99999999999966
			vertex 6020 -1045 -379.9999999999998
			vertex 6020 -1502.5 3.3362201889985954e-13
		endloop
	endfacet
	facet normal 0 1 0
		outer loop
			vertex 6020 -1502.5 -379.99999999999966
			vertex 6280 -1502.5 3.3362201889985954e-13
			vertex 6280 -1502.5 -379.99999999999966
		endloop
	endfacet
	facet normal 0 1 0
		outer loop
			vertex 6020 -1502.5 -379.99999999999966
			vertex 6020 -1502.5 3.3362201889985954e-13
			vertex 6280 -1502.5 3.3362201889985954e-13
		endloop
	endfacet
	facet normal 0 2.4849582015653777e-16 1
		outer loop
			vertex 6020 -1045 -379.9999999999998
			vertex 6020 -1502.5 -379.99999999999966
			vertex 6280 -1502.5 -379.99999999999966
		endloop
	endfacet
	facet normal 0 2.4849582015653777e-16 1
		outer loop
			vertex 6020 -1045 -379.9999999999998
			vertex 6280 -1502.5 -379.99999999999966
			vertex 6280 -1045 -379.9999999999998
		endloop
	endfacet
	facet normal 0 -2.220446049250313e-16 -1
		outer loop
			vertex 6077.5 -935 2.0761170560490427e-13
			vertex 6280 -935 2.0761170560490427e-13
			vertex 6280 -1025 2.275957200481571e-13
		endloop
	endfacet
	facet normal 0 -2.220446049250313e-16 -1
		outer loop
			vertex 6077.5 -1025 2.275957200481571e-13
			vertex 6077.5 -935 2.0761170560490427e-13
			vertex 6280 -1025 2.275957200481571e-13
		endloop
	endfacet
	facet normal -1 0 0
		outer loop
			vertex 6280 -935 2.0761170560490427e-13
			vertex 6280 -1025 -379.9999999999998
			vertex 6280 -1025 2.275957200481571e-13
		endloop
	endfacet
	facet normal -1 0 0
		outer loop
			vertex 6280 -935 2.0761170560490427e-13
			vertex 6280 -935.0000000000001 -379.9999999999998
			vertex 6280 -1025 -379.9999999999998
		endloop
	endfacet
	facet normal 0 -1 2.991758887410948e-16
		outer loop
			vertex 6280 -935 2.0761170560490427e-13
			vertex 6077.5 -935 2.0761170560490427e-13
			vertex 6077.5 -935.0000000000001 -379.9999999999998
		endloop
	endfacet
	facet normal 0 -1 2.991758887410948e-16
		outer loop
			vertex 6280 -935 2.0761170560490427e-13
			vertex 6077.5 -935.0000000000001 -379.9999999999998
			vertex 6280 -935.0000000000001 -379.9999999999998
		endloop
	endfacet
	facet normal 1 0 0
		outer loop
			vertex 6077.5 -1025 -379.9999999999998
			vertex 6077.5 -935 2.0761170560490427e-13
			vertex 6077.5 -1025 2.275957200481571e-13
		endloop
	endfacet
	facet normal 1 0 0
		outer loop
			vertex 6077.5 -1025 -379.9999999999998
			vertex 6077.5 -935.0000000000001 -379.9999999999998
			vertex 6077.5 -935 2.0761170560490427e-13
		endloop
	endfacet
	facet normal 0 1 0
		outer loop
			vertex 6077.5 -1025 -379.9999999999998
			vertex 6280 -1025 2.275957200481571e-13
			vertex 6280 -1025 -379.9999999999998
		endloop
	endfacet
	facet normal 0 1 0
		outer loop
			vertex 6077.5 -1025 -379.9999999999998
			vertex 6077.5 -1025 2.275957200481571e-13
			vertex 6280 -1025 2.275957200481571e-13
		endloop
	endfacet
	facet normal 0 0 1
		outer loop
			vertex 6077.5 -1025 -379.9999999999998
			vertex 6280 -1025 -379.9999999999998
			vertex 6280 -935.0000000000001 -379.9999999999998
		endloop
	endfacet
	facet normal 0 0 1
		outer loop
			vertex 6077.5 -935.0000000000001 -379.9999999999998
			vertex 6077.5 -1025 -379.9999999999998
			vertex 6280 -935.0000000000001 -379.9999999999998
		endloop
	endfacet
	facet normal 0 -2.220446049250313e-16 -1
		outer loop
			vertex -915 -4280 9.50350909079134e-13
			vertex -497.5 -4020 8.926193117986259e-13
			vertex -497.5 -4280 9.50350909079134e-13
		endloop
	endfacet
	facet normal 0 -2.220446049250313e-16 -1
		outer loop
			vertex -915 -4280 9.50350909079134e-13
			vertex -915 -4020 8.926193117986259e-13
			vertex -497.5 -4020 8.926193117986259e-13
		endloop
	endfacet
	facet normal 0 1 0
		outer loop
			vertex -497.5 -4280 9.50350909079134e-13
			vertex -915 -4280 -379.99999999999903
			vertex -915 -4280 9.50350909079134e-13
		endloop
	endfacet
	facet normal 0 1 0
		outer loop
			vertex -497.5 -4280 9.50350909079134e-13
			vertex -497.5 -4280 -379.99999999999903
			vertex -915 -4280 -379.99999999999903
		endloop
	endfacet
	facet normal -1 0 0
		outer loop
			vertex -497.5 -4280 -379.99999999999903
			vertex -497.5 -4020 8.926193117986259e-13
			vertex -497.5 -4020 -379.9999999999991
		endloop
	endfacet
	facet normal -1 0 0
		outer loop
			vertex -497.5 -4280 -379.99999999999903
			vertex -497.5 -4280 9.50350909079134e-13
			vertex -497.5 -4020 8.926193117986259e-13
		endloop
	endfacet
	facet normal 0 -1 0
		outer loop
			vertex -915 -4020 -379.9999999999991
			vertex -497.5 -4020 8.926193117986259e-13
			vertex -915 -4020 8.926193117986259e-13
		endloop
	endfacet
	facet normal 0 -1 0
		outer loop
			vertex -915 -4020 -379.9999999999991
			vertex -497.5 -4020 -379.9999999999991
			vertex -497.5 -4020 8.926193117986259e-13
		endloop
	endfacet
	facet normal 1 0 0
		outer loop
			vertex -915 -4280 -379.99999999999903
			vertex -915 -4020 8.926193117986259e-13
			vertex -915 -4280 9.50350909079134e-13
		endloop
	endfacet
	facet normal 1 0 0
		outer loop
			vertex -915 -4280 -379.99999999999903
			vertex -915 -4020 -379.9999999999991
			vertex -915 -4020 8.926193117986259e-13
		endloop
	endfacet
	facet normal 0 2.1862853408003084e-16 1
		outer loop
			vertex -497.5 -4020 -379.9999999999991
			vertex -915 -4020 -379.9999999999991
			vertex -915 -4280 -379.99999999999903
		endloop
	endfacet
	facet normal 0 2.1862853408003084e-16 1
		outer loop
			vertex -497.5 -4020 -379.9999999999991
			vertex -915 -4280 -379.99999999999903
			vertex -497.5 -4280 -379.99999999999903
		endloop
	endfacet
	facet normal 0 -2.220446049250313e-16 -1
		outer loop
			vertex -1502.5 -4280 9.50350909079134e-13
			vertex -1045 -4020 8.926193117986259e-13
			vertex -1045 -4280 9.50350909079134e-13
		endloop
	endfacet
	facet normal 0 -2.220446049250313e-16 -1
		outer loop
			vertex -1502.5 -4280 9.50350909079134e-13
			vertex -1502.5 -4020 8.926193117986259e-13
			vertex -1045 -4020 8.926193117986259e-13
		endloop
	endfacet
	facet normal 0 1 0
		outer loop
			vertex -1045 -4280 -379.99999999999903
			vertex -1502.5 -4280 -379.99999999999903
			vertex -1502.5 -4280 9.50350909079134e-13
		endloop
	endfacet
	facet normal 0 1 0
		outer loop
			vertex -1045 -4280 9.50350909079134e-13
			vertex -1045 -4280 -379.99999999999903
			vertex -1502.5 -4280 9.50350909079134e-13
		endloop
	endfacet
	facet normal -1 0 0
		outer loop
			vertex -1045 -4020 8.926193117986259e-13
			vertex -1045 -4280 -379.99999999999903
			vertex -1045 -4280 9.50350909079134e-13
		endloop
	endfacet
	facet normal -1 0 0
		outer loop
			vertex -1045 -4020 8.926193117986259e-13
			vertex -1045 -4020 -379.9999999999991
			vertex -1045 -4280 -379.99999999999903
		endloop
	endfacet
	facet normal 0 -1 0
		outer loop
			vertex -1502.5 -4020 8.926193117986259e-13
			vertex -1045 -4020 -379.9999999999991
			vertex -1045 -4020 8.926193117986259e-13
		endloop
	endfacet
	facet normal 0 -1 0
		outer loop
			vertex -1502.5 -4020 -379.9999999999991
			vertex -1045 -4020 -379.9999999999991
			vertex -1502.5 -4020 8.926193117986259e-13
		endloop
	endfacet
	facet normal 1 0 0
		outer loop
			vertex -1502.5 -4020 8.926193117986259e-13
			vertex -1502.5 -4280 9.50350909079134e-13
			vertex -1502.5 -4280 -379.99999999999903
		endloop
	endfacet
	facet normal 1 0 0
		outer loop
			vertex -1502.5 -4020 8.926193117986259e-13
			vertex -1502.5 -4280 -379.99999999999903
			vertex -1502.5 -4020 -379.9999999999991
		endloop
	endfacet
	facet normal 0 2.1862853408003084e-16 1
		outer loop
			vertex -1045 -4020 -379.9999999999991
			vertex -1502.5 -4020 -379.9999999999991
			vertex -1502.5 -4280 -379.99999999999903
		endloop
	endfacet
	facet normal 0 2.1862853408003084e-16 1
		outer loop
			vertex -1045 -4020 -379.9999999999991
			vertex -1502.5 -4280 -379.99999999999903
			vertex -1045 -4280 -379.99999999999903
		endloop
	endfacet
	facet normal 0 -2.220446049250313e-16 -1
		outer loop
			vertex -935 -4280 9.50350909079134e-13
			vertex -1025 -4077.5 9.053868765818152e-13
			vertex -935 -4077.5 9.053868765818152e-13
		endloop
	endfacet
	facet normal 0 -2.220446049250313e-16 -1
		outer loop
			vertex -1025 -4280 9.50350909079134e-13
			vertex -1025 -4077.5 9.053868765818152e-13
			vertex -935 -4280 9.50350909079134e-13
		endloop
	endfacet
	facet normal 0 1 0
		outer loop
			vertex -935 -4280 9.50350909079134e-13
			vertex -1025 -4280 -379.99999999999903
			vertex -1025 -4280 9.50350909079134e-13
		endloop
	endfacet
	facet normal 0 1 0
		outer loop
			vertex -935 -4280 9.50350909079134e-13
			vertex -935 -4280 -379.99999999999903
			vertex -1025 -4280 -379.99999999999903
		endloop
	endfacet
	facet normal -1 0 0
		outer loop
			vertex -935 -4280 -379.99999999999903
			vertex -935 -4077.5 9.053868765818152e-13
			vertex -935 -4077.5 -379.9999999999991
		endloop
	endfacet
	facet normal -1 0 0
		outer loop
			vertex -935 -4280 -379.99999999999903
			vertex -935 -4280 9.50350909079134e-13
			vertex -935 -4077.5 9.053868765818152e-13
		endloop
	endfacet
	facet normal 0 -1 0
		outer loop
			vertex -1025 -4077.5 -379.9999999999991
			vertex -935 -4077.5 9.053868765818152e-13
			vertex -1025 -4077.5 9.053868765818152e-13
		endloop
	endfacet
	facet normal 0 -1 0
		outer loop
			vertex -1025 -4077.5 -379.9999999999991
			vertex -935 -4077.5 -379.9999999999991
			vertex -935 -4077.5 9.053868765818152e-13
		endloop
	endfacet
	facet normal 1 0 0
		outer loop
			vertex -1025 -4077.5 9.053868765818152e-13
			vertex -1025 -4280 9.50350909079134e-13
			vertex -1025 -4280 -379.99999999999903
		endloop
	endfacet
	facet normal 1 0 0
		outer loop
			vertex -1025 -4077.5 9.053868765818152e-13
			vertex -1025 -4280 -379.99999999999903
			vertex -1025 -4077.5 -379.9999999999991
		endloop
	endfacet
	facet normal 0 2.807082412879408e-16 1
		outer loop
			vertex -1025 -4077.5 -379.9999999999991
			vertex -1025 -4280 -379.99999999999903
			vertex -935 -4280 -379.99999999999903
		endloop
	endfacet
	facet normal 0 2.807082412879408e-16 1
		outer loop
			vertex -935 -4077.5 -379.9999999999991
			vertex -1025 -4077.5 -379.9999999999991
			vertex -935 -4280 -379.99999999999903
		endloop
	endfacet
	facet normal 0 -2.220446049250313e-16 -1
		outer loop
			vertex -1502.5 4020 -8.926193117986259e-13
			vertex -1085 4280 -9.50350909079134e-13
			vertex -1085 4020 -8.926193117986259e-13
		endloop
	endfacet
	facet normal 0 -2.220446049250313e-16 -1
		outer loop
			vertex -1502.5 4020 -8.926193117986259e-13
			vertex -1502.5 4280 -9.50350909079134e-13
			vertex -1085 4280 -9.50350909079134e-13
		endloop
	endfacet
	facet normal 0 -1 0
		outer loop
			vertex -1502.5 4280 -380.00000000000097
			vertex -1085 4280 -9.50350909079134e-13
			vertex -1502.5 4280 -9.50350909079134e-13
		endloop
	endfacet
	facet normal 0 -1 0
		outer loop
			vertex -1502.5 4280 -380.00000000000097
			vertex -1085 4280 -380.00000000000097
			vertex -1085 4280 -9.50350909079134e-13
		endloop
	endfacet
	facet normal 1 0 0
		outer loop
			vertex -1502.5 4280 -9.50350909079134e-13
			vertex -1502.5 4020 -8.926193117986259e-13
			vertex -1502.5 4020 -380.0000000000009
		endloop
	endfacet
	facet normal 1 0 0
		outer loop
			vertex -1502.5 4280 -9.50350909079134e-13
			vertex -1502.5 4020 -380.0000000000009
			vertex -1502.5 4280 -380.00000000000097
		endloop
	endfacet
	facet normal 0 1 0
		outer loop
			vertex -1085 4020 -8.926193117986259e-13
			vertex -1502.5 4020 -380.0000000000009
			vertex -1502.5 4020 -8.926193117986259e-13
		endloop
	endfacet
	facet normal 0 1 0
		outer loop
			vertex -1085 4020 -8.926193117986259e-13
			vertex -1085 4020 -380.0000000000009
			vertex -1502.5 4020 -380.0000000000009
		endloop
	endfacet
	facet normal -1 0 0
		outer loop
			vertex -1085 4280 -9.50350909079134e-13
			vertex -1085 4020 -380.0000000000009
			vertex -1085 4020 -8.926193117986259e-13
		endloop
	endfacet
	facet normal -1 0 0
		outer loop
			vertex -1085 4280 -9.50350909079134e-13
			vertex -1085 4280 -380.00000000000097
			vertex -1085 4020 -380.0000000000009
		endloop
	endfacet
	facet normal 0 2.1862853408003084e-16 1
		outer loop
			vertex -1502.5 4020 -380.0000000000009
			vertex -1085 4020 -380.0000000000009
			vertex -1085 4280 -380.00000000000097
		endloop
	endfacet
	facet normal 0 2.1862853408003084e-16 1
		outer loop
			vertex -1502.5 4020 -380.0000000000009
			vertex -1085 4280 -380.00000000000097
			vertex -1502.5 4280 -380.00000000000097
		endloop
	endfacet
	facet normal 0 -2.220446049250313e-16 -1
		outer loop
			vertex -955 4020 -8.926193117986259e-13
			vertex -497.5 4280 -9.50350909079134e-13
			vertex -497.5 4020 -8.926193117986259e-13
		endloop
	endfacet
	facet normal 0 -2.220446049250313e-16 -1
		outer loop
			vertex -955 4020 -8.926193117986259e-13
			vertex -955 4280 -9.50350909079134e-13
			vertex -497.5 4280 -9.50350909079134e-13
		endloop
	endfacet
	facet normal 0 -1 0
		outer loop
			vertex -955 4280 -9.50350909079134e-13
			vertex -497.5 4280 -380.00000000000097
			vertex -497.5 4280 -9.50350909079134e-13
		endloop
	endfacet
	facet normal 0 -1 0
		outer loop
			vertex -955 4280 -380.00000000000097
			vertex -497.5 4280 -380.00000000000097
			vertex -955 4280 -9.50350909079134e-13
		endloop
	endfacet
	facet normal 1 0 0
		outer loop
			vertex -955 4020 -380.0000000000009
			vertex -955 4280 -9.50350909079134e-13
			vertex -955 4020 -8.926193117986259e-13
		endloop
	endfacet
	facet normal 1 0 0
		outer loop
			vertex -955 4020 -380.0000000000009
			vertex -955 4280 -380.00000000000097
			vertex -955 4280 -9.50350909079134e-13
		endloop
	endfacet
	facet normal 0 1 0
		outer loop
			vertex -497.5 4020 -380.0000000000009
			vertex -955 4020 -380.0000000000009
			vertex -955 4020 -8.926193117986259e-13
		endloop
	endfacet
	facet normal 0 1 0
		outer loop
			vertex -497.5 4020 -8.926193117986259e-13
			vertex -497.5 4020 -380.0000000000009
			vertex -955 4020 -8.926193117986259e-13
		endloop
	endfacet
	facet normal -1 0 0
		outer loop
			vertex -497.5 4020 -380.0000000000009
			vertex -497.5 4280 -9.50350909079134e-13
			vertex -497.5 4280 -380.00000000000097
		endloop
	endfacet
	facet normal -1 0 0
		outer loop
			vertex -497.5 4020 -380.0000000000009
			vertex -497.5 4020 -8.926193117986259e-13
			vertex -497.5 4280 -9.50350909079134e-13
		endloop
	endfacet
	facet normal 0 2.1862853408003084e-16 1
		outer loop
			vertex -955 4020 -380.0000000000009
			vertex -497.5 4020 -380.0000000000009
			vertex -497.5 4280 -380.00000000000097
		endloop
	endfacet
	facet normal 0 2.1862853408003084e-16 1
		outer loop
			vertex -955 4020 -380.0000000000009
			vertex -497.5 4280 -380.00000000000097
			vertex -955 4280 -380.00000000000097
		endloop
	endfacet
	facet normal 0 -2.220446049250313e-16 -1
		outer loop
			vertex -975 4077.5 -9.053868765818152e-13
			vertex -1065 4280 -9.50350909079134e-13
			vertex -975 4280 -9.50350909079134e-13
		endloop
	endfacet
	facet normal 0 -2.220446049250313e-16 -1
		outer loop
			vertex -1065 4077.5 -9.053868765818152e-13
			vertex -1065 4280 -9.50350909079134e-13
			vertex -975 4077.5 -9.053868765818152e-13
		endloop
	endfacet
	facet normal 0 -1 0
		outer loop
			vertex -1065 4280 -380.00000000000097
			vertex -975 4280 -9.50350909079134e-13
			vertex -1065 4280 -9.50350909079134e-13
		endloop
	endfacet
	facet normal 0 -1 0
		outer loop
			vertex -1065 4280 -380.00000000000097
			vertex -975 4280 -380.00000000000097
			vertex -975 4280 -9.50350909079134e-13
		endloop
	endfacet
	facet normal 1 0 0
		outer loop
			vertex -1065 4280 -9.50350909079134e-13
			vertex -1065 4077.5 -9.053868765818152e-13
			vertex -1065 4077.5 -380.0000000000009
		endloop
	endfacet
	facet normal 1 0 0
		outer loop
			vertex -1065 4280 -9.50350909079134e-13
			vertex -1065 4077.5 -380.0000000000009
			vertex -1065 4280 -380.00000000000097
		endloop
	endfacet
	facet normal 0 1 0
		outer loop
			vertex -975 4077.5 -9.053868765818152e-13
			vertex -1065 4077.5 -380.0000000000009
			vertex -1065 4077.5 -9.053868765818152e-13
		endloop
	endfacet
	facet normal 0 1 0
		outer loop
			vertex -975 4077.5 -9.053868765818152e-13
			vertex -975 4077.5 -380.0000000000009
			vertex -1065 4077.5 -380.0000000000009
		endloop
	endfacet
	facet normal -1 0 0
		outer loop
			vertex -975 4077.5 -380.0000000000009
			vertex -975 4280 -9.50350909079134e-13
			vertex -975 4280 -380.00000000000097
		endloop
	endfacet
	facet normal -1 0 0
		outer loop
			vertex -975 4077.5 -380.0000000000009
			vertex -975 4077.5 -9.053868765818152e-13
			vertex -975 4280 -9.50350909079134e-13
		endloop
	endfacet
	facet normal 0 2.807082412879408e-16 1
		outer loop
			vertex -975 4077.5 -380.0000000000009
			vertex -975 4280 -380.00000000000097
			vertex -1065 4280 -380.00000000000097
		endloop
	endfacet
	facet normal 0 2.807082412879408e-16 1
		outer loop
			vertex -1065 4077.5 -380.0000000000009
			vertex -975 4077.5 -380.0000000000009
			vertex -1065 4280 -380.00000000000097
		endloop
	endfacet
	facet normal 0 -2.220446049250313e-16 -1
		outer loop
			vertex -6280 2497.5 -5.545564008002657e-13
			vertex -6020 2915 -6.472600233564663e-13
			vertex -6020 2497.5 -5.545564008002657e-13
		endloop
	endfacet
	facet normal 0 -2.220446049250313e-16 -1
		outer loop
			vertex -6280 2497.5 -5.545564008002657e-13
			vertex -6280 2915 -6.472600233564663e-13
			vertex -6020 2915 -6.472600233564663e-13
		endloop
	endfacet
	facet normal 1 0 0
		outer loop
			vertex -6280 2497.5 -380.00000000000057
			vertex -6280 2915 -6.472600233564663e-13
			vertex -6280 2497.5 -5.545564008002657e-13
		endloop
	endfacet
	facet normal 1 0 0
		outer loop
			vertex -6280 2497.5 -380.00000000000057
			vertex -6280 2915 -380.0000000000006
			vertex -6280 2915 -6.472600233564663e-13
		endloop
	endfacet
	facet normal 0 1 0
		outer loop
			vertex -6280 2497.5 -380.00000000000057
			vertex -6020 2497.5 -5.545564008002657e-13
			vertex -6020 2497.5 -380.00000000000057
		endloop
	endfacet
	facet normal 0 1 0
		outer loop
			vertex -6280 2497.5 -380.00000000000057
			vertex -6280 2497.5 -5.545564008002657e-13
			vertex -6020 2497.5 -5.545564008002657e-13
		endloop
	endfacet
	facet normal -1 0 0
		outer loop
			vertex -6020 2915 -6.472600233564663e-13
			vertex -6020 2497.5 -380.00000000000057
			vertex -6020 2497.5 -5.545564008002657e-13
		endloop
	endfacet
	facet normal -1 0 0
		outer loop
			vertex -6020 2915 -6.472600233564663e-13
			vertex -6020 2915 -380.0000000000006
			vertex -6020 2497.5 -380.00000000000057
		endloop
	endfacet
	facet normal 0 -1 0
		outer loop
			vertex -6280 2915 -380.0000000000006
			vertex -6020 2915 -6.472600233564663e-13
			vertex -6280 2915 -6.472600233564663e-13
		endloop
	endfacet
	facet normal 0 -1 0
		outer loop
			vertex -6280 2915 -380.0000000000006
			vertex -6020 2915 -380.0000000000006
			vertex -6020 2915 -6.472600233564663e-13
		endloop
	endfacet
	facet normal 0 1.361519014630132e-16 1
		outer loop
			vertex -6020 2497.5 -380.00000000000057
			vertex -6020 2915 -380.0000000000006
			vertex -6280 2915 -380.0000000000006
		endloop
	endfacet
	facet normal 0 1.361519014630132e-16 1
		outer loop
			vertex -6020 2497.5 -380.00000000000057
			vertex -6280 2915 -380.0000000000006
			vertex -6280 2497.5 -380.00000000000057
		endloop
	endfacet
	facet normal 0 -2.220446049250313e-16 -1
		outer loop
			vertex -6280 3045 -6.761258219967203e-13
			vertex -6020 3502.5 -7.777112287499222e-13
			vertex -6020 3045 -6.761258219967203e-13
		endloop
	endfacet
	facet normal 0 -2.220446049250313e-16 -1
		outer loop
			vertex -6280 3045 -6.761258219967203e-13
			vertex -6280 3502.5 -7.777112287499222e-13
			vertex -6020 3502.5 -7.777112287499222e-13
		endloop
	endfacet
	facet normal 1 0 0
		outer loop
			vertex -6280 3045 -6.761258219967203e-13
			vertex -6280 3502.5 -380.0000000000008
			vertex -6280 3502.5 -7.777112287499222e-13
		endloop
	endfacet
	facet normal 1 0 0
		outer loop
			vertex -6280 3045 -380.0000000000007
			vertex -6280 3502.5 -380.0000000000008
			vertex -6280 3045 -6.761258219967203e-13
		endloop
	endfacet
	facet normal 0 1 0
		outer loop
			vertex -6020 3045 -6.761258219967203e-13
			vertex -6280 3045 -380.0000000000007
			vertex -6280 3045 -6.761258219967203e-13
		endloop
	endfacet
	facet normal 0 1 0
		outer loop
			vertex -6020 3045 -6.761258219967203e-13
			vertex -6020 3045 -380.0000000000007
			vertex -6280 3045 -380.0000000000007
		endloop
	endfacet
	facet normal -1 0 0
		outer loop
			vertex -6020 3502.5 -380.0000000000008
			vertex -6020 3045 -380.0000000000007
			vertex -6020 3045 -6.761258219967203e-13
		endloop
	endfacet
	facet normal -1 0 0
		outer loop
			vertex -6020 3502.5 -7.777112287499222e-13
			vertex -6020 3502.5 -380.0000000000008
			vertex -6020 3045 -6.761258219967203e-13
		endloop
	endfacet
	facet normal 0 -1 0
		outer loop
			vertex -6020 3502.5 -7.777112287499222e-13
			vertex -6280 3502.5 -7.777112287499222e-13
			vertex -6280 3502.5 -380.0000000000008
		endloop
	endfacet
	facet normal 0 -1 0
		outer loop
			vertex -6020 3502.5 -7.777112287499222e-13
			vertex -6280 3502.5 -380.0000000000008
			vertex -6020 3502.5 -380.0000000000008
		endloop
	endfacet
	facet normal 0 2.4849582015653777e-16 1
		outer loop
			vertex -6020 3045 -380.0000000000007
			vertex -6020 3502.5 -380.0000000000008
			vertex -6280 3502.5 -380.0000000000008
		endloop
	endfacet
	facet normal 0 2.4849582015653777e-16 1
		outer loop
			vertex -6020 3045 -380.0000000000007
			vertex -6280 3502.5 -380.0000000000008
			vertex -6280 3045 -380.0000000000007
		endloop
	endfacet
	facet normal 0 -2.220446049250313e-16 -1
		outer loop
			vertex -6280 3025 -6.716849298982197e-13
			vertex -6077.5 3025 -6.716849298982197e-13
			vertex -6077.5 2935 -6.517009154549669e-13
		endloop
	endfacet
	facet normal 0 -2.220446049250313e-16 -1
		outer loop
			vertex -6280 2935 -6.517009154549669e-13
			vertex -6280 3025 -6.716849298982197e-13
			vertex -6077.5 2935 -6.517009154549669e-13
		endloop
	endfacet
	facet normal 1 0 0
		outer loop
			vertex -6280 2935 -380.0000000000006
			vertex -6280 3025 -6.716849298982197e-13
			vertex -6280 2935 -6.517009154549669e-13
		endloop
	endfacet
	facet normal 1 0 0
		outer loop
			vertex -6280 2935 -380.0000000000006
			vertex -6280 3025 -380.0000000000007
			vertex -6280 3025 -6.716849298982197e-13
		endloop
	endfacet
	facet normal 0 1 0
		outer loop
			vertex -6280 2935 -380.0000000000006
			vertex -6077.5 2935 -6.517009154549669e-13
			vertex -6077.5 2935 -380.0000000000006
		endloop
	endfacet
	facet normal 0 1 0
		outer loop
			vertex -6280 2935 -380.0000000000006
			vertex -6280 2935 -6.517009154549669e-13
			vertex -6077.5 2935 -6.517009154549669e-13
		endloop
	endfacet
	facet normal -1 0 0
		outer loop
			vertex -6077.5 3025 -6.716849298982197e-13
			vertex -6077.5 2935 -380.0000000000006
			vertex -6077.5 2935 -6.517009154549669e-13
		endloop
	endfacet
	facet normal -1 0 0
		outer loop
			vertex -6077.5 3025 -6.716849298982197e-13
			vertex -6077.5 3025 -380.0000000000007
			vertex -6077.5 2935 -380.0000000000006
		endloop
	endfacet
	facet normal 0 -1 0
		outer loop
			vertex -6077.5 3025 -6.716849298982197e-13
			vertex -6280 3025 -6.716849298982197e-13
			vertex -6280 3025 -380.0000000000007
		endloop
	endfacet
	facet normal 0 -1 0
		outer loop
			vertex -6077.5 3025 -6.716849298982197e-13
			vertex -6280 3025 -380.0000000000007
			vertex -6077.5 3025 -380.0000000000007
		endloop
	endfacet
	facet normal 0 6.315935428978669e-16 1
		outer loop
			vertex -6077.5 3025 -380.0000000000007
			vertex -6280 3025 -380.0000000000007
			vertex -6280 2935 -380.0000000000006
		endloop
	endfacet
	facet normal 0 6.315935428978669e-16 1
		outer loop
			vertex -6077.5 2935 -380.0000000000006
			vertex -6077.5 3025 -380.0000000000007
			vertex -6280 2935 -380.0000000000006
		endloop
	endfacet
	facet normal 0 -2.220446049250313e-16 -1
		outer loop
			vertex -2915 -4280 9.50350909079134e-13
			vertex -2497.5 -4020 8.926193117986259e-13
			vertex -2497.5 -4280 9.50350909079134e-13
		endloop
	endfacet
	facet normal 0 -2.220446049250313e-16 -1
		outer loop
			vertex -2915 -4280 9.50350909079134e-13
			vertex -2915 -4020 8.926193117986259e-13
			vertex -2497.5 -4020 8.926193117986259e-13
		endloop
	endfacet
	facet normal 0 1 0
		outer loop
			vertex -2497.5 -4280 9.50350909079134e-13
			vertex -2915 -4280 -379.99999999999903
			vertex -2915 -4280 9.50350909079134e-13
		endloop
	endfacet
	facet normal 0 1 0
		outer loop
			vertex -2497.5 -4280 9.50350909079134e-13
			vertex -2497.5 -4280 -379.99999999999903
			vertex -2915 -4280 -379.99999999999903
		endloop
	endfacet
	facet normal -1 0 0
		outer loop
			vertex -2497.5 -4280 -379.99999999999903
			vertex -2497.5 -4020 8.926193117986259e-13
			vertex -2497.5 -4020 -379.9999999999991
		endloop
	endfacet
	facet normal -1 0 0
		outer loop
			vertex -2497.5 -4280 -379.99999999999903
			vertex -2497.5 -4280 9.50350909079134e-13
			vertex -2497.5 -4020 8.926193117986259e-13
		endloop
	endfacet
	facet normal 0 -1 0
		outer loop
			vertex -2915 -4020 -379.9999999999991
			vertex -2497.5 -4020 8.926193117986259e-13
			vertex -2915 -4020 8.926193117986259e-13
		endloop
	endfacet
	facet normal 0 -1 0
		outer loop
			vertex -2915 -4020 -379.9999999999991
			vertex -2497.5 -4020 -379.9999999999991
			vertex -2497.5 -4020 8.926193117986259e-13
		endloop
	endfacet
	facet normal 1 0 0
		outer loop
			vertex -2915 -4280 -379.99999999999903
			vertex -2915 -4020 8.926193117986259e-13
			vertex -2915 -4280 9.50350909079134e-13
		endloop
	endfacet
	facet normal 1 0 0
		outer loop
			vertex -2915 -4280 -379.99999999999903
			vertex -2915 -4020 -379.9999999999991
			vertex -2915 -4020 8.926193117986259e-13
		endloop
	endfacet
	facet normal 0 2.1862853408003084e-16 1
		outer loop
			vertex -2497.5 -4020 -379.9999999999991
			vertex -2915 -4020 -379.9999999999991
			vertex -2915 -4280 -379.99999999999903
		endloop
	endfacet
	facet normal 0 2.1862853408003084e-16 1
		outer loop
			vertex -2497.5 -4020 -379.9999999999991
			vertex -2915 -4280 -379.99999999999903
			vertex -2497.5 -4280 -379.99999999999903
		endloop
	endfacet
	facet normal 0 -2.220446049250313e-16 -1
		outer loop
			vertex -3502.5 -4280 9.50350909079134e-13
			vertex -3045 -4020 8.926193117986259e-13
			vertex -3045 -4280 9.50350909079134e-13
		endloop
	endfacet
	facet normal 0 -2.220446049250313e-16 -1
		outer loop
			vertex -3502.5 -4280 9.50350909079134e-13
			vertex -3502.5 -4020 8.926193117986259e-13
			vertex -3045 -4020 8.926193117986259e-13
		endloop
	endfacet
	facet normal 0 1 0
		outer loop
			vertex -3045 -4280 -379.99999999999903
			vertex -3502.5 -4280 -379.99999999999903
			vertex -3502.5 -4280 9.50350909079134e-13
		endloop
	endfacet
	facet normal 0 1 0
		outer loop
			vertex -3045 -4280 9.50350909079134e-13
			vertex -3045 -4280 -379.99999999999903
			vertex -3502.5 -4280 9.50350909079134e-13
		endloop
	endfacet
	facet normal -1 0 0
		outer loop
			vertex -3045 -4020 8.926193117986259e-13
			vertex -3045 -4280 -379.99999999999903
			vertex -3045 -4280 9.50350909079134e-13
		endloop
	endfacet
	facet normal -1 0 0
		outer loop
			vertex -3045 -4020 8.926193117986259e-13
			vertex -3045 -4020 -379.9999999999991
			vertex -3045 -4280 -379.99999999999903
		endloop
	endfacet
	facet normal 0 -1 0
		outer loop
			vertex -3502.5 -4020 8.926193117986259e-13
			vertex -3045 -4020 -379.9999999999991
			vertex -3045 -4020 8.926193117986259e-13
		endloop
	endfacet
	facet normal 0 -1 0
		outer loop
			vertex -3502.5 -4020 -379.9999999999991
			vertex -3045 -4020 -379.9999999999991
			vertex -3502.5 -4020 8.926193117986259e-13
		endloop
	endfacet
	facet normal 1 0 0
		outer loop
			vertex -3502.5 -4020 8.926193117986259e-13
			vertex -3502.5 -4280 9.50350909079134e-13
			vertex -3502.5 -4280 -379.99999999999903
		endloop
	endfacet
	facet normal 1 0 0
		outer loop
			vertex -3502.5 -4020 8.926193117986259e-13
			vertex -3502.5 -4280 -379.99999999999903
			vertex -3502.5 -4020 -379.9999999999991
		endloop
	endfacet
	facet normal 0 2.1862853408003084e-16 1
		outer loop
			vertex -3045 -4020 -379.9999999999991
			vertex -3502.5 -4020 -379.9999999999991
			vertex -3502.5 -4280 -379.99999999999903
		endloop
	endfacet
	facet normal 0 2.1862853408003084e-16 1
		outer loop
			vertex -3045 -4020 -379.9999999999991
			vertex -3502.5 -4280 -379.99999999999903
			vertex -3045 -4280 -379.99999999999903
		endloop
	endfacet
	facet normal 0 -2.220446049250313e-16 -1
		outer loop
			vertex -2935 -4280 9.50350909079134e-13
			vertex -3025 -4077.5 9.053868765818152e-13
			vertex -2935 -4077.5 9.053868765818152e-13
		endloop
	endfacet
	facet normal 0 -2.220446049250313e-16 -1
		outer loop
			vertex -3025 -4280 9.50350909079134e-13
			vertex -3025 -4077.5 9.053868765818152e-13
			vertex -2935 -4280 9.50350909079134e-13
		endloop
	endfacet
	facet normal 0 1 0
		outer loop
			vertex -2935 -4280 9.50350909079134e-13
			vertex -3025 -4280 -379.99999999999903
			vertex -3025 -4280 9.50350909079134e-13
		endloop
	endfacet
	facet normal 0 1 0
		outer loop
			vertex -2935 -4280 9.50350909079134e-13
			vertex -2935 -4280 -379.99999999999903
			vertex -3025 -4280 -379.99999999999903
		endloop
	endfacet
	facet normal -1 0 0
		outer loop
			vertex -2935 -4280 -379.99999999999903
			vertex -2935 -4077.5 9.053868765818152e-13
			vertex -2935 -4077.5 -379.9999999999991
		endloop
	endfacet
	facet normal -1 0 0
		outer loop
			vertex -2935 -4280 -379.99999999999903
			vertex -2935 -4280 9.50350909079134e-13
			vertex -2935 -4077.5 9.053868765818152e-13
		endloop
	endfacet
	facet normal 0 -1 0
		outer loop
			vertex -3025 -4077.5 -379.9999999999991
			vertex -2935 -4077.5 9.053868765818152e-13
			vertex -3025 -4077.5 9.053868765818152e-13
		endloop
	endfacet
	facet normal 0 -1 0
		outer loop
			vertex -3025 -4077.5 -379.9999999999991
			vertex -2935 -4077.5 -379.9999999999991
			vertex -2935 -4077.5 9.053868765818152e-13
		endloop
	endfacet
	facet normal 1 0 0
		outer loop
			vertex -3025 -4077.5 9.053868765818152e-13
			vertex -3025 -4280 9.50350909079134e-13
			vertex -3025 -4280 -379.99999999999903
		endloop
	endfacet
	facet normal 1 0 0
		outer loop
			vertex -3025 -4077.5 9.053868765818152e-13
			vertex -3025 -4280 -379.99999999999903
			vertex -3025 -4077.5 -379.9999999999991
		endloop
	endfacet
	facet normal 0 2.807082412879408e-16 1
		outer loop
			vertex -3025 -4077.5 -379.9999999999991
			vertex -3025 -4280 -379.99999999999903
			vertex -2935 -4280 -379.99999999999903
		endloop
	endfacet
	facet normal 0 2.807082412879408e-16 1
		outer loop
			vertex -2935 -4077.5 -379.9999999999991
			vertex -3025 -4077.5 -379.9999999999991
			vertex -2935 -4280 -379.99999999999903
		endloop
	endfacet
	facet normal 0 -2.220446049250313e-16 -1
		outer loop
			vertex -4915 -4280 9.50350909079134e-13
			vertex -4497.5 -4020 8.926193117986259e-13
			vertex -4497.5 -4280 9.50350909079134e-13
		endloop
	endfacet
	facet normal 0 -2.220446049250313e-16 -1
		outer loop
			vertex -4915 -4280 9.50350909079134e-13
			vertex -4915 -4020 8.926193117986259e-13
			vertex -4497.5 -4020 8.926193117986259e-13
		endloop
	endfacet
	facet normal 0 1 0
		outer loop
			vertex -4497.5 -4280 9.50350909079134e-13
			vertex -4915 -4280 -379.99999999999903
			vertex -4915 -4280 9.50350909079134e-13
		endloop
	endfacet
	facet normal 0 1 0
		outer loop
			vertex -4497.5 -4280 9.50350909079134e-13
			vertex -4497.5 -4280 -379.99999999999903
			vertex -4915 -4280 -379.99999999999903
		endloop
	endfacet
	facet normal -1 0 0
		outer loop
			vertex -4497.5 -4280 -379.99999999999903
			vertex -4497.5 -4020 8.926193117986259e-13
			vertex -4497.5 -4020 -379.9999999999991
		endloop
	endfacet
	facet normal -1 0 0
		outer loop
			vertex -4497.5 -4280 -379.99999999999903
			vertex -4497.5 -4280 9.50350909079134e-13
			vertex -4497.5 -4020 8.926193117986259e-13
		endloop
	endfacet
	facet normal 0 -1 0
		outer loop
			vertex -4915 -4020 -379.9999999999991
			vertex -4497.5 -4020 8.926193117986259e-13
			vertex -4915 -4020 8.926193117986259e-13
		endloop
	endfacet
	facet normal 0 -1 0
		outer loop
			vertex -4915 -4020 -379.9999999999991
			vertex -4497.5 -4020 -379.9999999999991
			vertex -4497.5 -4020 8.926193117986259e-13
		endloop
	endfacet
	facet normal 1 0 0
		outer loop
			vertex -4915 -4280 -379.99999999999903
			vertex -4915 -4020 8.926193117986259e-13
			vertex -4915 -4280 9.50350909079134e-13
		endloop
	endfacet
	facet normal 1 0 0
		outer loop
			vertex -4915 -4280 -379.99999999999903
			vertex -4915 -4020 -379.9999999999991
			vertex -4915 -4020 8.926193117986259e-13
		endloop
	endfacet
	facet normal 0 2.1862853408003084e-16 1
		outer loop
			vertex -4497.5 -4020 -379.9999999999991
			vertex -4915 -4020 -379.9999999999991
			vertex -4915 -4280 -379.99999999999903
		endloop
	endfacet
	facet normal 0 2.1862853408003084e-16 1
		outer loop
			vertex -4497.5 -4020 -379.9999999999991
			vertex -4915 -4280 -379.99999999999903
			vertex -4497.5 -4280 -379.99999999999903
		endloop
	endfacet
	facet normal 0 -2.220446049250313e-16 -1
		outer loop
			vertex -5502.5 -4280 9.50350909079134e-13
			vertex -5045 -4020 8.926193117986259e-13
			vertex -5045 -4280 9.50350909079134e-13
		endloop
	endfacet
	facet normal 0 -2.220446049250313e-16 -1
		outer loop
			vertex -5502.5 -4280 9.50350909079134e-13
			vertex -5502.5 -4020 8.926193117986259e-13
			vertex -5045 -4020 8.926193117986259e-13
		endloop
	endfacet
	facet normal 0 1 0
		outer loop
			vertex -5045 -4280 -379.99999999999903
			vertex -5502.5 -4280 -379.99999999999903
			vertex -5502.5 -4280 9.50350909079134e-13
		endloop
	endfacet
	facet normal 0 1 0
		outer loop
			vertex -5045 -4280 9.50350909079134e-13
			vertex -5045 -4280 -379.99999999999903
			vertex -5502.5 -4280 9.50350909079134e-13
		endloop
	endfacet
	facet normal -1 0 0
		outer loop
			vertex -5045 -4020 8.926193117986259e-13
			vertex -5045 -4280 -379.99999999999903
			vertex -5045 -4280 9.50350909079134e-13
		endloop
	endfacet
	facet normal -1 0 0
		outer loop
			vertex -5045 -4020 8.926193117986259e-13
			vertex -5045 -4020 -379.9999999999991
			vertex -5045 -4280 -379.99999999999903
		endloop
	endfacet
	facet normal 0 -1 0
		outer loop
			vertex -5502.5 -4020 8.926193117986259e-13
			vertex -5045 -4020 -379.9999999999991
			vertex -5045 -4020 8.926193117986259e-13
		endloop
	endfacet
	facet normal 0 -1 0
		outer loop
			vertex -5502.5 -4020 -379.9999999999991
			vertex -5045 -4020 -379.9999999999991
			vertex -5502.5 -4020 8.926193117986259e-13
		endloop
	endfacet
	facet normal 1 0 0
		outer loop
			vertex -5502.5 -4020 8.926193117986259e-13
			vertex -5502.5 -4280 9.50350909079134e-13
			vertex -5502.5 -4280 -379.99999999999903
		endloop
	endfacet
	facet normal 1 0 0
		outer loop
			vertex -5502.5 -4020 8.926193117986259e-13
			vertex -5502.5 -4280 -379.99999999999903
			vertex -5502.5 -4020 -379.9999999999991
		endloop
	endfacet
	facet normal 0 2.1862853408003084e-16 1
		outer loop
			vertex -5045 -4020 -379.9999999999991
			vertex -5502.5 -4020 -379.9999999999991
			vertex -5502.5 -4280 -379.99999999999903
		endloop
	endfacet
	facet normal 0 2.1862853408003084e-16 1
		outer loop
			vertex -5045 -4020 -379.9999999999991
			vertex -5502.5 -4280 -379.99999999999903
			vertex -5045 -4280 -379.99999999999903
		endloop
	endfacet
	facet normal 0 -2.220446049250313e-16 -1
		outer loop
			vertex -4935 -4280 9.50350909079134e-13
			vertex -5025 -4077.5 9.053868765818152e-13
			vertex -4935 -4077.5 9.053868765818152e-13
		endloop
	endfacet
	facet normal 0 -2.220446049250313e-16 -1
		outer loop
			vertex -5025 -4280 9.50350909079134e-13
			vertex -5025 -4077.5 9.053868765818152e-13
			vertex -4935 -4280 9.50350909079134e-13
		endloop
	endfacet
	facet normal 0 1 0
		outer loop
			vertex -4935 -4280 9.50350909079134e-13
			vertex -5025 -4280 -379.99999999999903
			vertex -5025 -4280 9.50350909079134e-13
		endloop
	endfacet
	facet normal 0 1 0
		outer loop
			vertex -4935 -4280 9.50350909079134e-13
			vertex -4935 -4280 -379.99999999999903
			vertex -5025 -4280 -379.99999999999903
		endloop
	endfacet
	facet normal -1 0 0
		outer loop
			vertex -4935 -4280 -379.99999999999903
			vertex -4935 -4077.5 9.053868765818152e-13
			vertex -4935 -4077.5 -379.9999999999991
		endloop
	endfacet
	facet normal -1 0 0
		outer loop
			vertex -4935 -4280 -379.99999999999903
			vertex -4935 -4280 9.50350909079134e-13
			vertex -4935 -4077.5 9.053868765818152e-13
		endloop
	endfacet
	facet normal 0 -1 0
		outer loop
			vertex -5025 -4077.5 -379.9999999999991
			vertex -4935 -4077.5 9.053868765818152e-13
			vertex -5025 -4077.5 9.053868765818152e-13
		endloop
	endfacet
	facet normal 0 -1 0
		outer loop
			vertex -5025 -4077.5 -379.9999999999991
			vertex -4935 -4077.5 -379.9999999999991
			vertex -4935 -4077.5 9.053868765818152e-13
		endloop
	endfacet
	facet normal 1 0 0
		outer loop
			vertex -5025 -4077.5 9.053868765818152e-13
			vertex -5025 -4280 9.50350909079134e-13
			vertex -5025 -4280 -379.99999999999903
		endloop
	endfacet
	facet normal 1 0 0
		outer loop
			vertex -5025 -4077.5 9.053868765818152e-13
			vertex -5025 -4280 -379.99999999999903
			vertex -5025 -4077.5 -379.9999999999991
		endloop
	endfacet
	facet normal 0 2.807082412879408e-16 1
		outer loop
			vertex -5025 -4077.5 -379.9999999999991
			vertex -5025 -4280 -379.99999999999903
			vertex -4935 -4280 -379.99999999999903
		endloop
	endfacet
	facet normal 0 2.807082412879408e-16 1
		outer loop
			vertex -4935 -4077.5 -379.9999999999991
			vertex -5025 -4077.5 -379.9999999999991
			vertex -4935 -4280 -379.99999999999903
		endloop
	endfacet
	facet normal 0 -2.220446049250313e-16 -1
		outer loop
			vertex 1085 -4280 9.50350909079134e-13
			vertex 1502.5 -4020 8.926193117986259e-13
			vertex 1502.5 -4280 9.50350909079134e-13
		endloop
	endfacet
	facet normal 0 -2.220446049250313e-16 -1
		outer loop
			vertex 1085 -4280 9.50350909079134e-13
			vertex 1085 -4020 8.926193117986259e-13
			vertex 1502.5 -4020 8.926193117986259e-13
		endloop
	endfacet
	facet normal 0 1 0
		outer loop
			vertex 1502.5 -4280 9.50350909079134e-13
			vertex 1085 -4280 -379.99999999999903
			vertex 1085 -4280 9.50350909079134e-13
		endloop
	endfacet
	facet normal 0 1 0
		outer loop
			vertex 1502.5 -4280 9.50350909079134e-13
			vertex 1502.5 -4280 -379.99999999999903
			vertex 1085 -4280 -379.99999999999903
		endloop
	endfacet
	facet normal -1 0 0
		outer loop
			vertex 1502.5 -4280 -379.99999999999903
			vertex 1502.5 -4020 8.926193117986259e-13
			vertex 1502.5 -4020 -379.9999999999991
		endloop
	endfacet
	facet normal -1 0 0
		outer loop
			vertex 1502.5 -4280 -379.99999999999903
			vertex 1502.5 -4280 9.50350909079134e-13
			vertex 1502.5 -4020 8.926193117986259e-13
		endloop
	endfacet
	facet normal 0 -1 0
		outer loop
			vertex 1085 -4020 -379.9999999999991
			vertex 1502.5 -4020 8.926193117986259e-13
			vertex 1085 -4020 8.926193117986259e-13
		endloop
	endfacet
	facet normal 0 -1 0
		outer loop
			vertex 1085 -4020 -379.9999999999991
			vertex 1502.5 -4020 -379.9999999999991
			vertex 1502.5 -4020 8.926193117986259e-13
		endloop
	endfacet
	facet normal 1 0 0
		outer loop
			vertex 1085 -4280 -379.99999999999903
			vertex 1085 -4020 8.926193117986259e-13
			vertex 1085 -4280 9.50350909079134e-13
		endloop
	endfacet
	facet normal 1 0 0
		outer loop
			vertex 1085 -4280 -379.99999999999903
			vertex 1085 -4020 -379.9999999999991
			vertex 1085 -4020 8.926193117986259e-13
		endloop
	endfacet
	facet normal 0 2.1862853408003084e-16 1
		outer loop
			vertex 1502.5 -4020 -379.9999999999991
			vertex 1085 -4020 -379.9999999999991
			vertex 1085 -4280 -379.99999999999903
		endloop
	endfacet
	facet normal 0 2.1862853408003084e-16 1
		outer loop
			vertex 1502.5 -4020 -379.9999999999991
			vertex 1085 -4280 -379.99999999999903
			vertex 1502.5 -4280 -379.99999999999903
		endloop
	endfacet
	facet normal 0 -2.220446049250313e-16 -1
		outer loop
			vertex 497.5 -4280 9.50350909079134e-13
			vertex 955 -4020 8.926193117986259e-13
			vertex 955 -4280 9.50350909079134e-13
		endloop
	endfacet
	facet normal 0 -2.220446049250313e-16 -1
		outer loop
			vertex 497.5 -4280 9.50350909079134e-13
			vertex 497.5 -4020 8.926193117986259e-13
			vertex 955 -4020 8.926193117986259e-13
		endloop
	endfacet
	facet normal 0 1 0
		outer loop
			vertex 955 -4280 -379.99999999999903
			vertex 497.5 -4280 -379.99999999999903
			vertex 497.5 -4280 9.50350909079134e-13
		endloop
	endfacet
	facet normal 0 1 0
		outer loop
			vertex 955 -4280 9.50350909079134e-13
			vertex 955 -4280 -379.99999999999903
			vertex 497.5 -4280 9.50350909079134e-13
		endloop
	endfacet
	facet normal -1 0 0
		outer loop
			vertex 955 -4020 8.926193117986259e-13
			vertex 955 -4280 -379.99999999999903
			vertex 955 -4280 9.50350909079134e-13
		endloop
	endfacet
	facet normal -1 0 0
		outer loop
			vertex 955 -4020 8.926193117986259e-13
			vertex 955 -4020 -379.9999999999991
			vertex 955 -4280 -379.99999999999903
		endloop
	endfacet
	facet normal 0 -1 0
		outer loop
			vertex 497.5 -4020 8.926193117986259e-13
			vertex 955 -4020 -379.9999999999991
			vertex 955 -4020 8.926193117986259e-13
		endloop
	endfacet
	facet normal 0 -1 0
		outer loop
			vertex 497.5 -4020 -379.9999999999991
			vertex 955 -4020 -379.9999999999991
			vertex 497.5 -4020 8.926193117986259e-13
		endloop
	endfacet
	facet normal 1 0 0
		outer loop
			vertex 497.5 -4020 8.926193117986259e-13
			vertex 497.5 -4280 9.50350909079134e-13
			vertex 497.5 -4280 -379.99999999999903
		endloop
	endfacet
	facet normal 1 0 0
		outer loop
			vertex 497.5 -4020 8.926193117986259e-13
			vertex 497.5 -4280 -379.99999999999903
			vertex 497.5 -4020 -379.9999999999991
		endloop
	endfacet
	facet normal 0 2.1862853408003084e-16 1
		outer loop
			vertex 955 -4020 -379.9999999999991
			vertex 497.5 -4020 -379.9999999999991
			vertex 497.5 -4280 -379.99999999999903
		endloop
	endfacet
	facet normal 0 2.1862853408003084e-16 1
		outer loop
			vertex 955 -4020 -379.9999999999991
			vertex 497.5 -4280 -379.99999999999903
			vertex 955 -4280 -379.99999999999903
		endloop
	endfacet
	facet normal 0 -2.220446049250313e-16 -1
		outer loop
			vertex 1065 -4280 9.50350909079134e-13
			vertex 975 -4077.5 9.053868765818152e-13
			vertex 1065 -4077.5 9.053868765818152e-13
		endloop
	endfacet
	facet normal 0 -2.220446049250313e-16 -1
		outer loop
			vertex 975 -4280 9.50350909079134e-13
			vertex 975 -4077.5 9.053868765818152e-13
			vertex 1065 -4280 9.50350909079134e-13
		endloop
	endfacet
	facet normal 0 1 0
		outer loop
			vertex 1065 -4280 9.50350909079134e-13
			vertex 975 -4280 -379.99999999999903
			vertex 975 -4280 9.50350909079134e-13
		endloop
	endfacet
	facet normal 0 1 0
		outer loop
			vertex 1065 -4280 9.50350909079134e-13
			vertex 1065 -4280 -379.99999999999903
			vertex 975 -4280 -379.99999999999903
		endloop
	endfacet
	facet normal -1 0 0
		outer loop
			vertex 1065 -4280 -379.99999999999903
			vertex 1065 -4077.5 9.053868765818152e-13
			vertex 1065 -4077.5 -379.9999999999991
		endloop
	endfacet
	facet normal -1 0 0
		outer loop
			vertex 1065 -4280 -379.99999999999903
			vertex 1065 -4280 9.50350909079134e-13
			vertex 1065 -4077.5 9.053868765818152e-13
		endloop
	endfacet
	facet normal 0 -1 0
		outer loop
			vertex 975 -4077.5 -379.9999999999991
			vertex 1065 -4077.5 9.053868765818152e-13
			vertex 975 -4077.5 9.053868765818152e-13
		endloop
	endfacet
	facet normal 0 -1 0
		outer loop
			vertex 975 -4077.5 -379.9999999999991
			vertex 1065 -4077.5 -379.9999999999991
			vertex 1065 -4077.5 9.053868765818152e-13
		endloop
	endfacet
	facet normal 1 0 0
		outer loop
			vertex 975 -4077.5 9.053868765818152e-13
			vertex 975 -4280 9.50350909079134e-13
			vertex 975 -4280 -379.99999999999903
		endloop
	endfacet
	facet normal 1 0 0
		outer loop
			vertex 975 -4077.5 9.053868765818152e-13
			vertex 975 -4280 -379.99999999999903
			vertex 975 -4077.5 -379.9999999999991
		endloop
	endfacet
	facet normal 0 2.807082412879408e-16 1
		outer loop
			vertex 975 -4077.5 -379.9999999999991
			vertex 975 -4280 -379.99999999999903
			vertex 1065 -4280 -379.99999999999903
		endloop
	endfacet
	facet normal 0 2.807082412879408e-16 1
		outer loop
			vertex 1065 -4077.5 -379.9999999999991
			vertex 975 -4077.5 -379.9999999999991
			vertex 1065 -4280 -379.99999999999903
		endloop
	endfacet
	facet normal 0 -2.220446049250313e-16 -1
		outer loop
			vertex 6020 3085 -6.850076061937216e-13
			vertex 6020 3502.5 -7.777112287499222e-13
			vertex 6280 3502.5 -7.777112287499222e-13
		endloop
	endfacet
	facet normal 0 -2.220446049250313e-16 -1
		outer loop
			vertex 6020 3085 -6.850076061937216e-13
			vertex 6280 3502.5 -7.777112287499222e-13
			vertex 6280 3085 -6.850076061937216e-13
		endloop
	endfacet
	facet normal -1 0 0
		outer loop
			vertex 6280 3502.5 -7.777112287499222e-13
			vertex 6280 3085 -380.0000000000007
			vertex 6280 3085 -6.850076061937216e-13
		endloop
	endfacet
	facet normal -1 0 0
		outer loop
			vertex 6280 3502.5 -7.777112287499222e-13
			vertex 6280 3502.5 -380.0000000000008
			vertex 6280 3085 -380.0000000000007
		endloop
	endfacet
	facet normal 0 -1 0
		outer loop
			vertex 6280 3502.5 -7.777112287499222e-13
			vertex 6020 3502.5 -7.777112287499222e-13
			vertex 6020 3502.5 -380.0000000000008
		endloop
	endfacet
	facet normal 0 -1 0
		outer loop
			vertex 6280 3502.5 -7.777112287499222e-13
			vertex 6020 3502.5 -380.0000000000008
			vertex 6280 3502.5 -380.0000000000008
		endloop
	endfacet
	facet normal 1 0 0
		outer loop
			vertex 6020 3085 -380.0000000000007
			vertex 6020 3502.5 -7.777112287499222e-13
			vertex 6020 3085 -6.850076061937216e-13
		endloop
	endfacet
	facet normal 1 0 0
		outer loop
			vertex 6020 3085 -380.0000000000007
			vertex 6020 3502.5 -380.0000000000008
			vertex 6020 3502.5 -7.777112287499222e-13
		endloop
	endfacet
	facet normal 0 1 0
		outer loop
			vertex 6280 3085 -6.850076061937216e-13
			vertex 6020 3085 -380.0000000000007
			vertex 6020 3085 -6.850076061937216e-13
		endloop
	endfacet
	facet normal 0 1 0
		outer loop
			vertex 6280 3085 -6.850076061937216e-13
			vertex 6280 3085 -380.0000000000007
			vertex 6020 3085 -380.0000000000007
		endloop
	endfacet
	facet normal 0 2.723038029260264e-16 1
		outer loop
			vertex 6020 3502.5 -380.0000000000008
			vertex 6020 3085 -380.0000000000007
			vertex 6280 3085 -380.0000000000007
		endloop
	endfacet
	facet normal 0 2.723038029260264e-16 1
		outer loop
			vertex 6020 3502.5 -380.0000000000008
			vertex 6280 3085 -380.0000000000007
			vertex 6280 3502.5 -380.0000000000008
		endloop
	endfacet
	facet normal 0 -2.220446049250313e-16 -1
		outer loop
			vertex 6020 2497.5 -5.545564008002657e-13
			vertex 6020 2955 -6.561418075534675e-13
			vertex 6280 2955 -6.561418075534675e-13
		endloop
	endfacet
	facet normal 0 -2.220446049250313e-16 -1
		outer loop
			vertex 6020 2497.5 -5.545564008002657e-13
			vertex 6280 2955 -6.561418075534675e-13
			vertex 6280 2497.5 -5.545564008002657e-13
		endloop
	endfacet
	facet normal -1 0 0
		outer loop
			vertex 6280 2955 -380.0000000000007
			vertex 6280 2497.5 -380.00000000000057
			vertex 6280 2497.5 -5.545564008002657e-13
		endloop
	endfacet
	facet normal -1 0 0
		outer loop
			vertex 6280 2955 -6.561418075534675e-13
			vertex 6280 2955 -380.0000000000007
			vertex 6280 2497.5 -5.545564008002657e-13
		endloop
	endfacet
	facet normal 0 -1 0
		outer loop
			vertex 6020 2955 -380.0000000000007
			vertex 6280 2955 -6.561418075534675e-13
			vertex 6020 2955 -6.561418075534675e-13
		endloop
	endfacet
	facet normal 0 -1 0
		outer loop
			vertex 6020 2955 -380.0000000000007
			vertex 6280 2955 -380.0000000000007
			vertex 6280 2955 -6.561418075534675e-13
		endloop
	endfacet
	facet normal 1 0 0
		outer loop
			vertex 6020 2497.5 -5.545564008002657e-13
			vertex 6020 2955 -380.0000000000007
			vertex 6020 2955 -6.561418075534675e-13
		endloop
	endfacet
	facet normal 1 0 0
		outer loop
			vertex 6020 2497.5 -380.00000000000057
			vertex 6020 2955 -380.0000000000007
			vertex 6020 2497.5 -5.545564008002657e-13
		endloop
	endfacet
	facet normal 0 1 0
		outer loop
			vertex 6020 2497.5 -380.00000000000057
			vertex 6280 2497.5 -5.545564008002657e-13
			vertex 6280 2497.5 -380.00000000000057
		endloop
	endfacet
	facet normal 0 1 0
		outer loop
			vertex 6020 2497.5 -380.00000000000057
			vertex 6020 2497.5 -5.545564008002657e-13
			vertex 6280 2497.5 -5.545564008002657e-13
		endloop
	endfacet
	facet normal 0 2.4849582015653777e-16 1
		outer loop
			vertex 6020 2955 -380.0000000000007
			vertex 6020 2497.5 -380.00000000000057
			vertex 6280 2497.5 -380.00000000000057
		endloop
	endfacet
	facet normal 0 2.4849582015653777e-16 1
		outer loop
			vertex 6020 2955 -380.0000000000007
			vertex 6280 2497.5 -380.00000000000057
			vertex 6280 2955 -380.0000000000007
		endloop
	endfacet
	facet normal 0 -2.220446049250313e-16 -1
		outer loop
			vertex 6077.5 3065 -6.80566714095221e-13
			vertex 6280 3065 -6.80566714095221e-13
			vertex 6280 2975 -6.605826996519681e-13
		endloop
	endfacet
	facet normal 0 -2.220446049250313e-16 -1
		outer loop
			vertex 6077.5 2975 -6.605826996519681e-13
			vertex 6077.5 3065 -6.80566714095221e-13
			vertex 6280 2975 -6.605826996519681e-13
		endloop
	endfacet
	facet normal -1 0 0
		outer loop
			vertex 6280 3065 -6.80566714095221e-13
			vertex 6280 2975 -380.0000000000007
			vertex 6280 2975 -6.605826996519681e-13
		endloop
	endfacet
	facet normal -1 0 0
		outer loop
			vertex 6280 3065 -6.80566714095221e-13
			vertex 6280 3065 -380.0000000000007
			vertex 6280 2975 -380.0000000000007
		endloop
	endfacet
	facet normal 0 -1 0
		outer loop
			vertex 6280 3065 -6.80566714095221e-13
			vertex 6077.5 3065 -6.80566714095221e-13
			vertex 6077.5 3065 -380.0000000000007
		endloop
	endfacet
	facet normal 0 -1 0
		outer loop
			vertex 6280 3065 -6.80566714095221e-13
			vertex 6077.5 3065 -380.0000000000007
			vertex 6280 3065 -380.0000000000007
		endloop
	endfacet
	facet normal 1 0 0
		outer loop
			vertex 6077.5 2975 -380.0000000000007
			vertex 6077.5 3065 -6.80566714095221e-13
			vertex 6077.5 2975 -6.605826996519681e-13
		endloop
	endfacet
	facet normal 1 0 0
		outer loop
			vertex 6077.5 2975 -380.0000000000007
			vertex 6077.5 3065 -380.0000000000007
			vertex 6077.5 3065 -6.80566714095221e-13
		endloop
	endfacet
	facet normal 0 1 0
		outer loop
			vertex 6077.5 2975 -380.0000000000007
			vertex 6280 2975 -6.605826996519681e-13
			vertex 6280 2975 -380.0000000000007
		endloop
	endfacet
	facet normal 0 1 0
		outer loop
			vertex 6077.5 2975 -380.0000000000007
			vertex 6077.5 2975 -6.605826996519681e-13
			vertex 6280 2975 -6.605826996519681e-13
		endloop
	endfacet
	facet normal 0 0 1
		outer loop
			vertex 6077.5 2975 -380.0000000000007
			vertex 6280 2975 -380.0000000000007
			vertex 6280 3065 -380.0000000000007
		endloop
	endfacet
	facet normal 0 0 1
		outer loop
			vertex 6077.5 3065 -380.0000000000007
			vertex 6077.5 2975 -380.0000000000007
			vertex 6280 3065 -380.0000000000007
		endloop
	endfacet
	facet normal 0 -2.220446049250313e-16 -1
		outer loop
			vertex 5085 -4280 9.50350909079134e-13
			vertex 5502.5 -4020 8.926193117986259e-13
			vertex 5502.5 -4280 9.50350909079134e-13
		endloop
	endfacet
	facet normal 0 -2.220446049250313e-16 -1
		outer loop
			vertex 5085 -4280 9.50350909079134e-13
			vertex 5085 -4020 8.926193117986259e-13
			vertex 5502.5 -4020 8.926193117986259e-13
		endloop
	endfacet
	facet normal 0 1 0
		outer loop
			vertex 5502.5 -4280 9.50350909079134e-13
			vertex 5085 -4280 -379.99999999999903
			vertex 5085 -4280 9.50350909079134e-13
		endloop
	endfacet
	facet normal 0 1 0
		outer loop
			vertex 5502.5 -4280 9.50350909079134e-13
			vertex 5502.5 -4280 -379.99999999999903
			vertex 5085 -4280 -379.99999999999903
		endloop
	endfacet
	facet normal -1 0 0
		outer loop
			vertex 5502.5 -4280 -379.99999999999903
			vertex 5502.5 -4020 8.926193117986259e-13
			vertex 5502.5 -4020 -379.9999999999991
		endloop
	endfacet
	facet normal -1 0 0
		outer loop
			vertex 5502.5 -4280 -379.99999999999903
			vertex 5502.5 -4280 9.50350909079134e-13
			vertex 5502.5 -4020 8.926193117986259e-13
		endloop
	endfacet
	facet normal 0 -1 0
		outer loop
			vertex 5085 -4020 -379.9999999999991
			vertex 5502.5 -4020 8.926193117986259e-13
			vertex 5085 -4020 8.926193117986259e-13
		endloop
	endfacet
	facet normal 0 -1 0
		outer loop
			vertex 5085 -4020 -379.9999999999991
			vertex 5502.5 -4020 -379.9999999999991
			vertex 5502.5 -4020 8.926193117986259e-13
		endloop
	endfacet
	facet normal 1 0 0
		outer loop
			vertex 5085 -4280 -379.99999999999903
			vertex 5085 -4020 8.926193117986259e-13
			vertex 5085 -4280 9.50350909079134e-13
		endloop
	endfacet
	facet normal 1 0 0
		outer loop
			vertex 5085 -4280 -379.99999999999903
			vertex 5085 -4020 -379.9999999999991
			vertex 5085 -4020 8.926193117986259e-13
		endloop
	endfacet
	facet normal 0 2.1862853408003084e-16 1
		outer loop
			vertex 5502.5 -4020 -379.9999999999991
			vertex 5085 -4020 -379.9999999999991
			vertex 5085 -4280 -379.99999999999903
		endloop
	endfacet
	facet normal 0 2.1862853408003084e-16 1
		outer loop
			vertex 5502.5 -4020 -379.9999999999991
			vertex 5085 -4280 -379.99999999999903
			vertex 5502.5 -4280 -379.99999999999903
		endloop
	endfacet
	facet normal 0 -2.220446049250313e-16 -1
		outer loop
			vertex 4497.5 -4280 9.50350909079134e-13
			vertex 4955 -4020 8.926193117986259e-13
			vertex 4955 -4280 9.50350909079134e-13
		endloop
	endfacet
	facet normal 0 -2.220446049250313e-16 -1
		outer loop
			vertex 4497.5 -4280 9.50350909079134e-13
			vertex 4497.5 -4020 8.926193117986259e-13
			vertex 4955 -4020 8.926193117986259e-13
		endloop
	endfacet
	facet normal 0 1 0
		outer loop
			vertex 4955 -4280 -379.99999999999903
			vertex 4497.5 -4280 -379.99999999999903
			vertex 4497.5 -4280 9.50350909079134e-13
		endloop
	endfacet
	facet normal 0 1 0
		outer loop
			vertex 4955 -4280 9.50350909079134e-13
			vertex 4955 -4280 -379.99999999999903
			vertex 4497.5 -4280 9.50350909079134e-13
		endloop
	endfacet
	facet normal -1 0 0
		outer loop
			vertex 4955 -4020 8.926193117986259e-13
			vertex 4955 -4280 -379.99999999999903
			vertex 4955 -4280 9.50350909079134e-13
		endloop
	endfacet
	facet normal -1 0 0
		outer loop
			vertex 4955 -4020 8.926193117986259e-13
			vertex 4955 -4020 -379.9999999999991
			vertex 4955 -4280 -379.99999999999903
		endloop
	endfacet
	facet normal 0 -1 0
		outer loop
			vertex 4497.5 -4020 8.926193117986259e-13
			vertex 4955 -4020 -379.9999999999991
			vertex 4955 -4020 8.926193117986259e-13
		endloop
	endfacet
	facet normal 0 -1 0
		outer loop
			vertex 4497.5 -4020 -379.9999999999991
			vertex 4955 -4020 -379.9999999999991
			vertex 4497.5 -4020 8.926193117986259e-13
		endloop
	endfacet
	facet normal 1 0 0
		outer loop
			vertex 4497.5 -4020 8.926193117986259e-13
			vertex 4497.5 -4280 9.50350909079134e-13
			vertex 4497.5 -4280 -379.99999999999903
		endloop
	endfacet
	facet normal 1 0 0
		outer loop
			vertex 4497.5 -4020 8.926193117986259e-13
			vertex 4497.5 -4280 -379.99999999999903
			vertex 4497.5 -4020 -379.9999999999991
		endloop
	endfacet
	facet normal 0 2.1862853408003084e-16 1
		outer loop
			vertex 4955 -4020 -379.9999999999991
			vertex 4497.5 -4020 -379.9999999999991
			vertex 4497.5 -4280 -379.99999999999903
		endloop
	endfacet
	facet normal 0 2.1862853408003084e-16 1
		outer loop
			vertex 4955 -4020 -379.9999999999991
			vertex 4497.5 -4280 -379.99999999999903
			vertex 4955 -4280 -379.99999999999903
		endloop
	endfacet
	facet normal 0 -2.220446049250313e-16 -1
		outer loop
			vertex 5065 -4280 9.50350909079134e-13
			vertex 4975 -4077.5 9.053868765818152e-13
			vertex 5065 -4077.5 9.053868765818152e-13
		endloop
	endfacet
	facet normal 0 -2.220446049250313e-16 -1
		outer loop
			vertex 4975 -4280 9.50350909079134e-13
			vertex 4975 -4077.5 9.053868765818152e-13
			vertex 5065 -4280 9.50350909079134e-13
		endloop
	endfacet
	facet normal 0 1 0
		outer loop
			vertex 5065 -4280 9.50350909079134e-13
			vertex 4975 -4280 -379.99999999999903
			vertex 4975 -4280 9.50350909079134e-13
		endloop
	endfacet
	facet normal 0 1 0
		outer loop
			vertex 5065 -4280 9.50350909079134e-13
			vertex 5065 -4280 -379.99999999999903
			vertex 4975 -4280 -379.99999999999903
		endloop
	endfacet
	facet normal -1 0 0
		outer loop
			vertex 5065 -4280 -379.99999999999903
			vertex 5065 -4077.5 9.053868765818152e-13
			vertex 5065 -4077.5 -379.9999999999991
		endloop
	endfacet
	facet normal -1 0 0
		outer loop
			vertex 5065 -4280 -379.99999999999903
			vertex 5065 -4280 9.50350909079134e-13
			vertex 5065 -4077.5 9.053868765818152e-13
		endloop
	endfacet
	facet normal 0 -1 0
		outer loop
			vertex 4975 -4077.5 -379.9999999999991
			vertex 5065 -4077.5 9.053868765818152e-13
			vertex 4975 -4077.5 9.053868765818152e-13
		endloop
	endfacet
	facet normal 0 -1 0
		outer loop
			vertex 4975 -4077.5 -379.9999999999991
			vertex 5065 -4077.5 -379.9999999999991
			vertex 5065 -4077.5 9.053868765818152e-13
		endloop
	endfacet
	facet normal 1 0 0
		outer loop
			vertex 4975 -4077.5 9.053868765818152e-13
			vertex 4975 -4280 9.50350909079134e-13
			vertex 4975 -4280 -379.99999999999903
		endloop
	endfacet
	facet normal 1 0 0
		outer loop
			vertex 4975 -4077.5 9.053868765818152e-13
			vertex 4975 -4280 -379.99999999999903
			vertex 4975 -4077.5 -379.9999999999991
		endloop
	endfacet
	facet normal 0 2.807082412879408e-16 1
		outer loop
			vertex 4975 -4077.5 -379.9999999999991
			vertex 4975 -4280 -379.99999999999903
			vertex 5065 -4280 -379.99999999999903
		endloop
	endfacet
	facet normal 0 2.807082412879408e-16 1
		outer loop
			vertex 5065 -4077.5 -379.9999999999991
			vertex 4975 -4077.5 -379.9999999999991
			vertex 5065 -4280 -379.99999999999903
		endloop
	endfacet
	facet normal 0 -2.220446049250313e-16 -1
		outer loop
			vertex 6020 -2915 6.472600233564663e-13
			vertex 6020 -2497.5 5.545564008002657e-13
			vertex 6280 -2497.5 5.545564008002657e-13
		endloop
	endfacet
	facet normal 0 -2.220446049250313e-16 -1
		outer loop
			vertex 6020 -2915 6.472600233564663e-13
			vertex 6280 -2497.5 5.545564008002657e-13
			vertex 6280 -2915 6.472600233564663e-13
		endloop
	endfacet
	facet normal -1 0 0
		outer loop
			vertex 6280 -2497.5 5.545564008002657e-13
			vertex 6280 -2915 -379.9999999999994
			vertex 6280 -2915 6.472600233564663e-13
		endloop
	endfacet
	facet normal -1 0 0
		outer loop
			vertex 6280 -2497.5 5.545564008002657e-13
			vertex 6280 -2497.5 -379.99999999999943
			vertex 6280 -2915 -379.9999999999994
		endloop
	endfacet
	facet normal 0 -1 0
		outer loop
			vertex 6280 -2497.5 5.545564008002657e-13
			vertex 6020 -2497.5 5.545564008002657e-13
			vertex 6020 -2497.5 -379.99999999999943
		endloop
	endfacet
	facet normal 0 -1 0
		outer loop
			vertex 6280 -2497.5 5.545564008002657e-13
			vertex 6020 -2497.5 -379.99999999999943
			vertex 6280 -2497.5 -379.99999999999943
		endloop
	endfacet
	facet normal 1 0 0
		outer loop
			vertex 6020 -2915 -379.9999999999994
			vertex 6020 -2497.5 5.545564008002657e-13
			vertex 6020 -2915 6.472600233564663e-13
		endloop
	endfacet
	facet normal 1 0 0
		outer loop
			vertex 6020 -2915 -379.9999999999994
			vertex 6020 -2497.5 -379.99999999999943
			vertex 6020 -2497.5 5.545564008002657e-13
		endloop
	endfacet
	facet normal 0 1 0
		outer loop
			vertex 6280 -2915 6.472600233564663e-13
			vertex 6020 -2915 -379.9999999999994
			vertex 6020 -2915 6.472600233564663e-13
		endloop
	endfacet
	facet normal 0 1 0
		outer loop
			vertex 6280 -2915 6.472600233564663e-13
			vertex 6280 -2915 -379.9999999999994
			vertex 6020 -2915 -379.9999999999994
		endloop
	endfacet
	facet normal 0 1.361519014630132e-16 1
		outer loop
			vertex 6020 -2497.5 -379.99999999999943
			vertex 6020 -2915 -379.9999999999994
			vertex 6280 -2915 -379.9999999999994
		endloop
	endfacet
	facet normal 0 1.361519014630132e-16 1
		outer loop
			vertex 6020 -2497.5 -379.99999999999943
			vertex 6280 -2915 -379.9999999999994
			vertex 6280 -2497.5 -379.99999999999943
		endloop
	endfacet
	facet normal 0 -2.220446049250313e-16 -1
		outer loop
			vertex 6020 -3502.5 7.777112287499222e-13
			vertex 6020 -3045 6.761258219967203e-13
			vertex 6280 -3045 6.761258219967203e-13
		endloop
	endfacet
	facet normal 0 -2.220446049250313e-16 -1
		outer loop
			vertex 6020 -3502.5 7.777112287499222e-13
			vertex 6280 -3045 6.761258219967203e-13
			vertex 6280 -3502.5 7.777112287499222e-13
		endloop
	endfacet
	facet normal -1 0 0
		outer loop
			vertex 6280 -3045 -379.9999999999993
			vertex 6280 -3502.5 -379.9999999999992
			vertex 6280 -3502.5 7.777112287499222e-13
		endloop
	endfacet
	facet normal -1 0 0
		outer loop
			vertex 6280 -3045 6.761258219967203e-13
			vertex 6280 -3045 -379.9999999999993
			vertex 6280 -3502.5 7.777112287499222e-13
		endloop
	endfacet
	facet normal 0 -1 0
		outer loop
			vertex 6020 -3045 -379.9999999999993
			vertex 6280 -3045 6.761258219967203e-13
			vertex 6020 -3045 6.761258219967203e-13
		endloop
	endfacet
	facet normal 0 -1 0
		outer loop
			vertex 6020 -3045 -379.9999999999993
			vertex 6280 -3045 -379.9999999999993
			vertex 6280 -3045 6.761258219967203e-13
		endloop
	endfacet
	facet normal 1 0 0
		outer loop
			vertex 6020 -3502.5 7.777112287499222e-13
			vertex 6020 -3045 -379.9999999999993
			vertex 6020 -3045 6.761258219967203e-13
		endloop
	endfacet
	facet normal 1 0 0
		outer loop
			vertex 6020 -3502.5 -379.9999999999992
			vertex 6020 -3045 -379.9999999999993
			vertex 6020 -3502.5 7.777112287499222e-13
		endloop
	endfacet
	facet normal 0 1 0
		outer loop
			vertex 6020 -3502.5 -379.9999999999992
			vertex 6280 -3502.5 7.777112287499222e-13
			vertex 6280 -3502.5 -379.9999999999992
		endloop
	endfacet
	facet normal 0 1 0
		outer loop
			vertex 6020 -3502.5 -379.9999999999992
			vertex 6020 -3502.5 7.777112287499222e-13
			vertex 6280 -3502.5 7.777112287499222e-13
		endloop
	endfacet
	facet normal 0 2.4849582015653777e-16 1
		outer loop
			vertex 6020 -3045 -379.9999999999993
			vertex 6020 -3502.5 -379.9999999999992
			vertex 6280 -3502.5 -379.9999999999992
		endloop
	endfacet
	facet normal 0 2.4849582015653777e-16 1
		outer loop
			vertex 6020 -3045 -379.9999999999993
			vertex 6280 -3502.5 -379.9999999999992
			vertex 6280 -3045 -379.9999999999993
		endloop
	endfacet
	facet normal 0 -2.220446049250313e-16 -1
		outer loop
			vertex 6077.5 -2935 6.517009154549669e-13
			vertex 6280 -2935 6.517009154549669e-13
			vertex 6280 -3025 6.716849298982197e-13
		endloop
	endfacet
	facet normal 0 -2.220446049250313e-16 -1
		outer loop
			vertex 6077.5 -3025 6.716849298982197e-13
			vertex 6077.5 -2935 6.517009154549669e-13
			vertex 6280 -3025 6.716849298982197e-13
		endloop
	endfacet
	facet normal -1 0 0
		outer loop
			vertex 6280 -2935 6.517009154549669e-13
			vertex 6280 -3025 -379.9999999999993
			vertex 6280 -3025 6.716849298982197e-13
		endloop
	endfacet
	facet normal -1 0 0
		outer loop
			vertex 6280 -2935 6.517009154549669e-13
			vertex 6280 -2935 -379.9999999999994
			vertex 6280 -3025 -379.9999999999993
		endloop
	endfacet
	facet normal 0 -1 0
		outer loop
			vertex 6280 -2935 6.517009154549669e-13
			vertex 6077.5 -2935 6.517009154549669e-13
			vertex 6077.5 -2935 -379.9999999999994
		endloop
	endfacet
	facet normal 0 -1 0
		outer loop
			vertex 6280 -2935 6.517009154549669e-13
			vertex 6077.5 -2935 -379.9999999999994
			vertex 6280 -2935 -379.9999999999994
		endloop
	endfacet
	facet normal 1 0 0
		outer loop
			vertex 6077.5 -3025 -379.9999999999993
			vertex 6077.5 -2935 6.517009154549669e-13
			vertex 6077.5 -3025 6.716849298982197e-13
		endloop
	endfacet
	facet normal 1 0 0
		outer loop
			vertex 6077.5 -3025 -379.9999999999993
			vertex 6077.5 -2935 -379.9999999999994
			vertex 6077.5 -2935 6.517009154549669e-13
		endloop
	endfacet
	facet normal 0 1 0
		outer loop
			vertex 6077.5 -3025 -379.9999999999993
			vertex 6280 -3025 6.716849298982197e-13
			vertex 6280 -3025 -379.9999999999993
		endloop
	endfacet
	facet normal 0 1 0
		outer loop
			vertex 6077.5 -3025 -379.9999999999993
			vertex 6077.5 -3025 6.716849298982197e-13
			vertex 6280 -3025 6.716849298982197e-13
		endloop
	endfacet
	facet normal 0 6.315935428978669e-16 1
		outer loop
			vertex 6077.5 -3025 -379.9999999999993
			vertex 6280 -3025 -379.9999999999993
			vertex 6280 -2935 -379.9999999999994
		endloop
	endfacet
	facet normal 0 6.315935428978669e-16 1
		outer loop
			vertex 6077.5 -2935 -379.9999999999994
			vertex 6077.5 -3025 -379.9999999999993
			vertex 6280 -2935 -379.9999999999994
		endloop
	endfacet
	facet normal 0 -2.220446049250313e-16 -1
		outer loop
			vertex 497.5 4020 -8.926193117986259e-13
			vertex 915 4280 -9.50350909079134e-13
			vertex 915 4020 -8.926193117986259e-13
		endloop
	endfacet
	facet normal 0 -2.220446049250313e-16 -1
		outer loop
			vertex 497.5 4020 -8.926193117986259e-13
			vertex 497.5 4280 -9.50350909079134e-13
			vertex 915 4280 -9.50350909079134e-13
		endloop
	endfacet
	facet normal 0 -1 0
		outer loop
			vertex 497.5 4280 -380.00000000000097
			vertex 915 4280 -9.50350909079134e-13
			vertex 497.5 4280 -9.50350909079134e-13
		endloop
	endfacet
	facet normal 0 -1 0
		outer loop
			vertex 497.5 4280 -380.00000000000097
			vertex 915 4280 -380.00000000000097
			vertex 915 4280 -9.50350909079134e-13
		endloop
	endfacet
	facet normal 1 0 0
		outer loop
			vertex 497.5 4280 -9.50350909079134e-13
			vertex 497.5 4020 -8.926193117986259e-13
			vertex 497.5 4020 -380.0000000000009
		endloop
	endfacet
	facet normal 1 0 0
		outer loop
			vertex 497.5 4280 -9.50350909079134e-13
			vertex 497.5 4020 -380.0000000000009
			vertex 497.5 4280 -380.00000000000097
		endloop
	endfacet
	facet normal 0 1 0
		outer loop
			vertex 915 4020 -8.926193117986259e-13
			vertex 497.5 4020 -380.0000000000009
			vertex 497.5 4020 -8.926193117986259e-13
		endloop
	endfacet
	facet normal 0 1 0
		outer loop
			vertex 915 4020 -8.926193117986259e-13
			vertex 915 4020 -380.0000000000009
			vertex 497.5 4020 -380.0000000000009
		endloop
	endfacet
	facet normal -1 0 0
		outer loop
			vertex 915 4280 -9.50350909079134e-13
			vertex 915 4020 -380.0000000000009
			vertex 915 4020 -8.926193117986259e-13
		endloop
	endfacet
	facet normal -1 0 0
		outer loop
			vertex 915 4280 -9.50350909079134e-13
			vertex 915 4280 -380.00000000000097
			vertex 915 4020 -380.0000000000009
		endloop
	endfacet
	facet normal 0 2.1862853408003084e-16 1
		outer loop
			vertex 497.5 4020 -380.0000000000009
			vertex 915 4020 -380.0000000000009
			vertex 915 4280 -380.00000000000097
		endloop
	endfacet
	facet normal 0 2.1862853408003084e-16 1
		outer loop
			vertex 497.5 4020 -380.0000000000009
			vertex 915 4280 -380.00000000000097
			vertex 497.5 4280 -380.00000000000097
		endloop
	endfacet
	facet normal 0 -2.220446049250313e-16 -1
		outer loop
			vertex 1045 4020 -8.926193117986259e-13
			vertex 1502.5 4280 -9.50350909079134e-13
			vertex 1502.5 4020 -8.926193117986259e-13
		endloop
	endfacet
	facet normal 0 -2.220446049250313e-16 -1
		outer loop
			vertex 1045 4020 -8.926193117986259e-13
			vertex 1045 4280 -9.50350909079134e-13
			vertex 1502.5 4280 -9.50350909079134e-13
		endloop
	endfacet
	facet normal 0 -1 0
		outer loop
			vertex 1045 4280 -9.50350909079134e-13
			vertex 1502.5 4280 -380.00000000000097
			vertex 1502.5 4280 -9.50350909079134e-13
		endloop
	endfacet
	facet normal 0 -1 0
		outer loop
			vertex 1045 4280 -380.00000000000097
			vertex 1502.5 4280 -380.00000000000097
			vertex 1045 4280 -9.50350909079134e-13
		endloop
	endfacet
	facet normal 1 0 0
		outer loop
			vertex 1045 4020 -380.0000000000009
			vertex 1045 4280 -9.50350909079134e-13
			vertex 1045 4020 -8.926193117986259e-13
		endloop
	endfacet
	facet normal 1 0 0
		outer loop
			vertex 1045 4020 -380.0000000000009
			vertex 1045 4280 -380.00000000000097
			vertex 1045 4280 -9.50350909079134e-13
		endloop
	endfacet
	facet normal 0 1 0
		outer loop
			vertex 1502.5 4020 -380.0000000000009
			vertex 1045 4020 -380.0000000000009
			vertex 1045 4020 -8.926193117986259e-13
		endloop
	endfacet
	facet normal 0 1 0
		outer loop
			vertex 1502.5 4020 -8.926193117986259e-13
			vertex 1502.5 4020 -380.0000000000009
			vertex 1045 4020 -8.926193117986259e-13
		endloop
	endfacet
	facet normal -1 0 0
		outer loop
			vertex 1502.5 4020 -380.0000000000009
			vertex 1502.5 4280 -9.50350909079134e-13
			vertex 1502.5 4280 -380.00000000000097
		endloop
	endfacet
	facet normal -1 0 0
		outer loop
			vertex 1502.5 4020 -380.0000000000009
			vertex 1502.5 4020 -8.926193117986259e-13
			vertex 1502.5 4280 -9.50350909079134e-13
		endloop
	endfacet
	facet normal 0 2.1862853408003084e-16 1
		outer loop
			vertex 1045 4020 -380.0000000000009
			vertex 1502.5 4020 -380.0000000000009
			vertex 1502.5 4280 -380.00000000000097
		endloop
	endfacet
	facet normal 0 2.1862853408003084e-16 1
		outer loop
			vertex 1045 4020 -380.0000000000009
			vertex 1502.5 4280 -380.00000000000097
			vertex 1045 4280 -380.00000000000097
		endloop
	endfacet
	facet normal 0 -2.220446049250313e-16 -1
		outer loop
			vertex 1025 4077.5 -9.053868765818152e-13
			vertex 935 4280 -9.50350909079134e-13
			vertex 1025 4280 -9.50350909079134e-13
		endloop
	endfacet
	facet normal 0 -2.220446049250313e-16 -1
		outer loop
			vertex 935 4077.5 -9.053868765818152e-13
			vertex 935 4280 -9.50350909079134e-13
			vertex 1025 4077.5 -9.053868765818152e-13
		endloop
	endfacet
	facet normal 0 -1 0
		outer loop
			vertex 935 4280 -380.00000000000097
			vertex 1025 4280 -9.50350909079134e-13
			vertex 935 4280 -9.50350909079134e-13
		endloop
	endfacet
	facet normal 0 -1 0
		outer loop
			vertex 935 4280 -380.00000000000097
			vertex 1025 4280 -380.00000000000097
			vertex 1025 4280 -9.50350909079134e-13
		endloop
	endfacet
	facet normal 1 0 0
		outer loop
			vertex 935 4280 -9.50350909079134e-13
			vertex 935 4077.5 -9.053868765818152e-13
			vertex 935 4077.5 -380.0000000000009
		endloop
	endfacet
	facet normal 1 0 0
		outer loop
			vertex 935 4280 -9.50350909079134e-13
			vertex 935 4077.5 -380.0000000000009
			vertex 935 4280 -380.00000000000097
		endloop
	endfacet
	facet normal 0 1 0
		outer loop
			vertex 1025 4077.5 -9.053868765818152e-13
			vertex 935 4077.5 -380.0000000000009
			vertex 935 4077.5 -9.053868765818152e-13
		endloop
	endfacet
	facet normal 0 1 0
		outer loop
			vertex 1025 4077.5 -9.053868765818152e-13
			vertex 1025 4077.5 -380.0000000000009
			vertex 935 4077.5 -380.0000000000009
		endloop
	endfacet
	facet normal -1 0 0
		outer loop
			vertex 1025 4077.5 -380.0000000000009
			vertex 1025 4280 -9.50350909079134e-13
			vertex 1025 4280 -380.00000000000097
		endloop
	endfacet
	facet normal -1 0 0
		outer loop
			vertex 1025 4077.5 -380.0000000000009
			vertex 1025 4077.5 -9.053868765818152e-13
			vertex 1025 4280 -9.50350909079134e-13
		endloop
	endfacet
	facet normal 0 2.807082412879408e-16 1
		outer loop
			vertex 1025 4077.5 -380.0000000000009
			vertex 1025 4280 -380.00000000000097
			vertex 935 4280 -380.00000000000097
		endloop
	endfacet
	facet normal 0 2.807082412879408e-16 1
		outer loop
			vertex 935 4077.5 -380.0000000000009
			vertex 1025 4077.5 -380.0000000000009
			vertex 935 4280 -380.00000000000097
		endloop
	endfacet
	facet normal 0 -2.220446049250313e-16 -1
		outer loop
			vertex 6020 1085 -2.4091839634365897e-13
			vertex 6020 1502.5 -3.3362201889985954e-13
			vertex 6280 1502.5 -3.3362201889985954e-13
		endloop
	endfacet
	facet normal 0 -2.220446049250313e-16 -1
		outer loop
			vertex 6020 1085 -2.4091839634365897e-13
			vertex 6280 1502.5 -3.3362201889985954e-13
			vertex 6280 1085 -2.4091839634365897e-13
		endloop
	endfacet
	facet normal -1 0 0
		outer loop
			vertex 6280 1502.5 -3.3362201889985954e-13
			vertex 6280 1085 -380.0000000000002
			vertex 6280 1085 -2.4091839634365897e-13
		endloop
	endfacet
	facet normal -1 0 0
		outer loop
			vertex 6280 1502.5 -3.3362201889985954e-13
			vertex 6280 1502.5 -380.00000000000034
			vertex 6280 1085 -380.0000000000002
		endloop
	endfacet
	facet normal 0 -1 0
		outer loop
			vertex 6280 1502.5 -3.3362201889985954e-13
			vertex 6020 1502.5 -3.3362201889985954e-13
			vertex 6020 1502.5 -380.00000000000034
		endloop
	endfacet
	facet normal 0 -1 0
		outer loop
			vertex 6280 1502.5 -3.3362201889985954e-13
			vertex 6020 1502.5 -380.00000000000034
			vertex 6280 1502.5 -380.00000000000034
		endloop
	endfacet
	facet normal 1 0 0
		outer loop
			vertex 6020 1085 -380.0000000000002
			vertex 6020 1502.5 -3.3362201889985954e-13
			vertex 6020 1085 -2.4091839634365897e-13
		endloop
	endfacet
	facet normal 1 0 0
		outer loop
			vertex 6020 1085 -380.0000000000002
			vertex 6020 1502.5 -380.00000000000034
			vertex 6020 1502.5 -3.3362201889985954e-13
		endloop
	endfacet
	facet normal 0 1 0
		outer loop
			vertex 6280 1085 -2.4091839634365897e-13
			vertex 6020 1085 -380.0000000000002
			vertex 6020 1085 -2.4091839634365897e-13
		endloop
	endfacet
	facet normal 0 1 0
		outer loop
			vertex 6280 1085 -2.4091839634365897e-13
			vertex 6280 1085 -380.0000000000002
			vertex 6020 1085 -380.0000000000002
		endloop
	endfacet
	facet normal 0 2.723038029260264e-16 1
		outer loop
			vertex 6020 1502.5 -380.00000000000034
			vertex 6020 1085 -380.0000000000002
			vertex 6280 1085 -380.0000000000002
		endloop
	endfacet
	facet normal 0 2.723038029260264e-16 1
		outer loop
			vertex 6020 1502.5 -380.00000000000034
			vertex 6280 1085 -380.0000000000002
			vertex 6280 1502.5 -380.00000000000034
		endloop
	endfacet
	facet normal 0 -2.220446049250313e-16 -1
		outer loop
			vertex 6020 497.5 -1.1046719095020308e-13
			vertex 6020 955 -2.120525977034049e-13
			vertex 6280 955 -2.120525977034049e-13
		endloop
	endfacet
	facet normal 0 -2.220446049250313e-16 -1
		outer loop
			vertex 6020 497.5 -1.1046719095020308e-13
			vertex 6280 955 -2.120525977034049e-13
			vertex 6280 497.5 -1.1046719095020308e-13
		endloop
	endfacet
	facet normal -1 0 0
		outer loop
			vertex 6280 954.9999999999999 -380.0000000000002
			vertex 6280 497.49999999999994 -380.0000000000001
			vertex 6280 497.5 -1.1046719095020308e-13
		endloop
	endfacet
	facet normal -1 0 0
		outer loop
			vertex 6280 955 -2.120525977034049e-13
			vertex 6280 954.9999999999999 -380.0000000000002
			vertex 6280 497.5 -1.1046719095020308e-13
		endloop
	endfacet
	facet normal 0 -1 2.991758887410948e-16
		outer loop
			vertex 6020 954.9999999999999 -380.0000000000002
			vertex 6280 955 -2.120525977034049e-13
			vertex 6020 955 -2.120525977034049e-13
		endloop
	endfacet
	facet normal 0 -1 2.991758887410948e-16
		outer loop
			vertex 6020 954.9999999999999 -380.0000000000002
			vertex 6280 954.9999999999999 -380.0000000000002
			vertex 6280 955 -2.120525977034049e-13
		endloop
	endfacet
	facet normal 1 0 0
		outer loop
			vertex 6020 497.5 -1.1046719095020308e-13
			vertex 6020 954.9999999999999 -380.0000000000002
			vertex 6020 955 -2.120525977034049e-13
		endloop
	endfacet
	facet normal 1 0 0
		outer loop
			vertex 6020 497.49999999999994 -380.0000000000001
			vertex 6020 954.9999999999999 -380.0000000000002
			vertex 6020 497.5 -1.1046719095020308e-13
		endloop
	endfacet
	facet normal 0 1 -1.495879443705474e-16
		outer loop
			vertex 6020 497.49999999999994 -380.0000000000001
			vertex 6280 497.5 -1.1046719095020308e-13
			vertex 6280 497.49999999999994 -380.0000000000001
		endloop
	endfacet
	facet normal 0 1 -1.495879443705474e-16
		outer loop
			vertex 6020 497.49999999999994 -380.0000000000001
			vertex 6020 497.5 -1.1046719095020308e-13
			vertex 6280 497.5 -1.1046719095020308e-13
		endloop
	endfacet
	facet normal 0 2.484958201565378e-16 1
		outer loop
			vertex 6020 954.9999999999999 -380.0000000000002
			vertex 6020 497.49999999999994 -380.0000000000001
			vertex 6280 497.49999999999994 -380.0000000000001
		endloop
	endfacet
	facet normal 0 2.484958201565378e-16 1
		outer loop
			vertex 6020 954.9999999999999 -380.0000000000002
			vertex 6280 497.49999999999994 -380.0000000000001
			vertex 6280 954.9999999999999 -380.0000000000002
		endloop
	endfacet
	facet normal 0 -2.220446049250313e-16 -1
		outer loop
			vertex 6077.5 1065 -2.3647750424515834e-13
			vertex 6280 1065 -2.3647750424515834e-13
			vertex 6280 975 -2.1649348980190553e-13
		endloop
	endfacet
	facet normal 0 -2.220446049250313e-16 -1
		outer loop
			vertex 6077.5 975 -2.1649348980190553e-13
			vertex 6077.5 1065 -2.3647750424515834e-13
			vertex 6280 975 -2.1649348980190553e-13
		endloop
	endfacet
	facet normal -1 0 0
		outer loop
			vertex 6280 1065 -2.3647750424515834e-13
			vertex 6280 974.9999999999999 -380.0000000000002
			vertex 6280 975 -2.1649348980190553e-13
		endloop
	endfacet
	facet normal -1 0 0
		outer loop
			vertex 6280 1065 -2.3647750424515834e-13
			vertex 6280 1065 -380.0000000000002
			vertex 6280 974.9999999999999 -380.0000000000002
		endloop
	endfacet
	facet normal 0 -1 0
		outer loop
			vertex 6280 1065 -2.3647750424515834e-13
			vertex 6077.5 1065 -2.3647750424515834e-13
			vertex 6077.5 1065 -380.0000000000002
		endloop
	endfacet
	facet normal 0 -1 0
		outer loop
			vertex 6280 1065 -2.3647750424515834e-13
			vertex 6077.5 1065 -380.0000000000002
			vertex 6280 1065 -380.0000000000002
		endloop
	endfacet
	facet normal 1 0 0
		outer loop
			vertex 6077.5 974.9999999999999 -380.0000000000002
			vertex 6077.5 1065 -2.3647750424515834e-13
			vertex 6077.5 975 -2.1649348980190553e-13
		endloop
	endfacet
	facet normal 1 0 0
		outer loop
			vertex 6077.5 974.9999999999999 -380.0000000000002
			vertex 6077.5 1065 -380.0000000000002
			vertex 6077.5 1065 -2.3647750424515834e-13
		endloop
	endfacet
	facet normal 0 1 -2.991758887410948e-16
		outer loop
			vertex 6077.5 974.9999999999999 -380.0000000000002
			vertex 6280 975 -2.1649348980190553e-13
			vertex 6280 974.9999999999999 -380.0000000000002
		endloop
	endfacet
	facet normal 0 1 -2.991758887410948e-16
		outer loop
			vertex 6077.5 974.9999999999999 -380.0000000000002
			vertex 6077.5 975 -2.1649348980190553e-13
			vertex 6280 975 -2.1649348980190553e-13
		endloop
	endfacet
	facet normal 0 0 1
		outer loop
			vertex 6077.5 974.9999999999999 -380.0000000000002
			vertex 6280 974.9999999999999 -380.0000000000002
			vertex 6280 1065 -380.0000000000002
		endloop
	endfacet
	facet normal 0 0 1
		outer loop
			vertex 6077.5 1065 -380.0000000000002
			vertex 6077.5 974.9999999999999 -380.0000000000002
			vertex 6280 1065 -380.0000000000002
		endloop
	endfacet
	facet normal 0 -2.220446049250313e-16 -1
		outer loop
			vertex -6280 -3502.5 7.777112287499222e-13
			vertex -6020 -3085 6.850076061937216e-13
			vertex -6020 -3502.5 7.777112287499222e-13
		endloop
	endfacet
	facet normal 0 -2.220446049250313e-16 -1
		outer loop
			vertex -6280 -3502.5 7.777112287499222e-13
			vertex -6280 -3085 6.850076061937216e-13
			vertex -6020 -3085 6.850076061937216e-13
		endloop
	endfacet
	facet normal 1 0 0
		outer loop
			vertex -6280 -3502.5 -379.9999999999992
			vertex -6280 -3085 6.850076061937216e-13
			vertex -6280 -3502.5 7.777112287499222e-13
		endloop
	endfacet
	facet normal 1 0 0
		outer loop
			vertex -6280 -3502.5 -379.9999999999992
			vertex -6280 -3085 -379.9999999999993
			vertex -6280 -3085 6.850076061937216e-13
		endloop
	endfacet
	facet normal 0 1 0
		outer loop
			vertex -6280 -3502.5 -379.9999999999992
			vertex -6020 -3502.5 7.777112287499222e-13
			vertex -6020 -3502.5 -379.9999999999992
		endloop
	endfacet
	facet normal 0 1 0
		outer loop
			vertex -6280 -3502.5 -379.9999999999992
			vertex -6280 -3502.5 7.777112287499222e-13
			vertex -6020 -3502.5 7.777112287499222e-13
		endloop
	endfacet
	facet normal -1 0 0
		outer loop
			vertex -6020 -3085 6.850076061937216e-13
			vertex -6020 -3502.5 -379.9999999999992
			vertex -6020 -3502.5 7.777112287499222e-13
		endloop
	endfacet
	facet normal -1 0 0
		outer loop
			vertex -6020 -3085 6.850076061937216e-13
			vertex -6020 -3085 -379.9999999999993
			vertex -6020 -3502.5 -379.9999999999992
		endloop
	endfacet
	facet normal 0 -1 0
		outer loop
			vertex -6280 -3085 -379.9999999999993
			vertex -6020 -3085 6.850076061937216e-13
			vertex -6280 -3085 6.850076061937216e-13
		endloop
	endfacet
	facet normal 0 -1 0
		outer loop
			vertex -6280 -3085 -379.9999999999993
			vertex -6020 -3085 -379.9999999999993
			vertex -6020 -3085 6.850076061937216e-13
		endloop
	endfacet
	facet normal 0 2.723038029260264e-16 1
		outer loop
			vertex -6020 -3502.5 -379.9999999999992
			vertex -6020 -3085 -379.9999999999993
			vertex -6280 -3085 -379.9999999999993
		endloop
	endfacet
	facet normal 0 2.723038029260264e-16 1
		outer loop
			vertex -6020 -3502.5 -379.9999999999992
			vertex -6280 -3085 -379.9999999999993
			vertex -6280 -3502.5 -379.9999999999992
		endloop
	endfacet
	facet normal 0 -2.220446049250313e-16 -1
		outer loop
			vertex -6280 -2955 6.561418075534675e-13
			vertex -6020 -2497.5 5.545564008002657e-13
			vertex -6020 -2955 6.561418075534675e-13
		endloop
	endfacet
	facet normal 0 -2.220446049250313e-16 -1
		outer loop
			vertex -6280 -2955 6.561418075534675e-13
			vertex -6280 -2497.5 5.545564008002657e-13
			vertex -6020 -2497.5 5.545564008002657e-13
		endloop
	endfacet
	facet normal 1 0 0
		outer loop
			vertex -6280 -2955 6.561418075534675e-13
			vertex -6280 -2497.5 -379.99999999999943
			vertex -6280 -2497.5 5.545564008002657e-13
		endloop
	endfacet
	facet normal 1 0 0
		outer loop
			vertex -6280 -2955 -379.9999999999993
			vertex -6280 -2497.5 -379.99999999999943
			vertex -6280 -2955 6.561418075534675e-13
		endloop
	endfacet
	facet normal 0 1 0
		outer loop
			vertex -6020 -2955 6.561418075534675e-13
			vertex -6280 -2955 -379.9999999999993
			vertex -6280 -2955 6.561418075534675e-13
		endloop
	endfacet
	facet normal 0 1 0
		outer loop
			vertex -6020 -2955 6.561418075534675e-13
			vertex -6020 -2955 -379.9999999999993
			vertex -6280 -2955 -379.9999999999993
		endloop
	endfacet
	facet normal -1 0 0
		outer loop
			vertex -6020 -2497.5 -379.99999999999943
			vertex -6020 -2955 -379.9999999999993
			vertex -6020 -2955 6.561418075534675e-13
		endloop
	endfacet
	facet normal -1 0 0
		outer loop
			vertex -6020 -2497.5 5.545564008002657e-13
			vertex -6020 -2497.5 -379.99999999999943
			vertex -6020 -2955 6.561418075534675e-13
		endloop
	endfacet
	facet normal 0 -1 0
		outer loop
			vertex -6020 -2497.5 5.545564008002657e-13
			vertex -6280 -2497.5 5.545564008002657e-13
			vertex -6280 -2497.5 -379.99999999999943
		endloop
	endfacet
	facet normal 0 -1 0
		outer loop
			vertex -6020 -2497.5 5.545564008002657e-13
			vertex -6280 -2497.5 -379.99999999999943
			vertex -6020 -2497.5 -379.99999999999943
		endloop
	endfacet
	facet normal 0 2.4849582015653777e-16 1
		outer loop
			vertex -6020 -2955 -379.9999999999993
			vertex -6020 -2497.5 -379.99999999999943
			vertex -6280 -2497.5 -379.99999999999943
		endloop
	endfacet
	facet normal 0 2.4849582015653777e-16 1
		outer loop
			vertex -6020 -2955 -379.9999999999993
			vertex -6280 -2497.5 -379.99999999999943
			vertex -6280 -2955 -379.9999999999993
		endloop
	endfacet
	facet normal 0 -2.220446049250313e-16 -1
		outer loop
			vertex -6280 -2975 6.605826996519681e-13
			vertex -6077.5 -2975 6.605826996519681e-13
			vertex -6077.5 -3065 6.80566714095221e-13
		endloop
	endfacet
	facet normal 0 -2.220446049250313e-16 -1
		outer loop
			vertex -6280 -3065 6.80566714095221e-13
			vertex -6280 -2975 6.605826996519681e-13
			vertex -6077.5 -3065 6.80566714095221e-13
		endloop
	endfacet
	facet normal 1 0 0
		outer loop
			vertex -6280 -3065 -379.9999999999993
			vertex -6280 -2975 6.605826996519681e-13
			vertex -6280 -3065 6.80566714095221e-13
		endloop
	endfacet
	facet normal 1 0 0
		outer loop
			vertex -6280 -3065 -379.9999999999993
			vertex -6280 -2975 -379.9999999999993
			vertex -6280 -2975 6.605826996519681e-13
		endloop
	endfacet
	facet normal 0 1 0
		outer loop
			vertex -6280 -3065 -379.9999999999993
			vertex -6077.5 -3065 6.80566714095221e-13
			vertex -6077.5 -3065 -379.9999999999993
		endloop
	endfacet
	facet normal 0 1 0
		outer loop
			vertex -6280 -3065 -379.9999999999993
			vertex -6280 -3065 6.80566714095221e-13
			vertex -6077.5 -3065 6.80566714095221e-13
		endloop
	endfacet
	facet normal -1 0 0
		outer loop
			vertex -6077.5 -2975 6.605826996519681e-13
			vertex -6077.5 -3065 -379.9999999999993
			vertex -6077.5 -3065 6.80566714095221e-13
		endloop
	endfacet
	facet normal -1 0 0
		outer loop
			vertex -6077.5 -2975 6.605826996519681e-13
			vertex -6077.5 -2975 -379.9999999999993
			vertex -6077.5 -3065 -379.9999999999993
		endloop
	endfacet
	facet normal 0 -1 0
		outer loop
			vertex -6077.5 -2975 6.605826996519681e-13
			vertex -6280 -2975 6.605826996519681e-13
			vertex -6280 -2975 -379.9999999999993
		endloop
	endfacet
	facet normal 0 -1 0
		outer loop
			vertex -6077.5 -2975 6.605826996519681e-13
			vertex -6280 -2975 -379.9999999999993
			vertex -6077.5 -2975 -379.9999999999993
		endloop
	endfacet
	facet normal 0 0 1
		outer loop
			vertex -6077.5 -2975 -379.9999999999993
			vertex -6280 -2975 -379.9999999999993
			vertex -6280 -3065 -379.9999999999993
		endloop
	endfacet
	facet normal 0 0 1
		outer loop
			vertex -6077.5 -3065 -379.9999999999993
			vertex -6077.5 -2975 -379.9999999999993
			vertex -6280 -3065 -379.9999999999993
		endloop
	endfacet
	facet normal 0 -2.220446049250313e-16 -1
		outer loop
			vertex -5502.5 4020 -8.926193117986259e-13
			vertex -5085 4280 -9.50350909079134e-13
			vertex -5085 4020 -8.926193117986259e-13
		endloop
	endfacet
	facet normal 0 -2.220446049250313e-16 -1
		outer loop
			vertex -5502.5 4020 -8.926193117986259e-13
			vertex -5502.5 4280 -9.50350909079134e-13
			vertex -5085 4280 -9.50350909079134e-13
		endloop
	endfacet
	facet normal 0 -1 0
		outer loop
			vertex -5502.5 4280 -380.00000000000097
			vertex -5085 4280 -9.50350909079134e-13
			vertex -5502.5 4280 -9.50350909079134e-13
		endloop
	endfacet
	facet normal 0 -1 0
		outer loop
			vertex -5502.5 4280 -380.00000000000097
			vertex -5085 4280 -380.00000000000097
			vertex -5085 4280 -9.50350909079134e-13
		endloop
	endfacet
	facet normal 1 0 0
		outer loop
			vertex -5502.5 4280 -9.50350909079134e-13
			vertex -5502.5 4020 -8.926193117986259e-13
			vertex -5502.5 4020 -380.0000000000009
		endloop
	endfacet
	facet normal 1 0 0
		outer loop
			vertex -5502.5 4280 -9.50350909079134e-13
			vertex -5502.5 4020 -380.0000000000009
			vertex -5502.5 4280 -380.00000000000097
		endloop
	endfacet
	facet normal 0 1 0
		outer loop
			vertex -5085 4020 -8.926193117986259e-13
			vertex -5502.5 4020 -380.0000000000009
			vertex -5502.5 4020 -8.926193117986259e-13
		endloop
	endfacet
	facet normal 0 1 0
		outer loop
			vertex -5085 4020 -8.926193117986259e-13
			vertex -5085 4020 -380.0000000000009
			vertex -5502.5 4020 -380.0000000000009
		endloop
	endfacet
	facet normal -1 0 0
		outer loop
			vertex -5085 4280 -9.50350909079134e-13
			vertex -5085 4020 -380.0000000000009
			vertex -5085 4020 -8.926193117986259e-13
		endloop
	endfacet
	facet normal -1 0 0
		outer loop
			vertex -5085 4280 -9.50350909079134e-13
			vertex -5085 4280 -380.00000000000097
			vertex -5085 4020 -380.0000000000009
		endloop
	endfacet
	facet normal 0 2.1862853408003084e-16 1
		outer loop
			vertex -5502.5 4020 -380.0000000000009
			vertex -5085 4020 -380.0000000000009
			vertex -5085 4280 -380.00000000000097
		endloop
	endfacet
	facet normal 0 2.1862853408003084e-16 1
		outer loop
			vertex -5502.5 4020 -380.0000000000009
			vertex -5085 4280 -380.00000000000097
			vertex -5502.5 4280 -380.00000000000097
		endloop
	endfacet
	facet normal 0 -2.220446049250313e-16 -1
		outer loop
			vertex -4955 4020 -8.926193117986259e-13
			vertex -4497.5 4280 -9.50350909079134e-13
			vertex -4497.5 4020 -8.926193117986259e-13
		endloop
	endfacet
	facet normal 0 -2.220446049250313e-16 -1
		outer loop
			vertex -4955 4020 -8.926193117986259e-13
			vertex -4955 4280 -9.50350909079134e-13
			vertex -4497.5 4280 -9.50350909079134e-13
		endloop
	endfacet
	facet normal 0 -1 0
		outer loop
			vertex -4955 4280 -9.50350909079134e-13
			vertex -4497.5 4280 -380.00000000000097
			vertex -4497.5 4280 -9.50350909079134e-13
		endloop
	endfacet
	facet normal 0 -1 0
		outer loop
			vertex -4955 4280 -380.00000000000097
			vertex -4497.5 4280 -380.00000000000097
			vertex -4955 4280 -9.50350909079134e-13
		endloop
	endfacet
	facet normal 1 0 0
		outer loop
			vertex -4955 4020 -380.0000000000009
			vertex -4955 4280 -9.50350909079134e-13
			vertex -4955 4020 -8.926193117986259e-13
		endloop
	endfacet
	facet normal 1 0 0
		outer loop
			vertex -4955 4020 -380.0000000000009
			vertex -4955 4280 -380.00000000000097
			vertex -4955 4280 -9.50350909079134e-13
		endloop
	endfacet
	facet normal 0 1 0
		outer loop
			vertex -4497.5 4020 -380.0000000000009
			vertex -4955 4020 -380.0000000000009
			vertex -4955 4020 -8.926193117986259e-13
		endloop
	endfacet
	facet normal 0 1 0
		outer loop
			vertex -4497.5 4020 -8.926193117986259e-13
			vertex -4497.5 4020 -380.0000000000009
			vertex -4955 4020 -8.926193117986259e-13
		endloop
	endfacet
	facet normal -1 0 0
		outer loop
			vertex -4497.5 4020 -380.0000000000009
			vertex -4497.5 4280 -9.50350909079134e-13
			vertex -4497.5 4280 -380.00000000000097
		endloop
	endfacet
	facet normal -1 0 0
		outer loop
			vertex -4497.5 4020 -380.0000000000009
			vertex -4497.5 4020 -8.926193117986259e-13
			vertex -4497.5 4280 -9.50350909079134e-13
		endloop
	endfacet
	facet normal 0 2.1862853408003084e-16 1
		outer loop
			vertex -4955 4020 -380.0000000000009
			vertex -4497.5 4020 -380.0000000000009
			vertex -4497.5 4280 -380.00000000000097
		endloop
	endfacet
	facet normal 0 2.1862853408003084e-16 1
		outer loop
			vertex -4955 4020 -380.0000000000009
			vertex -4497.5 4280 -380.00000000000097
			vertex -4955 4280 -380.00000000000097
		endloop
	endfacet
	facet normal 0 -2.220446049250313e-16 -1
		outer loop
			vertex -4975 4077.5 -9.053868765818152e-13
			vertex -5065 4280 -9.50350909079134e-13
			vertex -4975 4280 -9.50350909079134e-13
		endloop
	endfacet
	facet normal 0 -2.220446049250313e-16 -1
		outer loop
			vertex -5065 4077.5 -9.053868765818152e-13
			vertex -5065 4280 -9.50350909079134e-13
			vertex -4975 4077.5 -9.053868765818152e-13
		endloop
	endfacet
	facet normal 0 -1 0
		outer loop
			vertex -5065 4280 -380.00000000000097
			vertex -4975 4280 -9.50350909079134e-13
			vertex -5065 4280 -9.50350909079134e-13
		endloop
	endfacet
	facet normal 0 -1 0
		outer loop
			vertex -5065 4280 -380.00000000000097
			vertex -4975 4280 -380.00000000000097
			vertex -4975 4280 -9.50350909079134e-13
		endloop
	endfacet
	facet normal 1 0 0
		outer loop
			vertex -5065 4280 -9.50350909079134e-13
			vertex -5065 4077.5 -9.053868765818152e-13
			vertex -5065 4077.5 -380.0000000000009
		endloop
	endfacet
	facet normal 1 0 0
		outer loop
			vertex -5065 4280 -9.50350909079134e-13
			vertex -5065 4077.5 -380.0000000000009
			vertex -5065 4280 -380.00000000000097
		endloop
	endfacet
	facet normal 0 1 0
		outer loop
			vertex -4975 4077.5 -9.053868765818152e-13
			vertex -5065 4077.5 -380.0000000000009
			vertex -5065 4077.5 -9.053868765818152e-13
		endloop
	endfacet
	facet normal 0 1 0
		outer loop
			vertex -4975 4077.5 -9.053868765818152e-13
			vertex -4975 4077.5 -380.0000000000009
			vertex -5065 4077.5 -380.0000000000009
		endloop
	endfacet
	facet normal -1 0 0
		outer loop
			vertex -4975 4077.5 -380.0000000000009
			vertex -4975 4280 -9.50350909079134e-13
			vertex -4975 4280 -380.00000000000097
		endloop
	endfacet
	facet normal -1 0 0
		outer loop
			vertex -4975 4077.5 -380.0000000000009
			vertex -4975 4077.5 -9.053868765818152e-13
			vertex -4975 4280 -9.50350909079134e-13
		endloop
	endfacet
	facet normal 0 2.807082412879408e-16 1
		outer loop
			vertex -4975 4077.5 -380.0000000000009
			vertex -4975 4280 -380.00000000000097
			vertex -5065 4280 -380.00000000000097
		endloop
	endfacet
	facet normal 0 2.807082412879408e-16 1
		outer loop
			vertex -5065 4077.5 -380.0000000000009
			vertex -4975 4077.5 -380.0000000000009
			vertex -5065 4280 -380.00000000000097
		endloop
	endfacet
	facet normal 0 -2.220446049250313e-16 -1
		outer loop
			vertex -3502.5 4020 -8.926193117986259e-13
			vertex -3085 4280 -9.50350909079134e-13
			vertex -3085 4020 -8.926193117986259e-13
		endloop
	endfacet
	facet normal 0 -2.220446049250313e-16 -1
		outer loop
			vertex -3502.5 4020 -8.926193117986259e-13
			vertex -3502.5 4280 -9.50350909079134e-13
			vertex -3085 4280 -9.50350909079134e-13
		endloop
	endfacet
	facet normal 0 -1 0
		outer loop
			vertex -3502.5 4280 -380.00000000000097
			vertex -3085 4280 -9.50350909079134e-13
			vertex -3502.5 4280 -9.50350909079134e-13
		endloop
	endfacet
	facet normal 0 -1 0
		outer loop
			vertex -3502.5 4280 -380.00000000000097
			vertex -3085 4280 -380.00000000000097
			vertex -3085 4280 -9.50350909079134e-13
		endloop
	endfacet
	facet normal 1 0 0
		outer loop
			vertex -3502.5 4280 -9.50350909079134e-13
			vertex -3502.5 4020 -8.926193117986259e-13
			vertex -3502.5 4020 -380.0000000000009
		endloop
	endfacet
	facet normal 1 0 0
		outer loop
			vertex -3502.5 4280 -9.50350909079134e-13
			vertex -3502.5 4020 -380.0000000000009
			vertex -3502.5 4280 -380.00000000000097
		endloop
	endfacet
	facet normal 0 1 0
		outer loop
			vertex -3085 4020 -8.926193117986259e-13
			vertex -3502.5 4020 -380.0000000000009
			vertex -3502.5 4020 -8.926193117986259e-13
		endloop
	endfacet
	facet normal 0 1 0
		outer loop
			vertex -3085 4020 -8.926193117986259e-13
			vertex -3085 4020 -380.0000000000009
			vertex -3502.5 4020 -380.0000000000009
		endloop
	endfacet
	facet normal -1 0 0
		outer loop
			vertex -3085 4280 -9.50350909079134e-13
			vertex -3085 4020 -380.0000000000009
			vertex -3085 4020 -8.926193117986259e-13
		endloop
	endfacet
	facet normal -1 0 0
		outer loop
			vertex -3085 4280 -9.50350909079134e-13
			vertex -3085 4280 -380.00000000000097
			vertex -3085 4020 -380.0000000000009
		endloop
	endfacet
	facet normal 0 2.1862853408003084e-16 1
		outer loop
			vertex -3502.5 4020 -380.0000000000009
			vertex -3085 4020 -380.0000000000009
			vertex -3085 4280 -380.00000000000097
		endloop
	endfacet
	facet normal 0 2.1862853408003084e-16 1
		outer loop
			vertex -3502.5 4020 -380.0000000000009
			vertex -3085 4280 -380.00000000000097
			vertex -3502.5 4280 -380.00000000000097
		endloop
	endfacet
	facet normal 0 -2.220446049250313e-16 -1
		outer loop
			vertex -2955 4020 -8.926193117986259e-13
			vertex -2497.5 4280 -9.50350909079134e-13
			vertex -2497.5 4020 -8.926193117986259e-13
		endloop
	endfacet
	facet normal 0 -2.220446049250313e-16 -1
		outer loop
			vertex -2955 4020 -8.926193117986259e-13
			vertex -2955 4280 -9.50350909079134e-13
			vertex -2497.5 4280 -9.50350909079134e-13
		endloop
	endfacet
	facet normal 0 -1 0
		outer loop
			vertex -2955 4280 -9.50350909079134e-13
			vertex -2497.5 4280 -380.00000000000097
			vertex -2497.5 4280 -9.50350909079134e-13
		endloop
	endfacet
	facet normal 0 -1 0
		outer loop
			vertex -2955 4280 -380.00000000000097
			vertex -2497.5 4280 -380.00000000000097
			vertex -2955 4280 -9.50350909079134e-13
		endloop
	endfacet
	facet normal 1 0 0
		outer loop
			vertex -2955 4020 -380.0000000000009
			vertex -2955 4280 -9.50350909079134e-13
			vertex -2955 4020 -8.926193117986259e-13
		endloop
	endfacet
	facet normal 1 0 0
		outer loop
			vertex -2955 4020 -380.0000000000009
			vertex -2955 4280 -380.00000000000097
			vertex -2955 4280 -9.50350909079134e-13
		endloop
	endfacet
	facet normal 0 1 0
		outer loop
			vertex -2497.5 4020 -380.0000000000009
			vertex -2955 4020 -380.0000000000009
			vertex -2955 4020 -8.926193117986259e-13
		endloop
	endfacet
	facet normal 0 1 0
		outer loop
			vertex -2497.5 4020 -8.926193117986259e-13
			vertex -2497.5 4020 -380.0000000000009
			vertex -2955 4020 -8.926193117986259e-13
		endloop
	endfacet
	facet normal -1 0 0
		outer loop
			vertex -2497.5 4020 -380.0000000000009
			vertex -2497.5 4280 -9.50350909079134e-13
			vertex -2497.5 4280 -380.00000000000097
		endloop
	endfacet
	facet normal -1 0 0
		outer loop
			vertex -2497.5 4020 -380.0000000000009
			vertex -2497.5 4020 -8.926193117986259e-13
			vertex -2497.5 4280 -9.50350909079134e-13
		endloop
	endfacet
	facet normal 0 2.1862853408003084e-16 1
		outer loop
			vertex -2955 4020 -380.0000000000009
			vertex -2497.5 4020 -380.0000000000009
			vertex -2497.5 4280 -380.00000000000097
		endloop
	endfacet
	facet normal 0 2.1862853408003084e-16 1
		outer loop
			vertex -2955 4020 -380.0000000000009
			vertex -2497.5 4280 -380.00000000000097
			vertex -2955 4280 -380.00000000000097
		endloop
	endfacet
	facet normal 0 -2.220446049250313e-16 -1
		outer loop
			vertex -2975 4077.5 -9.053868765818152e-13
			vertex -3065 4280 -9.50350909079134e-13
			vertex -2975 4280 -9.50350909079134e-13
		endloop
	endfacet
	facet normal 0 -2.220446049250313e-16 -1
		outer loop
			vertex -3065 4077.5 -9.053868765818152e-13
			vertex -3065 4280 -9.50350909079134e-13
			vertex -2975 4077.5 -9.053868765818152e-13
		endloop
	endfacet
	facet normal 0 -1 0
		outer loop
			vertex -3065 4280 -380.00000000000097
			vertex -2975 4280 -9.50350909079134e-13
			vertex -3065 4280 -9.50350909079134e-13
		endloop
	endfacet
	facet normal 0 -1 0
		outer loop
			vertex -3065 4280 -380.00000000000097
			vertex -2975 4280 -380.00000000000097
			vertex -2975 4280 -9.50350909079134e-13
		endloop
	endfacet
	facet normal 1 0 0
		outer loop
			vertex -3065 4280 -9.50350909079134e-13
			vertex -3065 4077.5 -9.053868765818152e-13
			vertex -3065 4077.5 -380.0000000000009
		endloop
	endfacet
	facet normal 1 0 0
		outer loop
			vertex -3065 4280 -9.50350909079134e-13
			vertex -3065 4077.5 -380.0000000000009
			vertex -3065 4280 -380.00000000000097
		endloop
	endfacet
	facet normal 0 1 0
		outer loop
			vertex -2975 4077.5 -9.053868765818152e-13
			vertex -3065 4077.5 -380.0000000000009
			vertex -3065 4077.5 -9.053868765818152e-13
		endloop
	endfacet
	facet normal 0 1 0
		outer loop
			vertex -2975 4077.5 -9.053868765818152e-13
			vertex -2975 4077.5 -380.0000000000009
			vertex -3065 4077.5 -380.0000000000009
		endloop
	endfacet
	facet normal -1 0 0
		outer loop
			vertex -2975 4077.5 -380.0000000000009
			vertex -2975 4280 -9.50350909079134e-13
			vertex -2975 4280 -380.00000000000097
		endloop
	endfacet
	facet normal -1 0 0
		outer loop
			vertex -2975 4077.5 -380.0000000000009
			vertex -2975 4077.5 -9.053868765818152e-13
			vertex -2975 4280 -9.50350909079134e-13
		endloop
	endfacet
	facet normal 0 2.807082412879408e-16 1
		outer loop
			vertex -2975 4077.5 -380.0000000000009
			vertex -2975 4280 -380.00000000000097
			vertex -3065 4280 -380.00000000000097
		endloop
	endfacet
	facet normal 0 2.807082412879408e-16 1
		outer loop
			vertex -3065 4077.5 -380.0000000000009
			vertex -2975 4077.5 -380.0000000000009
			vertex -3065 4280 -380.00000000000097
		endloop
	endfacet
	facet normal 0 -2.220446049250313e-16 -1
		outer loop
			vertex -6280 -1502.5 3.3362201889985954e-13
			vertex -6020 -1085 2.4091839634365897e-13
			vertex -6020 -1502.5 3.3362201889985954e-13
		endloop
	endfacet
	facet normal 0 -2.220446049250313e-16 -1
		outer loop
			vertex -6280 -1502.5 3.3362201889985954e-13
			vertex -6280 -1085 2.4091839634365897e-13
			vertex -6020 -1085 2.4091839634365897e-13
		endloop
	endfacet
	facet normal 1 0 0
		outer loop
			vertex -6280 -1502.5 -379.99999999999966
			vertex -6280 -1085 2.4091839634365897e-13
			vertex -6280 -1502.5 3.3362201889985954e-13
		endloop
	endfacet
	facet normal 1 0 0
		outer loop
			vertex -6280 -1502.5 -379.99999999999966
			vertex -6280 -1085 -379.9999999999998
			vertex -6280 -1085 2.4091839634365897e-13
		endloop
	endfacet
	facet normal 0 1 0
		outer loop
			vertex -6280 -1502.5 -379.99999999999966
			vertex -6020 -1502.5 3.3362201889985954e-13
			vertex -6020 -1502.5 -379.99999999999966
		endloop
	endfacet
	facet normal 0 1 0
		outer loop
			vertex -6280 -1502.5 -379.99999999999966
			vertex -6280 -1502.5 3.3362201889985954e-13
			vertex -6020 -1502.5 3.3362201889985954e-13
		endloop
	endfacet
	facet normal -1 0 0
		outer loop
			vertex -6020 -1085 2.4091839634365897e-13
			vertex -6020 -1502.5 -379.99999999999966
			vertex -6020 -1502.5 3.3362201889985954e-13
		endloop
	endfacet
	facet normal -1 0 0
		outer loop
			vertex -6020 -1085 2.4091839634365897e-13
			vertex -6020 -1085 -379.9999999999998
			vertex -6020 -1502.5 -379.99999999999966
		endloop
	endfacet
	facet normal 0 -1 0
		outer loop
			vertex -6280 -1085 -379.9999999999998
			vertex -6020 -1085 2.4091839634365897e-13
			vertex -6280 -1085 2.4091839634365897e-13
		endloop
	endfacet
	facet normal 0 -1 0
		outer loop
			vertex -6280 -1085 -379.9999999999998
			vertex -6020 -1085 -379.9999999999998
			vertex -6020 -1085 2.4091839634365897e-13
		endloop
	endfacet
	facet normal 0 2.723038029260264e-16 1
		outer loop
			vertex -6020 -1502.5 -379.99999999999966
			vertex -6020 -1085 -379.9999999999998
			vertex -6280 -1085 -379.9999999999998
		endloop
	endfacet
	facet normal 0 2.723038029260264e-16 1
		outer loop
			vertex -6020 -1502.5 -379.99999999999966
			vertex -6280 -1085 -379.9999999999998
			vertex -6280 -1502.5 -379.99999999999966
		endloop
	endfacet
	facet normal 0 -2.220446049250313e-16 -1
		outer loop
			vertex -6280 -955 2.120525977034049e-13
			vertex -6020 -497.5 1.1046719095020308e-13
			vertex -6020 -955 2.120525977034049e-13
		endloop
	endfacet
	facet normal 0 -2.220446049250313e-16 -1
		outer loop
			vertex -6280 -955 2.120525977034049e-13
			vertex -6280 -497.5 1.1046719095020308e-13
			vertex -6020 -497.5 1.1046719095020308e-13
		endloop
	endfacet
	facet normal 1 0 0
		outer loop
			vertex -6280 -955 2.120525977034049e-13
			vertex -6280 -497.50000000000006 -379.9999999999999
			vertex -6280 -497.5 1.1046719095020308e-13
		endloop
	endfacet
	facet normal 1 0 0
		outer loop
			vertex -6280 -955.0000000000001 -379.9999999999998
			vertex -6280 -497.50000000000006 -379.9999999999999
			vertex -6280 -955 2.120525977034049e-13
		endloop
	endfacet
	facet normal 0 1 -2.991758887410948e-16
		outer loop
			vertex -6020 -955 2.120525977034049e-13
			vertex -6280 -955.0000000000001 -379.9999999999998
			vertex -6280 -955 2.120525977034049e-13
		endloop
	endfacet
	facet normal 0 1 -2.991758887410948e-16
		outer loop
			vertex -6020 -955 2.120525977034049e-13
			vertex -6020 -955.0000000000001 -379.9999999999998
			vertex -6280 -955.0000000000001 -379.9999999999998
		endloop
	endfacet
	facet normal -1 0 0
		outer loop
			vertex -6020 -497.50000000000006 -379.9999999999999
			vertex -6020 -955.0000000000001 -379.9999999999998
			vertex -6020 -955 2.120525977034049e-13
		endloop
	endfacet
	facet normal -1 0 0
		outer loop
			vertex -6020 -497.5 1.1046719095020308e-13
			vertex -6020 -497.50000000000006 -379.9999999999999
			vertex -6020 -955 2.120525977034049e-13
		endloop
	endfacet
	facet normal 0 -1 1.495879443705474e-16
		outer loop
			vertex -6020 -497.5 1.1046719095020308e-13
			vertex -6280 -497.5 1.1046719095020308e-13
			vertex -6280 -497.50000000000006 -379.9999999999999
		endloop
	endfacet
	facet normal 0 -1 1.495879443705474e-16
		outer loop
			vertex -6020 -497.5 1.1046719095020308e-13
			vertex -6280 -497.50000000000006 -379.9999999999999
			vertex -6020 -497.50000000000006 -379.9999999999999
		endloop
	endfacet
	facet normal 0 2.4849582015653777e-16 1
		outer loop
			vertex -6020 -955.0000000000001 -379.9999999999998
			vertex -6020 -497.50000000000006 -379.9999999999999
			vertex -6280 -497.50000000000006 -379.9999999999999
		endloop
	endfacet
	facet normal 0 2.4849582015653777e-16 1
		outer loop
			vertex -6020 -955.0000000000001 -379.9999999999998
			vertex -6280 -497.50000000000006 -379.9999999999999
			vertex -6280 -955.0000000000001 -379.9999999999998
		endloop
	endfacet
	facet normal 0 -2.220446049250313e-16 -1
		outer loop
			vertex -6280 -975 2.1649348980190553e-13
			vertex -6077.5 -975 2.1649348980190553e-13
			vertex -6077.5 -1065 2.3647750424515834e-13
		endloop
	endfacet
	facet normal 0 -2.220446049250313e-16 -1
		outer loop
			vertex -6280 -1065 2.3647750424515834e-13
			vertex -6280 -975 2.1649348980190553e-13
			vertex -6077.5 -1065 2.3647750424515834e-13
		endloop
	endfacet
	facet normal 1 0 0
		outer loop
			vertex -6280 -1065 -379.9999999999998
			vertex -6280 -975 2.1649348980190553e-13
			vertex -6280 -1065 2.3647750424515834e-13
		endloop
	endfacet
	facet normal 1 0 0
		outer loop
			vertex -6280 -1065 -379.9999999999998
			vertex -6280 -975.0000000000001 -379.9999999999998
			vertex -6280 -975 2.1649348980190553e-13
		endloop
	endfacet
	facet normal 0 1 0
		outer loop
			vertex -6280 -1065 -379.9999999999998
			vertex -6077.5 -1065 2.3647750424515834e-13
			vertex -6077.5 -1065 -379.9999999999998
		endloop
	endfacet
	facet normal 0 1 0
		outer loop
			vertex -6280 -1065 -379.9999999999998
			vertex -6280 -1065 2.3647750424515834e-13
			vertex -6077.5 -1065 2.3647750424515834e-13
		endloop
	endfacet
	facet normal -1 0 0
		outer loop
			vertex -6077.5 -975 2.1649348980190553e-13
			vertex -6077.5 -1065 -379.9999999999998
			vertex -6077.5 -1065 2.3647750424515834e-13
		endloop
	endfacet
	facet normal -1 0 0
		outer loop
			vertex -6077.5 -975 2.1649348980190553e-13
			vertex -6077.5 -975.0000000000001 -379.9999999999998
			vertex -6077.5 -1065 -379.9999999999998
		endloop
	endfacet
	facet normal 0 -1 2.991758887410948e-16
		outer loop
			vertex -6077.5 -975 2.1649348980190553e-13
			vertex -6280 -975 2.1649348980190553e-13
			vertex -6280 -975.0000000000001 -379.9999999999998
		endloop
	endfacet
	facet normal 0 -1 2.991758887410948e-16
		outer loop
			vertex -6077.5 -975 2.1649348980190553e-13
			vertex -6280 -975.0000000000001 -379.9999999999998
			vertex -6077.5 -975.0000000000001 -379.9999999999998
		endloop
	endfacet
	facet normal 0 0 1
		outer loop
			vertex -6077.5 -975.0000000000001 -379.9999999999998
			vertex -6280 -975.0000000000001 -379.9999999999998
			vertex -6280 -1065 -379.9999999999998
		endloop
	endfacet
	facet normal 0 0 1
		outer loop
			vertex -6077.5 -1065 -379.9999999999998
			vertex -6077.5 -975.0000000000001 -379.9999999999998
			vertex -6280 -1065 -379.9999999999998
		endloop
	endfacet
	facet normal 0 -2.220446049250313e-16 -1
		outer loop
			vertex 3085 -4280 9.50350909079134e-13
			vertex 3502.5 -4020 8.926193117986259e-13
			vertex 3502.5 -4280 9.50350909079134e-13
		endloop
	endfacet
	facet normal 0 -2.220446049250313e-16 -1
		outer loop
			vertex 3085 -4280 9.50350909079134e-13
			vertex 3085 -4020 8.926193117986259e-13
			vertex 3502.5 -4020 8.926193117986259e-13
		endloop
	endfacet
	facet normal 0 1 0
		outer loop
			vertex 3502.5 -4280 9.50350909079134e-13
			vertex 3085 -4280 -379.99999999999903
			vertex 3085 -4280 9.50350909079134e-13
		endloop
	endfacet
	facet normal 0 1 0
		outer loop
			vertex 3502.5 -4280 9.50350909079134e-13
			vertex 3502.5 -4280 -379.99999999999903
			vertex 3085 -4280 -379.99999999999903
		endloop
	endfacet
	facet normal -1 0 0
		outer loop
			vertex 3502.5 -4280 -379.99999999999903
			vertex 3502.5 -4020 8.926193117986259e-13
			vertex 3502.5 -4020 -379.9999999999991
		endloop
	endfacet
	facet normal -1 0 0
		outer loop
			vertex 3502.5 -4280 -379.99999999999903
			vertex 3502.5 -4280 9.50350909079134e-13
			vertex 3502.5 -4020 8.926193117986259e-13
		endloop
	endfacet
	facet normal 0 -1 0
		outer loop
			vertex 3085 -4020 -379.9999999999991
			vertex 3502.5 -4020 8.926193117986259e-13
			vertex 3085 -4020 8.926193117986259e-13
		endloop
	endfacet
	facet normal 0 -1 0
		outer loop
			vertex 3085 -4020 -379.9999999999991
			vertex 3502.5 -4020 -379.9999999999991
			vertex 3502.5 -4020 8.926193117986259e-13
		endloop
	endfacet
	facet normal 1 0 0
		outer loop
			vertex 3085 -4280 -379.99999999999903
			vertex 3085 -4020 8.926193117986259e-13
			vertex 3085 -4280 9.50350909079134e-13
		endloop
	endfacet
	facet normal 1 0 0
		outer loop
			vertex 3085 -4280 -379.99999999999903
			vertex 3085 -4020 -379.9999999999991
			vertex 3085 -4020 8.926193117986259e-13
		endloop
	endfacet
	facet normal 0 2.1862853408003084e-16 1
		outer loop
			vertex 3502.5 -4020 -379.9999999999991
			vertex 3085 -4020 -379.9999999999991
			vertex 3085 -4280 -379.99999999999903
		endloop
	endfacet
	facet normal 0 2.1862853408003084e-16 1
		outer loop
			vertex 3502.5 -4020 -379.9999999999991
			vertex 3085 -4280 -379.99999999999903
			vertex 3502.5 -4280 -379.99999999999903
		endloop
	endfacet
	facet normal 0 -2.220446049250313e-16 -1
		outer loop
			vertex 2497.5 -4280 9.50350909079134e-13
			vertex 2955 -4020 8.926193117986259e-13
			vertex 2955 -4280 9.50350909079134e-13
		endloop
	endfacet
	facet normal 0 -2.220446049250313e-16 -1
		outer loop
			vertex 2497.5 -4280 9.50350909079134e-13
			vertex 2497.5 -4020 8.926193117986259e-13
			vertex 2955 -4020 8.926193117986259e-13
		endloop
	endfacet
	facet normal 0 1 0
		outer loop
			vertex 2955 -4280 -379.99999999999903
			vertex 2497.5 -4280 -379.99999999999903
			vertex 2497.5 -4280 9.50350909079134e-13
		endloop
	endfacet
	facet normal 0 1 0
		outer loop
			vertex 2955 -4280 9.50350909079134e-13
			vertex 2955 -4280 -379.99999999999903
			vertex 2497.5 -4280 9.50350909079134e-13
		endloop
	endfacet
	facet normal -1 0 0
		outer loop
			vertex 2955 -4020 8.926193117986259e-13
			vertex 2955 -4280 -379.99999999999903
			vertex 2955 -4280 9.50350909079134e-13
		endloop
	endfacet
	facet normal -1 0 0
		outer loop
			vertex 2955 -4020 8.926193117986259e-13
			vertex 2955 -4020 -379.9999999999991
			vertex 2955 -4280 -379.99999999999903
		endloop
	endfacet
	facet normal 0 -1 0
		outer loop
			vertex 2497.5 -4020 8.926193117986259e-13
			vertex 2955 -4020 -379.9999999999991
			vertex 2955 -4020 8.926193117986259e-13
		endloop
	endfacet
	facet normal 0 -1 0
		outer loop
			vertex 2497.5 -4020 -379.9999999999991
			vertex 2955 -4020 -379.9999999999991
			vertex 2497.5 -4020 8.926193117986259e-13
		endloop
	endfacet
	facet normal 1 0 0
		outer loop
			vertex 2497.5 -4020 8.926193117986259e-13
			vertex 2497.5 -4280 9.50350909079134e-13
			vertex 2497.5 -4280 -379.99999999999903
		endloop
	endfacet
	facet normal 1 0 0
		outer loop
			vertex 2497.5 -4020 8.926193117986259e-13
			vertex 2497.5 -4280 -379.99999999999903
			vertex 2497.5 -4020 -379.9999999999991
		endloop
	endfacet
	facet normal 0 2.1862853408003084e-16 1
		outer loop
			vertex 2955 -4020 -379.9999999999991
			vertex 2497.5 -4020 -379.9999999999991
			vertex 2497.5 -4280 -379.99999999999903
		endloop
	endfacet
	facet normal 0 2.1862853408003084e-16 1
		outer loop
			vertex 2955 -4020 -379.9999999999991
			vertex 2497.5 -4280 -379.99999999999903
			vertex 2955 -4280 -379.99999999999903
		endloop
	endfacet
	facet normal 0 1 0
		outer loop
			vertex 3065 -4280 9.50350909079134e-13
			vertex 2975 -4280 -379.99999999999903
			vertex 2975 -4280 9.50350909079134e-13
		endloop
	endfacet
	facet normal 0 1 0
		outer loop
			vertex 3065 -4280 9.50350909079134e-13
			vertex 3065 -4280 -379.99999999999903
			vertex 2975 -4280 -379.99999999999903
		endloop
	endfacet
	facet normal 0 -2.220446049250313e-16 -1
		outer loop
			vertex 3065 -4280 9.50350909079134e-13
			vertex 2975 -4077.5 9.053868765818152e-13
			vertex 3065 -4077.5 9.053868765818152e-13
		endloop
	endfacet
	facet normal 0 -2.220446049250313e-16 -1
		outer loop
			vertex 2975 -4280 9.50350909079134e-13
			vertex 2975 -4077.5 9.053868765818152e-13
			vertex 3065 -4280 9.50350909079134e-13
		endloop
	endfacet
	facet normal 1 0 0
		outer loop
			vertex 2975 -4077.5 9.053868765818152e-13
			vertex 2975 -4280 9.50350909079134e-13
			vertex 2975 -4280 -379.99999999999903
		endloop
	endfacet
	facet normal 1 0 0
		outer loop
			vertex 2975 -4077.5 9.053868765818152e-13
			vertex 2975 -4280 -379.99999999999903
			vertex 2975 -4077.5 -379.9999999999991
		endloop
	endfacet
	facet normal 0 2.807082412879408e-16 1
		outer loop
			vertex 2975 -4077.5 -379.9999999999991
			vertex 2975 -4280 -379.99999999999903
			vertex 3065 -4280 -379.99999999999903
		endloop
	endfacet
	facet normal 0 2.807082412879408e-16 1
		outer loop
			vertex 3065 -4077.5 -379.9999999999991
			vertex 2975 -4077.5 -379.9999999999991
			vertex 3065 -4280 -379.99999999999903
		endloop
	endfacet
	facet normal -1 0 0
		outer loop
			vertex 3065 -4280 -379.99999999999903
			vertex 3065 -4077.5 9.053868765818152e-13
			vertex 3065 -4077.5 -379.9999999999991
		endloop
	endfacet
	facet normal -1 0 0
		outer loop
			vertex 3065 -4280 -379.99999999999903
			vertex 3065 -4280 9.50350909079134e-13
			vertex 3065 -4077.5 9.053868765818152e-13
		endloop
	endfacet
	facet normal 0 -1 0
		outer loop
			vertex 2975 -4077.5 -379.9999999999991
			vertex 3065 -4077.5 9.053868765818152e-13
			vertex 2975 -4077.5 9.053868765818152e-13
		endloop
	endfacet
	facet normal 0 -1 0
		outer loop
			vertex 2975 -4077.5 -379.9999999999991
			vertex 3065 -4077.5 -379.9999999999991
			vertex 3065 -4077.5 9.053868765818152e-13
		endloop
	endfacet
	facet normal 0 -1.8947806286936006e-16 -1
		outer loop
			vertex 6000 4000 -400.0000000000009
			vertex 6000 4300 -400.00000000000097
			vertex 6300 4300 -400.00000000000097
		endloop
	endfacet
	facet normal 0 -1.8947806286936004e-16 -1
		outer loop
			vertex 2000 4000 -400.0000000000009
			vertex 6000 4300 -400.00000000000097
			vertex 6000 4000 -400.0000000000009
		endloop
	endfacet
	facet normal 0 -1.8947806286936004e-16 -1
		outer loop
			vertex -3.789561370324927e-14 4000 -400.0000000000009
			vertex 6000 4300 -400.00000000000097
			vertex 2000 4000 -400.0000000000009
		endloop
	endfacet
	facet normal -3.5251732626857686e-17 -2.2472979549621776e-16 -1
		outer loop
			vertex 6000 -4000 -399.9999999999991
			vertex 6300 4300 -400.00000000000097
			vertex 6300 -4300 -399.99999999999903
		endloop
	endfacet
	facet normal 3.789561257387201e-17 -2.2737367544323206e-16 -1
		outer loop
			vertex 6000 -4000 -399.9999999999991
			vertex 6000 4000 -400.0000000000009
			vertex 6300 4300 -400.00000000000097
		endloop
	endfacet
	facet normal 0 -1.8947806286936009e-16 -1
		outer loop
			vertex -6300 4300 -400.00000000000097
			vertex -3.789561370324927e-14 4000 -400.0000000000009
			vertex -6000 4000 -400.0000000000009
		endloop
	endfacet
	facet normal 3.789561257387201e-17 -2.2737367544323206e-16 -1
		outer loop
			vertex -6300 -4300 -399.99999999999903
			vertex -6000 4000 -400.0000000000009
			vertex -6000 -4000 -399.9999999999991
		endloop
	endfacet
	facet normal -3.5251732626857686e-17 -2.2472979549621776e-16 -1
		outer loop
			vertex -6300 -4300 -399.99999999999903
			vertex -6300 4300 -400.00000000000097
			vertex -6000 4000 -400.0000000000009
		endloop
	endfacet
	facet normal 0 -1.8947806286936009e-16 -1
		outer loop
			vertex 6000 4300 -400.00000000000097
			vertex -3.789561370324927e-14 4000 -400.0000000000009
			vertex -6300 4300 -400.00000000000097
		endloop
	endfacet
	facet normal 0 -1.8947806286936006e-16 -1
		outer loop
			vertex -6300 -4300 -399.99999999999903
			vertex 6000 -4000 -399.9999999999991
			vertex 6300 -4300 -399.99999999999903
		endloop
	endfacet
	facet normal 0 -1.8947806286936009e-16 -1
		outer loop
			vertex -6300 -4300 -399.99999999999903
			vertex -6000 -4000 -399.9999999999991
			vertex 6000 -4000 -399.9999999999991
		endloop
	endfacet
	facet normal 0 -1 0
		outer loop
			vertex 6300 4300 -400.00000000000097
			vertex 6000 4300 -400.00000000000097
			vertex 6000 4300 -420.00000000000097
		endloop
	endfacet
	facet normal 0 -1 0
		outer loop
			vertex 6300 4300 -400.00000000000097
			vertex 6000 4300 -420.00000000000097
			vertex 6300 4300 -420.00000000000097
		endloop
	endfacet
	facet normal -1 0 0
		outer loop
			vertex 6300 4000 -400.0000000000009
			vertex 6300 4300 -400.00000000000097
			vertex 6300 4300 -420.00000000000097
		endloop
	endfacet
	facet normal -1 0 0
		outer loop
			vertex 6300 4000 -420.0000000000009
			vertex 6300 4000 -400.0000000000009
			vertex 6300 4300 -420.00000000000097
		endloop
	endfacet
	facet normal -1 0 0
		outer loop
			vertex 6300 2000 -420.00000000000045
			vertex 6300 2000 -400.00000000000045
			vertex 6300 4000 -400.0000000000009
		endloop
	endfacet
	facet normal -1 0 0
		outer loop
			vertex 6300 2000 -420.00000000000045
			vertex 6300 4000 -400.0000000000009
			vertex 6300 4000 -420.0000000000009
		endloop
	endfacet
	facet normal -1 0 0
		outer loop
			vertex 6300 -1.3115434777176242e-13 -420
			vertex 6300 -1.4566126083082054e-13 -400
			vertex 6300 2000 -400.00000000000045
		endloop
	endfacet
	facet normal -1 0 0
		outer loop
			vertex 6300 -1.3115434777176242e-13 -420
			vertex 6300 2000 -400.00000000000045
			vertex 6300 2000 -420.00000000000045
		endloop
	endfacet
	facet normal -1 0 0
		outer loop
			vertex 6300 -2000 -419.99999999999955
			vertex 6300 -2000 -399.99999999999955
			vertex 6300 -1.4566126083082054e-13 -400
		endloop
	endfacet
	facet normal -1 0 0
		outer loop
			vertex 6300 -2000 -419.99999999999955
			vertex 6300 -1.4566126083082054e-13 -400
			vertex 6300 -1.3115434777176242e-13 -420
		endloop
	endfacet
	facet normal -1 0 0
		outer loop
			vertex 6300 -4000 -419.9999999999991
			vertex 6300 -4000 -399.9999999999991
			vertex 6300 -2000 -399.99999999999955
		endloop
	endfacet
	facet normal -1 0 0
		outer loop
			vertex 6300 -4000 -419.9999999999991
			vertex 6300 -2000 -399.99999999999955
			vertex 6300 -2000 -419.99999999999955
		endloop
	endfacet
	facet normal -1 0 0
		outer loop
			vertex 6300 -4300 -399.99999999999903
			vertex 6300 -4000 -399.9999999999991
			vertex 6300 -4000 -419.9999999999991
		endloop
	endfacet
	facet normal -1 0 0
		outer loop
			vertex 6300 -4300 -419.99999999999903
			vertex 6300 -4300 -399.99999999999903
			vertex 6300 -4000 -419.9999999999991
		endloop
	endfacet
	facet normal 0 1 0
		outer loop
			vertex 6000 -4300 -399.99999999999903
			vertex 6300 -4300 -399.99999999999903
			vertex 6300 -4300 -419.99999999999903
		endloop
	endfacet
	facet normal 0 1 0
		outer loop
			vertex 6000 -4300 -419.99999999999903
			vertex 6000 -4300 -399.99999999999903
			vertex 6300 -4300 -419.99999999999903
		endloop
	endfacet
	facet normal 0 1 0
		outer loop
			vertex 4000 -4300 -419.99999999999903
			vertex 4000 -4300 -399.99999999999903
			vertex 6000 -4300 -399.99999999999903
		endloop
	endfacet
	facet normal 0 1 0
		outer loop
			vertex 4000 -4300 -419.99999999999903
			vertex 6000 -4300 -399.99999999999903
			vertex 6000 -4300 -419.99999999999903
		endloop
	endfacet
	facet normal 0 1 0
		outer loop
			vertex 2000 -4300 -419.99999999999903
			vertex 2000 -4300 -399.99999999999903
			vertex 4000 -4300 -399.99999999999903
		endloop
	endfacet
	facet normal 0 1 0
		outer loop
			vertex 2000 -4300 -419.99999999999903
			vertex 4000 -4300 -399.99999999999903
			vertex 4000 -4300 -419.99999999999903
		endloop
	endfacet
	facet normal 0 1 0
		outer loop
			vertex -3.789561370324927e-14 -4300 -419.99999999999903
			vertex -5.684341886080802e-14 -4300 -399.99999999999903
			vertex 2000 -4300 -399.99999999999903
		endloop
	endfacet
	facet normal 0 1 0
		outer loop
			vertex -3.789561370324927e-14 -4300 -419.99999999999903
			vertex 2000 -4300 -399.99999999999903
			vertex 2000 -4300 -419.99999999999903
		endloop
	endfacet
	facet normal 0 1 0
		outer loop
			vertex -2000 -4300 -419.99999999999903
			vertex -2000 -4300 -399.99999999999903
			vertex -5.684341886080802e-14 -4300 -399.99999999999903
		endloop
	endfacet
	facet normal 0 1 0
		outer loop
			vertex -2000 -4300 -419.99999999999903
			vertex -5.684341886080802e-14 -4300 -399.99999999999903
			vertex -3.789561370324927e-14 -4300 -419.99999999999903
		endloop
	endfacet
	facet normal 0 1 0
		outer loop
			vertex -4000 -4300 -419.99999999999903
			vertex -4000 -4300 -399.99999999999903
			vertex -2000 -4300 -399.99999999999903
		endloop
	endfacet
	facet normal 0 1 0
		outer loop
			vertex -4000 -4300 -419.99999999999903
			vertex -2000 -4300 -399.99999999999903
			vertex -2000 -4300 -419.99999999999903
		endloop
	endfacet
	facet normal 0 1 0
		outer loop
			vertex -6000 -4300 -419.99999999999903
			vertex -6000 -4300 -399.99999999999903
			vertex -4000 -4300 -399.99999999999903
		endloop
	endfacet
	facet normal 0 1 0
		outer loop
			vertex -6000 -4300 -419.99999999999903
			vertex -4000 -4300 -399.99999999999903
			vertex -4000 -4300 -419.99999999999903
		endloop
	endfacet
	facet normal 0 1 0
		outer loop
			vertex -6300 -4300 -399.99999999999903
			vertex -6000 -4300 -399.99999999999903
			vertex -6000 -4300 -419.99999999999903
		endloop
	endfacet
	facet normal 0 1 0
		outer loop
			vertex -6300 -4300 -419.99999999999903
			vertex -6300 -4300 -399.99999999999903
			vertex -6000 -4300 -419.99999999999903
		endloop
	endfacet
	facet normal 1 0 0
		outer loop
			vertex -6300 -4000 -419.9999999999991
			vertex -6300 -4300 -399.99999999999903
			vertex -6300 -4300 -419.99999999999903
		endloop
	endfacet
	facet normal 1 0 0
		outer loop
			vertex -6300 -4000 -399.9999999999991
			vertex -6300 -4300 -399.99999999999903
			vertex -6300 -4000 -419.9999999999991
		endloop
	endfacet
	facet normal 1 0 0
		outer loop
			vertex -6300 -2000 -399.99999999999955
			vertex -6300 -4000 -399.9999999999991
			vertex -6300 -4000 -419.9999999999991
		endloop
	endfacet
	facet normal 1 0 0
		outer loop
			vertex -6300 -2000 -399.99999999999955
			vertex -6300 -4000 -419.9999999999991
			vertex -6300 -2000 -419.99999999999955
		endloop
	endfacet
	facet normal 1 0 0
		outer loop
			vertex -6300 -3.197442310920451e-14 -400
			vertex -6300 -2000 -399.99999999999955
			vertex -6300 -2000 -419.99999999999955
		endloop
	endfacet
	facet normal 1 0 0
		outer loop
			vertex -6300 -3.197442310920451e-14 -400
			vertex -6300 -2000 -419.99999999999955
			vertex -6300 -5.5363120365263876e-14 -420
		endloop
	endfacet
	facet normal 1 0 0
		outer loop
			vertex -6300 2000 -420.00000000000045
			vertex -6300 -3.197442310920451e-14 -400
			vertex -6300 -5.5363120365263876e-14 -420
		endloop
	endfacet
	facet normal 1 0 0
		outer loop
			vertex -6300 2000 -400.00000000000045
			vertex -6300 -3.197442310920451e-14 -400
			vertex -6300 2000 -420.00000000000045
		endloop
	endfacet
	facet normal 1 0 0
		outer loop
			vertex -6300 4000 -400.0000000000009
			vertex -6300 2000 -400.00000000000045
			vertex -6300 2000 -420.00000000000045
		endloop
	endfacet
	facet normal 1 0 0
		outer loop
			vertex -6300 4000 -400.0000000000009
			vertex -6300 2000 -420.00000000000045
			vertex -6300 4000 -420.0000000000009
		endloop
	endfacet
	facet normal 1 0 0
		outer loop
			vertex -6300 4300 -420.00000000000097
			vertex -6300 4000 -400.0000000000009
			vertex -6300 4000 -420.0000000000009
		endloop
	endfacet
	facet normal 1 0 0
		outer loop
			vertex -6300 4300 -400.00000000000097
			vertex -6300 4000 -400.0000000000009
			vertex -6300 4300 -420.00000000000097
		endloop
	endfacet
	facet normal 0 -1 0
		outer loop
			vertex -6000 4300 -420.00000000000097
			vertex -6300 4300 -400.00000000000097
			vertex -6300 4300 -420.00000000000097
		endloop
	endfacet
	facet normal 0 -1 0
		outer loop
			vertex -6000 4300 -400.00000000000097
			vertex -6300 4300 -400.00000000000097
			vertex -6000 4300 -420.00000000000097
		endloop
	endfacet
	facet normal 0 -1 0
		outer loop
			vertex -4000 4300 -400.00000000000097
			vertex -6000 4300 -400.00000000000097
			vertex -6000 4300 -420.00000000000097
		endloop
	endfacet
	facet normal 0 -1 0
		outer loop
			vertex -4000 4300 -400.00000000000097
			vertex -6000 4300 -420.00000000000097
			vertex -4000 4300 -420.00000000000097
		endloop
	endfacet
	facet normal 0 -1 0
		outer loop
			vertex -2000 4300 -400.00000000000097
			vertex -4000 4300 -400.00000000000097
			vertex -4000 4300 -420.00000000000097
		endloop
	endfacet
	facet normal 0 -1 0
		outer loop
			vertex -2000 4300 -400.00000000000097
			vertex -4000 4300 -420.00000000000097
			vertex -2000 4300 -420.00000000000097
		endloop
	endfacet
	facet normal 0 -1 0
		outer loop
			vertex 5.684341886080802e-14 4300 -400.00000000000097
			vertex -2000 4300 -400.00000000000097
			vertex -2000 4300 -420.00000000000097
		endloop
	endfacet
	facet normal 0 -1 0
		outer loop
			vertex 5.684341886080802e-14 4300 -400.00000000000097
			vertex -2000 4300 -420.00000000000097
			vertex 3.789561370324927e-14 4300 -420.00000000000097
		endloop
	endfacet
	facet normal 0 -1 0
		outer loop
			vertex 2000 4300 -400.00000000000097
			vertex 5.684341886080802e-14 4300 -400.00000000000097
			vertex 3.789561370324927e-14 4300 -420.00000000000097
		endloop
	endfacet
	facet normal 0 -1 0
		outer loop
			vertex 2000 4300 -400.00000000000097
			vertex 3.789561370324927e-14 4300 -420.00000000000097
			vertex 2000 4300 -420.00000000000097
		endloop
	endfacet
	facet normal 0 -1 0
		outer loop
			vertex 4000 4300 -400.00000000000097
			vertex 2000 4300 -400.00000000000097
			vertex 2000 4300 -420.00000000000097
		endloop
	endfacet
	facet normal 0 -1 0
		outer loop
			vertex 4000 4300 -400.00000000000097
			vertex 2000 4300 -420.00000000000097
			vertex 4000 4300 -420.00000000000097
		endloop
	endfacet
	facet normal 0 -1 0
		outer loop
			vertex 6000 4300 -400.00000000000097
			vertex 4000 4300 -400.00000000000097
			vertex 4000 4300 -420.00000000000097
		endloop
	endfacet
	facet normal 0 -1 0
		outer loop
			vertex 6000 4300 -400.00000000000097
			vertex 4000 4300 -420.00000000000097
			vertex 6000 4300 -420.00000000000097
		endloop
	endfacet
	facet normal 0 1.8947806286936006e-16 1
		outer loop
			vertex 6000 4000 -420.0000000000009
			vertex 6300 4000 -420.0000000000009
			vertex 6300 4300 -420.00000000000097
		endloop
	endfacet
	facet normal 0 1.8947806286936006e-16 1
		outer loop
			vertex 6000 4000 -420.0000000000009
			vertex 6300 4300 -420.00000000000097
			vertex 6000 4300 -420.00000000000097
		endloop
	endfacet
	facet normal 0 2.2737367544323206e-16 1
		outer loop
			vertex 6000 2000 -420.00000000000045
			vertex 6300 2000 -420.00000000000045
			vertex 6300 4000 -420.0000000000009
		endloop
	endfacet
	facet normal 0 2.2737367544323206e-16 1
		outer loop
			vertex 6000 2000 -420.00000000000045
			vertex 6300 4000 -420.0000000000009
			vertex 6000 4000 -420.0000000000009
		endloop
	endfacet
	facet normal 0 1.8947806286936004e-16 1
		outer loop
			vertex 4000 4000 -420.0000000000009
			vertex 6000 4300 -420.00000000000097
			vertex 4000 4300 -420.00000000000097
		endloop
	endfacet
	facet normal 0 1.8947806286936004e-16 1
		outer loop
			vertex 4000 4000 -420.0000000000009
			vertex 6000 4000 -420.0000000000009
			vertex 6000 4300 -420.00000000000097
		endloop
	endfacet
	facet normal 0 1.8947806286936004e-16 1
		outer loop
			vertex 2000 4000 -420.0000000000009
			vertex 4000 4300 -420.00000000000097
			vertex 2000 4300 -420.00000000000097
		endloop
	endfacet
	facet normal 0 1.8947806286936004e-16 1
		outer loop
			vertex 2000 4000 -420.0000000000009
			vertex 4000 4000 -420.0000000000009
			vertex 4000 4300 -420.00000000000097
		endloop
	endfacet
	facet normal 2.872154990294899e-32 2.2737367544323206e-16 1
		outer loop
			vertex 6000 -9.325873406851315e-14 -420
			vertex 6300 -1.3115434777176242e-13 -420
			vertex 6300 2000 -420.00000000000045
		endloop
	endfacet
	facet normal 0 2.2737367544323206e-16 1
		outer loop
			vertex 6000 -9.325873406851315e-14 -420
			vertex 6300 2000 -420.00000000000045
			vertex 6000 2000 -420.00000000000045
		endloop
	endfacet
	facet normal 0 1.8947806286936004e-16 1
		outer loop
			vertex 0 4000 -420.0000000000009
			vertex 2000 4300 -420.00000000000097
			vertex 3.789561370324927e-14 4300 -420.00000000000097
		endloop
	endfacet
	facet normal 0 1.8947806286936004e-16 1
		outer loop
			vertex 0 4000 -420.0000000000009
			vertex 2000 4000 -420.0000000000009
			vertex 2000 4300 -420.00000000000097
		endloop
	endfacet
	facet normal 0 2.273736754432321e-16 1
		outer loop
			vertex 6000 -2000 -419.99999999999955
			vertex 6300 -2000 -419.99999999999955
			vertex 6300 -1.3115434777176242e-13 -420
		endloop
	endfacet
	facet normal 2.8721549902949e-32 2.273736754432321e-16 1
		outer loop
			vertex 6000 -2000 -419.99999999999955
			vertex 6300 -1.3115434777176242e-13 -420
			vertex 6000 -9.325873406851315e-14 -420
		endloop
	endfacet
	facet normal 0 1.8947806286936004e-16 1
		outer loop
			vertex -2000 4000 -420.0000000000009
			vertex 3.789561370324927e-14 4300 -420.00000000000097
			vertex -2000 4300 -420.00000000000097
		endloop
	endfacet
	facet normal 0 1.8947806286936004e-16 1
		outer loop
			vertex -2000 4000 -420.0000000000009
			vertex 0 4000 -420.0000000000009
			vertex 3.789561370324927e-14 4300 -420.00000000000097
		endloop
	endfacet
	facet normal 0 2.2737367544323206e-16 1
		outer loop
			vertex 6000 -4000 -419.9999999999991
			vertex 6300 -4000 -419.9999999999991
			vertex 6300 -2000 -419.99999999999955
		endloop
	endfacet
	facet normal 0 2.2737367544323206e-16 1
		outer loop
			vertex 6000 -4000 -419.9999999999991
			vertex 6300 -2000 -419.99999999999955
			vertex 6000 -2000 -419.99999999999955
		endloop
	endfacet
	facet normal 0 1.8947806286936006e-16 1
		outer loop
			vertex 6000 -4300 -419.99999999999903
			vertex 6300 -4300 -419.99999999999903
			vertex 6300 -4000 -419.9999999999991
		endloop
	endfacet
	facet normal 0 1.8947806286936006e-16 1
		outer loop
			vertex 6000 -4300 -419.99999999999903
			vertex 6300 -4000 -419.9999999999991
			vertex 6000 -4000 -419.9999999999991
		endloop
	endfacet
	facet normal 0 1.8947806286936004e-16 1
		outer loop
			vertex -4000 4000 -420.0000000000009
			vertex -2000 4300 -420.00000000000097
			vertex -4000 4300 -420.00000000000097
		endloop
	endfacet
	facet normal 0 1.8947806286936004e-16 1
		outer loop
			vertex -4000 4000 -420.0000000000009
			vertex -2000 4000 -420.0000000000009
			vertex -2000 4300 -420.00000000000097
		endloop
	endfacet
	facet normal 0 1.8947806286936004e-16 1
		outer loop
			vertex 4000 -4300 -419.99999999999903
			vertex 6000 -4000 -419.9999999999991
			vertex 4000 -4000 -419.9999999999991
		endloop
	endfacet
	facet normal 0 1.8947806286936004e-16 1
		outer loop
			vertex 4000 -4300 -419.99999999999903
			vertex 6000 -4300 -419.99999999999903
			vertex 6000 -4000 -419.9999999999991
		endloop
	endfacet
	facet normal 0 1.8947806286936004e-16 1
		outer loop
			vertex -6000 4000 -420.0000000000009
			vertex -4000 4300 -420.00000000000097
			vertex -6000 4300 -420.00000000000097
		endloop
	endfacet
	facet normal 0 1.8947806286936004e-16 1
		outer loop
			vertex -6000 4000 -420.0000000000009
			vertex -4000 4000 -420.0000000000009
			vertex -4000 4300 -420.00000000000097
		endloop
	endfacet
	facet normal 0 1.8947806286936004e-16 1
		outer loop
			vertex 2000 -4300 -419.99999999999903
			vertex 4000 -4300 -419.99999999999903
			vertex 4000 -4000 -419.9999999999991
		endloop
	endfacet
	facet normal 0 1.8947806286936004e-16 1
		outer loop
			vertex 2000 -4300 -419.99999999999903
			vertex 4000 -4000 -419.9999999999991
			vertex 2000 -4000 -419.9999999999991
		endloop
	endfacet
	facet normal 0 1.8947806286936006e-16 1
		outer loop
			vertex -6300 4000 -420.0000000000009
			vertex -6000 4300 -420.00000000000097
			vertex -6300 4300 -420.00000000000097
		endloop
	endfacet
	facet normal 0 1.8947806286936006e-16 1
		outer loop
			vertex -6300 4000 -420.0000000000009
			vertex -6000 4000 -420.0000000000009
			vertex -6000 4300 -420.00000000000097
		endloop
	endfacet
	facet normal 0 2.2737367544323206e-16 1
		outer loop
			vertex -6300 2000 -420.00000000000045
			vertex -6000 4000 -420.0000000000009
			vertex -6300 4000 -420.0000000000009
		endloop
	endfacet
	facet normal 0 2.2737367544323206e-16 1
		outer loop
			vertex -6300 2000 -420.00000000000045
			vertex -6000 2000 -420.00000000000045
			vertex -6000 4000 -420.0000000000009
		endloop
	endfacet
	facet normal 0 1.8947806286936004e-16 1
		outer loop
			vertex -3.789561370324927e-14 -4300 -419.99999999999903
			vertex 2000 -4300 -419.99999999999903
			vertex 2000 -4000 -419.9999999999991
		endloop
	endfacet
	facet normal 0 1.8947806286936004e-16 1
		outer loop
			vertex -3.789561370324927e-14 -4300 -419.99999999999903
			vertex 2000 -4000 -419.9999999999991
			vertex 0 -4000 -419.9999999999991
		endloop
	endfacet
	facet normal 2.872154990294899e-32 2.2737367544323206e-16 1
		outer loop
			vertex -6300 -5.5363120365263876e-14 -420
			vertex -6000 -9.325873406851315e-14 -420
			vertex -6000 2000 -420.00000000000045
		endloop
	endfacet
	facet normal 0 2.2737367544323206e-16 1
		outer loop
			vertex -6300 -5.5363120365263876e-14 -420
			vertex -6000 2000 -420.00000000000045
			vertex -6300 2000 -420.00000000000045
		endloop
	endfacet
	facet normal 0 1.8947806286936004e-16 1
		outer loop
			vertex -2000 -4300 -419.99999999999903
			vertex -3.789561370324927e-14 -4300 -419.99999999999903
			vertex 0 -4000 -419.9999999999991
		endloop
	endfacet
	facet normal 0 1.8947806286936004e-16 1
		outer loop
			vertex -2000 -4300 -419.99999999999903
			vertex 0 -4000 -419.9999999999991
			vertex -2000 -4000 -419.9999999999991
		endloop
	endfacet
	facet normal 0 1.8947806286936004e-16 1
		outer loop
			vertex -4000 -4300 -419.99999999999903
			vertex -2000 -4300 -419.99999999999903
			vertex -2000 -4000 -419.9999999999991
		endloop
	endfacet
	facet normal 0 1.8947806286936004e-16 1
		outer loop
			vertex -4000 -4300 -419.99999999999903
			vertex -2000 -4000 -419.9999999999991
			vertex -4000 -4000 -419.9999999999991
		endloop
	endfacet
	facet normal 2.872154990294899e-32 2.2737367544323206e-16 1
		outer loop
			vertex -6300 -2000 -419.99999999999955
			vertex -6000 -9.325873406851315e-14 -420
			vertex -6300 -5.5363120365263876e-14 -420
		endloop
	endfacet
	facet normal 0 2.2737367544323206e-16 1
		outer loop
			vertex -6300 -2000 -419.99999999999955
			vertex -6000 -2000 -419.99999999999955
			vertex -6000 -9.325873406851315e-14 -420
		endloop
	endfacet
	facet normal 0 1.8947806286936004e-16 1
		outer loop
			vertex -6000 -4300 -419.99999999999903
			vertex -4000 -4300 -419.99999999999903
			vertex -4000 -4000 -419.9999999999991
		endloop
	endfacet
	facet normal 0 1.8947806286936004e-16 1
		outer loop
			vertex -6000 -4300 -419.99999999999903
			vertex -4000 -4000 -419.9999999999991
			vertex -6000 -4000 -419.9999999999991
		endloop
	endfacet
	facet normal 0 2.2737367544323206e-16 1
		outer loop
			vertex -6300 -4000 -419.9999999999991
			vertex -6000 -2000 -419.99999999999955
			vertex -6300 -2000 -419.99999999999955
		endloop
	endfacet
	facet normal 0 2.2737367544323206e-16 1
		outer loop
			vertex -6300 -4000 -419.9999999999991
			vertex -6000 -4000 -419.9999999999991
			vertex -6000 -2000 -419.99999999999955
		endloop
	endfacet
	facet normal 0 1.8947806286936006e-16 1
		outer loop
			vertex -6300 -4300 -419.99999999999903
			vertex -6000 -4000 -419.9999999999991
			vertex -6300 -4000 -419.9999999999991
		endloop
	endfacet
	facet normal 0 1.8947806286936006e-16 1
		outer loop
			vertex -6300 -4300 -419.99999999999903
			vertex -6000 -4300 -419.99999999999903
			vertex -6000 -4000 -419.9999999999991
		endloop
	endfacet
	facet normal 0 1 0
		outer loop
			vertex 2000 4000 -420.0000000000009
			vertex 2000 4000 -400.0000000000009
			vertex 4000 4000 -400.0000000000009
		endloop
	endfacet
	facet normal 0 1 0
		outer loop
			vertex 2000 4000 -420.0000000000009
			vertex 4000 4000 -400.0000000000009
			vertex 4000 4000 -420.0000000000009
		endloop
	endfacet
	facet normal 0 1 0
		outer loop
			vertex 0 4000 -420.0000000000009
			vertex -3.789561370324927e-14 4000 -400.0000000000009
			vertex 2000 4000 -400.0000000000009
		endloop
	endfacet
	facet normal 0 1 0
		outer loop
			vertex 0 4000 -420.0000000000009
			vertex 2000 4000 -400.0000000000009
			vertex 2000 4000 -420.0000000000009
		endloop
	endfacet
	facet normal 0 1 0
		outer loop
			vertex -2000 4000 -420.0000000000009
			vertex -2000 4000 -400.0000000000009
			vertex -3.789561370324927e-14 4000 -400.0000000000009
		endloop
	endfacet
	facet normal 0 1 0
		outer loop
			vertex -2000 4000 -420.0000000000009
			vertex -3.789561370324927e-14 4000 -400.0000000000009
			vertex 0 4000 -420.0000000000009
		endloop
	endfacet
	facet normal 0 1 0
		outer loop
			vertex -4000 4000 -420.0000000000009
			vertex -4000 4000 -400.0000000000009
			vertex -2000 4000 -400.0000000000009
		endloop
	endfacet
	facet normal 0 1 0
		outer loop
			vertex -4000 4000 -420.0000000000009
			vertex -2000 4000 -400.0000000000009
			vertex -2000 4000 -420.0000000000009
		endloop
	endfacet
	facet normal 0 1 0
		outer loop
			vertex -6000 4000 -420.0000000000009
			vertex -6000 4000 -400.0000000000009
			vertex -4000 4000 -400.0000000000009
		endloop
	endfacet
	facet normal 0 1 0
		outer loop
			vertex -6000 4000 -420.0000000000009
			vertex -4000 4000 -400.0000000000009
			vertex -4000 4000 -420.0000000000009
		endloop
	endfacet
	facet normal -1 0 0
		outer loop
			vertex -6000 2000 -420.00000000000045
			vertex -6000 2000 -400.00000000000045
			vertex -6000 4000 -400.0000000000009
		endloop
	endfacet
	facet normal -1 0 0
		outer loop
			vertex -6000 2000 -420.00000000000045
			vertex -6000 4000 -400.0000000000009
			vertex -6000 4000 -420.0000000000009
		endloop
	endfacet
	facet normal -1 0 0
		outer loop
			vertex -6000 -9.325873406851315e-14 -420
			vertex -6000 -1.4566126083082054e-13 -400
			vertex -6000 2000 -400.00000000000045
		endloop
	endfacet
	facet normal -1 0 0
		outer loop
			vertex -6000 -9.325873406851315e-14 -420
			vertex -6000 2000 -400.00000000000045
			vertex -6000 2000 -420.00000000000045
		endloop
	endfacet
	facet normal -1 0 0
		outer loop
			vertex -6000 -2000 -419.99999999999955
			vertex -6000 -2000 -399.99999999999955
			vertex -6000 -1.4566126083082054e-13 -400
		endloop
	endfacet
	facet normal -1 0 0
		outer loop
			vertex -6000 -2000 -419.99999999999955
			vertex -6000 -1.4566126083082054e-13 -400
			vertex -6000 -9.325873406851315e-14 -420
		endloop
	endfacet
	facet normal -1 0 0
		outer loop
			vertex -6000 -4000 -419.9999999999991
			vertex -6000 -4000 -399.9999999999991
			vertex -6000 -2000 -399.99999999999955
		endloop
	endfacet
	facet normal -1 0 0
		outer loop
			vertex -6000 -4000 -419.9999999999991
			vertex -6000 -2000 -399.99999999999955
			vertex -6000 -2000 -419.99999999999955
		endloop
	endfacet
	facet normal 0 -1 0
		outer loop
			vertex -4000 -4000 -399.9999999999991
			vertex -6000 -4000 -399.9999999999991
			vertex -6000 -4000 -419.9999999999991
		endloop
	endfacet
	facet normal 0 -1 0
		outer loop
			vertex -4000 -4000 -399.9999999999991
			vertex -6000 -4000 -419.9999999999991
			vertex -4000 -4000 -419.9999999999991
		endloop
	endfacet
	facet normal 0 -1 0
		outer loop
			vertex -2000 -4000 -399.9999999999991
			vertex -4000 -4000 -399.9999999999991
			vertex -4000 -4000 -419.9999999999991
		endloop
	endfacet
	facet normal 0 -1 0
		outer loop
			vertex -2000 -4000 -399.9999999999991
			vertex -4000 -4000 -419.9999999999991
			vertex -2000 -4000 -419.9999999999991
		endloop
	endfacet
	facet normal 0 -1 0
		outer loop
			vertex 5.684341886080802e-14 -4000 -399.9999999999991
			vertex -2000 -4000 -399.9999999999991
			vertex -2000 -4000 -419.9999999999991
		endloop
	endfacet
	facet normal 0 -1 0
		outer loop
			vertex 5.684341886080802e-14 -4000 -399.9999999999991
			vertex -2000 -4000 -419.9999999999991
			vertex 0 -4000 -419.9999999999991
		endloop
	endfacet
	facet normal 0 -1 0
		outer loop
			vertex 2000 -4000 -399.9999999999991
			vertex 5.684341886080802e-14 -4000 -399.9999999999991
			vertex 0 -4000 -419.9999999999991
		endloop
	endfacet
	facet normal 0 -1 0
		outer loop
			vertex 2000 -4000 -399.9999999999991
			vertex 0 -4000 -419.9999999999991
			vertex 2000 -4000 -419.9999999999991
		endloop
	endfacet
	facet normal 0 -1 0
		outer loop
			vertex 4000 -4000 -399.9999999999991
			vertex 2000 -4000 -399.9999999999991
			vertex 2000 -4000 -419.9999999999991
		endloop
	endfacet
	facet normal 0 -1 0
		outer loop
			vertex 4000 -4000 -399.9999999999991
			vertex 2000 -4000 -419.9999999999991
			vertex 4000 -4000 -419.9999999999991
		endloop
	endfacet
	facet normal 0 -1 0
		outer loop
			vertex 6000 -4000 -399.9999999999991
			vertex 4000 -4000 -399.9999999999991
			vertex 4000 -4000 -419.9999999999991
		endloop
	endfacet
	facet normal 0 -1 0
		outer loop
			vertex 6000 -4000 -399.9999999999991
			vertex 4000 -4000 -419.9999999999991
			vertex 6000 -4000 -419.9999999999991
		endloop
	endfacet
	facet normal 1 0 0
		outer loop
			vertex 6000 -2000 -399.99999999999955
			vertex 6000 -4000 -399.9999999999991
			vertex 6000 -4000 -419.9999999999991
		endloop
	endfacet
	facet normal 1 0 0
		outer loop
			vertex 6000 -2000 -399.99999999999955
			vertex 6000 -4000 -419.9999999999991
			vertex 6000 -2000 -419.99999999999955
		endloop
	endfacet
	facet normal 1 0 0
		outer loop
			vertex 6000 -3.197442310920451e-14 -400
			vertex 6000 -2000 -399.99999999999955
			vertex 6000 -2000 -419.99999999999955
		endloop
	endfacet
	facet normal 1 0 0
		outer loop
			vertex 6000 -3.197442310920451e-14 -400
			vertex 6000 -2000 -419.99999999999955
			vertex 6000 -9.325873406851315e-14 -420
		endloop
	endfacet
	facet normal 1 0 0
		outer loop
			vertex 6000 2000 -420.00000000000045
			vertex 6000 -3.197442310920451e-14 -400
			vertex 6000 -9.325873406851315e-14 -420
		endloop
	endfacet
	facet normal 1 0 0
		outer loop
			vertex 6000 2000 -400.00000000000045
			vertex 6000 -3.197442310920451e-14 -400
			vertex 6000 2000 -420.00000000000045
		endloop
	endfacet
	facet normal 1 0 0
		outer loop
			vertex 6000 4000 -400.0000000000009
			vertex 6000 2000 -400.00000000000045
			vertex 6000 2000 -420.00000000000045
		endloop
	endfacet
	facet normal 1 0 0
		outer loop
			vertex 6000 4000 -400.0000000000009
			vertex 6000 2000 -420.00000000000045
			vertex 6000 4000 -420.0000000000009
		endloop
	endfacet
	facet normal 0 1 0
		outer loop
			vertex 4000 4000 -420.0000000000009
			vertex 4000 4000 -400.0000000000009
			vertex 6000 4000 -400.0000000000009
		endloop
	endfacet
	facet normal 0 1 0
		outer loop
			vertex 4000 4000 -420.0000000000009
			vertex 6000 4000 -400.0000000000009
			vertex 6000 4000 -420.0000000000009
		endloop
	endfacet
endsolid exported
